SITENO,dam_count,min_NID,max_NID,TOT_POPDENS90,TOT_POPDENS00,TOT_POPDENS10,TOT_FRESHWATER_WD,TOT_S1100,TOT_S1200,TOT_S1400,TOT_S1500,TOT_S1630,TOT_S1640,TOT_S1710,TOT_S1720,TOT_S1730,TOT_S1740,TOT_S1780,TOT_S1820,TOT_TOTAL_ROAD_DENS,TOT_RDX,GAGESII_class,WR_report_remarks,ADR_citation,Screening_comments
01013500,1,250,250,1.88,1.82,1.79,0.52,0,0.05,0.61,0,0,0,0,0,0,0.04,0,0,0.71,489,Ref,,2002 ADR,upstrm series of natural lakes
01022500,4,21,59940,0.43,0.41,0.52,0.36,0,0.05,0.85,0.07,0,0,0,0,0,0.03,0.01,0,1,199,Ref,,2002 ADR,upstrm natural lake on main trib
01030500,2,2930,93952,2.13,1.87,1.78,0.54,0.02,0.11,0.6,0.03,0,0,0,0,0,0.05,0,0,0.81,695,Ref,,2002 ADR,"natural lakes on tribs, NEoA"
01031500,6,36,3584,4.84,4.31,4.41,0.13,0,0.11,0.64,0.07,0,0,0.01,0,0,0.05,0,0,0.88,237,Ref,Low flow may be regulated by operation of mills above station.,2002 ADR,regulating ponds/lakes
01047000,8,65,2203,3.25,3.47,3.97,0.37,0,0.13,0.61,0.05,0,0,0,0,0,0.1,0,0,0.89,201,Ref,Some minor egulation at low flows by mills above station.,2002 ADR,upstrm RoR dams
01048000,7,0,13610,14.11,14.1,15.32,0.53,0,0.2,0.74,0.11,0,0,0.01,0,0,0.11,0,0,1.17,304,Non-ref,,http://wdr.water.usgs.gov/wy2007/pdfs/01048000.2007.pdf,"upstrm towns, forested hw"
01052500,1,1000,1000,0.04,0.17,0.04,3.39,0,0,0.88,0,0,0,0,0,0,0.01,0,0,0.9,54,Ref,,http://web10capp.er.usgs.gov/imf/sites/adr06/pdfs/01052500.2006.pdf,"mostly roadless, NEoA"
01054200,NA,NA,NA,0.14,0.06,0.06,2.54,0,0.07,0.14,0,0,0,0,0,0,0,0,0,0.22,7,Ref,,2002 ADR,"HBN, roadless"
01055000,1,540,540,0.9,0.76,0.92,0.55,0,0.11,0.43,0.05,0,0,0.01,0,0,0.04,0,0,0.63,34,Ref,,2002 ADR,minimal disturbance
01055500,5,810,1822,15.16,17.29,19.42,1.66,0,0.23,0.94,0.09,0,0,0,0,0,0.1,0,0,1.37,117,Non-ref,,2002 ADR,upstrm RoR dam
01057000,3,126,702,12.04,13.71,13.93,0.68,0,0.18,0.93,0.04,0,0,0,0,0,0.08,0,0,1.23,45,Ref,,http://pubs.usgs.gov/wdr/2005/wdr-me-05-1/pdf/pages150_218.pdf,upstrm natural lakes
01060000,3,150,811,38.86,47.31,51.59,4.22,0.11,0.28,1.45,0.01,0.01,0,0,0,0,0.13,0,0,1.98,210,Non-ref,Low flow may be regulated by operation of mills upstream,http://pubs.usgs.gov/wdr/wdr-me-03-1/pdf/Surface_Water_C.pdf,prox urban & regulated ponds
01064500,4,9.5,1100,9.85,10.95,12.62,1.35,0,0.14,0.84,0.01,0,0,0,0,0,0.13,0,0,1.12,263,Non-ref,,http://web10capp.er.usgs.gov/imf/sites/adr06/pdfs/01064500.2006.pdf,"prox urban, forested hw"
01073000,NA,NA,NA,68.87,75.68,82.37,7.72,0,0.39,1.58,0.13,0,0,0,0,0,0.11,0,0,2.2,46,Ref,,http://web10capp.er.usgs.gov/imf/sites/adr06/pdfs/01073000.2006.pdf,"mostly forested, lt development"
01076500,20,0,4750,9.48,10.04,12.28,1.42,0.06,0.14,0.55,0.03,0.01,0,0,0,0,0.05,0,0,0.86,536,Non-ref,Period 1940-1952 affected by upstrm powerplant,http://pubs.usgs.gov/wdr/2005/wdr-nh-05-1/pdf/wdrNH-VT-05-1_report.pdf,"pristine headwaters, valley development & POTWs"
01078000,3,17,1000,8.46,10.5,12.67,15.9,0,0.15,0.97,0.08,0,0,0,0,0,0.17,0,0,1.38,155,Ref,Prior to 1940 affected by mill dams,http://pubs.usgs.gov/wdr/2005/wdr-nh-05-1/pdf/wdrNH-VT-05-1_report.pdf,"small ponds on tribs, NEoA"
01118300,NA,NA,NA,21.59,27.18,28.26,7.52,0,0.52,0.95,0.17,0,0,0,0,0,0,0,0,1.64,8,Ref,,2003 ADR,lt development & forested
01121000,6,120,1000,41.87,44.46,46.61,4.3,0.02,0.38,1.37,0.22,0.01,0,0,0,0,0,0,0,2.01,45,Ref,Occasional regulation from ponds upstream.,2003 ADR,"some small dams on tribs, state forest"
01123000,2,154,955,28.6,33.1,37.39,4.05,0,0.29,1.33,0.33,0,0,0,0,0,0.07,0.02,0,2.05,30,Ref,,2003 ADR,"lt development & small ponds, NEoA"
01127000,156,0,71000,91.98,96.41,104.56,15.92,0.12,0.33,1.85,0.12,0.03,0,0.01,0,0,0.11,0,0,2.58,1706,Non-ref,"Peak flows are affected by flood-control regulation at East Brimfield Lake, Westville Lake, West Thompson Lake, Hodges Village Reservoir, and Buffumville Lake since 1960. The natural flow regime is altered by regulation at East Brimfield Lake, Westville L",http://pubs.usgs.gov/wdr/2005/wdr-ct-05-1/pdf/CT.2005.adr.2.thames.pdf,prox regulated pond
01134500,NA,NA,NA,0.76,0.92,0.86,0.53,0,0,0.57,0.06,0,0,0,0,0,0.01,0,0,0.64,27,Ref,,http://web10capp.er.usgs.gov/imf/sites/adr06/pdfs/01134500.2006.pdf,mostly roadless
01137500,2,12,13,2.05,2.55,2.81,2.52,0,0.13,0.57,0.04,0,0,0,0,0,0.14,0,0,0.89,53,Ref,,http://web10capp.er.usgs.gov/imf/sites/adr06/pdfs/01137500.2006.pdf,drains Mt. Washington-natural
01139000,4,25,5148,7.26,7.29,8.89,0.85,0.05,0.15,1.04,0.02,0.01,0,0.01,0,0,0.05,0,0,1.34,87,Ref,Some diurnal fluctuation at low flow prior to 1958 and since June 1984 caused by small power plant upstream.,http://web10capp.er.usgs.gov/imf/sites/adr06/pdfs/01139000.2006.pdf,"forested uplands, lt ag & developed valley, NEoA"
01139800,2,3,4,6.6,8.03,7.32,0.6,0,0,1.12,0,0,0,0,0,0,0.08,0,0,1.2,8,Ref,Occasional diurnal fluctuation at low flow caused by mill upstream,http://web10capp.er.usgs.gov/imf/sites/adr06/pdfs/01139800.2006.pdf,"mostly roadless, NEoA"
01142500,NA,NA,NA,14.67,15.57,16.24,0.8,0.14,0.19,1.06,0.09,0.02,0,0,0,0,0.2,0,0,1.71,34,Ref,,http://web10capp.er.usgs.gov/imf/sites/adr06/pdfs/01142500.2006.pdf,"some  small off-channel ponds, NEoA"
01144000,17,5,1710,10.63,11.45,11.81,0.92,0.06,0.16,0.9,0.07,0,0,0,0,0,0.15,0,0,1.35,936,Ref,Some diurnal fluctuation at low flow during period 1934-50,http://web10capp.er.usgs.gov/imf/sites/adr06/pdfs/01144000.2006.pdf,"some prox towns, NEoA"
01162500,5,225,750,17.1,19.2,20.08,9.94,0,0.16,1.32,0.12,0,0,0,0,0,0.21,0,0,1.81,15,Ref,"Prior to 1962, occasional diurnal fluctuation at low flow by mill upstream; prior to 1953, regulation at low flow by mill and ponds.",http://wdr.water.usgs.gov/wy2006/pdfs/01162500.2006.pdf,"mostly undeveloped, NEoA"
01169000,7,3,180,11.79,12.8,12.54,32.47,0,0.19,1.14,0.05,0,0,0,0,0,0.09,0,0,1.47,114,Ref,"Diurnal fluctuation at times caused by mill upstream; because storage capacity is small, daily flows are not affected appreciably.",http://web10capp.er.usgs.gov/imf/sites/adr/pdfs/01169000.2005.pdf,"lt. ag & development, mostly forested"
01170100,1,130,130,8.59,9.61,10.38,56.71,0,0.03,1.05,0.09,0,0,0,0,0,0.08,0,0,1.25,69,Ref,,http://web10capp.er.usgs.gov/imf/sites/adr/pdfs/01170100.2005.pdf,NAWQA Reference Site
01181000,14,19,2170,13.38,14.31,14.13,14.92,0.02,0.15,1.34,0.03,0,0,0,0,0,0.04,0,0,1.58,133,Ref,,http://web10capp.er.usgs.gov/imf/sites/adr/pdfs/01181000.2005.pdf,"mostly forest,lt development"
01187300,1,246.56,246.56,3.85,4.61,5.53,38.17,0,0.15,0.69,0,0,0,0,0,0,0.13,0,0,0.98,27,Ref,,2003 ADR,"mostly roadless, NEoA"
01195100,NA,NA,NA,145.72,172.7,199.47,201,0,0.63,2.52,0.04,0,0,0.03,0,0,0.01,0.01,0,3.24,28,Ref,,http://pubs.usgs.gov/wdr/2005/wdr-ct-05-1/pdf/CT.2005.adr.4.quinnipiac.pdf,"proximal millpond, undisturbed HW"
01197500,41,7,11000,103.62,100.22,99.05,4.85,0.05,0.24,2,0.02,0.01,0,0,0,0,0.1,0,0,2.43,414,Non-ref,Regulation at low flow by powerplants upstream. High flow slightly affected by retarding reservoir since 1973.,http://web10capp.er.usgs.gov/imf/sites/adr/pdfs/01197500.2005.pdf,prox regulated pond
01200000,24,0,2570,38.97,40.43,43.4,7.26,0,0.25,1.37,0.02,0,0,0,0,0,0.25,0,0,1.89,377,Non-ref,Infrequent regulation at low flow.,http://pubs.usgs.gov/wdr/2005/wdr-ct-05-1/pdf/CT.2005.adr.5.housatonic.pdf,much prox suburban
01321000,4,493,2557,1.25,1.25,1.19,0.42,0,0.09,0.22,0.03,0,0,0,0,0,0.04,0,0,0.37,143,Non-ref,,2002 ADR,regulated lake on proximal major trib
01333000,NA,NA,NA,29.95,43.32,28.45,4.86,0,0.27,1.1,0,0,0,0,0,0,0,0,0,1.37,39,Ref,Slight diurnal fluctuation at times caused by mill upstream.,http://web10capp.er.usgs.gov/imf/sites/adr/pdfs/01333000.2005.pdf,prox. Mod. Ag & suburban
01334500,20,9,4000,54.34,52.69,52.03,3.5,0,0.23,1.23,0.02,0.01,0,0,0,0,0.08,0,0,1.58,515,Non-ref,Diurnal fluctuation at medium and low flow caused by powerplants upstream from station.,http://wdr.water.usgs.gov/wy2006/pdfs/01334500.2006.pdf,upstrm urban
01348000,13,51,8960,8.47,8.12,8.37,1.34,0,0.09,0.56,0.02,0,0,0,0,0,0.05,0,0,0.71,215,Non-ref,Extensive diurnal fluctuation and slight regulation caused by powerplants upstream from station.  City of Little Falls diverts about 5 ft3/s for municipal supply.,1995 ADR,proximal reservoir--
01350000,12,51,3598,9.76,9.99,10.31,1.41,0,0.14,0.94,0.02,0,0,0.01,0,0,0.22,0,0,1.34,110,Ref,Seasonal diversion for snowmaking by Hunter Mountain ski area near Tannersville and Ski Windham ski area at Windham.,2003 ADR,"forested uplands, lt ag & developed valley, NEoA"
01350080,2,64,64,7.04,7.23,7.71,25.99,0,0.06,1.26,0.04,0,0,0,0,0,0.25,0,0,1.6,19,Ref,,http://wdr.water.usgs.gov/wy2006/pdfs/01350080.2006.pdf,"mod ag in valleys, forested uplands, NEoA"
01350140,1,480,480,7.06,8.17,8.77,26.39,0,0.15,1.47,0.05,0,0,0,0,0,0.15,0,0,1.83,9,Ref,,2003 ADR,upstrm mainstem small reservoir
01365000,NA,NA,NA,3.33,3.83,2.92,51.11,0,0,0.54,0.03,0,0,0.1,0,0,0.17,0,0,0.83,21,Ref,,2003 ADR,"mostly roadless, NEoA"
01371500,96,0,14220,104.03,117.47,130.91,69.45,0.07,0.19,2.21,0.01,0.01,0,0,0,0,0.15,0,0,2.65,1398,Non-ref,Regulation at low flows by dams upstream and some diversions for municipalities and irrigational purposes.,http://wdr.water.usgs.gov/wy2006/pdfs/01371500.2006.pdf,much urban & suburban
01372500,13,10,250,66.56,71.53,76.54,5.93,0,0.2,2.01,0.01,0.01,0,0,0,0,0.44,0,0,2.67,376,Non-ref,,http://wdr.water.usgs.gov/wy2006/pdfs/01372500.2006.pdf,upstrm heavy ag & proximal urban
01411300,1,15,15,14.57,16.82,17.79,13.75,0,0.09,1.83,0,0,0,0,0,0,0.03,0,0,1.95,33,Ref,Occasional regulation by ponds above station.,2002 ADR,"small regulated pond on main trib & prox trib, NEoA"
01413500,4,38,250,10.13,11.43,11.38,39.66,0,0.11,1.07,0.06,0,0,0,0,0,0.25,0,0,1.5,112,Ref,,2003 ADR,sml reservoir upstream
01414500,NA,NA,NA,1.02,1.29,1.66,48.95,0,0,0.65,0.16,0,0,0,0,0,0.02,0,0,0.83,9,Ref,,2003 ADR,forest reserve headwaters
01415000,3,55,482,7.18,7.26,7.59,43.8,0,0.09,1.18,0.13,0,0,0,0,0,0.18,0,0,1.59,36,Ref,,2003 ADR,"forested uplands, lt ag & developed valley, NEoA"
01421000,41,0,609740,7.04,7.3,7.34,39.26,0,0.13,0.92,0.07,0,0,0.01,0,0,0.17,0,0,1.31,714,Non-ref,area controlled by Pepacton Reservoir (see Reservoirs in Delaware River Basin). Part of flow diverted for New York City municipal supply. Remainder of flow (except for conservation releases and spill) impounded for release during periods of low flow in th,http://wdr.water.usgs.gov/wy2006/pdfs/01421000.2006.pdf,upstrm reservoir on main trib
01423000,17,12,574,17.88,17.64,18.36,43.58,0,0.13,1.08,0.02,0,0,0.01,0,0,0.24,0,0,1.48,323,Ref,,2003 ADR,lt upstrm urban & some ag
01426500,29,12,434300,13.87,13.71,14.09,39.79,0,0.16,1.03,0.03,0,0,0,0,0,0.19,0,0,1.42,709,Non-ref,"Subsequent to October 1963, entire flow from 454 mi² drainage area controlled by Cannonsville Reservoir (see 01424997). Part of flow diverted for New York City municipal supply. Remainder of flow (except for conservation releases and spill) impounded for",http://wdr.water.usgs.gov/wy2006/pdfs/01426500.2006.pdf,upstrm reservoir
01434025,NA,NA,NA,0.91,0.91,0.94,54.53,0,0,0,0,0,0,0,0,0,0,0,0,0,0,Ref,,http://pubs.usgs.gov/wdr/WDR-NY-02/pdf/rept2002.data.pdf,mostly roadless
01435000,2,80,180,1.63,1.79,1.44,49.17,0,0,0.53,0.03,0,0,0,0,0,0.06,0,0,0.61,25,Ref,,2003 ADR,"mostly roadless, HBN"
01439500,11,33.6,2800,11.02,23.82,35.53,1.65,0,0.09,1.35,0.05,0,0,0,0,0,0.07,0,0,1.55,85,Ref,,2002 ADR,"lt development, upstrm lakes"
01440000,10,37,697,11.22,11.48,12.82,5.84,0,0.07,1.25,0,0,0,0.01,0,0,0.06,0,0,1.39,112,Ref,Flow occasionally regulated by ponds,2002 ADR,"mostly forested & lt ag, NEoA"
01440400,11,13,2460,22.52,32.47,36.63,3.28,0,0.25,1.57,0.02,0,0,0,0,0,0.11,0,0,1.96,124,Ref,,2002 ADR,"lt. development, mostly forested"
01445000,11,22,1096,98,103.23,115.91,5.84,0,0.12,2.46,0,0,0,0.04,0,0,0.05,0,0,2.68,62,Non-ref,,http://wdr.water.usgs.gov/wy2008/pdfs/01445000.2008.pdf,"forest & ag, small towns"
01445500,16,11,1440,73.21,82.59,91.3,7.72,0.07,0.11,1.99,0.01,0.01,0.01,0.02,0,0,0.26,0,0,2.48,192,Non-ref,Some regulation from unknown sources upstream,2002 ADR,"mod ag, regulated (?) ponds in hw"
01451800,NA,NA,NA,54.85,63.95,71.43,19.83,0.02,0.18,2.67,0,0.01,0,0,0,0,0.34,0,0,3.21,151,Ref,,2002 ADR,"mod ag, NEoA"
01466500,NA,NA,NA,0.21,0,0,29.69,0,0,2.64,0,0,0,0,0,0,0,0,0,2.64,3,Ref,,2002 ADR,"State Forest, some roads, HBN"
01484100,NA,NA,NA,32.91,33.93,32.38,5.22,0,0,1.23,0,0,0,0,0,0,0,0,0,1.23,4,Ref,Diversion for irrigation of about 150 acres upstream from station during some years.,http://web10capp.er.usgs.gov/imf/sites/adr06/pdfs/01484100.2006.pdf,"forested riparian, NEoA"
01485500,NA,NA,NA,20.73,22.39,22.38,4.54,0,0.16,1.74,0.01,0.01,0,0,0,0,0.06,0,0,1.97,51,Ref,,2002 ADR,"mixed ag & forest, lt development, NEoA"
01486000,NA,NA,NA,94.75,90.18,140.6,0.91,0,0.2,2.96,0,0,0,0,0,0,0.02,0,0,3.18,12,Ref,,2002 ADR,"channelized, irrigated ag"
01487000,NA,NA,NA,28.88,36.14,43.38,9.72,0,0.36,1.32,0.01,0,0.01,0,0,0,0.16,0,0,1.85,195,Ref,,http://web10capp.er.usgs.gov/imf/sites/adr06/pdfs/01487000.2006.pdf,"small towns, hvy ag, forested riparian, best remaining?"
01491000,2,495,615,34.96,39.09,41.89,6.19,0,0.24,1.39,0,0,0,0,0,0,0.06,0,0,1.7,342,Ref,Diversions for irrigation of about 500 acres upstream from station.,2002 ADR,"mainstem small pond, hvy ag, channelized hw, forested riparian"
01500500,37,9.8,345320,22.26,22.65,23.1,11.57,0.05,0.15,1.23,0.02,0.01,0,0,0,0,0.11,0,0,1.58,1454,Non-ref,Regulation at times by upstream lakes and reservoirs.,1995 ADR,upstrm urban & regulated lakes
01503000,110,1.3,345320,21.16,21.53,21.66,10.39,0.05,0.16,1.21,0.02,0.01,0,0,0,0,0.1,0,0,1.56,3284,Non-ref,Minor regulation by upstream lakes and reservoirs.,http://wdr.water.usgs.gov/wy2006/pdfs/01503000.2006.pdf,upstrm urban & regulation
01510000,3,56,250,9.29,9.08,9.47,8.13,0,0.15,0.94,0.18,0,0,0,0,0,0.03,0,0,1.29,161,Ref,,2004 ADR,"upstrm small ponds, lt develop, NEoA"
01512500,62,21,176000,27.97,27.81,28.65,8.64,0.03,0.19,1.14,0.04,0,0,0,0,0,0.05,0,0,1.47,2178,Non-ref,"Since March 1942, flood flows partly regulated by Whitney Point Lake (see station 01511000). Slight diversion from upstream tributaries for operation of Erie (Barge) Canal.",http://wdr.water.usgs.gov/wy2006/pdfs/01512500.2006.pdf,reservoir on proximal trib
01516500,NA,NA,NA,15.73,17.84,17.49,0.76,0,0.14,1.41,0,0,0.01,0,0,0,0.28,0,0,1.84,25,Ref,,2002 ADR,"proxi intensive ag, forested hw"
01518000,6,0,143383,17.21,17.51,18.33,0.83,0,0.14,1.16,0.04,0,0.02,0.01,0,0,0.17,0,0,1.55,573,Non-ref,flow diverted from Crooked Creek into Tioga. Flow regulated since November 1979 by Tioga Dam.,2002 ADR,proximal reservoir--Tioga dam
01518862,10,120,2400,14.24,14,14.05,1.17,0,0.13,1.27,0.01,0,0.01,0,0,0,0.11,0,0,1.57,209,Ref,,2002 ADR,"ag & lt development, prox lt urban, NEoA"
01520000,8,52,84747,13.42,13.43,13.7,2.61,0,0.12,1.19,0.01,0,0.01,0,0,0,0.11,0,0,1.45,521,Non-ref,Flow regulated since December 1979 by Cowanesque Dam,2002 ADR,proximal reservoir--Cowanesque
01520500,18,0,143383,14.74,15.07,15.61,1.61,0,0.13,1.17,0.02,0,0.01,0,0,0,0.16,0,0,1.51,1451,Non-ref,"Since March 1979, flood flows regulated by detention in upstream reservoirs.",1995 ADR,prox reservoir on main trib
01531000,62,0,143383,33.11,32.64,32.74,4.83,0.05,0.14,1.37,0.02,0.01,0,0,0,0,0.11,0,0,1.72,3809,Non-ref,"High flows significantly regulated by upstream reservoirs. During each year a large part of flow from 45.5 mi² of drainage area is diverted upstream from Lake Lamoka on Mud Creek, an upstream tributary, into Keuka Lake (Oswego River basin) for power devel",http://wdr.water.usgs.gov/wy2006/pdfs/01531000.2006.pdf,many upstrm towns & reservoirs
01532000,5,61,334.3,13.24,13.48,14.07,1.62,0,0.15,1.04,0.03,0,0,0,0,0,0.1,0,0,1.33,504,Ref,,2002 ADR,mod ag & upstrm town on main trib
01534000,32,6.6,14200,29.97,31.08,33.63,5.03,0.08,0.32,1.69,0,0.01,0,0,0,0,0.22,0,0,2.43,1002,Non-ref,,http://wdr.water.usgs.gov/wy2007/pdfs/01534000.2007.pdf,"reservoir on prox trib, upstrm towns"
01539000,3,22.5,3990,16.23,17.11,17.65,7.19,0,0.12,1.46,0.01,0,0,0,0,0,0.22,0,0,1.81,572,Ref,,2002 ADR,"mod ag & small towns in valley, forested hw, NEOA"
01541000,2,64.5,172,30.01,28.17,26.96,25.95,0,0.23,1.59,0.06,0,0,0.01,0,0,0.14,0,0,2.03,705,Non-ref,,2002 ADR,"upstrm small towns, mod ag, mining"
01541500,9,1,68000,21.92,22.09,22.59,23.94,0,0.26,1.51,0.03,0.01,0,0.04,0,0,0.15,0,0,2.01,608,Non-ref,Flow regulated since December 1960 by Glendale Dam,2002 ADR,mining & upstrm reservoir
01542810,NA,NA,NA,1.32,1.2,1.29,1.13,0,0,0.78,0,0,0,0,0,0,0.01,0,0,0.79,5,Ref,,http://pubs.usgs.gov/wdr/2004/wdr-pa-04-2/WDR-PA-04-2.pdf,mostly roadless
01543000,1,222,222,8.9,9.06,7.77,1.01,0,0.11,0.83,0.04,0,0,0,0,0,0.07,0,0,1.05,348,Ref,,2002 ADR,"roadless uplands, valley roads & small town upstrm"
01543500,3,222,318,6.22,6.59,5.75,6.77,0,0.11,0.84,0.07,0,0,0,0,0,0.11,0,0,1.13,838,Ref,,2002 ADR,"many roads, mines in uplands, some upstrm urban"
01544500,NA,NA,NA,0.65,0.88,0.96,0.7,0,0.12,0.7,0,0,0,0.02,0,0,0.15,0,0,1.02,156,Ref,,http://pubs.usgs.gov/wdr/2004/wdr-pa-04-2/WDR-PA-04-2.pdf,"state forest, NEoA"
01545600,NA,NA,NA,0.27,0.17,0.03,3.44,0,0.19,0.83,0.04,0,0,0.04,0,0,0.05,0,0,1.15,37,Ref,,2002 ADR,"HBN, State Forest, some roads"
01547700,NA,NA,NA,13.15,13.95,16.29,4.26,0.03,0.04,1.1,0,0,0,0,0,0,0.11,0,0,1.3,77,Ref,,2002 ADR,"mod ag in valley, forested hw, NEoA"
01548500,9,53,2900,7.45,7.54,7.21,0.73,0,0.12,0.85,0.03,0,0.01,0.02,0,0,0.16,0,0,1.21,748,Ref,,2002 ADR,"roadless uplands, roads & lt dev in valley, ag on prox trib, NEoA"
01549500,1,54,54,7.88,8,9.02,1.6,0,0.41,0.98,0,0.03,0.01,0,0,0,0.12,0,0,1.55,59,Ref,,2002 ADR,"small town, some ag, NEoA"
01550000,2,80,329,4.66,4.46,4.56,1.54,0,0.1,0.84,0.06,0,0,0,0,0,0.1,0,0,1.1,204,Ref,,http://pa.water.usgs.gov/ar/wy02/pdfs/vol2-02all.pdf,"mostly roadless, NEoA"
01552000,12,50,1422,5.28,5.46,5.4,1.33,0,0.14,1.04,0.03,0,0,0.01,0,0,0.14,0.01,0,1.38,641,Ref,,2002 ADR,"roadless uplands, valley roads"
01552500,NA,NA,NA,2.83,4.25,3.34,1.06,0,0.03,1.27,0.02,0,0,0.06,0,0,0.24,0,0,1.61,40,Ref,,2002 ADR,"mostly roadless, NEoA"
01556000,13,37,4350,99.95,99.79,100.54,8.96,0.1,0.25,2.13,0.02,0.04,0,0.02,0,0,0.24,0,0,2.81,897,Non-ref,Some regulation at low flow by mill upstream.,2002 ADR,upstrm urban
01557500,NA,NA,NA,31.18,30.4,31.72,6.66,0.2,0.18,1.01,0,0.01,0,0,0,0,0.17,0,0,1.56,67,Ref,"Prior to Nov. 30, 1952, daily discharges were affected by Pulp and Paper Company diversion.",2002 ADR,"proximal urban, forested HW, NEoA"
01558000,5,99,1924,88.12,86.17,86.67,8.04,0.11,0.14,1.59,0.01,0.01,0,0,0,0,0.19,0,0,2.06,568,Non-ref,,2002 ADR,upstrm urban
01559000,26,37,4350,70,69.84,71.33,6.82,0.07,0.19,1.62,0.02,0.02,0.01,0.01,0,0,0.24,0,0,2.17,2148,Non-ref,"Flow regulated September 1941 to June 1972, and since December 15, 1985 by Warrior Ridge Hydroelectric Plant",2002 ADR,proximal urban
01560000,2,26,60,20.54,21.91,22.06,2.07,0.09,0.19,2.84,0.08,0.02,0,0,0,0,0.15,0,0,3.37,788,Non-ref,,2002 ADR,"prox urban, mod-hvy ag in valley, forested hw"
01562000,8,26,25250,19.86,20.95,21.18,1.87,0.1,0.21,2.74,0.08,0.02,0,0,0,0,0.14,0,0,3.28,2966,Non-ref,,2002 ADR,"svrl upstrm towns, reservoirs on 1 trib"
01567000,48,10.8,871000,33.2,33.82,34.77,3.79,0.05,0.21,1.7,0.04,0.01,0.01,0,0,0,0.19,0,0,2.22,9417,Non-ref,Flow regulated since October 1972 by Raystown Dam,2002 ADR,upstrm reservoir
01567500,NA,NA,NA,13.52,15.97,15.69,0.99,0,0.46,1.44,0,0,0,0,0,0,0.23,0,0,2.13,58,Ref,,2002 ADR,"mod ag in valley, forested uplands, NEoA"
01568000,1,51,51,15.73,17.39,18.96,1.2,0,0.24,1.1,0,0,0,0,0,0,0.11,0,0,1.45,528,Ref,,2002 ADR,"mod-hvy ag in valley, wooded uplands, NEoA"
01574000,13,12.9,8000,84.89,97.12,115.87,175.08,0.02,0.26,2.3,0,0,0,0,0,0,0.13,0,0,2.73,1224,Non-ref,Occasional slight regulation since October 1959 by Conewago Lake,2002 ADR,"mod-hvy ag, lt development, lake on trib, NEoA"
01580000,7,17,582,64.36,71.83,77.22,107.29,0.07,0.27,2.52,0,0.01,0,0,0,0,0.07,0,0,2.94,220,Ref,"Prior to 1965, some regulation at low flow by mills upstream from station.",http://web10capp.er.usgs.gov/imf/sites/adr06/pdfs/01580000.2006.pdf,"mixed mod ag & forested riparian, recent suburban in hw of some tribs"
01583500,3,9.33,34,51.07,60.66,65.99,57.37,0.04,0.28,2.59,0,0,0,0,0,0,0.11,0,0,3.02,109,Ref,,http://web10capp.er.usgs.gov/imf/sites/adr06/pdfs/01583500.2006.pdf,"mod-hvy ag, riparian forest, some channelization, NEoA"
01586610,NA,NA,NA,93.72,104.92,106.7,4.7,0,0.39,2.77,0,0,0,0,0,0,0,0,0,3.18,62,Ref,,http://web10capp.er.usgs.gov/imf/sites/adr06/pdfs/01586610.2006.pdf,"lt development, mixed forest & mod ag"
01591400,1,100,100,53.73,75.38,94.61,2,0.2,0.3,2.96,0,0.05,0,0,0,0,0.03,0,0,3.53,56,Ref,,http://web10capp.er.usgs.gov/imf/sites/adr06/pdfs/01591400.2006.pdf,"mod-hvy ag, small ponds, lt suburban, NEoA"
01594950,NA,NA,NA,11.3,9.57,9.4,1.91,0,0.04,0.66,0,0,0,0,0,0,0.02,0,0,0.72,1,Ref,,http://wdr.water.usgs.gov/wy2009/pdfs/01594950.2009.pdf,"forested upands, mod ag & lt devlopment in basin, NEoA"
01595000,NA,NA,NA,7.74,6.61,6.54,115.75,0,0.19,0.69,0.03,0,0,0,0,0,0.35,0,0,1.26,66,Non-ref,,2002 ADR,residual mines in basin
01596500,2,79,91,8.13,9.03,8.55,2.12,0.08,0.05,1.12,0.05,0.02,0,0,0,0,0.24,0,0,1.55,57,Ref,,2002 ADR,"ag & lt development, NEoA"
01605500,NA,NA,NA,6.2,5.82,5.23,1.19,0,0.11,1.16,0.24,0,0,0,0,0,0.28,0,0,1.79,276,Ref,,2002 ADR,"ag in valley, small towns upstrm, forested hw, NEoA"
01606500,NA,NA,NA,4.1,4.09,3.73,31.65,0,0.11,0.99,0.21,0,0,0,0,0,0.2,0,0,1.51,1074,Ref,,2005 ADR,"mod ag, small ponds, forested hw, NEoA"
01608500,30,112,7150,7.05,7.61,7.96,50.24,0,0.11,1.02,0.14,0,0,0,0,0,0.26,0,0,1.52,2860,Non-ref,,http://web10capp.er.usgs.gov/imf/sites/adr06/pdfs/01608500.2006.pdf,"a few upstrm small towns, mod ag, NEoA"
01610000,97,0,130900,17.59,17.99,19,48.13,0.01,0.14,1.31,0.11,0,0,0,0,0,0.28,0,0,1.85,6508,Non-ref,"Low flow affected by Stony River Res. prior to 1981, since December 1950 by Savage River Res., and since 1981 by Jennings Randolph Lake.",2002 ADR,"many upstrm cities, reservoirs"
01611500,8,0,10256,5.97,7.95,9.52,1.88,0,0.13,1.14,0.08,0,0,0,0,0,0.35,0,0,1.69,1530,Non-ref,Diurnal fluctuation at low flow prior to 1960 caused by mill at Lynnwood and since by irrigation.,http://wdr.water.usgs.gov/wy2007/pdfs/01628500.2007.pdf,upstrm cities
01613050,NA,NA,NA,4.37,5.98,7.83,0.63,0,0,1.32,0,0,0,0,0,0,0.09,0,0,1.41,31,Ref,,http://pubs.usgs.gov/wdr/2004/wdr-pa-04-2/WDR-PA-04-2.pdf,"mixed pasture, NEoA"
01620500,NA,NA,NA,0.07,0.04,0.06,2.05,0,0,0.46,0.2,0,0,0,0,0,0,0,0,0.66,7,Ref,,2002 ADR,"mostly forested basin, some road disturbance"
01628500,43,18.6,10500,51.51,60.9,69.05,3.87,0.06,0.17,2.02,0.48,0.02,0,0,0,0,0.19,0,0,2.95,1898,Non-ref,Large diurnal fluctuation at low and medium flow caused by powerplants upstream from station prior to 1954; occasional large diurnal fluctuation thereafter.,http://wdr.water.usgs.gov/wy2007/pdfs/01631000.2007.pdf,many upstrm towns
01631000,53,18.6,10500,43.59,50.75,57.09,3.71,0.04,0.16,1.96,0.44,0.01,0,0,0,0,0.22,0,0,2.85,2660,Non-ref,Large diurnal fluctuation at low and medium flow from unknown cause. Water-level elevations at the site were affected during the 1992-93 water years by construction of a new bridge about 50 ft downstream from the gage.,http://wdr.water.usgs.gov/wy2007/pdfs/01634000.2007.pdf,upstrm urban
01632000,3,544,2159,5.22,6.13,6.09,4.87,0,0.05,1.07,0.38,0,0,0,0,0,0.14,0,0,1.69,245,Ref,,2002 ADR,"prox mod ag & lt develop, forested hw, NEoA"
01632900,NA,NA,NA,27.99,31.61,38.01,4.37,0.22,0.15,1.78,0.36,0.01,0,0,0,0,0.23,0,0,2.84,140,Ref,"Maximum discharge, 12,400  ft3/s, from rating curve extended above 2,300  ft3/s on basis of contracted-opening measurement at gage height 16.38 ft.",2001 ADR,"mod ag, some small ponds, NEoA"
01634000,13,57,3417.5,23.63,26.61,31.78,3.32,0.08,0.12,1.58,0.24,0.01,0,0,0,0,0.25,0,0,2.33,1062,Non-ref,Occasional regulation at low and medium flows since September 1972 by Linganore Reservoir,http://web10capp.er.usgs.gov/imf/sites/adr06/pdfs/01643000.2006.pdf,prox & upstrm urban
01634500,6,23.01,192,6.04,7.17,10.92,1.56,0,0.04,1.21,0.24,0,0,0,0,0,0.18,0,0,1.7,264,Ref,,2002 ADR,"mostly forested, NEoA"
01638480,13,63.5,465,27.58,37.64,59.38,6.24,0,0.27,1.72,0.01,0.02,0,0,0,0,0.47,0,0.02,2.51,315,Ref,,2001 ADR,"mod-hvy ag, lt devleopment, few ponds, NEoA"
01639500,NA,NA,NA,54.99,63.91,71.89,4.7,0,0.25,2.44,0,0,0,0,0,0,0.07,0,0,2.76,220,Ref,Occasional diversion for irrigation upstream from station,http://web10capp.er.usgs.gov/imf/sites/adr06/pdfs/01639500.2006.pdf,"lt suburban, hvy ag & forested riparian, NEoA"
01643000,20,0,7900,80.5,99.49,115.35,7,0.01,0.32,2.46,0,0.02,0.01,0,0,0.01,0.08,0,0,2.91,2027,Non-ref,Some regulation at low flow by sand and gravel plants upstream from station.,http://web10capp.er.usgs.gov/imf/sites/adr06/pdfs/01649500.2006.pdf,urban basin
01644000,58,16.32,3159,18.21,23.1,33.13,3.93,0.04,0.13,1.78,0.1,0.01,0,0,0,0,0.37,0,0,2.44,954,Ref,,2001 ADR,"mod-hvy ag, forested riparian, small reservoirs on some tribs"
01649500,13,0,326,971.33,1045.61,1183.37,65.75,0.22,1.01,6.72,0,0.36,0,0,0,0,0,0.07,0,8.4,427,Non-ref,,http://web10capp.er.usgs.gov/imf/sites/adr06/pdfs/01668000.2006.pdf,"upstrm ag  & suburban & small reservoirs on tirbs, forested hw"
01658500,NA,NA,NA,36.14,5.37,8.25,28.59,0,0,1.39,0,0,0,0,0,0,0,0,0,1.39,17,Ref,,2002 ADR,"lt develop in hw, but NEoA"
01663500,21,25.09,1009.18,9.65,10.74,11.86,0.49,0,0.14,1.44,0.17,0,0,0.01,0,0,0.3,0,0,2.07,292,Non-ref,"Since 1966, diversion 150 ft upstream from station has averaged less than 0.6 ft³/s. Capacity of diversion is about 1.5 ft³/s.",http://wdr.water.usgs.gov/wy2007/pdfs/01672500.2007.pdf,"upstrm small impoundments & suburban, mixed forest & ag"
01664000,57,24.9,1009.18,14.31,17.34,20.58,0.76,0,0.12,1.65,0.21,0,0,0.01,0,0,0.43,0,0,2.43,974,Ref,,2001 ADR,"upstrm ag & small reservoirs on tirbs, forested hw"
01666500,8,44.93,2323,17.39,18.35,20.33,0.46,0,0.15,1.64,0.27,0,0,0.01,0,0,0.39,0,0,2.46,313,Ref,,2001 ADR,"forested hw, mod-hvy ag in valley, NEoA"
01667500,30,42.54,3322,16.78,18.81,20.03,0.52,0,0.16,1.57,0.31,0,0,0.01,0,0,0.32,0,0,2.36,751,Ref,"Prior to 1977, diurnal fluctuation at low flow caused by mill at Rapidan, and since July 1986, by powerplant at same site.",2001 ADR,"forested hw, mod-hvy ag in valley, NEoA"
01668000,137,24.9,21100,20.71,25.77,33.53,0.87,0,0.17,1.7,0.27,0,0,0,0,0,0.36,0,0,2.52,2740,Non-ref,Diurnal fluctuation at times during low flow caused by gristmill on Po River.,http://wdr.water.usgs.gov/wy2006/pdfs/01674500.2006.pdf,"many small impoundments on tribs, upstrm city"
01669000,4,62.51,146.65,9.6,10.58,12.7,0.58,0,0.19,1.96,0,0,0,0,0,0,0.15,0,0,2.3,30,Ref,,2001 ADR,small reservoirs on tribs
01669520,10,55,224.6,4.34,4.76,4.88,0.4,0,0.11,1.07,0.28,0,0,0,0,0,0.16,0,0,1.62,122,Ref,,2001 ADR,small reservoirs on several tribs
01672500,70,27.03,5313,17.92,22.8,27.71,414.27,0.07,0.18,1.73,0.31,0.01,0,0,0,0,0.47,0,0,2.77,700,Non-ref,diurnal fluctuation at low flow caused by powerplants upstream,2002 ADR,prox urban
01674500,87,24.5,24873,19.51,25.32,33.04,1.35,0.04,0.11,1.9,0.19,0,0,0,0,0,0.44,0,0,2.7,1013,Non-ref,,2002 ADR,"mod-vy ag, forested highlands, city in basin"
02011400,1,65,65,4.4,4.3,3.93,0.83,0,0.19,0.8,0.49,0,0,0,0,0,0.08,0,0,1.55,117,Ref,,2002 ADR,"mod ag in valley, forested hw, NEoA"
02011460,3,200,30500,0.61,0.55,0.47,1.09,0,0.18,0.53,0.4,0,0,0.01,0,0,0.04,0,0,1.17,34,Ref,,2002 ADR,"mostly forested, NEoA"
02013000,1,4974.05,4974.05,5.71,5.61,5.42,16.5,0.09,0.14,0.52,0.48,0.01,0,0,0,0,0.1,0,0,1.33,402,Ref,,2002 ADR,"mod ag in valley, forested hw, NEoA"
02014000,1,52.24,52.24,4.24,4.03,4.17,10.59,0,0.11,0.74,0.43,0,0,0.03,0,0,0.13,0,0,1.43,521,Ref,,2002 ADR,"mod ag in valley, forested hw, NEoA"
02015700,NA,NA,NA,1.73,1.71,1.8,1.54,0,0.06,0.84,0.48,0,0,0.03,0,0,0.15,0,0,1.56,76,Ref,,2002 ADR,"ag in valley, forested HW, NEoA"
02016000,4,59,1050,2.18,2.29,2.38,2.89,0.03,0.07,0.7,0.43,0,0,0.01,0,0,0.09,0,0,1.35,435,Ref,Low flow affected by springs and by occasional regulation from unknown source.,2002 ADR,"prox lt develop, ag in valley, forested uplands, NEoA"
02017500,4,292,3759,3.31,3.94,4.51,14.62,0,0.07,0.96,0.48,0,0,0,0,0,0.03,0,0,1.54,234,Ref,,2002 ADR,"lt ag in valley, forested uplands, NEoA"
02018000,4,292,3759,4.27,5.03,5.2,6.09,0,0.06,0.92,0.44,0,0,0,0,0,0.09,0,0,1.52,725,Ref,,2002 ADR,"ag in valley, small towns upstrm, forested hw, NEoA"
02027000,1,39.03,39.03,5.45,5.5,5.69,0.29,0,0.19,1.35,0.28,0,0,0.02,0,0,0.19,0,0,2.04,308,Ref,,2002 ADR,"mod ag in valley, forested uplands, NEoA"
02027500,1,48.61,48.61,4.39,4.76,4.39,3.99,0,0.02,0.96,0.4,0,0,0,0,0,0.16,0,0,1.53,119,Ref,"Periodic dewatering of upstream quarries adds small amount of inflow.  Maximum discharge, 38,000  ft3/s, from rating curve extended 6,000  ft3/s on basis of slope-area measurement of peak flow.",2001 ADR,"prox ag, forested hw, NEoA"
02028500,6,41.83,240,15.14,19.18,20.71,0.49,0.02,0.16,2.08,0.31,0,0,0.02,0,0,0.33,0,0,2.93,402,Ref,,2002 ADR,"mod ag, some small ponds, NEoA"
02030500,14,30.35,3180,8.78,11.31,12.64,0.29,0,0.13,0.68,1.17,0,0,0,0,0,0.01,0.01,0,2.41,311,Non-ref,Some diurnal fluctuation at low flow caused by mills. Town of Tarboro diverted 4.0 ft³/s for municipal water supply,http://web10capp.er.usgs.gov/imf/sites/adr06/pdfs/02083500.2006.pdf,upstrm urban & reservoirs
02038850,2,69.7,129.36,0.97,1.58,2.55,0.34,0,0.07,0.69,1.5,0,0,0,0,0,0.01,0,0,2.42,17,Ref,,2002 ADR,"HBN, state forest, few roads"
02046000,2,636,1135,9.22,10.24,11.96,0.54,0,0.11,2.38,0.05,0,0,0.01,0,0,0.37,0,0,2.91,229,Ref,,2002 ADR,"several small reservoirs in basin, NEoA"
02051000,NA,NA,NA,11.38,13.31,13.48,0.36,0,0.17,1.43,0.76,0.01,0,0,0,0,0.15,0,0,2.77,75,Ref,,2002 ADR,lt develop. Forestry & lt ag
02051500,10,50,391,11.54,12.4,12.39,1.57,0.03,0.15,1.59,0.68,0.01,0,0,0,0,0.23,0,0,2.72,782,Ref,,2001 ADR,"mixed forest & ag, NEoA"
02053200,1,208,208,14.66,15.92,16.43,1.77,0,0.21,0.71,0.06,0,0,0,0,0,0.02,0,0,1.19,269,Ref,,http://web10capp.er.usgs.gov/imf/sites/adr06/pdfs/02053200.2006.pdf,"some trib reservoirs, mostly lt ag-forest mix"
02053800,1,178.2,178.2,18.04,20.47,21.5,5.87,0.02,0.07,1.51,0.31,0.03,0,0.01,0,0,0.48,0,0,2.43,392,Ref,,2002 ADR,"mod ag in valley, forested hw, NEoA"
02055000,6,47.4,11410,126.29,129.54,135.64,7.65,0.1,0.22,2.9,0.48,0.04,0,0.02,0,0,0.25,0,0,4.01,1748,Non-ref,"water supply, 21.2 ft3/s was discharged as treated effluent into Richland Creek upstream from station and 6.2 ft3/s into Rich Fork Creek in Pee Dee River",http://web10capp.er.usgs.gov/imf/sites/adr06/pdfs/02102000.2006.pdf,upstrm urban & reservoirs
02055100,2,105,233.68,43.91,57.38,86.54,4.25,0,0.23,1.94,0.55,0,0,0,0,0,1.73,0,0,4.46,98,Ref,,http://web10capp.er.usgs.gov/imf/sites/adr06/pdfs/02055100.2006.pdf,"lt develop, small res on small trib, NEoA"
02056900,6,29.38,672,19.38,22.69,27.15,0.81,0,0.12,1.91,0.25,0,0,0,0,0,0.3,0,0,2.6,419,Ref,,2002 ADR,"forested hw, mod-hvy ag in valley, NEoA"
02058400,20,24,1450,20.95,23.23,26.27,1.17,0,0.12,1.92,0.34,0,0,0,0,0,0.28,0,0,2.68,873,Non-ref,"Since August 1962, some regulation by W. Kerr Scott Reservoir",http://web10capp.er.usgs.gov/imf/sites/adr06/pdfs/02116500.2006.pdf,upstrm reservoir
02059500,19,34.93,285,20.14,25.23,26.89,1.03,0,0.18,1.59,0.58,0,0,0,0,0,0.74,0,0,3.09,644,Ref,"Prior to October 1954, diurnal fluctuation at low flow caused by mill upstream from station.",2001 ADR,"mod ag, upstrm small town, foreste hw, NEoA"
02064000,12,48,1442,19.73,22.74,24.18,1.95,0,0.09,1.02,0.24,0,0,0,0,0,0.97,0.02,0,2.54,227,Ref,Small diurnal fluctuation caused by gristmill,2002 ADR,"mod-hvy ag, forested riparian, few small ponds, NEoA"
02065500,1,111.51,111.51,9.98,11.45,12.66,0.4,0,0.05,1.12,0.71,0,0,0,0,0,0.22,0,0,2.4,134,Ref,,2002 ADR,"lt ag on highlands, forested lowlands, NEoA"
02069700,10,23,91,21.09,20.93,19.91,6.54,0,0.21,1.76,0.33,0,0.02,0,0,0,0.31,0,0,2.63,240,Ref,,2002 ADR,"forested hw, mod-hvy ag in valley, NEoA"
02070000,5,48,985,27.52,29.19,27.97,3.89,0,0.09,1.9,0.41,0,0,0,0,0,0.27,0,0,2.66,199,Ref,,2002 ADR,"lt-mod ag, lt development, NEoA"
02074500,15,26,159,23.64,29.81,31.78,2.5,0,0.15,1.98,0.45,0.01,0,0,0,0,0.48,0,0,3.07,225,Ref,Diurnal fluctuation at low flow caused by small mill upstream from station.,2001 ADR,"mod ag & lt development, NEoA"
02077200,5,20.8,41.3,12.53,13.79,13.84,1.66,0,0.21,0.87,0,0,0,0,0,0,0.02,0,0,1.2,40,Ref,,http://web10capp.er.usgs.gov/imf/sites/adr06/pdfs/02077200.2006.pdf,"lt ag & forested, many off-channel ponds"
02081500,NA,NA,NA,14.48,18.81,21.32,71.13,0.05,0.1,0.96,0.02,0.01,0,0,0,0,0.01,0,0,1.34,272,Ref,Occasional intermittent diversion for irrigation,http://web10capp.er.usgs.gov/imf/sites/adr06/pdfs/02081500.2006.pdf,"mod ag & mixed foreste, NEoA"
02082950,3,55,135,13.95,14.54,14.16,4.22,0,0.18,0.78,0.02,0,0,0,0,0,0.19,0,0,1.26,196,Ref,,http://web10capp.er.usgs.gov/imf/sites/adr06/pdfs/02082950.2006.pdf,"lt-mod ag, forested, NEoA"
02083500,100,0,13440,34.08,37.67,41.22,9.75,0.03,0.21,1.16,0.01,0.02,0,0,0,0,0.28,0,0,1.77,3634,Non-ref,diverted an average of 0.1 ft³/s for water supply and waste treatment dilution. Corporation withdrew an average of 2.1 ft³/s for water supply.,http://web10capp.er.usgs.gov/imf/sites/adr06/pdfs/02118000.2006.pdf,urban on main trib
02092500,3,29,360,9.7,11.26,11.98,2.46,0,0.12,1.15,0,0,0,0,0,0,0.1,0,0,1.38,201,Ref,,http://web10capp.er.usgs.gov/imf/sites/adr06/pdfs/02092500.2006.pdf,"prox hvy ag, NEoA"
02096846,NA,NA,NA,19.15,26.16,30.97,6.04,0,0,1.76,0,0,0,0,0,0,0.01,0,0,1.77,25,Ref,No flow occurs at times most years.,http://wdr.water.usgs.gov/wy2008/pdfs/02096846.2008.pdf,"forest & ag, lt development, NEoA"
02102000,171,0,121200,56.55,69.86,79.42,23.55,0.04,0.23,1.66,0,0.03,0,0,0,0,0.02,0,0,2.05,3448,Non-ref,,http://web10capp.er.usgs.gov/imf/sites/adr06/pdfs/02126000.2006.pdf,"much upstrm ag & urban, reservoir on 1 trib"
02102908,NA,NA,NA,0,0,0,1.31,0,0,0.6,0,0,0,0,0,0,0.5,0,0,1.1,5,Ref,Some diurnal fluctuation at low flow during growing season,http://pubs.usgs.gov/wdr/2005/wdr-nc-05/pdf/02102908.2005.sw.pdf,"mostly forested, NEOoA, Ft Bragg"
02108000,25,0,338,3.1,2.51,2.8,5.26,0,0.94,1.39,0,0,0,0,0,0,0,0,0,2.34,5,Ref,,http://web10capp.er.usgs.gov/imf/sites/adr06/pdfs/02108000.2006.pdf,"mod-hvy ag, forested riparian. Small town on 1 trib, NEoA"
02111180,3,28,60,7.03,11.33,12.44,3.3,0,0.01,1.5,0.11,0,0,0,0,0,0.25,0,0,1.87,118,Ref,,http://web10capp.er.usgs.gov/imf/sites/adr06/pdfs/02111180.2006.pdf,"forested upands, mod ag & lt devlopment in basin, NEoA"
02111500,2,24,324,26.65,30.35,33.45,4.04,0,0.11,1.32,0,0,0,0.01,0,0,0.21,0,0,1.65,178,Ref,Slight diurnal fluctuation at low flow during growing season,http://web10capp.er.usgs.gov/imf/sites/adr06/pdfs/02111500.2006.pdf,"mod ag in valleys, forested hw"
02112120,6,12,30.2,11.79,13.9,14.13,3.9,0,0.01,1.37,0.08,0,0,0.06,0,0,0.12,0,0,1.64,240,Ref,,http://web10capp.er.usgs.gov/imf/sites/adr06/pdfs/02112120.2006.pdf,"mod ag, lt development, forested uplands, NEoA"
02112360,18,22,1380,13.05,15.02,15.22,4.63,0.02,0.02,1.32,0.01,0,0,0,0,0,0.23,0,0,1.61,156,Ref,,http://web10capp.er.usgs.gov/imf/sites/adr06/pdfs/02112360.2006.pdf,"some strip mines & small reservoirs in hw, but mostly NEoA"
02116500,256,0,306000,71.33,82.34,93.52,14.81,0.05,0.19,2.2,0.04,0.03,0.01,0.01,0,0,0.18,0,0,2.7,5845,Non-ref,,http://web10capp.er.usgs.gov/imf/sites/adr06/pdfs/02135000.2006.pdf,upstrm cities
02118000,26,15,493,25.5,30.36,34.3,5.27,0.09,0.09,1.65,0.01,0.01,0,0,0,0,0.11,0,0,1.98,647,Non-ref,,http://web10capp.er.usgs.gov/imf/sites/adr06/pdfs/02138500.2006.pdf,"several small hw reservoirs, 1 mainstem RoR, NEoA"
02118500,11,16.1,96,15.26,18.28,19.25,3.83,0.05,0.14,1.56,0.02,0.02,0,0.05,0,0,0.13,0,0,1.98,394,Ref,,http://web10capp.er.usgs.gov/imf/sites/adr06/pdfs/02118500.2006.pdf,"mod ag & mixed forest valley, forested hw"
02125000,2,30,30,19.81,25.56,28.14,6.27,0,0.12,1.31,0,0,0,0,0,0,0.06,0,0,1.49,82,Ref,,http://web10capp.er.usgs.gov/imf/sites/adr06/pdfs/02125000.2006.pdf,"lt-mod ag & mixed forest, Lt development, NEoA"
02126000,162,0,36400,78.22,113.07,158.12,83.19,0.04,0.21,2.38,0,0.02,0,0,0,0,0.07,0,0,2.75,2566,Non-ref,,http://web10capp.er.usgs.gov/imf/sites/adr06/pdfs/02143500.2006.pdf,"mod-hvy ag, riparian forest, some suburban, NEoA"
02128000,11,49.8,360,25.1,30.23,33.94,3.04,0.19,0.17,1.23,0,0.04,0,0,0,0,0.04,0,0,1.67,249,Ref,,http://web10capp.er.usgs.gov/imf/sites/adr06/pdfs/02128000.2006.pdf,"mod ag & forest, lt development"
02135000,140,0,28014,32.99,37.33,41.19,6.17,0.03,0.21,1.49,0.01,0.01,0.05,0,0,0,0.12,0,0,1.94,3772,Non-ref,Some regulation at low and medium flow by powerplants above station,http://web10capp.er.usgs.gov/imf/sites/adr06/pdfs/02156500.2006.pdf,upstrm powerplant
02137727,6,27,65,23.19,27.93,29.43,2.78,0.12,0.04,1.24,0.08,0.01,0,0,0,0,0.38,0,0,1.88,421,Ref,,http://web10capp.er.usgs.gov/imf/sites/adr06/pdfs/02137727.2006.pdf,"prox lt development, forested hw, NEoA"
02138500,9,3,900,17.47,20.63,19.37,4.64,0,0.3,1.91,0.03,0,0.06,0,0,0,0.13,0,0,2.44,164,Non-ref,"Some regulation at low and medium flow by powerplants above station.  City of Greenville begandiverting water from Saluda River above station 02162500 (Table Rock Reservoir) in 1930, supplemented by North Saluda Reservoir in 1961. Sewage effluent",http://pubs.usgs.gov/wdr/wdr-sc-04/wy04/pdfs/SC_WY04book.pdf,upstrm reservoir
02140991,6,0,20,5.37,6.08,5.65,3.75,0,0.12,0.88,0.08,0,0.01,0.05,0,0,0.08,0,0,1.23,359,Ref,,http://web10capp.er.usgs.gov/imf/sites/adr06/pdfs/02140991.2006.pdf,"forested uplands, lt ag lowlands"
02143000,4,12,150,33.72,42.73,42.63,36.85,0.01,0.06,1.61,0.05,0.01,0,0.01,0,0,0.27,0,0,2.03,198,Ref,,http://web10capp.er.usgs.gov/imf/sites/adr06/pdfs/02143000.2006.pdf,"prox suburban, mod ag in valleys, forested uplands, NEoA"
02143040,NA,NA,NA,6.66,9.38,9.36,7.3,0,0,1.13,0.12,0,0,0,0,0,0.06,0,0,1.32,33,Ref,,http://web10capp.er.usgs.gov/imf/sites/adr06/pdfs/02143040.2006.pdf,forested uplands & mod ag valleys
02143500,6,0,138,49.45,60.15,67.94,83.12,0,0.29,1.89,0,0,0,0,0,0,0.04,0,0,2.23,91,Non-ref,,http://web10capp.er.usgs.gov/imf/sites/adr/pdfs/02192000.2005.pdf,"mixed mod ag & forest, city in hw of 1 trib"
02149000,6,0,200,9.16,12.13,14.81,3.71,0,0,1.61,0.01,0,0,0,0,0,0.1,0,0,1.82,210,Ref,,http://web10capp.er.usgs.gov/imf/sites/adr06/pdfs/02149000.2006.pdf,"mostly forested, NEoA"
02152100,1,274,274,5.62,5.95,6.2,9.39,0,0.11,0.8,0.04,0,0,0,0,0,0.01,0,0,1.03,80,Ref,,http://web10capp.er.usgs.gov/imf/sites/adr06/pdfs/02152100.2006.pdf,"mixed forest & mod ag, NEoA"
02156500,329,0,99999,46.31,53.08,57.8,19.14,0.04,0.23,1.87,0.01,0.01,0,0,0,0,0.04,0,0,2.28,4529,Non-ref,,2005 ADR,"mod ag & mixed forest, several small towns in basin"
02165000,72,10,3108,239.08,262.84,293.08,8.42,0.12,0.3,3.55,0.01,0.08,0,0,0,0.01,0.05,0,0,4.11,655,Non-ref,Diversion upstream from station for municipal supply of Athens.,http://wdr.water.usgs.gov/wy2007/pdfs/02217500.2007.pdf,"prox suburban, upstrm reservoirs"
02177000,13,4,379,3.73,4.81,5.3,100.08,0,0.12,1.23,0.06,0,0,0.04,0,0,0.07,0,0,1.52,314,Ref,,http://web10capp.er.usgs.gov/imf/sites/adr/pdfs/02177000.2005.pdf,"mostly forested, some wilderness HW, NEoA"
02178400,1,98.7,98.7,2.9,3.68,3.09,1.37,0,0,0.85,0.04,0,0,0.07,0,0,0.04,0,0,1.02,76,Ref,Low streamflows affected by releases from private reservoirs upstream,http://web10capp.er.usgs.gov/imf/sites/adr/pdfs/02178400.2005.pdf,"HBN, some roadless-wilderness in HW. Lt develop in valleys"
02192000,119,17,12000,18.69,23.06,26.37,1.46,0.02,0.25,1.43,0.01,0,0,0,0,0,0.14,0,0,1.86,1622,Non-ref,,2005 ADR,urban upstrm
02193340,2,18,18,6.45,6.17,6.76,0.67,0,0.06,1.02,0,0,0,0,0,0,0,0,0,1.09,26,Ref,,http://wdr.water.usgs.gov/wy2007/pdfs/02193340.2007.pdf,"mixed forest & ag, NEoA"
02196000,25,50,999,14.56,16.03,15.96,3.4,0,0.22,0.98,0.01,0,0,0,0,0,0.34,0,0,1.56,730,Ref,,2005 ADR,"mixed forest & ag, NEoA"
02198100,2,96,96,2.47,2.66,2.72,13.63,0,0.04,0.99,0,0,0,0,0,0,0.03,0,0,1.06,26,Ref,,http://wdr.water.usgs.gov/wy2007/pdfs/02198100.2007.pdf,"mixed forest & ag, lt development, NEoA"
02202500,182,22,4560,9.61,10.8,11.57,7.01,0.01,0.16,1.14,0.01,0,0,0,0,0,0.06,0,0,1.39,2748,Non-ref,,http://wdr.water.usgs.gov/wy2007/pdfs/02236000.2007.pdf,upstrm urban & regulated lakes
02202600,22,105.4,818,11.18,16.53,22.03,2.97,0.1,0.19,1.38,0.01,0.01,0,0,0,0,0.09,0,0.01,1.8,261,Ref,,2005 ADR,"small pond upstrm on trib mainstem, lt devel, NEoA"
02212600,8,65,1175,1.57,1.95,1.9,1.05,0,0.11,0.87,0.02,0,0.02,0,0,0,0.03,0,0,1.05,35,Ref,,2005 ADR,"HBN, mostly undisturbed"
02215100,30,69,444,10.52,13.15,17.37,9.85,0.11,0.2,1.75,0,0.01,0,0,0,0,0.07,0,0,2.15,236,Ref,,http://wdr.water.usgs.gov/wy2007/pdfs/02215100.2007.pdf,"mixed forest & ag, some small impoundments on some tribs, NEoA"
02216180,10,68,324,8.9,7.97,8.5,2.94,0,0.18,1.01,0,0,0,0,0,0,0.04,0,0,1.24,80,Ref,,2005 ADR,"mixed forest & mod ag, many small ponds on minor tribs, NEoA"
02217500,53,24,22605,64.05,107.78,173.31,8.18,0.08,0.34,2.42,0,0.01,0,0,0,0,0.07,0,0,2.94,640,Non-ref,,http://web10capp.er.usgs.gov/imf/sites/adr06/pdfs/02296750.2006.pdf,hdwaters urban and mines
02221525,26,31,825,10.12,12.84,15.47,53.5,0,0.3,1.05,0,0,0,0,0,0,0.08,0,0,1.43,204,Ref,Some diurnal fluctuation at low flow.,2005 ADR,"mixed forest & lt ag, several ponds on small tribs"
02228000,112,52.8,4187.5,15.38,17.44,19.72,5.56,0,0.16,1.52,0.03,0,0,0,0,0,0.05,0,0,1.76,2346,Non-ref,,http://web10capp.er.usgs.gov/imf/sites/adr06/pdfs/02329000.2006.pdf,"many small towns on some tribs, hvy ag hw, forested riparian"
02231000,NA,NA,NA,8.91,10.93,13.75,1.5,0.04,0.06,1.11,0.03,0.01,0.01,0,0,0,0.03,0,0,1.3,208,Ref,,http://web10capp.er.usgs.gov/imf/sites/adr06/pdfs/02231000.2006.pdf,"mostly forested, suburban on prox trib"
02231342,1,1988,1988,3.22,3.31,4.78,11.3,0,0.12,0.89,0,0,0,0,0,0,0.03,0,0,1.03,34,Ref,,http://wdr.water.usgs.gov/wy2009/pdfs/02231342.2009.pdf,"forest & mod ag, lt suburban, NEoA"
02235200,NA,NA,NA,15.92,23.17,29.3,11.73,0,0.06,1.26,0.03,0,0,0,0,0,0.01,0,0,1.35,9,Ref,,http://web10capp.er.usgs.gov/imf/sites/adr06/pdfs/02235200.2006.pdf,"mostly undeveloped, NEoA, natural lake upstrm"
02236000,9,31,84000,110.28,144.57,180.65,24.82,0.04,0.19,2.08,0.01,0.03,0,0,0,0,0.01,0,0,2.36,1140,Non-ref,,http://wdr.water.usgs.gov/wy2007/pdfs/02339500.2007.pdf,proximal large reservoir--
02245500,NA,NA,NA,2.3,3.47,4.21,7.43,0,0.08,2.11,0,0,0,0,0,0,0,0,0,2.22,102,Ref,,2005 ADR,"mostly forested, lt development, NEoA"
02246000,3,752,1808.13,16.97,16.48,24.08,13.51,0,0.15,1.51,0.01,0,0,0,0,0,0.02,0,0,1.74,143,Ref,Stage-discharge affected by tide on many days.,2005 ADR,"state forest, some developmt"
02296500,2,394.76,672.34,8.18,12.94,15.99,21.45,0,0.07,1.08,0.01,0,0.01,0,0,0,0.13,0,0,1.3,157,Ref,,http://web10capp.er.usgs.gov/imf/sites/adr06/pdfs/02296500.2006.pdf,"some orchards & suburban, NEoA"
02296750,148,51,332800,75.7,85.68,100.67,23.52,0,0.22,1.68,0,0.01,0,0,0,0.01,0.06,0,0,1.99,642,Non-ref,,http://wdr.water.usgs.gov/wy2007/pdfs/02347500.2007.pdf,upstrm urban
02297155,6,10111.8,38000,0.27,1.94,2.75,23.39,0,0.13,0.29,0,0,0,0,0,0,0.01,0,0,0.43,7,Ref,,http://web10capp.er.usgs.gov/imf/sites/adr06/pdfs/02297155.2006.pdf,"NEoA, but some evapo ponds in basin?"
02297310,NA,NA,NA,2.86,5.11,6.55,24.2,0,0.08,0.5,0,0,0,0,0,0,0.02,0,0,0.62,96,Ref,,http://web10capp.er.usgs.gov/imf/sites/adr06/pdfs/02297310.2006.pdf,mixed forest & ag
02298123,1,384,384,1.52,2.33,3.35,27.26,0,0.03,0.32,0,0,0,0,0,0,0.24,0,0,0.6,26,Ref,,http://web10capp.er.usgs.gov/imf/sites/adr06/pdfs/02298123.2006.pdf,"proximal orchards, NEoA"
02298608,3,805,10000,2.33,5.69,7.7,28.78,0,0.08,0.59,0,0,0,0,0,0,0.04,0,0,0.71,56,Ref,,http://web10capp.er.usgs.gov/imf/sites/adr06/pdfs/02298608.2006.pdf,"lt suburban, NEoA"
02299950,5,17500,45500,0.16,0.1,0.6,29.53,0,0.09,0.68,0,0,0,0,0,0,0.02,0,0,0.78,26,Ref,Extreme low flow affected at times by ground-water pumpage into channel upstream,http://web10capp.er.usgs.gov/imf/sites/adr06/pdfs/02299950.2006.pdf,"some evapo ponds, NEoA"
02300700,NA,NA,NA,58.98,76.2,285.49,32.39,0.15,0.11,2.34,0,0.02,0,0,0,0,0,0,0,2.63,24,Ref,,http://web10capp.er.usgs.gov/imf/sites/adr06/pdfs/02300700.2006.pdf,"upstrm ag & lt urban, NEoA"
02310947,NA,NA,NA,12.84,20.6,18.36,22.18,0.03,0.08,0.77,0,0.01,0,0,0,0,0.01,0,0,0.9,73,Ref,Some interconnection with Gator Creek and some diversions to the north may exist during periods of extreme high water.,2005 ADR,"mostly forested, lt development, NEoA"
02312200,3,330,1250,10.25,13.99,15.81,11.37,0.01,0.13,1.3,0.1,0,0,0,0,0,0,0,0,1.6,29,Ref,,http://web10capp.er.usgs.gov/imf/sites/adr06/pdfs/02312200.2006.pdf,"state forest, NEoA"
02314500,2,96,156164,2.23,2.62,2.58,0.77,0,0.07,1.06,0.01,0,0,0,0,0,0.01,0,0,1.16,476,Ref,,2005 ADR,"mostly forested, urban in some hw, NEoA"
02315500,21,58,156164,2.59,2.93,2.97,1.77,0.01,0.08,1.11,0.05,0,0,0,0,0,0.02,0,0,1.26,696,Ref,,http://web10capp.er.usgs.gov/imf/sites/adr06/pdfs/02315500.2006.pdf,"some proximal develop, NEoA"
02324400,NA,NA,NA,0.2,0.24,0.03,5.65,0,0.05,1.51,0,0,0,0,0,0,0.23,0,0,1.8,22,Ref,,http://web10capp.er.usgs.gov/imf/sites/adr06/pdfs/02324400.2006.pdf,"mostly forested wetlands, NEoA"
02327100,NA,NA,NA,0.29,0.39,0.35,6.72,0,0.02,0.55,0.08,0,0,0.03,0,0,0,0,0,0.69,14,Ref,,http://web10capp.er.usgs.gov/imf/sites/adr06/pdfs/02327100.2006.pdf,"HBN, wilderness"
02329000,143,50.1,26163,24.47,28.55,30.98,8.78,0,0.22,1.62,0,0,0,0,0,0,0.15,0,0,2,1591,Non-ref,"Prior to Dec. 31, 1963, when operation was discontinued, moderate diurnal fluctuation at low flow caused by powerplant above station.",1998 ADR,upstrm cities & reservoirs
02339500,585,12.7,2554000,161.35,216.32,261.33,37.75,0.06,0.28,2.84,0.01,0.03,0,0,0,0,0.07,0,0,3.3,6008,Non-ref,,http://wdr.water.usgs.gov/wy2007/pdfs/02365500.2007.pdf,upstrm cities & towns
02342933,8,135,757,2.1,2.09,1.53,1.05,0,0.09,0.77,0.01,0,0,0,0,0,0.03,0,0,0.9,101,Ref,,2005 ADR,several small trib reservoirs
02347500,308,24.8,26648,69.49,92.02,109.71,25.21,0.03,0.25,1.86,0.01,0.02,0,0,0,0,0.08,0,0,2.27,2537,Non-ref,gage-height fluctuation during periods of low flow are attributed to regulation by power plants,http://web10capp.er.usgs.gov/imf/sites/adr06/pdfs/02375500.2006.pdf,prox upstrm industrial/powerplant
02349500,714,24.8,26648,51.19,67.23,79.64,19.19,0.02,0.24,1.58,0.01,0.01,0,0,0,0,0.08,0,0,1.96,3324,Non-ref,Flow regulated by Carters Lake and Carters Re-regulation Dam.,http://wdr.water.usgs.gov/wy2007/pdfs/02383500.2007.pdf,upstrm reservoirs
02349900,4,111,280,7.99,7.8,9.83,9.43,0,0.21,1.29,0,0,0,0,0,0,0.06,0,0,1.56,63,Ref,,2005 ADR,"hvy ag & forested riprian,  a few ponds on tribs, NEoA"
02350900,80,53,888.4,5.75,5.98,5.89,5.04,0,0.16,0.97,0.01,0,0,0,0,0,0.08,0,0,1.22,469,Ref,,2005 ADR,"prox irrigated ag, small reservoirs on some tribs"
02361000,15,0,930,10.02,11.38,11.45,1.54,0,0.15,0.97,0.01,0,0,0,0,0,0.07,0,0,1.21,668,Ref,Prior to January 1941 moderate diurnal fluctuation at low flow caused by gristmills above station.,http://web10capp.er.usgs.gov/imf/sites/adr06/pdfs/02361000.2006.pdf,"forested hw & riparian, mod ag & lt development, NEoA"
02363000,16,58,510,6.47,7.28,7.13,1.13,0,0.15,0.77,0.02,0,0,0,0,0,0.08,0,0,1.02,498,Ref,,2005 ADR,"lt develop, mostly forested"
02365500,120,0,17600,20.6,22.25,24.47,2.48,0,0.19,1.17,0.02,0,0,0,0,0,0.08,0,0,1.46,4045,Non-ref,,2005 ADR,"prox lt develop & small ponds on trib, roadless forested hw, NEoA"
02369800,NA,NA,NA,1.27,1.18,1.17,4.69,0,0.07,0.87,0,0,0,0,0,0,0.01,0,0,0.95,58,Ref,,2002 ADR,"HBN, mixed pasture, NEoA"
02371500,20,0,728,11.01,11.56,12.64,1.34,0,0.12,0.99,0.03,0,0,0,0,0,0.07,0,0,1.22,607,Ref,,2004 ADR,"lt ag & forests, small town in hw of trib, NEoA"
02372250,14,53,562,9.17,9.21,9.37,2.15,0,0.1,0.96,0.01,0,0,0,0,0,0.06,0,0,1.13,405,Ref,,2002 ADR,"forests & lt ag, small towns in basin"
02374500,6,62,262,5.42,5.66,5.76,1.16,0.05,0.09,0.85,0.09,0.01,0,0,0,0,0.05,0,0,1.14,200,Ref,,2002 ADR,some small reservoirs on some tribs
02375500,99,0,14645,10.17,10.54,10.65,2.67,0.03,0.1,1.06,0.04,0,0,0,0,0,0.06,0,0,1.29,4606,Non-ref,Flow regulated by Carters Lake and re-regulation dam.,http://wdr.water.usgs.gov/wy2007/pdfs/02387500.2007.pdf,upstrm reservoirs on prox trib
02381600,1,33.8,33.8,11.04,15.37,20.02,2.27,0,0,1.88,0,0,0,0,0,0,0.11,0,0,1.99,7,Ref,,2005 ADR,"forested upands, mod ag & lt devlopment in basin, NEoA"
02383500,110,14.6,472800,13.59,21.64,26.86,4.81,0,0.18,1.67,0.04,0,0.06,0,0,0,0.2,0,0,2.16,1782,Non-ref,Flow regulated by several small mill dams above station and since 1982 by Harris Reservoir (station 02412950).,2002 ADR,upstrm reservoir
02384540,2,178,178,1.78,2.67,1.81,2,0,0,0.77,0.04,0,0,0,0,0,0.04,0,0,0.85,4,Ref,,2005 ADR,"mostly roadless, small lake in HW of one trib"
02387000,33,40,8000,54.34,66.11,80.22,12.69,0.03,0.19,1.61,0.01,0.01,0,0,0,0,0.13,0,0,1.98,1586,Non-ref,,http://wdr.water.usgs.gov/wy2007/pdfs/02448000.2007.pdf,upstrm imoundments & channelization
02387500,148,14.6,472800,32.28,42.25,51.57,8.39,0.02,0.19,1.63,0.03,0.01,0.03,0,0,0,0.17,0,0,2.07,3530,Non-ref,Diversion above station subsequent to 1938 from Inland Reservoir,http://web10capp.er.usgs.gov/imf/sites/adr06/pdfs/02456500.2006.pdf,"prox mining, upstrm cities & small reservoirs"
02395120,4,160.7,327,36.57,48.03,70.71,19.79,0.2,0.13,1.76,0,0,0.38,0,0,0,0.14,0,0,2.64,83,Ref,,2005 ADR,"small ponds on tirbs, mod ag, NEoA"
02408540,22,50,890,7.54,7.54,7.41,0.46,0,0.16,1,0.09,0,0,0,0,0,0.07,0,0,1.33,245,Ref,,2002 ADR,"mod forestry & lt ag, NEoA"
02414500,175,29.1,426000,24.26,28.4,34.73,1.46,0.03,0.16,1.62,0.01,0.01,0,0,0,0,0.1,0,0,1.94,1824,Non-ref,,http://web10capp.er.usgs.gov/imf/sites/adr06/pdfs/02475000.2006.pdf,upstrm cities & industrial
02415000,7,50,1374,9.39,9.82,9.48,0.64,0,0.13,1.22,0.05,0,0,0,0,0,0.08,0,0,1.48,224,Ref,,2002 ADR,"lt ag & forestry, lt development in hw, NEoA"
02422500,6,0,256,11.33,13.44,12.62,1.79,0,0.16,0.93,0,0,0,0,0,0,0.18,0,0,1.28,174,Ref,,2002 ADR,"lt develop, forested & lt ag"
02427250,8,105,155,2.49,2.04,1.7,4.65,0,0.12,0.64,0.02,0,0,0,0,0,0.03,0,0,0.81,158,Ref,,http://wdr.water.usgs.gov/wy2008/pdfs/02427250.2008.pdf,"forest, lt ag & develop, NEoA"
02430085,1,208,208,23.64,25.82,25.73,0.85,0,0.11,1.44,0.02,0,0,0,0,0,0.05,0,0,1.76,17,Ref,,2002 ADR,"small town in hw of 1 trib, NEoA"
02430615,NA,NA,NA,6.9,7.32,7.57,0.75,0,0.04,0.88,0.06,0,0,0,0,0,0.08,0,0,1.09,5,Ref,,2002 ADR,"forests & lt ag, NEoA"
02448000,118,50,10531,10.41,11.96,12.05,3.17,0,0.12,0.98,0.03,0,0,0,0,0,0.05,0,0,1.22,757,Non-ref,,2002 ADR,"mix ag & forest, several small towns in basin"
02450250,1,56,56,1.29,1.46,1.65,9.25,0,0.03,0.52,0.02,0,0,0,0,0,0.01,0,0,0.58,21,Ref,,2002 ADR,"HBN, mostly roadless"
02456500,53,0,2878,43.25,51.01,57.39,14.61,0.02,0.18,1.79,0.01,0,0,0,0,0,0.08,0,0,2.09,1756,Non-ref,,2002 ADR,several upstrm cities & small reservoirs
02464000,1,1583,1583,6.62,7.15,6.9,1.52,0,0.12,1.12,0.01,0,0,0,0,0,0.03,0,0,1.29,132,Ref,,2002 ADR,"scattered farms, much forest, NEoA"
02464146,NA,NA,NA,5.41,1.11,1.31,3.63,0,0.18,0.62,0,0,0,0,0,0,0,0,0,0.8,3,Ref,,http://web10capp.er.usgs.gov/imf/sites/adr06/pdfs/02464146.2006.pdf,mostly forested
02464360,NA,NA,NA,5.99,7.93,10.58,3.24,0,0.07,0.99,0,0,0,0,0,0,0.01,0,0,1.07,50,Ref,,http://wdr.water.usgs.gov/wy2007/pdfs/02464360.2007.pdf,"mostly forested & lt development, NEoA"
02465493,1,240,240,15.48,17.15,22.16,1.34,0,0.03,1.29,0,0,0,0,0,0,0.03,0,0,1.34,32,Ref,,2002 ADR,"National Forest HW, NEoA"
02469800,1,55,55,1.93,1.86,1.48,2.57,0,0.1,0.53,0.01,0,0,0,0,0,0.03,0,0,0.68,77,Ref,,http://web10capp.er.usgs.gov/imf/sites/adr06/pdfs/02469800.2006.pdf,mostly forested
02472000,74,48.97,3640,7.86,8.64,8.59,1.07,0.01,0.14,0.91,0.02,0,0,0,0,0,0.08,0,0,1.24,765,Ref,,http://web10capp.er.usgs.gov/imf/sites/adr06/pdfs/02472000.2006.pdf,"small towns & reservoirs on some tribs, lt-mod ag & forest"
02472500,32,51,1928,11.57,13.2,13.79,1.7,0,0.18,1.09,0,0,0,0,0,0,0.02,0,0,1.3,343,Ref,,http://web10capp.er.usgs.gov/imf/sites/adr06/pdfs/02472500.2006.pdf,"some small impoundments on some tribs, mixed forest & ag, lt development, NEoA"
02475000,459,31,12000,22.25,23.86,25.17,2.86,0.02,0.18,1.31,0.01,0.01,0,0,0,0,0.09,0,0,1.7,4905,Non-ref,,http://web10capp.er.usgs.gov/imf/sites/adr06/pdfs/02482000.2006.pdf,"small towns, channelization, mod-hvy ag, forested riparian & hw"
02475500,59,51,7526,16.74,17.98,18.02,0.58,0.07,0.17,1.19,0,0.01,0,0,0,0,0.06,0,0,1.58,587,Non-ref,"About 48 ft³/s is diverted upstream from station for municipal water supply for City of Jackson, most of which was returned to river and included in discharge records prior to the opening of the City of Jackson Waste Water Treatment Plant at Savannah Stre",http://wdr.water.usgs.gov/wy2007/pdfs/02486000.2007.pdf,prox hvy urban
02478500,410,48,59481,17.49,18.47,18.7,1.18,0.03,0.18,1.2,0.02,0.01,0,0,0,0,0.06,0,0,1.54,3423,Non-ref,,http://web10capp.er.usgs.gov/imf/sites/adr06/pdfs/02492000.2006.pdf,"mod ag & forestry, upstrm town"
02479155,1,71,71,0.26,0.58,0.6,3.92,0,0.15,0.91,0,0,0,0,0,0,0.03,0,0,1.11,24,Ref,,2002 ADR,HBN
02479300,80,50,15912,11.25,13.23,16.27,2.94,0.03,0.15,1.46,0.01,0,0,0,0,0,0.01,0,0,1.72,519,Ref,,http://web10capp.er.usgs.gov/imf/sites/adr06/pdfs/02479300.2006.pdf,"lt develop, mixed ag & forest, NEoA"
02479560,58,0,1320,7.62,8.91,9.66,37.34,0,0.11,1.34,0.03,0,0,0,0,0,0.08,0,0,1.6,529,Ref,,2002 ADR,"lt ag & forestry, NEoA"
02481000,9,56,139,10.57,16.95,22.92,12.91,0,0.03,1.56,0,0,0,0,0,0,0,0,0,1.64,112,Ref,,http://wdr.water.usgs.gov/wy2007/pdfs/02481000.2007.pdf,"mixed forest & lt development, NEoA"
02481510,64,53,1300,6.88,9.41,11.25,5.14,0.03,0.09,0.99,0.01,0,0,0,0,0,0.02,0,0,1.16,248,Ref,,http://web10capp.er.usgs.gov/imf/sites/adr06/pdfs/02481510.2006.pdf,"lt-mod ag, forested, NEoA"
02482000,137,52,7121,16.57,18.24,18.66,0.74,0,0.23,1.16,0.01,0,0,0,0,0,0.04,0,0,1.54,1195,Non-ref,,2002 ADR,several upstrm municipalities & POTWs
02486000,393,31,540000,30.93,34.22,36.15,1.23,0.02,0.22,1.3,0.01,0.01,0,0,0,0,0.03,0,0,1.65,4693,Non-ref,,2002 ADR,some prox. Urban
02492000,74,51,1549,19.58,21.23,23.23,3.48,0.03,0.23,1.46,0,0.01,0,0,0,0,0.04,0,0,1.86,1924,Non-ref,,2002 ADR,upstrm city
03010500,3,18,144,12.76,12.77,12.45,1.65,0,0.15,0.89,0.05,0,0,0,0,0,0.14,0,0,1.25,1004,Non-ref,Flow regulated since July 1970 by Union City Reservoir,2002 ADR,upstrm urban
03010655,NA,NA,NA,6.97,7.74,7.86,0.54,0,0.15,0.9,0.06,0,0,0,0,0,0.14,0,0,1.31,258,Ref,,http://pa.water.usgs.gov/ar/wy02/pdfs/vol3-02all.pdf,"mostly roadless, NEoA"
03011020,23,18,16498,24.55,23.98,23.32,1.51,0.03,0.16,1.12,0.09,0.01,0,0,0,0,0.16,0,0,1.58,3044,Non-ref,,2002 ADR,many small cities on tribs
03011800,NA,NA,NA,9,9.36,9.23,2.18,0,0.18,1.36,0.06,0,0,0,0,0,0.05,0,0,1.65,37,Ref,,2002 ADR,"oil fields, some roads, NEoA"
03015500,3,69,1400,22.24,21.89,21.79,18.49,0,0.17,1.1,0,0,0,0,0,0,0.09,0,0,1.36,481,Ref,,http://pubs.usgs.gov/wdr/2004/wdr-pa-04-3/WDR-PA-04-3.pdf,"forested uplands, lt ag & developed valley, NEoA"
03020500,1,782,782,23.78,23.33,22.48,4.6,0,0.19,1.2,0.01,0,0,0.02,0,0,0.1,0,0,1.51,556,Non-ref,Slight regulation at times by flood-diversion dam upstream from station,2002 ADR,"prox urban, upstrm small towns & mod ag, forested hw"
03021350,1,53,53,11.45,12,12.59,41.61,0.08,0.21,0.89,0,0.01,0,0,0,0,0.07,0,0,1.26,117,Ref,,2002 ADR,"mod ag, NEoA"
03024000,22,0,94000,34.77,35.87,35.91,9.53,0.05,0.23,1.29,0,0.01,0,0,0,0,0.06,0,0,1.65,2415,Non-ref,,http://web10capp.er.usgs.gov/imf/sites/adr06/pdfs/03051000.2006.pdf,"Upstrm towns & POTWs, NEoA"
03026500,NA,NA,NA,0.31,0.35,0.53,2.22,0,0.06,0.36,0,0,0,0,0,0,0.03,0,0,0.45,3,Ref,,2002 ADR,"mostly forested, NEoA"
03028000,2,72,117,11.15,10.73,9.76,2.47,0,0.31,0.94,0.16,0,0,0,0,0,0.07,0,0,1.49,128,Ref,,2002 ADR,"mostly roadless, NEoA"
03032500,16,0,7800,32.64,34.11,33.7,6.97,0.07,0.2,1.62,0.02,0.01,0,0,0,0.01,0.26,0,0,2.19,1310,Non-ref,,2002 ADR,mining & small towns in several tribs
03049000,2,50,50,35.96,37.94,37.62,17.77,0,0.18,1.8,0,0.01,0,0,0,0,0.1,0,0,2.09,422,Ref,,2002 ADR,"mod-hvy ag uplands, forested valleys, 1 small town, NEoA"
03049800,NA,NA,NA,219.28,228.13,207.28,171.11,0,0,3.97,0,0,0,0,0,0,0.24,0,0,4.21,22,Ref,,http://web10capp.er.usgs.gov/imf/sites/adr06/pdfs/03049800.2006.pdf,"lt urban in valley, NEoA"
03050000,2,25,3134,9.94,10.75,11.52,2.03,0,0.15,0.97,0.14,0,0,0,0,0,0.05,0,0,1.3,376,Ref,,http://wdr.water.usgs.gov/wy2007/pdfs/03050000.2007.pdf,"mostly forested, lt prox development & small POTWs, NEoA"
03050500,10,25,3134,23.67,24.68,26.38,2.04,0,0.14,1.34,0.13,0,0,0,0,0,0.1,0,0,1.71,693,Non-ref,Municipal diversion and POTW return flow upstrm,2002 ADR,prox urban
03051000,6,25,3134,24.04,24.75,27.26,2,0,0.18,1.49,0.11,0,0,0,0,0,0.11,0,0,1.9,1190,Non-ref,"Slight diversion above station to city of Frostburg, MD",2002 ADR,upstrm urban & reservoirs
03054500,9,25,6100,21.23,21.69,23.51,1.79,0,0.13,1.57,0.13,0,0,0,0,0,0.14,0,0,1.98,2648,Non-ref,,2002 ADR,"several towns in hw, reservoirs on tribs"
03065000,1,228,228,2.04,1.96,1.83,3.76,0,0.07,0.77,0.12,0,0,0,0,0,0.14,0,0,1.1,307,Non-ref,,2002 ADR,upstrm small towns & mining
03066000,3,0,190,5.07,4.25,4.64,11.52,0,0.17,1.19,0.05,0,0,0,0,0,0.11,0,0,1.53,89,Ref,,2002 ADR,"ag in valley, forested HW, NEoA"
03069000,4,0,0,3.8,3.69,3.65,2.3,0,0.07,1.01,0.12,0,0,0,0,0,0.04,0,0,1.24,160,Non-ref,Regulation by several upstream reservoirs,http://pubs.usgs.gov/wdr/2005/wdr-oh-05/pdf/vol_1/WDR-OH-05-1.pdf,prox. Urban
03069500,9,0,605,4.18,3.91,3.84,4.51,0,0.09,0.94,0.1,0,0,0,0,0,0.09,0,0,1.23,656,Ref,,2002 ADR,"prox develpm, some mines & ag, NEoA"
03070000,18,0,605,4.41,4.2,4.08,7.12,0,0.1,0.99,0.09,0,0,0,0,0,0.09,0,0,1.28,993,Non-ref,Large diurnal fluctuation and some regulation caused by powerplants at Buck 2.8 mi upstream and at Byllesby 5.5 mi upstream.,http://wdr.water.usgs.gov/wy2007/pdfs/03165500.2007.pdf,"upstrm small RoR powerplants, mostly udeveloped"
03070500,8,0,8800,9.15,10.47,16.54,22.41,0.1,0.09,1.43,0.02,0.01,0,0,0,0,0.18,0,0,1.84,386,Ref,,2002 ADR,"mod ag, lt development, forested uplands, NEoA"
03075500,8,0,5000,38.18,37.77,39.07,13.66,0,0.26,1.73,0.01,0,0.01,0,0,0.01,0.22,0,0,2.24,269,Non-ref,Occasional diurnal fluctuation at low flow caused by mills upstream,http://web10capp.er.usgs.gov/imf/sites/adr06/pdfs/03167000.2006.pdf,"upstrm town, mod ag, forested hw"
03076600,NA,NA,NA,15.12,15.72,16.63,1.91,0.01,0.17,1.28,0.02,0,0.02,0,0,0,0.12,0,0,1.63,74,Ref,,2002 ADR,"ag uplands, forested valleys, remnant mines, NEoA"
03078000,1,270,270,16.9,18.1,18.53,2.1,0.13,0.18,1.26,0.03,0.02,0.01,0,0,0,0.05,0,0,1.68,111,Ref,,2002 ADR,"mod ag, lt development, forested uplands, NEoA"
03079000,9,27,3276,32.07,34.02,35.82,4.44,0.05,0.2,1.54,0.03,0.02,0,0,0,0,0.07,0,0,1.92,786,Non-ref,Large diurnal fluctuation and some regulation by powerplant,2002 ADR,upstrm RoR dams
03109500,22,20,5650,60.62,64.21,64.37,35.94,0.04,0.43,1.71,0.01,0.01,0,0,0,0,0.19,0,0,2.45,1568,Non-ref,,2002 ADR,upstrm urban/adjacent interstate
03111500,23,26,4223,33.02,32.14,33.51,324.65,0,0.27,1.48,0.01,0.02,0,0,0,0,0.08,0,0,1.88,284,Non-ref,,2002 ADR,upstrm cities & small reservoirs
03114500,3,140,485,9.1,9.35,10.27,6.64,0,0.16,1.08,0.08,0,0,0.02,0,0,0.08,0,0,1.42,1220,Non-ref,,2002 ADR,"prox small town, some mines & ag, NEoA"
03140000,NA,NA,NA,13.73,19.07,24.18,68.54,0,0.18,1.33,0.01,0,0,0,0,0,0.14,0,0,1.66,44,Ref,,2002 ADR,"mixed mod ag & forest, NEoA"
03144000,NA,NA,NA,10.09,12.76,15.13,29.45,0,0.17,1.77,0,0,0,0,0,0,0.23,0,0,2.17,420,Ref,,2002 ADR,"mixed mod ag & forest, NEoA"
03155500,14,18,44231,8.3,8.39,8.63,1.44,0,0.19,1.7,0.1,0,0,0,0,0,0.13,0,0,2.12,1531,Non-ref,,2002 ADR,"several upstrm small communities, mod ag,"
03159500,80,17,26900,57.44,60.31,65.75,2.17,0,0.3,1.51,0.01,0.01,0,0,0,0,0.21,0,0,2.06,2658,Non-ref,,http://web10capp.er.usgs.gov/imf/sites/adr06/pdfs/03198500.2006.pdf,strip mines in basin
03159540,3,43,312.3,14.1,15.28,16.97,2.09,0,0.19,1.39,0,0.01,0,0,0,0,0.09,0,0,1.68,400,Ref,,2002 ADR,"mod, ag, forested uplands, some mining, lt develop, NEoA"
03161000,17,1.9,762,55.23,62.14,76.23,1.87,0,0.23,2.84,0.01,0,0,0,0,0,0.19,0,0,3.29,760,Ref,,http://web10capp.er.usgs.gov/imf/sites/adr06/pdfs/03161000.2006.pdf,"small towns, some small impoundments, forested uplands, NEoA"
03164000,45,1.9,2000,21.82,24.25,27,1.14,0,0.19,1.91,0.1,0,0,0,0,0,0.2,0,0,2.4,3865,Ref,,2001 ADR,"mod ag, NEoA"
03165000,1,0,0,67.68,68.61,68.17,3.79,0,0.33,2.58,0.18,0,0,0.04,0,0,0.43,0,0,3.56,121,Ref,,http://web10capp.er.usgs.gov/imf/sites/adr06/pdfs/03165000.2006.pdf,"mod ag, NEoA"
03165500,53,0,2034,24.52,27.01,29.48,1.26,0,0.19,1.97,0.13,0,0,0.01,0,0,0.22,0,0,2.52,4416,Non-ref,Flow requlated since December 1973 by Cave Run Lake (station 03249498).,http://wdr.water.usgs.gov/wy2007/pdfs/03251500.2007.pdf,upstrm reservoir on mainstem
03167000,4,49.76,2440,24.94,26.99,29.15,1.06,0.17,0.12,1.85,0.33,0.03,0,0,0,0,0.31,0,0,2.8,947,Non-ref,,1994 ADR,urban on main trib
03168000,66,0,2440,21.81,23.89,25.8,1.14,0.04,0.16,1.91,0.21,0.01,0,0.01,0,0,0.25,0,0,2.58,7112,Non-ref,Flow regulated since December 1973 by Cave Run Lake,2003 ADR,upstrm reservoir & urban
03170000,6,38.61,274,12.95,15.32,17.04,1.26,0,0.09,1.7,0.28,0,0,0,0,0,0.59,0,0,2.67,955,Ref,,http://web10capp.er.usgs.gov/imf/sites/adr06/pdfs/03170000.2006.pdf,"mostly mod ag, some forest, NEoA"
03173000,2,56,550,6.59,7.25,7.33,39.5,0.04,0.12,0.9,0.48,0.01,0,0,0,0,0.26,0,0,1.8,776,Ref,,2002 ADR,"mod ag in valley, forested uplands, lt develop, NEoA"
03175500,3,54.91,211,7.58,7.96,6.81,15.51,0.06,0.15,0.88,0.37,0.01,0.01,0.01,0,0,0.19,0,0,1.68,544,Non-ref,,2002 ADR,many upstrm cities
03179000,19,36,4009,65.6,64.36,67.01,5.73,0.06,0.28,2.27,0.12,0.01,0,0.01,0,0,0.24,0,0,3,1420,Non-ref,Flood flow regulated by Englewood retarding basin.,2002 ADR,"flood retention, upstrm cities"
03180500,2,55,348,2.27,1.99,2.18,0.8,0,0.12,1.07,0.12,0,0,0,0,0,0.03,0,0,1.35,121,Ref,,2002 ADR,"prox small town, some mines & ag, NEoA"
03182500,5,55,348,4.11,4.07,3.97,0.78,0,0.14,1.05,0.1,0,0,0.01,0,0,0.09,0,0,1.39,505,Ref,,2002 ADR,"ag in valley, forested HW, NEoA"
03183500,11,55,5075,9,9.03,9.51,1.13,0.02,0.12,1.25,0.11,0,0,0.01,0,0,0.11,0,0,1.62,1915,Non-ref,"Some regulation by C.J. Brown Reservoir, 8.3 mi upstream",2002 ADR,prox urban
03184000,12,55,34582,9.1,9.71,9.84,1.12,0.02,0.12,1.3,0.1,0,0,0.01,0,0,0.12,0,0,1.68,2529,Non-ref,Flood flow regulated by five retarding basins upstream from station beginning in 1920,2002 ADR,urban
03186500,NA,NA,NA,0.66,0.51,0.44,0.65,0,0.06,0.51,0.1,0,0,0,0,0,0.01,0,0,0.68,83,Ref,,2002 ADR,"mostly forested, NEoA"
03187500,1,24,24,0.02,0.02,0.01,0.65,0,0.06,0.41,0.19,0,0,0.03,0,0,0,0,0,0.69,35,Ref,,2002 ADR,"mostly roadless, wilderness"
03198500,8,560,37710,19.34,18.44,18.1,3.08,0,0.13,1.18,0.06,0,0,0,0,0,0.04,0,0,1.42,1023,Non-ref,City of Lexington diverts water from Hickman Creek in Kentucky River Basin for municipal water supply; return flow of which enters tributary above station.,http://wdr.water.usgs.gov/wy2007/pdfs/03289500.2007.pdf,"upstream urban areas, reservoirs, & intensive agriculture"
03213700,15,16,16797,26.69,21.82,19.88,1.67,0,0.13,1.38,0.17,0,0,0.01,0,0,0.05,0,0,1.74,2849,Ref,,2002 ADR,"some mines & lt develop in valley, mostly forested hw, NEoA"
03237280,NA,NA,NA,3.52,3.6,3.96,21.4,0,0.02,0.99,0,0,0,0.08,0,0,0.03,0,0,1.12,23,Ref,,http://web10capp.er.usgs.gov/imf/sites/adr06/pdfs/03237280.2006.pdf,"HBN, mostly roadless, proximal ag"
03237500,9,26.3,885,15.8,18.68,19.99,96.04,0,0.28,1.24,0,0,0,0,0,0,0.03,0,0,1.56,920,Ref,,2002 ADR,"ag uplands, forested lowlands, small towns, NEoA"
03238500,8,50,3389,23.38,26.24,30.2,1.34,0,0.29,1.4,0,0,0,0,0,0,0.02,0,0,1.78,706,Ref,,2002 ADR,"reservoir on proximal trib, otherwise NEoA"
03241500,2,52,72,29.58,22.09,40.66,5.04,0,0.16,1.02,0.01,0,0,0.08,0,0,0.02,0,0,1.28,80,Ref,,2002 ADR,upstrm RoR dam & small town
03251500,38,16.9,614100,14.18,15.95,17.1,2.71,0.02,0.3,0.97,0.01,0,0,0,0,0,0.08,0,0,1.39,4423,Non-ref,,2003 ADR,dam & urban on prox trib
03252500,24,75,2962.5,36.25,37.81,42.01,11.07,0.05,0.39,1.25,0,0.01,0,0,0,0,0.04,0,0,1.74,736,Non-ref,,http://web10capp.er.usgs.gov/imf/sites/adr06/pdfs/03303000.2006.pdf,"upstrm hvy ag, forested uplands, small town, small resv on some tribs, NEoA"
03253500,54,16.9,614100,18.56,20.37,22.09,4.13,0.02,0.31,1.02,0.01,0,0,0,0,0,0.09,0,0,1.46,5480,Non-ref,Flow regulated by Green River Lake beginning February 1969,2003 ADR,upstrm reservoir on main trib
03265000,3,38.5,54.5,38.31,38.61,38.91,2.32,0,0.29,1.8,0,0,0,0,0,0,0.11,0,0,2.21,1296,Non-ref,,http://web10capp.er.usgs.gov/imf/sites/adr06/pdfs/03324300.2006.pdf,"forested riparian, some upstrm small towns, channelization"
03266000,5,38.5,413000,49.19,49.33,49.74,6.47,0,0.29,1.79,0,0,0,0,0,0,0.16,0,0,2.24,1583,Non-ref,Flow periodically regulated by dam 0.1 mile above station,http://web10capp.er.usgs.gov/imf/sites/adr06/pdfs/03326500.2006.pdf,hvy. Ag & prox. Urban
03269500,18,29,63700,103.54,102.24,100.81,4.53,0.04,0.33,1.77,0,0.03,0,0,0,0,0.01,0,0.01,2.25,1146,Non-ref,,http://web10capp.er.usgs.gov/imf/sites/adr06/pdfs/03328500.2006.pdf,"upstrm smll towns,reservoir on trib"
03274000,87,22,413000,120.81,123.68,127.27,15.27,0.05,0.29,2.09,0,0.02,0,0.01,0,0,0.1,0,0,2.57,8635,Non-ref,,http://web10capp.er.usgs.gov/imf/sites/adr06/pdfs/03331500.2006.pdf,"upstrm suburban, natural lakes"
03280700,1,397,397,15.25,13.95,12.16,1.04,0,0.22,1.26,0,0,0,0,0,0,0.1,0,0,1.58,247,Ref,,http://pubs.usgs.gov/wdr/2005/wdr-ky-05/p150_245.pdf,"some stripmines, but mostly forested"
03281100,NA,NA,NA,20.84,22.64,19.08,0.75,0,0.18,0.91,0.02,0,0,0,0,0,0.07,0,0,1.17,383,Ref,Slight diversions by City of Manchester,2003 ADR,"prox urban, lt upstrm develop, some strip mines, NEoA"
03281500,3,48,2693,14.67,16.12,14.26,0.77,0,0.22,0.88,0.02,0,0,0,0,0,0.04,0,0,1.16,1532,Ref,Diversions by City of Booneville,2003 ADR,"prox urban, lt upstrm develop, some strip mines, NEoA"
03285000,7,85,47344,26.5,31.68,34.48,1.01,0,0.26,1.04,0,0,0,0,0,0,0.07,0,0,1.51,405,Ref,,2003 ADR,"mod-hvy ag valleys, forested highlands, 2 small towns, NEoA"
03289500,32,0,1080,139.94,161.87,198.57,11.37,0.13,0.42,1.88,0,0.05,0.01,0,0,0,0.09,0,0,2.64,453,Non-ref,,http://web10capp.er.usgs.gov/imf/sites/adr06/pdfs/03339500.2006.pdf,"channelized hw, small towns, NEoA"
03291780,1,133,133,7.12,8.16,9.19,169.79,0,0.07,1.34,0,0,0,0,0,0,0.17,0,0,1.57,28,Ref,,http://web10capp.er.usgs.gov/imf/sites/adr06/pdfs/03291780.2006.pdf,"ag uplands, forested lowlands"
03300400,14,24.5,4550,10.97,12.16,12.45,3.38,0,0.35,0.82,0,0,0,0,0,0,0.09,0,0,1.28,470,Ref,,2002 ADR,"hvy ag & small reservoir in hw, NEoA"
03301500,39,19,5590,16.92,19.46,21.61,2.21,0,0.3,0.87,0.01,0,0,0,0,0,0.09,0,0,1.27,1793,Non-ref,,2005 ADR,"upstrm POTWs, dam on major trib"
03303000,10,0,1376,23.64,27.32,29.31,2.59,0,0.17,1.44,0,0,0,0,0,0,0.24,0,0,1.9,314,Non-ref,"Prior to Sept. 15, 1973, the City of Anderson diverted water for its municipal supply above the gage then in use.",http://web10capp.er.usgs.gov/imf/sites/adr06/pdfs/03348000.2006.pdf,prox & upstrm urban
03308500,24,39.2,723200,16.71,18.67,19.77,1.25,0,0.29,1.07,0.01,0,0,0,0,0,0.04,0,0,1.43,1927,Non-ref,Flow partially regulated by powerplant above station.,http://web10capp.er.usgs.gov/imf/sites/adr06/pdfs/03349000.2006.pdf,several upstrm cities
03324300,1,85,85,20.19,20.52,19.78,2,0.03,0.16,1.41,0,0,0,0,0,0,0.09,0,0,1.7,536,Non-ref,,http://web10capp.er.usgs.gov/imf/sites/adr06/pdfs/03361500.2006.pdf,prox & upstrm urban
03326500,16,0,302.8,51.77,50.53,49.4,3.39,0.03,0.17,1.77,0,0,0,0.02,0,0,0.07,0,0,2.06,932,Non-ref,All is good,http://pubs.usgs.gov/wdr/2005/wdr-in-05/htdocs/Pages227-262.pdf,upstrm suburban
03328500,2,230,354,25,27.24,30.18,3.93,0,0.23,1.47,0,0,0,0.01,0,0,0.08,0,0,1.78,1247,Non-ref,,http://web10capp.er.usgs.gov/imf/sites/adr06/pdfs/03362500.2006.pdf,upstrm urban
03331500,9,159,7545,32.32,35.97,39.05,3.51,0,0.2,1.65,0,0,0,0.01,0,0,0.06,0,0,1.93,1158,Non-ref,,1991 ADR,upstrm urban
03338780,NA,NA,NA,15.11,14.62,13.67,1.85,0,0.12,1.26,0,0,0,0.01,0,0,0,0,0,1.43,348,Ref,,http://wdr.water.usgs.gov/wy2008/pdfs/03338780.2008.pdf,"upstrm channelization & hvy ag, prox rip forest"
03339500,NA,NA,NA,27.03,30.75,32.05,1.75,0.08,0.2,1.53,0,0.01,0,0,0,0,0.07,0,0,1.94,803,Non-ref,,http://web10capp.er.usgs.gov/imf/sites/adr06/pdfs/03364000.2006.pdf,prox & upstrm urban
03340800,NA,NA,NA,14.39,14.92,14.95,1.73,0.04,0.18,1.18,0,0,0,0,0,0,0.09,0,0,1.51,127,Ref,,http://web10capp.er.usgs.gov/imf/sites/adr06/pdfs/03340800.2006.pdf,"remnant riparian, small towns upstrm, NEoA"
03345500,26,49,9450,22.51,23.58,24.53,21.78,0.04,0.12,1.47,0,0,0,0.01,0,0,0.04,0,0,1.7,2826,Non-ref,,http://web10capp.er.usgs.gov/imf/sites/adr06/pdfs/03365500.2006.pdf,upstrm cities
03346000,5,60,246,9.23,9.37,9.4,23.51,0.04,0.06,1.45,0,0,0,0,0,0,0.05,0,0,1.61,346,Ref,,2005 ADR,"hvy ag, forested riparian, small towns in basin, NEoA"
03348000,3,291,36670,114.25,113.34,112.19,3.91,0.02,0.19,2.27,0,0.02,0,0.01,0,0,0.09,0,0,2.58,449,Non-ref,"At extremely high stages, there is diversion 6 mi above the gage through McHenry Slough to the Wabash River.",2005 ADR,several upstrm reservoirs on major tribs
03349000,4,291,36670,101.64,102.35,100.93,8.24,0.03,0.19,2.17,0,0.01,0,0,0,0,0.06,0,0,2.46,981,Non-ref,,2003 ADR,upstrm urban
03357350,NA,NA,NA,16.07,17.4,19.24,2.28,0,0.15,1.22,0,0,0,0,0,0,0,0,0,1.37,7,Ref,,http://web10capp.er.usgs.gov/imf/sites/adr06/pdfs/03357350.2006.pdf,"remnent riparian, NEoA"
03361500,17,55,25550,45.44,46.92,49.73,2.33,0.06,0.19,1.68,0,0.01,0,0,0,0.04,0.05,0,0,2.04,482,Non-ref,Considerable diurnal fluctuation at low flow caused by power plant,http://web10capp.er.usgs.gov/imf/sites/adr06/pdfs/03443000.2006.pdf,upstrm urban & trib reservoirs
03361650,1,764,764,37.07,42.96,44.8,3.16,0.05,0.17,1.51,0,0,0,0,0,0,0.02,0,0,1.76,157,Non-ref,Many small diversions from tributaries upstream from station for water supply,http://web10capp.er.usgs.gov/imf/sites/adr06/pdfs/03451500.2006.pdf,upstrm urban & reservoirs
03362500,9,61,2027,78.4,101.52,133.84,14.6,0.1,0.15,2.23,0,0.01,0,0,0,0,0.08,0,0,2.65,667,Non-ref,Diurnal fluctuation during low flow caused by powerplants above station.,http://wdr.water.usgs.gov/wy2006/pdfs/03455000.2006.pdf,upstrm urban
03363000,27,55,25550,60.59,72.7,90.56,7.89,0.09,0.17,1.94,0,0.01,0,0,0,0.02,0.09,0,0,2.34,1340,Non-ref,"Some regulation at low flow caused by small mills above station prior to 1967.  During the period April 1966 to July 1967, Tennessee Valley Authority constructed a flood-control project for town of Sevierville, widening and deepening Little Pigeon River t",1982 ADR,proximal & upstrm urban
03364000,55,0,25550,51.59,60.2,71.88,5.95,0.08,0.16,1.86,0,0.01,0,0,0,0.01,0.08,0,0,2.22,1979,Non-ref,,http://pubs.usgs.gov/wdr/2005/wdr-nc-05/pdf/03512000.2005.sw.pdf,"mstly natural basin, but prox.urban & POTW"
03364500,3,25,1365,9.92,9.5,9.72,1.84,0.04,0.07,1.23,0,0,0,0,0,0,0.02,0,0,1.36,73,Ref,,http://web10capp.er.usgs.gov/imf/sites/adr06/pdfs/03364500.2006.pdf,"upstrm small towns, mostly forested riparian"
03365500,89,0,25550,47.73,54.84,64.28,5.24,0.07,0.15,1.81,0,0.01,0,0,0,0.01,0.07,0,0,2.15,2608,Non-ref,,2002 ADR,upstrm urban & small reservoirs
03366500,7,41,603,13.2,14.69,16.36,277.73,0,0.15,1.32,0,0,0,0,0,0,0.24,0,0,1.72,277,Ref,,http://web10capp.er.usgs.gov/imf/sites/adr06/pdfs/03366500.2006.pdf,"ag uplands, forested lowlands & hw, few small impoundments, NEoA"
03368000,NA,NA,NA,9.67,8.9,9.53,1.13,0,0,1.45,0,0,0,0,0,0,0.14,0,0,1.6,8,Ref,,http://web10capp.er.usgs.gov/imf/sites/adr06/pdfs/03368000.2006.pdf,forested riparian
03381500,58,0,49600,13.41,13.67,13.68,8.53,0.04,0.08,1.48,0.02,0,0,0,0,0,0.04,0,0,1.67,7267,Non-ref,,2002 ADR,many small towns & mines
03384450,1,106,106,2.13,2.35,2.53,0.06,0,0.06,0.63,0,0,0,0,0,0,0.05,0,0,0.74,26,Ref,,2005 ADR,"mostly forested, lt ag"
03410500,40,47,6985,10.73,12.09,12.94,15.34,0,0.1,1.03,0.09,0,0,0.01,0,0,0.06,0,0,1.29,878,Non-ref,,2002 ADR,small towns & mining
03438000,18,59.8,9100,56.42,57.92,62.25,1.79,0.04,0.53,1.23,0,0.02,0,0,0,0,0.26,0,0,2.1,296,Non-ref,,http://wdr.water.usgs.gov/wy2006/pdfs/03532000.2006.pdf,"mining in hw, upstrm cities, mixed mod ag & forest"
03439000,2,30,117,11.06,14.37,16.09,8.76,0,0.26,0.98,0.06,0,0,0,0,0,0.19,0,0,1.49,180,Ref,,http://web10capp.er.usgs.gov/imf/sites/adr06/pdfs/03439000.2006.pdf,"prox lt development, forested hw, NEoA"
03443000,61,0,2780,30.37,35.05,39.97,8.68,0,0.17,1.78,0.05,0,0.01,0.02,0,0,0.16,0,0,2.17,967,Non-ref,,2002 ADR,"mod ag & develop in valleys, small reserv on some tribs, forested hw"
03450000,NA,NA,NA,16.18,21.53,23.7,9.08,0,0,0.49,0.01,0,0,0.03,0,0,0,0,0,0.53,0,Ref,,http://pubs.usgs.gov/wdr/2005/wdr-nc-05/pdf/03450000.2005.sw.pdf,"roadless, xcpt on upper WS bndry"
03451500,173,0,21700,83.76,100.47,119.95,8.24,0.09,0.18,2.75,0.03,0.03,0,0.01,0,0,0.17,0,0,3.27,4512,Non-ref,"upstream, normal regulated storage, about 75 ft3/s-day. Flow regulated since 1942 by Chatuge Lake (station 03546500) 22 mi upstream.",http://pubs.usgs.gov/wdr/2005/wdr-nc-05/pdf/SW_2005_8.pdf,"nat'l forest, prox mod urban"
03455000,205,0,21700,57.79,69.12,81.29,5.91,0.06,0.17,2.31,0.03,0.02,0,0.03,0,0,0.19,0,0,2.84,8421,Non-ref,,1994 ADR,proximal urbanization
03455500,NA,NA,NA,0.93,0.71,2.04,8.77,0,0.23,0.12,0.03,0,0,0,0,0,0,0,0,0.38,18,Ref,,http://pubs.usgs.gov/wdr/2005/wdr-nc-05/pdf/03455500.2005.sw.pdf,mostly roadless
03456500,2,5,7,14.86,17.46,18.4,8.91,0,0.17,1.01,0.02,0,0,0,0,0,0.2,0,0,1.4,159,Ref,,http://web10capp.er.usgs.gov/imf/sites/adr06/pdfs/03456500.2006.pdf,"lt urban in valley, NEoA"
03460000,NA,NA,NA,0.05,0.01,0.03,8.77,0,0,0.12,0.07,0,0,0,0,0,0.02,0,0,0.21,11,Ref,,http://pubs.usgs.gov/wdr/2005/wdr-nc-05/pdf/03460000.2005.sw.pdf,"HBN, Great Smokey Mtns. Nat. Park"
03463300,NA,NA,NA,8.22,9.98,10.27,1.45,0,0.16,1.16,0.02,0,0.1,0.01,0,0,0.07,0,0,1.51,94,Ref,,http://web10capp.er.usgs.gov/imf/sites/adr06/pdfs/03463300.2006.pdf,"roads & lt develop, NEoA"
03465500,25,0,320,23.96,26.68,27.66,1.91,0.03,0.2,1.55,0.03,0.01,0.05,0.02,0,0,0.09,0,0,2.01,3351,Non-ref,,2001 ADR,upstrm cities & reservoir
03470000,5,33,130,30.36,39.27,49.23,2.26,0,0.2,2.53,0.06,0,0.01,0,0,0,0.03,0,0,2.85,1217,Non-ref,"No regulation, 10 cfs added to flow from canal",http://pubs.usgs.gov/wdr/2005/wdr-wi-05-1/WDR-WI-05-1_part1.pdf,upstrm lakes & reservoir
03471500,1,28,28,16.8,18.62,19.11,1.95,0,0.08,1.41,0.3,0,0,0.04,0,0,0.25,0,0,2.09,244,Ref,diurnal fluctuation at low flow caused by mill,2002 ADR,"upstrm fish hatchery, lt devel & mod ag, forested uplands, NEoA"
03473000,2,28,160,14.67,16.17,16.32,2.75,0,0.14,1.22,0.15,0,0,0.07,0,0,0.18,0,0,1.76,1032,Ref,some diurnal fluctuation at low flow caused by powerplant upstream from station,2002 ADR,"prox & upstrm small towns, mod ag, forested hw, NEoA"
03479000,8,10,700,34.79,41.73,53.75,2.66,0,0.27,2.9,0.02,0,0.01,0.01,0,0,0.31,0,0,3.52,492,Ref,,http://pubs.usgs.gov/wdr/2005/wdr-nc-05/pdf/SW_2005_8.pdf,"upstrm lt development, NEoA"
03488000,NA,NA,NA,5.88,5.61,5.38,1.31,0,0.15,1.1,0.31,0,0,0,0,0,0.14,0,0,1.69,560,Ref,,2002 ADR,"mod ag in valley, forested uplands, NEoA"
03490000,2,1975,8100,14.98,15.15,15.09,2.26,0,0.15,1.32,0.25,0,0,0,0,0,0.14,0,0,2.02,2479,Non-ref,,2002 ADR,"proximal urban, upstrm lakes"
03498500,2,100,939,21.02,27.49,32.69,3.12,0,0.09,1.36,0.01,0,0.01,0,0,0,0.07,0,0,1.55,518,Ref,Diurnal fluctuations of flow caused by small mills above station. The town of Maryville diversion,2002 ADR,"prox mod ag, upstrm small town & RoR dam, ROADLESS hw"
03500000,15,0,921,19.24,25.19,31.01,1.51,0,0.12,2.34,0.05,0,0,0,0,0,0.08,0,0,2.59,453,Ref,,http://web10capp.er.usgs.gov/imf/sites/adr06/pdfs/03500000.2006.pdf,"mod ag & develop in valleys, small reserv on some tribs, forested hw"
03500240,10,6,20,20.95,27.41,33.4,1.49,0,0.2,2.15,0,0.01,0,0,0,0,0.05,0,0,2.4,183,Ref,,http://web10capp.er.usgs.gov/imf/sites/adr06/pdfs/03500240.2006.pdf,"NEoA, lt proximal urban"
03504000,NA,NA,NA,1.75,2.27,3.82,1.33,0,0.09,0.54,0.04,0,0,0,0,0,0.01,0,0,0.69,31,Ref,Occasional slight diurnal fluctuation at low flow caused by small ponds on tributaries upstream from station.,http://web10capp.er.usgs.gov/imf/sites/adr06/pdfs/03504000.2006.pdf,mostly roadless
03512000,2,0,24,11.96,14.09,15.64,0.69,0,0.12,1.17,0.06,0,0,0.02,0,0,0.05,0,0,1.45,367,Non-ref,"Occasional low-flow regulation at Goshen Dam, 3.4 mi upstream",http://web10capp.er.usgs.gov/imf/sites/adr06/pdfs/04100500.2006.pdf,"prox. Town, dam, canals"
03524000,4,99,2320,33.44,34.2,33.6,2.85,0,0.26,1.96,0.3,0.01,0,0.04,0,0,0.26,0,0,2.83,2219,Non-ref,Large diurnal fluctuation at low and medium flow caused by powerplants upstream from station.,http://web10capp.er.usgs.gov/imf/sites/adr06/pdfs/04113000.2006.pdf,prox urban
03528000,24,25.25,6672,24.39,24.8,25.03,6.61,0,0.21,1.68,0.38,0,0,0.02,0,0,0.18,0,0,2.67,5243,Non-ref,"At times, water is pumped from the river about 8 mi upstream to fill the wetlands in the Maple River State Game Area.",http://web10capp.er.usgs.gov/imf/sites/adr06/pdfs/04115000.2006.pdf,"upstrm small towns, some channelization, NEoA"
03531500,13,60,5550,32.34,31.41,34.38,1.43,0,0.22,2.04,0.55,0,0,0.01,0,0,0.22,0,0,3.04,1210,Non-ref,,http://web10capp.er.usgs.gov/imf/sites/adr06/pdfs/04164000.2006.pdf,urban basin
03532000,14,60,5550,25.71,25.67,27.8,0.94,0,0.22,1.81,0.39,0,0,0,0,0,0.23,0,0,2.67,2202,Non-ref,,http://web10capp.er.usgs.gov/imf/sites/adr06/pdfs/04165500.2006.pdf,urban basin
03540500,55,28,13806,18.97,24.99,30.32,1.19,0.04,0.16,1.33,0.02,0.01,0.02,0,0,0,0.2,0,0,1.77,987,Non-ref,"Diurnal fluctuation caused by powerplants upstream from station prior to June 27, 1968. At times, flow is affected by irrigation pumpage",http://web10capp.er.usgs.gov/imf/sites/adr06/pdfs/04176500.2006.pdf,upstrm cities
03550000,2,96,1500,23.7,25.77,28.24,1.08,0,0.23,1.69,0.01,0,0,0,0,0,0.09,0,0,2.02,549,Non-ref,,http://web10capp.er.usgs.gov/imf/sites/adr06/pdfs/04178000.2006.pdf,"upstrm small towns & small reservoirs, minimal EoA"
03567500,16,51,291,114.97,131.52,154.97,47.52,0.07,0.35,2.37,0,0.02,0.01,0,0,0,0.07,0,0,2.89,1481,Non-ref,"Low flow slightly regulated by powerplant at Fort Wayne. Indiana, 32 mi upstream.  Flow slightly regulated by upstream reservoirs.",1981 ADR,upstrm large cities
03574500,1,92,92,4.45,4.85,4.45,156.31,0,0.13,0.5,0.12,0,0,0,0,0,0.05,0,0,0.8,237,Ref,,2002 ADR,"ag in valley, forested HW, NEoA"
03592718,NA,NA,NA,12.52,13.73,14.12,0.89,0,0.34,1.36,0,0.01,0,0,0,0,0.03,0,0,1.89,57,Ref,,2002 ADR,"prox channelization & lt develop, mostly forest hw, NEoA"
03603000,75,31,126000,23.3,30.18,37.86,10.91,0.04,0.2,1.39,0.04,0.01,0.01,0,0,0,0.05,0,0,1.76,4997,Non-ref,Flow regulated by dam at powerplant at station,2002 ADR,"prox regulating dam, upstrm reservoirs & urban"
03604000,12,52,9400,12.53,15.15,16.83,1,0,0.24,1.19,0.02,0,0.01,0,0,0,0.03,0,0,1.5,762,Ref,,2002 ADR,"HBN, ag in basin"
04015330,1,60,60,4.82,5.66,6.85,6.56,0,0.02,0.66,0,0,0,0,0,0,0.08,0,0,0.77,115,Ref,Flow regulated intermittently by fish ladder operation,http://web10capp.er.usgs.gov/imf/sites/adr06/pdfs/04015330.2006.pdf,"small impoundment on upper mainstem, lt develop, NEoA"
04024430,5,98,573,4.33,4.79,5.5,1.29,0.03,0.05,0.75,0.04,0,0,0.01,0,0,0.03,0,0,0.95,387,Ref,,2003 ADR,"mostly forested, NEoA"
04027000,6,103,11029,2.54,2.65,2.61,1.78,0,0.09,0.7,0.06,0,0.01,0.01,0,0,0.15,0,0,1.03,500,Ref,,2002 ADR,"forested HW, NEoA"
04040500,2,133,1500,0.57,0.28,0.34,0.27,0,0.08,0.59,0.08,0,0,0,0,0,0.01,0.01,0,0.77,67,Ref,,http://web10capp.er.usgs.gov/imf/sites/adr06/pdfs/04040500.2006.pdf,"mostly undeveloped, NEoA"
04043050,2,80,378,25.11,25.75,25.63,0.31,0,0.09,1.36,0.14,0,0,0,0,0,0.05,0,0,1.63,44,Ref,,http://web10capp.er.usgs.gov/imf/sites/adr06/pdfs/04043050.2006.pdf,"small towns on 1 trib, NEoA"
04045500,7,50,10400,2.62,2.99,2.98,0.19,0,0.07,0.61,0.11,0,0,0.01,0,0,0.04,0,0,0.84,200,Ref,,http://web10capp.er.usgs.gov/imf/sites/adr06/pdfs/04045500.2006.pdf,"small dam on main trib, NEoA"
04056500,30,71,28000,1.17,1.32,1.15,0.69,0,0.06,0.67,0.03,0,0,0,0,0,0.05,0,0,0.81,240,Ref,"Since July 1948, slight regulation by dam on outlet of Manistique Lake",http://web10capp.er.usgs.gov/imf/sites/adr06/pdfs/04056500.2006.pdf,"mostly undeveloped, NEoA"
04057510,NA,NA,NA,0.36,0.48,0.58,3.02,0,0.01,1.17,0.14,0,0,0,0,0,0.06,0,0,1.37,65,Ref,,http://web10capp.er.usgs.gov/imf/sites/adr06/pdfs/04057510.2006.pdf,"mostly forested, NEoA"
04057800,NA,NA,NA,3.24,3.19,3.15,12.09,0,0.08,0.5,0.01,0,0,0,0,0,0.18,0,0,0.77,22,Ref,"From July 1960 to June 1972, some diversion 100 ft upstream",http://web10capp.er.usgs.gov/imf/sites/adr06/pdfs/04057800.2006.pdf,roadless state forest
04059500,1,385,385,1.72,1.78,1.87,4.06,0,0.04,0.74,0.13,0,0,0,0,0,0.17,0,0,1.09,127,Ref,,http://web10capp.er.usgs.gov/imf/sites/adr06/pdfs/04059500.2006.pdf,lt-mod ag & forest mix
04063700,1,350,350,0.6,0.63,0.66,0.21,0,0.06,0.59,0.11,0,0,0,0,0,0.04,0,0,0.81,59,Ref,,2002 ADR,"HBN, NAWQA SWST Reference site"
04073500,29,52,40000,15.23,17.3,18.43,3.02,0.03,0.12,1.32,0,0,0,0,0,0,0.05,0,0,1.56,1050,Non-ref,,2002 ADR,several upstrm cities
04074950,8,240,13000,4.63,5.43,5.23,1.51,0,0.17,0.75,0.07,0,0,0,0,0,0.06,0,0,1.05,170,Ref,,2002 ADR,many natural lakes in system
04079000,31,75,13000,12.99,14.69,15.82,3.62,0,0.16,0.98,0.02,0,0,0.01,0,0,0.03,0,0,1.2,1925,Non-ref,Some regulation at low flow by small reservoirs on East Branch,2002 ADR,prox urban
04100500,12,0,7400,47.49,55.28,57.44,5.21,0,0.18,1.71,0,0,0.05,0.02,0,0,0.19,0,0,2.15,758,Non-ref,"Since July 1928, some seasonal regulation by Rushford Lake. Diurnal fluctuation at low flow caused by powerplant.",http://wdr.water.usgs.gov/wy2006/pdfs/04223000.2006.pdf,upstrm flood detention dam
04105700,1,120,120,28.06,31.18,29.77,9.86,0,0.06,1.67,0.01,0,0,0,0,0,0.05,0,0,1.8,33,Ref,,http://web10capp.er.usgs.gov/imf/sites/adr06/pdfs/04105700.2006.pdf,"many small lakes in system, NEoA"
04113000,24,60,8000,122.87,127.14,131.47,27.94,0.07,0.15,2.05,0,0.03,0,0,0,0,0.03,0,0,2.34,1457,Non-ref,Some regulation by Fish and Wildlife Service reservoirs,2002 ADR,upstrm regulated lakes & wetland hw
04115000,10,80,7919,23.68,25.22,25.57,1.87,0,0.09,1.44,0,0,0,0,0,0,0.01,0,0,1.55,767,Non-ref,Flow affected by natural storage in many lakes.,http://wdr.water.usgs.gov/wy2007/pdfs/05244000.2007.pdf,"many natural lakes in system, mod-hvy ag"
04115265,NA,NA,NA,12.17,14.23,13.4,5.2,0,0,1.33,0,0,0,0,0,0,0.01,0,0,1.34,56,Ref,"At times, low flow is affected by pumpage for irrigation.",http://wdr.water.usgs.gov/wy2007/pdfs/04115265.2007.pdf,"mixed forest, ag, wetlands, some channelization, lt development, NEoA"
04122200,3,264,475,12.75,15.91,15.7,1.95,0,0.1,1.37,0.14,0,0,0,0,0,0.17,0,0,1.79,295,Ref,,http://web10capp.er.usgs.gov/imf/sites/adr06/pdfs/04122200.2006.pdf,"small dam on main trib, NEoA"
04122500,9,40,2500,6.56,8.28,8.3,0.99,0,0.06,1.49,0.08,0,0,0,0,0,0.13,0,0,1.76,297,Ref,,http://web10capp.er.usgs.gov/imf/sites/adr06/pdfs/04122500.2006.pdf,"Nat Scenic River, proximal small town & POTW, NEoA"
04124000,8,39,2146,6.34,8.26,9.54,1.31,0,0.07,1.58,0.22,0,0,0,0,0,0.13,0,0,2.02,430,Ref,,http://web10capp.er.usgs.gov/imf/sites/adr06/pdfs/04124000.2006.pdf,"small town, drilling in hw, but NEoA"
04127918,2,90,90,2.08,2.15,2.3,0.28,0,0.03,0.8,0.18,0,0,0,0,0,0.04,0,0,1.05,89,Ref,,http://web10capp.er.usgs.gov/imf/sites/adr06/pdfs/04127918.2006.pdf,"proximal ag & small town, undisturbed hw, NEoA"
04127997,6,50,2800,7.91,9.91,10.42,1.51,0.13,0.01,1.63,0.1,0.01,0,0.01,0,0,0.11,0,0,2,156,Ref,,http://web10capp.er.usgs.gov/imf/sites/adr06/pdfs/04127997.2006.pdf,"lt development, small town in hw, NEoA"
04161580,2,2200,2200,75.9,88.77,89.85,7.33,0,0,2.31,0,0,0,0.02,0,0,0.01,0,0,2.34,25,Ref,,http://web10capp.er.usgs.gov/imf/sites/adr06/pdfs/04161580.2006.pdf,"upstrm lakes, NEoA"
04164000,28,10,13000,754.76,782.6,777.04,17.25,0.12,0.19,6.09,0,0.11,0.02,0.02,0,0,0.02,0,0,6.59,1052,Non-ref,,http://web10capp.er.usgs.gov/imf/sites/adr06/pdfs/05280000.2006.pdf,many lakes & much urban
04165500,36,10,13000,538.78,587.19,611.44,16.75,0.08,0.17,5.03,0,0.07,0.01,0.01,0,0,0.03,0,0,5.41,2088,Non-ref,,http://web10capp.er.usgs.gov/imf/sites/adr06/pdfs/05320500.2006.pdf,"hvy ag, much riparian, channelized hw"
04176500,27,50,73000,46.35,54.69,58.76,42.02,0,0.13,1.66,0,0,0,0,0,0,0.03,0,0,1.83,1363,Non-ref,,http://web10capp.er.usgs.gov/imf/sites/adr06/pdfs/05410490.2006.pdf,"many upstm small towns, forested uplands"
04178000,21,66,18000,20.45,22.37,22.24,2.12,0.04,0.16,1.49,0,0,0,0,0,0,0.03,0,0,1.74,1042,Non-ref,Diurnal fluctuation caused by power plant,2002 ADR,upstrm cities & dams
04183500,40,65,62194,71.88,78,81.59,4.78,0.05,0.22,1.83,0,0.02,0.01,0.01,0,0.01,0.07,0,0,2.2,4174,Non-ref,,2002 ADR,"extensive riparian, upstrm RoR dam & city"
04185000,11,59,1750,25.96,27.05,26.62,2.04,0.03,0.18,1.46,0,0.01,0,0,0,0,0.01,0,0,1.7,797,Ref,Small diversion upstream from gage for municipal supply,2002 ADR,"upstrm small towns & channelization, some reservoirs on tribs"
04191500,24,46,19478,44.76,45.5,46.84,4.99,0.03,0.28,1.73,0,0.01,0,0,0,0,0.01,0,0,2.07,6435,Non-ref,Diurnal fluctuation caused by powerplants above station,2002 ADR,upstrm urban & regulating lake
04196800,2,165.2,1280,9.1,8.85,9.09,2.39,0,0.21,1.06,0,0,0,0,0,0,0,0,0,1.27,606,Ref,,2002 ADR,"remnent riparian, channelized hw"
04197100,5,34.3,269,16.73,17.08,16.37,1.67,0,0.22,1.29,0,0,0,0,0,0,0.04,0,0,1.55,391,Ref,,2002 ADR,"small pond on 1 trib, NEoA"
04197170,NA,NA,NA,56.4,55.1,51.84,1.42,0,0.37,1.15,0,0,0,0,0,0,0.01,0,0,1.53,120,Ref,,2002 ADR,"prox suburban, ditching in hw, forested riparian"
04198000,22,34.3,4626,30.2,30.06,29.74,1.96,0,0.3,1.3,0,0.01,0,0,0,0,0.05,0,0,1.66,3485,Non-ref,,2005 ADR,"upstrm regulation, reservoir"
04201500,43,18,2205,267.75,319.93,356.59,25.47,0.21,0.31,2.79,0,0.04,0,0,0,0,0.02,0,0,3.38,1395,Non-ref,,2005 ADR,upstrm hvy ag & urban
04213000,2,73,112,25.98,30.65,30.65,8.13,0.03,0.2,1.22,0,0,0,0,0,0,0.06,0,0,1.53,563,Ref,,2002 ADR,"small towns on main trib, NEoA"
04213075,NA,NA,NA,60.59,72.89,76.08,8.79,0.81,0.17,1.57,0,0.07,0,0,0,0,0.01,0,0,2.64,10,Ref,,http://wdr.water.usgs.gov/wy2007/pdfs/04213075.2007.pdf,"mixed forest & suburban, some recent development in hw, NEoA"
04216418,9,18,2520,28.33,26.49,31.95,1.45,0,0.42,0.84,0,0,0,0,0,0,0.02,0,0,1.29,167,Ref,,2004 ADR,"small res on trib, lt ag, proximal small town, NEoA"
04221000,3,12,294,18.67,18.14,17.89,1.6,0,0.17,1.33,0.01,0,0,0.01,0,0,0.06,0,0,1.6,406,Ref,,2004 ADR,"sml. Towns, lt ag"
04223000,19,12,27000,14.46,14.52,14.51,1.26,0.03,0.16,1.17,0.01,0,0,0.01,0,0,0.09,0,0,1.49,1218,Non-ref,,2005 ADR,hvy channelizatoin & canals
04224775,1,66,66,8.88,8.74,8.57,1.86,0,0.19,0.96,0.02,0,0,0,0,0,0.09,0,0,1.27,92,Ref,,2004 ADR,"small town, mainstem pond in hw, NEoA"
04233000,NA,NA,NA,42.77,43.61,45.46,70.08,0,0.29,1.54,0,0,0,0,0,0,0.01,0,0,1.84,116,Ref,,2004 ADR,"lt development, NEoA"
04256000,NA,NA,NA,0.94,1.05,0.89,0.77,0,0,0.33,0.06,0,0,0,0,0,0.12,0,0,0.51,22,Ref,,2003 ADR,"Adirondack Park, few roads"
04296000,1,825,825,7.39,8.28,9.24,0.63,0,0.16,1,0.01,0,0,0,0,0,0.05,0,0,1.23,96,Ref,Occasional diurnal fluctuation at low flow by mill upstream prior to 1960.,http://web10capp.er.usgs.gov/imf/sites/adr06/pdfs/04296000.2006.pdf,"mixed mod ag & forest, NEoA"
05053000,32,59.2,18518,2.18,2.16,2.04,0.63,0.02,0.07,1.12,0.05,0,0,0,0,0,0.09,0,0,1.36,1126,Non-ref,,2002 ADR,"upstrm cities, regulating dams?"
05056000,10,50,11200,1.16,1,0.85,0.19,0,0.05,0.97,0.11,0,0,0,0,0,0.07,0,0,1.19,475,Ref,,2002 ADR,"hvy ag, some riparian, lakes/wetlands in hw"
05057000,20,50,11200,1.13,0.95,0.82,0.19,0,0.06,0.98,0.1,0,0,0,0,0,0.09,0,0,1.23,805,Ref,,2002 ADR,"many prairie potholes, NEoA"
05057200,2,31,294.3,1.01,0.81,0.67,0.35,0,0.07,0.85,0.26,0,0,0,0,0,0.06,0,0,1.25,188,Ref,,2002 ADR,NEoA
05062500,12,50,56025,2.68,2.81,2.96,0.58,0,0.07,0.76,0.02,0,0,0,0,0,0.08,0,0,0.97,593,Ref,Flow slightly regulated by Rice Lake and many other small lakes above station.,http://wdr.water.usgs.gov/wy2007/pdfs/05062500.2007.pdf,"mod-hvy ag, small town, many natural lakes, NEoA"
05087500,NA,NA,NA,2.62,2.47,2.58,0.11,0,0.06,1.05,0,0,0,0,0,0,0.16,0,0,1.28,192,Ref,,http://web10capp.er.usgs.gov/imf/sites/adr06/pdfs/05087500.2006.pdf,"hvy ag, some riparian, NEoA"
05120500,1,50,50,0.85,0.69,0.55,1.26,0,0.09,1.08,0.17,0,0,0,0,0,0.06,0,0,1.41,159,Ref,Some regulation by Fish and Wildlife Service,2002 ADR,upstrm regulated lakes
05123400,11,70,21650,4.31,4.51,4.32,0.23,0,0.07,1.14,0.04,0,0,0,0,0,0.14,0,0,1.39,531,Ref,,2002 ADR,"small towns, some channelization, NEoA"
05129115,7,360,240790,2.17,2.28,2.29,6.66,0,0.06,0.45,0.03,0,0,0,0,0,0.05,0,0,0.59,313,Ref,,http://web10capp.er.usgs.gov/imf/sites/adr06/pdfs/05129115.2006.pdf,many natural lakes in system
05131500,9,0,143000,1.33,1.29,1.27,5.66,0,0.07,0.48,0.07,0,0,0,0,0,0.03,0,0,0.65,916,Ref,,http://web10capp.er.usgs.gov/imf/sites/adr06/pdfs/05131500.2006.pdf,"mine & tailings pond in hw of 1 trib, modulated by lakes, NEoA"
05244000,9,1300,90376,5.42,6.49,6.97,1.6,0,0.09,1.01,0.05,0,0,0,0,0,0.13,0,0,1.32,368,Non-ref,,2002 ADR,"hvy ag, no riparian"
05280000,26,50,90000,19.17,21.47,23.88,13.59,0,0.12,1.38,0,0,0,0.01,0,0,0.17,0,0,1.71,2721,Non-ref,Slight fluctuation at low stages caused by powerplant,2002 ADR,upstrm reservoir
05291000,12,19,1300,4.76,4.3,4.3,1.19,0.03,0.09,1.02,0.01,0,0,0,0,0,0.03,0,0,1.19,728,Ref,,2005 ADR,"hvy ag, wetland hw"
05320500,14,55.9,19020,10.07,10.77,11.25,2.68,0,0.11,1.19,0,0,0,0,0,0,0.15,0,0,1.46,1195,Non-ref,,2002 ADR,extensive channelization
05362000,17,55,8000,2.89,2.98,2.82,0.84,0,0.08,0.75,0.02,0,0,0.01,0,0,0.01,0,0,0.9,324,Ref,,2002 ADR,"small towns on 1 trib, NEoA"
05393500,3,50,185,2.56,2.29,2.33,1.04,0,0.13,0.71,0,0,0,0,0,0,0.03,0,0,0.91,85,Ref,,2002 ADR,"NEoA, natural lake HW"
05399500,3,117,910,15.83,16.09,17.29,12.84,0,0.18,1.17,0,0.01,0,0,0,0,0,0,0,1.36,357,Ref,,2002 ADR,"much ag, small town in hw, NEoA"
05408000,4,16,2400,8.52,9.54,10.04,16.07,0,0.14,1.15,0.03,0,0,0.01,0,0,0.05,0,0.01,1.4,344,Ref,,2002 ADR,"several upstrm small town POTWs, NEoA"
05410490,34,16,2400,8.86,9.72,10.27,17.82,0,0.17,1.17,0.01,0,0,0,0,0,0.08,0,0.01,1.44,934,Non-ref,Occasional minor regulation by dam 0.2 mi upstream from gage.  Discharge not published for this period because of extreme regulation of streamflow by power dam 0.2 mi upstream.,http://wdr.water.usgs.gov/wy2007/pdfs/05457700.2007.pdf,"proximal & upstrm urban, intense ag, channelized hw"
05412500,19,18,3808,7.51,7.45,7.07,0.85,0,0.1,1.09,0,0,0,0,0,0,0.13,0,0,1.33,2193,Ref,,2002 ADR,"hv ag, small upstrm towns, NEoA"
05413500,1,64,64,15.63,14.86,14.71,32.74,0,0.16,1.19,0,0,0,0,0,0,0.05,0,0,1.41,419,Ref,,2002 ADR,"mod-hvy ag, small towns in hw, NEoA"
05414000,1,59.1,59.1,5.32,5.48,5.83,32.57,0,0.1,1.12,0,0,0,0,0,0,0.07,0,0,1.29,150,Ref,,2002 ADR,"mod-hvy ag, NEoA"
05418500,21,39,9920,11.24,11.54,11.38,5.69,0,0.16,1.07,0.01,0.01,0,0,0,0,0.11,0,0,1.36,2207,Non-ref,Diurnal fluctuation during low water caused by powerplant at Waverly,2002 ADR,upstrm cities & dams
05422000,23,50,2834,12.51,12.83,13.09,12.86,0,0.1,1.2,0,0.01,0,0,0,0,0.14,0,0,1.46,3890,Non-ref,,2002 ADR,"little riparian, upstrm cities"
05430500,57,49.9,160000,73.17,83.26,93.07,10.32,0.04,0.22,1.74,0,0.02,0,0.01,0,0,0.03,0,0,2.06,3898,Non-ref,,2002 ADR,"upstrm cities, extensive channelization"
05435500,16,52,6400,20.36,21.24,22.1,1.63,0,0.15,1.29,0.01,0,0,0.03,0,0,0.03,0,0,1.52,2109,Non-ref,,2002 ADR,"upstrm channelization, cities, small reservoirs"
05440000,14,0,3573,51.33,67.57,92.61,6.06,0.06,0.15,1.64,0,0.01,0,0.01,0,0,0.04,0,0,1.91,1579,Non-ref,,1995 ADR,upstrm cities
05444000,NA,NA,NA,11.95,11.65,11.45,7.58,0,0.14,1.32,0,0,0,0,0,0.01,0,0,0,1.51,271,Ref,,2005 ADR,"NEoA, row crop ag"
05447500,4,62,752,9.59,9.66,9.5,1.91,0.05,0.11,1.19,0,0,0,0,0,0,0.02,0,0,1.39,1767,Non-ref,,2002 ADR,"upstrm cities, regulating dams, channelized hw"
05451500,27,21,4751,10.11,9.76,9.73,1.4,0.01,0.09,1.19,0,0,0,0,0,0,0.03,0,0,1.33,1575,Non-ref,,2002 ADR,upstrm towns & hvy channelization
05452000,4,22,174,5.67,5.68,5.51,0.85,0,0.07,1.18,0,0,0,0,0,0,0.05,0,0,1.3,331,Non-ref,,2002 ADR,heavily channelized
05454000,1,104,104,9.78,12.11,13.61,9.54,0,0.06,1.21,0.1,0,0,0,0,0,0.05,0,0,1.42,40,Ref,,2002 ADR,"hvy ag, some riparian"
05454500,115,0,420960,16.73,17.82,20.16,2.61,0.03,0.11,1.23,0.01,0.01,0,0,0,0,0.06,0,0,1.45,4752,Non-ref,,2002 ADR,"upstrm towns, channelized hw"
05455500,17,40,1950,5.97,6.22,6.39,1.07,0.02,0.08,1.12,0.04,0,0,0,0,0,0.06,0,0,1.31,870,Non-ref,"Flow mostly regulated by Clarence Cannon Dam, 9.9 mi upstream, since September 1979. Five percent of the drainage area, 130 mi², is natural drainage not regulated.",http://wdr.water.usgs.gov/wy2007/pdfs/05508000.2007.pdf,upstrm reservoir
05457700,22,52,12220,19.52,19.77,20.39,1.29,0.03,0.1,1.36,0,0.01,0,0,0,0,0.12,0,0,1.65,1695,Non-ref,,http://web10capp.er.usgs.gov/imf/sites/adr06/pdfs/05515500.2006.pdf,upstrm urban & channelization
05458000,1,400,400,5.22,5.13,5.1,1.05,0,0.05,1.16,0,0,0,0,0,0,0.06,0,0,1.28,485,Ref,,2002 ADR,NEoA
05458500,28,38,12220,17.69,17.98,18.73,1.22,0.02,0.1,1.32,0,0.01,0,0,0,0,0.11,0,0,1.59,2715,Non-ref,,http://web10capp.er.usgs.gov/imf/sites/adr06/pdfs/05517000.2006.pdf,"hvy ag, small towns, NEoA"
05462000,30,54,15945,20.78,20.54,19.95,1.29,0.05,0.1,1.34,0,0.01,0,0,0,0,0.12,0,0,1.64,2200,Non-ref,,http://web10capp.er.usgs.gov/imf/sites/adr06/pdfs/05517500.2006.pdf,upstrm urban & channelization
05466500,14,25,3950,10.97,11.02,11.23,1.42,0.03,0.1,1.17,0,0,0,0,0,0,0.01,0,0,1.32,666,Ref,,2005 ADR,"forested lowlands, upstrm small reservoirs & mainstem channelized"
05471500,78,17,3410,27.09,29.3,31.93,2.58,0.05,0.11,1.35,0,0.02,0,0.01,0,0,0.13,0,0,1.67,2523,Non-ref,,http://web10capp.er.usgs.gov/imf/sites/adr06/pdfs/05518000.2006.pdf,"channelization, uptrm urban"
05472500,59,18,13700,9.85,9.85,10.1,1.18,0.02,0.12,1.15,0.02,0,0,0,0,0,0.04,0,0,1.35,1246,Non-ref,,2005 ADR,"hvy channelization, upstrm urban"
05476500,42,50,1e+05,9.19,9.03,9.18,0.56,0.01,0.11,1.22,0.01,0,0,0,0,0,0.06,0,0,1.44,1596,Non-ref,,2005 ADR,"small towns, channelized mainstem, small re in 1 trib, NEoA"
05479000,14,22,2015,6.85,6.3,5.93,1.07,0.01,0.07,1.19,0,0,0,0,0,0,0.11,0,0,1.39,1009,Non-ref,,http://wdr.water.usgs.gov/wy2007/pdfs/05542000.2007.pdf,intensive ag & channelization
05481000,1,2100,2100,10.6,10.57,10.12,0.93,0,0.08,1.23,0,0,0,0.01,0,0,0.05,0,0,1.36,817,Non-ref,Regulation by hydropower plant upstream from gage,2005 ADR,"prox regulating dam, upstrm reservoirs & urban"
05482500,30,23,10500,9.62,9.52,9.11,0.89,0,0.1,1.25,0,0,0,0,0,0,0.06,0,0,1.41,1458,Non-ref,"An average of 3 ft3/s, diverted 0.5 mi upstream from station for water supply of city of Pontiac",2005 ADR,upstrm channelization
05484500,146,20,60200,10.11,10.31,10.15,0.91,0.01,0.1,1.23,0,0,0,0,0,0,0.06,0,0,1.4,3725,Non-ref,,http://pubs.usgs.gov/wdr/2005/wdr-il-05/data/manuipts/05555300.htm,prox. Urban. Hvy ag
05487980,60,17,3440,10.6,11.37,11.52,0.62,0.03,0.12,1.07,0.02,0,0.01,0,0,0,0.08,0,0,1.32,444,Ref,,2002 ADR,"hvy ag, small reservoirs on one trib, much natural riparian & uplands"
05488200,16,21,484,8.49,9.18,9.6,1.02,0,0.11,1.13,0.02,0.01,0,0,0,0,0.04,0,0,1.31,144,Ref,,2002 ADR,"much riparian, NEoA"
05489000,30,20,138,4.16,4.09,3.91,0.64,0,0.08,0.94,0.01,0,0,0,0,0,0.02,0,0,1.04,374,Ref,,2002 ADR,"extensive wetlands & forested riparian, NEoA"
05495000,69,17,4347,8.66,8.9,8.93,0.53,0,0.09,1.12,0,0,0,0,0,0,0.07,0,0,1.29,444,Ref,,2002 ADR,"hvy ag, much riparian, some mainstem channelization"
05495500,2,100,803,5.57,5.64,5.44,2.06,0,0.14,1.18,0.01,0,0,0,0,0,0.08,0,0,1.42,644,Ref,,2005 ADR,"ag uplands, forested lowlands, small reservoirs on small tribs"
05501000,17,28,2736,5.83,6,6.26,1.59,0,0.11,1.09,0,0,0,0,0,0,0.11,0,0,1.32,500,Ref,,2002 ADR,"hvy ag, forested riparian, small reservoir in hw of 1 trib"
05503800,4,60.04,334,4.95,4.29,4.03,0.89,0,0.14,1.21,0,0,0,0,0,0,0.02,0,0,1.39,154,Ref,,2002 ADR,"hvy ag, some riparian, NEoA"
05507600,9,90,255,6.07,6.14,5.86,1.74,0,0.14,1.13,0.03,0,0,0,0,0,0.13,0,0,1.43,218,Ref,,2002 ADR,"hvy ag, much riparian,NEoA"
05508000,186,19.3,1862000,11.33,11.73,11.82,16.15,0,0.12,1.21,0.01,0,0,0,0,0,0.11,0,0,1.48,4280,Non-ref,,2005 ADR,upstrm reservoirs & city
05508805,8,42,789,8.16,10.77,10.58,1.05,0,0.09,1.11,0.01,0,0,0,0,0,0.17,0,0,1.39,355,Ref,,2002 ADR,"hvy ag, remnant riparian, small reservoir on 1 trib, NEoA"
05514500,69,28,1871,6.64,7.41,8.29,1.44,0.01,0.08,1.29,0,0,0,0,0,0,0.19,0,0,1.59,2080,Ref,,http://wdr.water.usgs.gov/wy2007/pdfs/05514500.2007.pdf,"extensive riparian forests, small towns in hw of some tribs, NEoA"
05515500,2,83,9000,48.99,53.19,58.64,12.66,0.05,0.22,1.64,0,0,0.02,0,0,0.01,0.01,0,0,1.97,270,Non-ref,,2005 ADR,redundant
05517000,4,95,2400,37.51,41.01,44.56,5.34,0,0.25,1.55,0,0.01,0,0,0,0,0.02,0,0,1.85,209,Non-ref,,2005 ADR,upstrm reservoir & cities
05517500,7,83,9000,37.41,40.29,43.83,8.26,0.02,0.23,1.61,0,0.01,0.01,0,0,0.01,0.02,0,0,1.93,692,Non-ref,"City of Vandalia pumps water from the river 7 blocks upstream for municipal supply at water works. Pumpage amounts to about 0.8 ft³/s. Flow partially regulated since June 24, 1969 by dam at Lake Shelbyville, 62.2 mi upstream from gage.",http://wdr.water.usgs.gov/wy2007/pdfs/05592500.2007.pdf,upstrm cities & reservoirs
05518000,10,83,9000,37.7,42.1,46.75,33.61,0.02,0.22,1.58,0,0,0.01,0,0,0,0.02,0,0,1.89,1023,Non-ref,"Flow regulated since Apr. 1, 1967, by Carlyle Lake",2005 ADR,proximal reservoir--
05520500,16,83,9000,38.08,42.76,48.73,85.56,0.02,0.21,1.55,0,0,0.01,0,0,0,0.02,0,0,1.85,1475,Non-ref,About 1.03 ft3/s diverted 20 ft above station for municipal supply of Breese,2005 ADR,several upstrm reservoirs on major tribs
05525500,1,184,184,6.64,6.33,5.82,0.81,0,0.13,1.17,0,0,0,0.02,0,0,0.01,0,0,1.35,891,Ref,,2005 ADR,"upstrm small towns & some ponds, channelized hw, NEoA"
05526000,6,149,12805,10.21,10.47,10.36,2.87,0.04,0.14,1.21,0,0,0,0,0,0,0.02,0,0,1.43,4004,Non-ref,"Diversions for irrigation of about 24,200 acres",2002 ADR,proximal irrigated ag in valley
05542000,1,35000,35000,12.59,13.57,14.49,121.37,0.07,0.11,1.46,0,0.01,0,0,0,0,0.02,0,0,1.7,872,Non-ref,"Diversions for irrigation of about 25,000 acres upstream from station.",2000 ADR,upstrm diversions & reservoirs
05552500,119,0,113000,148.52,192.65,237.24,16.44,0.04,0.26,2.67,0,0.02,0.01,0.01,0,0,0.06,0,0.01,3.09,3782,Non-ref,Small diversions upstream from station for irrigation.,http://pubs.usgs.gov/wdr/2005/wdr-sd-05-1/sd05.missouri.pdf,"local ag, sm. Res. On sm tribs"
05554500,2,59,302,13.07,13.25,13.63,0.93,0,0.11,1.33,0,0,0,0,0,0,0.01,0,0,1.49,808,Non-ref,Slight regulation by Lake Ilo,2002 ADR,"small upstrm reservoirs on some tribs, mod ag, NEoA"
05555300,6,59,1330,16.82,16.52,16.9,2.33,0.03,0.11,1.41,0,0,0,0,0,0,0.01,0,0,1.6,1814,Non-ref,,2002 ADR,"many small ponds, irrigated ag"
05556500,NA,NA,NA,16.22,16.17,16.78,1.9,0.05,0.15,1.23,0,0,0,0.01,0,0,0.04,0,0,1.47,588,Ref,,2005 ADR,"proximal small town, NEoA"
05569500,27,38,19500,15.35,14.91,14.82,9.04,0.03,0.14,1.16,0.01,0,0,0,0,0,0.02,0,0,1.36,1945,Non-ref,,http://pubs.usgs.gov/wdr/2005/wdr-wy-05/pdf/stations05.pdf,"lt ag., lt. urban, some diversions"
05570000,49,33,19500,13.66,13.26,12.89,12.74,0.02,0.14,1.13,0,0,0,0,0,0,0.02,0,0,1.32,2770,Non-ref,"Diversions for irrigation of about 12,800 acres above station.",1994 ADR,irrigated ag
05582000,22,0,250000,34.29,38.18,42.27,52.27,0.08,0.14,1.41,0,0.02,0,0,0,0,0.05,0,0,1.71,4172,Non-ref,,2002 ADR,upstrm regulating lakes & cities
05584500,14,51,5611,15.13,13.9,14.36,0.86,0,0.11,1.29,0,0,0,0,0,0,0.01,0,0,1.41,1211,Ref,,2005 ADR,"ag uplands, forested lowlands, upstrm city & reservoirs on 2 small tribs"
05585000,48,18,5611,12.67,11.96,12.22,0.9,0,0.1,1.25,0.01,0,0,0,0,0,0.02,0,0,1.39,2258,Ref,,2005 ADR,"ag uplands, forested lowlands, upstrm city & reservoirs on 2 small tribs"
05591550,NA,NA,NA,16.53,17.07,19.84,1.16,0.03,0.16,1.36,0,0,0,0,0,0,0.01,0,0,1.55,101,Ref,,2005 ADR,NEoA
05592050,NA,NA,NA,6.18,5.46,5.48,0.66,0,0.08,1.33,0.01,0,0,0,0,0,0.03,0,0,1.49,175,Ref,,2005 ADR,"ag uplands, forested lowlands, NEoA"
05592500,25,34,1026546,19.13,20.31,22.26,5.23,0.03,0.09,1.5,0.01,0,0,0.01,0,0,0.05,0,0,1.71,3127,Non-ref,,2002 ADR,"upstrm cities, channelized hw"
05592575,2,61,61,5.11,5,4.99,0.54,0.04,0.08,1.37,0,0,0,0,0,0,0.12,0,0,1.61,65,Ref,,http://wdr.water.usgs.gov/wy2008/pdfs/05592575.2008.pdf,"hvy ag, forest rip, channeled hw"
05593000,41,34,1286900,15.9,16.82,18.25,5.6,0.04,0.09,1.45,0.01,0,0,0,0,0,0.05,0,0,1.67,4589,Non-ref,,2002 ADR,"upstrm towns, channelized hw"
05593575,3,73,701,20.51,19.99,20,0.67,0.18,0.15,1.09,0,0.01,0,0,0,0,0.09,0,0,1.52,129,Ref,,2005 ADR,"small res on prox trib, hvy ag, remnant riparian, NEoA"
05593900,NA,NA,NA,28,26.55,25.36,87.8,0,0.09,1.78,0,0,0,0,0,0,0.02,0,0,1.9,186,Ref,,2005 ADR,"hvy ag, forested riparian, few ponds, small town, NEoA"
05594000,52,0,44430,17.39,17.59,18.69,57.67,0.03,0.09,1.43,0.01,0,0,0,0,0,0.06,0,0,1.61,1586,Non-ref,,2002 ADR,"hvy ag, no riparian, channelized hw"
05595730,1,412,412,7.5,8.33,7.81,0.44,0.12,0.1,1.3,0.04,0.01,0,0,0,0,0.08,0,0,1.66,257,Ref,,2005 ADR,"hvy ag, forested riparian, many small ponds"
06037500,NA,NA,NA,0,0,0.03,3.04,0,0,0.13,0,0,0,0,0,0,0,0,0,0.14,61,Ref,No regulation or diversions upstream from station,2002 ADR,Yellowstone NP
06043500,4,60.1,300,0.32,0.48,1.09,19.85,0,0.04,0.23,0.01,0,0.05,0.02,0,0,0.21,0,0,0.55,450,Ref,"Diversions for irrigation of about 1,400 acres upstream from station",2002 ADR,"proximal irrigated ag diversions, headwaters roadless YNP"
06154410,NA,NA,NA,3.12,3.64,3.53,8.56,0,0,0.58,0.04,0,0,0,0,0,0,0,0,0.62,16,Ref,No known regulation or diversion upstream from station,2002 ADR,"mostly roadless, some mines"
06188000,NA,NA,NA,0.04,0.05,0.05,8.82,0,0.01,0.06,0,0,0,0,0,0,0.01,0,0,0.08,34,Ref,No regulation or diversion occurs upstream from station.,http://wdr.water.usgs.gov/wy2007/pdfs/06188000.2007.pdf,wilderness
06191500,1,51.65,51.65,0.18,0.17,0.2,7.2,0,0,0.09,0,0,0.01,0,0,0,0,0,0,0.11,145,Ref,Diversions for irrigation of about 960,2002 ADR,"lt proximal irrigaged ag, basind mostly wilderness--YNP"
06192500,7,51.65,1008,0.31,0.31,0.39,8.91,0,0.02,0.15,0.01,0,0.05,0,0,0,0.02,0,0,0.24,574,Non-ref,,2002 ADR,heavily channelized
06221400,NA,NA,NA,0,0,0,6.38,0,0,0.01,0.01,0,0,0,0,0,0,0,0,0.02,0,Ref,No diversion upstream from station.,http://wdr.water.usgs.gov/wy2007/pdfs/06221400.2007.pdf,"roadless, wilderness"
06224000,NA,NA,NA,0,0,0,6.37,0,0,0.01,0,0,0,0,0,0,0,0,0,0.01,1,Ref,No diversions upstream from station,2002 ADR,wilderness
06225500,10,24,163976,0.31,0.36,0.36,6.36,0,0.02,0.35,0.07,0,0,0,0,0,0.01,0,0,0.46,642,Non-ref,,2002 ADR,heavily channelized
06278300,NA,NA,NA,0,0,0,17.11,0,0,0.11,0,0,0,0,0,0,0,0,0,0.11,4,Ref,NO regulation or diversion,http://pubs.usgs.gov/wdr/WDR_WY_00/pdf/WDR_WY_00_1.pdf,wilderness
06280300,NA,NA,NA,0.01,0.02,0.02,6.91,0,0,0.05,0,0,0,0,0,0,0,0,0,0.05,52,Ref,Diversions for irrigation of about 450 acres,2000 ADR,"small proximal irrigated ag, mostly roadless"
06289000,NA,NA,NA,0,0,0,12.65,0,0.01,0.31,0.02,0,0,0,0,0,0,0,0,0.35,20,Ref,Diversions for irrigation of 163 acres upstream from station,2000 ADR,mostly roadless
06291500,NA,NA,NA,0.04,0.06,0.03,6.5,0,0,0.41,0.07,0,0,0,0,0,0.07,0,0,0.55,14,Ref,Diversions for irrigation of about 400 acres upstream from station,2002 ADR,possible diversions
06311000,NA,NA,NA,0,0,0,4.11,0,0.02,0.73,0.01,0,0,0,0,0,0,0,0,0.76,9,Ref,No diversion,2002 ADR,"mostly roadless, some ranches"
06332515,5,30,112.4,0.2,0.08,0.13,0.64,0,0.03,0.69,0.15,0,0,0,0,0,0.04,0,0,0.92,79,Ref,,http://pubs.usgs.gov/wdr/2005/wdr-nd-05-1/pdf/wdrnd051.pdf,"HBN, NEoA"
06334500,73,20,3964,0.06,0.05,0.05,1.48,0,0.01,0.53,0.31,0,0,0,0,0,0.04,0,0,0.9,1276,Non-ref,,2002 ADR,heavily channelized
06339100,4,50,180.9,0.22,0.23,0.31,0.1,0,0.04,0.95,0.07,0,0,0,0,0,0.18,0,0,1.24,247,Ref,,2002 ADR,"NEoA, mostly undeveloped, small reservoirs on some tribs"
06339500,20,50,682.6,0.49,0.42,0.46,5.92,0.01,0.03,1.02,0.03,0,0,0,0,0,0.11,0,0,1.2,1278,Ref,,2002 ADR,"small reservoirs on some tribs, ag, NEoA"
06340500,38,25.84,31326,1.31,1.18,1.24,21.17,0,0.04,1.05,0.07,0,0,0,0,0,0.12,0,0,1.28,2436,Non-ref,,2002 ADR,heavily channelized
06344600,3,60,79.8,0.56,0.34,0.36,0.08,0,0.06,0.95,0.15,0,0,0,0,0,0.12,0,0,1.27,229,Ref,,2002 ADR,"mod-hvy ag, NEoA"
06350000,18,51.1,5648,0.84,0.66,0.67,0.05,0,0.08,0.83,0.31,0,0,0,0,0,0.05,0,0,1.28,731,Ref,,2002 ADR,"proximal irrigated ag, small res. In HW"
06352000,10,51.7,2875,0.19,0.13,0.11,0.05,0,0.04,0.84,0.3,0,0,0,0,0,0.06,0,0,1.24,581,Ref,,2002 ADR,reservoir on 1 trib LDC?
06353000,58,50.2,2875,0.31,0.24,0.26,0.16,0,0.04,0.77,0.24,0,0,0,0,0,0.05,0,0,1.09,1725,Ref,,2002 ADR,"small reservoirs on some tribs,  ag, NEoA"
06354000,108,50.2,5648,0.49,0.38,0.41,0.46,0,0.05,0.81,0.21,0,0,0,0,0,0.06,0,0,1.12,4153,Ref,Some storage in several small lakes above station,2002 ADR,"small reservoirs on tribs, mod ag, NEoA"
06359500,133,50,2000,0.01,0.01,0.01,2.31,0,0.03,0.22,0.03,0,0,0,0,0,0.03,0,0,0.31,949,Non-ref,,http://web10capp.er.usgs.gov/imf/sites/adr06/pdfs/06811500.2006.pdf,extensive channelization
06360500,286,21,2140,0.4,0.42,0.46,1.26,0,0.04,0.26,0.03,0,0,0,0,0,0.02,0,0,0.35,1798,Ref,,2002 ADR,upstrm irrigated ag & small reservoirs on tribs
06404000,2,590,705,2.91,3.78,4.49,0.86,0,0.4,0.61,0.15,0.01,0,0,0,0,0.06,0,0,1.23,90,Ref,,2002 ADR,"mostly undisturbed, NEoA"
06406000,4,198,705,2.48,3.91,5.1,0.68,0,0.33,0.75,0.05,0,0,0,0,0,0.05,0,0,1.18,251,Ref,,http://pubs.usgs.gov/wdr/WDR-SD-02-1/WDR-SD-02-1.pdf,"proximal irrigated ag, NEoA"
06408700,NA,NA,NA,0,0,0,1.09,0,0,1.12,0.11,0,0,0,0,0,0,0,0,1.23,9,Ref,,http://pubs.usgs.gov/wdr/2005/wdr-sd-05-1/sd05.Oahe2.pdf,some roads
06409000,NA,NA,NA,0,0,0.03,1.02,0,0,0.8,0.01,0,0.02,0,0,0,0,0,0,0.83,51,Ref,,2002 ADR,"HBN, some forestry in HW"
06426500,37,30,2680,5.7,6.59,8.83,2.66,0.03,0.06,1.08,0.05,0,0,0,0,0,0.07,0,0,1.3,1608,Non-ref,,http://wdr.water.usgs.gov/wy2007/pdfs/06813000.2007.pdf,extensive channelization
06431500,4,27,517,3.18,3.7,4.76,1.49,0.01,0.13,0.58,0,0,0,0,0,0,0.02,0,0,0.74,153,Ref,"Regulation by hatchery and powerplant, but daily flows not appreciably affected",http://pubs.usgs.gov/wdr/2005/wdr-sd-05-1/sd05.Oahe3.pdf,upstrm diversions
06440200,44,55,850,0.02,0.05,0.04,0.4,0.12,0.03,0.34,0.01,0.01,0,0,0,0,0.15,0,0,0.65,235,Ref,,http://wdr.water.usgs.gov/wy2008/pdfs/06440200.2008.pdf,"mod ag, lt develop, small impoundments, NEoA"
06441500,410,16,2022,0.43,0.38,0.38,0.22,0.03,0.04,0.36,0.08,0,0,0,0,0,0.04,0,0,0.56,2302,Ref,,2002 ADR,"small reservoirs on some tribs,  ag, NEoA"
06447000,101,0,14000,1.41,1.63,1.8,1.68,0,0.04,0.5,0.09,0,0,0,0,0,0.11,0,0,0.74,2911,Ref,,2002 ADR,"irrigated ag in hw, many small ponds & reservoris on tribs"
06447500,1,96,96,2.38,2.58,2.59,1.21,0,0.08,0.72,0.07,0,0,0,0,0,0.01,0,0,0.88,266,Ref,,2002 ADR,"irrigated ag, small town, small ponds on some tribs"
06450500,75,15,14331,1.8,1.94,1.97,0.86,0,0.05,0.55,0.04,0,0,0,0,0,0.02,0,0,0.68,858,Ref,Diurnal fluctuations caused by small powerplant 2.2 mi upstream. Several small diversions for irrigation,2002 ADR,"upstrm irrigated ag, small town, small reservoirs on some tribs"
06452000,498,0,14331,1.24,1.35,1.42,1.07,0,0.05,0.5,0.08,0,0,0,0,0,0.07,0,0,0.7,5817,Ref,,2002 ADR,"small reservoirs on some tribs,  ag, NEoA"
06453600,30,19,1213,2.74,2.46,2.06,1.07,0,0.11,0.86,0.11,0,0,0.01,0,0,0.06,0,0,1.16,501,Ref,Minor diversions for irrigation above station,http://web10capp.er.usgs.gov/imf/sites/adr06/pdfs/06453600.2006.pdf,"mod-hvy ag, small reservoirs on some tribs, NEoA"
06454500,14,60,339,0.55,0.53,0.6,6.69,0,0.06,0.53,0.04,0,0,0,0,0,0.02,0,0,0.66,502,Non-ref,,http://web10capp.er.usgs.gov/imf/sites/adr06/pdfs/06815000.2006.pdf,"channelization, small towns, small reservoirs"
06464500,15,0,2900,0.83,0.97,1.16,1.02,0,0.03,0.59,0.09,0,0,0,0,0,0.03,0,0,0.75,516,Ref,,2002 ADR,"mod ag, small reservoirs on several tribs, NEoA"
06468170,8,60,444.3,1.48,1.3,1.13,0.09,0,0.07,1.03,0.15,0,0,0,0,0,0.07,0,0,1.33,403,Ref,,http://wdr.water.usgs.gov/wy2009/pdfs/06468170.2009.pdf,"hvy ag, NEoA"
06468250,18,60,484,1.36,1.18,1.02,0.11,0,0.07,1.01,0.15,0,0,0,0,0,0.07,0,0,1.3,444,Ref,,2002 ADR,"many prairie potholes, NEoA"
06470800,NA,NA,NA,0.91,0.79,0.61,0.63,0,0.09,0.99,0.08,0,0,0,0,0,0.07,0,0,1.22,145,Ref,,2002 ADR,NEoA
06477500,4,80,2510,1.74,1.61,1.62,0.26,0.03,0.05,0.79,0.06,0,0,0,0,0,0.02,0,0,0.95,369,Ref,,2002 ADR,"hvy ag, some riparian, NEoA"
06479215,NA,NA,NA,2.23,2.32,2.05,1.3,0.1,0.08,1.15,0,0.01,0,0,0,0,0.02,0,0,1.36,150,Ref,,http://wdr.water.usgs.gov/wy2007/pdfs/06479215.2007.pdf,"many prairie potholes, NEoA"
06479438,1,73,73,1.28,1.25,1.14,1.46,0.1,0.05,1.01,0.05,0.01,0,0,0,0,0.01,0,0,1.23,501,Ref,,http://wdr.water.usgs.gov/wy2007/pdfs/06479438.2007.pdf,"many prairie potholes, NEoA"
06480000,13,45,2935,8.4,9.45,10.55,1.44,0.05,0.09,1.08,0.07,0,0,0,0,0,0.04,0,0,1.32,3515,Non-ref,"municipal water supply is taken from Nodaway River, 500 ft upstream",2002 ADR,extensive channelization
06600500,30,26,224,16.96,18.12,18.75,2.12,0,0.15,1.3,0.01,0.01,0,0,0,0,0.05,0,0,1.51,1345,Non-ref,,1983 ADR,extensive channelization
06601000,5,26,388.4,7.04,7.99,8.4,6.27,0,0.1,1.18,0,0,0,0,0,0,0.13,0,0,1.41,151,Ref,,http://web10capp.er.usgs.gov/imf/sites/adr06/pdfs/06601000.2006.pdf,"hvy ag, some riparian"
06606600,98,16,10814,9.41,9.44,9.22,3.63,0.01,0.08,1.23,0,0,0,0,0,0,0.07,0,0,1.4,3362,Non-ref,,2002 ADR,"extensive channelization, prox urban"
06607200,83,20,1349,8.44,8.13,7.36,17.26,0,0.09,1.24,0,0,0,0,0,0,0.08,0,0,1.41,1459,Non-ref,,2002 ADR,irrigated ag in basin
06609500,219,22,2333,9.37,9.39,9.32,1,0,0.12,1.17,0.01,0,0,0,0,0,0.08,0,0,1.39,1594,Non-ref,Diversions upstream from station for irrigation. Flow moderately regulated since 1964,2002 ADR,irrigated ag & possible diversions
06614800,NA,NA,NA,0,0,0,22.76,0,0,0.94,0,0,0,0,0,0,0,0,0,0.94,2,Ref,NO regulation or diversion,http://web10capp.er.usgs.gov/imf/sites/adr/pdfs/06614800.2005.pdf,gage is just upstream of Michigan ditch
06622700,1,176,176,0,0,0,5.62,0,0,0.79,0.45,0,0,0,0,0,0,0,0,1.24,23,Ref,NO regulation or diversion,http://pubs.usgs.gov/wdr/WDR_WY_00/pdf/WDR_WY_00_1.pdf,some roads
06623800,NA,NA,NA,0,0,0,21.31,0,0,0.36,0.08,0,0,0.01,0,0,0.01,0,0,0.46,14,Ref,No diversion upstream from station,2002 ADR,"HBN site, a few roads"
06632400,1,1660,1660,0,0,0,5.67,0,0,0.73,0.04,0,0,0,0,0,0,0,0,0.77,17,Ref,"Minor regulation by Sand Lake, on Deep Creek.No diversion upstream from station.",2000 ADR,diversion upstrm of gage
06746095,NA,NA,NA,0,0,0,16.44,0,0.3,0.1,0,0,0,0,0,0,0,0,0,0.4,5,Ref,,http://web10capp.er.usgs.gov/imf/sites/adr06/pdfs/06746095.2006.pdf,mostly roadless
06784000,40,47.3,1094.4,2.02,1.97,2.01,16.75,0,0.08,0.79,0.03,0,0,0,0,0,0.08,0,0,0.98,2639,Ref,Minor irrigation developments above station.,http://web10capp.er.usgs.gov/imf/sites/adr06/pdfs/06784000.2006.pdf,"ag & irrigated ag in basin, NEoA"
06799500,7,34,426,7.83,7.78,7.44,11.01,0,0.13,1.24,0.01,0,0,0,0,0,0.14,0,0,1.51,1225,Non-ref,Natural flow affected by irrigation development,http://web10capp.er.usgs.gov/imf/sites/adr06/pdfs/06883000.2006.pdf,"hvy ag, irrigated ag"
06803510,6,54.1,140.3,5.62,12.52,18.19,3.48,0.06,0.02,1.28,0,0.03,0,0,0,0,0.13,0,0,1.51,52,Ref,,http://web10capp.er.usgs.gov/imf/sites/adr06/pdfs/06803510.2006.pdf,"hvy ag, some riparian, NEoA"
06803530,9,20.8,382,6.14,6.7,7.17,17.63,0,0.08,1.22,0,0,0,0,0,0,0.19,0,0,1.49,262,Ref,,http://web10capp.er.usgs.gov/imf/sites/adr06/pdfs/06803530.2006.pdf,"hvy ag, much riparian, NEoA"
06808500,54,21,6824,7.44,7.25,6.99,21.95,0.01,0.08,1.15,0.01,0,0,0.01,0,0,0.07,0,0,1.34,2241,Non-ref,"Natural flow affected by ground-water withdrawals, diversions for irrigation",2002 ADR,"hvy ag, small towns"
06810000,295,17,6824,9.15,8.83,8.45,13.27,0.02,0.1,1.18,0.01,0,0,0.01,0,0,0.08,0,0,1.4,4991,Non-ref,,http://web10capp.er.usgs.gov/imf/sites/adr06/pdfs/06894000.2006.pdf,"Prox. urban, POTWs, and several Reservrs"
06811500,187,29,3210,6.19,6.65,6.97,98.77,0,0.16,1.2,0,0,0,0,0,0,0.17,0,0,1.53,877,Non-ref,,2002 ADR,extensive channelization
06813000,8,49,169,5.05,4.5,3.75,1.04,0,0.06,1.19,0,0,0,0,0,0,0.07,0,0,1.34,755,Non-ref,,2002 ADR,several reservoirs on tribs
06814000,46,16,2958.4,2.56,2.35,2.14,1.03,0,0.11,1.02,0.02,0,0,0,0,0,0.1,0,0,1.26,210,Ref,,2002 ADR,"hvy ag, some riparian, NEoA"
06815000,290,16,8025,5.07,5.01,5.23,6.48,0,0.13,1.13,0.02,0,0,0,0,0,0.13,0,0,1.41,1227,Non-ref,,2002 ADR,"extensive channelization, reservoirs on tribs"
06817000,56,16,3450,6.37,6.48,6.13,0.62,0,0.09,1.21,0.01,0,0,0,0,0,0.09,0,0,1.4,1687,Non-ref,,2002 ADR,upstrm towns & channelization
06817500,117,16,25310,5.84,5.82,5.4,0.61,0,0.08,1.2,0.01,0,0,0,0,0,0.09,0,0,1.38,2622,Non-ref,Natural flow slightly affected since 1964 by Pomona Lake,2002 ADR,upstrm reservoirs
06820500,156,0,6830,11.91,12.37,13.85,1.84,0.01,0.15,1.24,0.03,0,0,0,0,0,0.12,0,0,1.55,1974,Non-ref,,2001 ADR,reservoir on proximal trib
06847000,44,19,900,1.4,1.47,1.51,10.42,0.02,0.05,0.84,0.04,0,0,0,0,0,0.04,0,0,1,1377,Non-ref,,2002 ADR,mod urban & mining on prox trib
06847900,12,43,2227,4.46,4.44,4.31,7.45,0.02,0.08,1.02,0.06,0,0,0,0,0,0.04,0,0,1.23,778,Ref,Diversions for irrigation upstream,2002 ADR,"ag & irrigated ag in basin, NEoA"
06853800,17,50,162,0.88,0.78,0.6,8.85,0,0.06,1.17,0.01,0,0,0,0,0,0.05,0,0,1.29,352,Ref,,http://pubs.usgs.gov/wdr/2005/wdr-ks-05-1/pdf/kansas2.pdf,heavy ag in basinn NEoA
06860000,50,50,5650,0.4,0.39,0.32,7.93,0,0.04,0.62,0.05,0,0,0,0,0,0.01,0,0,0.72,1430,Non-ref,,2002 ADR,many upstrm small towns & small trib ponds
06869500,179,39,736000,1.39,1.31,1.27,3.36,0.01,0.05,0.98,0.01,0,0,0,0,0,0.06,0,0,1.11,3874,Non-ref,,2002 ADR,"much channelization, upstrm cities"
06876700,74,36.83,10350,0.44,0.44,0.35,1.78,0,0.04,0.84,0.07,0,0,0,0,0,0.06,0,0,1.01,564,Ref,,2002 ADR,"hvy ag, small reservoirs on most tribs"
06878000,31,19,230,1.82,1.89,1.72,2.6,0,0.05,1.13,0,0,0,0,0,0,0.06,0,0,1.24,591,Ref,,2002 ADR,"hvy ag, small towns, NEoA"
06879650,NA,NA,NA,0.98,0,0,1.83,0,0,0.37,0,0,0,0,0,0,0,0,0,0.37,1,Ref,,http://pubs.usgs.gov/wdr/2005/wdr-ks-05-1/pdf/kansas3.pdf,"HBN, LTER--original prairie"
06883000,4,87,185.8,17.6,22.54,26.85,16.63,0.02,0.06,0.94,0.09,0.01,0,0,0,0,0.05,0,0,1.19,37497,Non-ref,,2002 ADR,upstrm urban & reservoirs
06884400,277,23,59000,17.03,21.76,25.87,17.01,0.02,0.06,0.95,0.09,0.01,0,0,0,0,0.06,0,0,1.2,41267,Non-ref,,http://wdr.water.usgs.gov/wy2007/pdfs/07069500.2007.pdf,upstrm cities & impoundments on tribs
06885500,133,19,11187.3,3.86,3.63,3.24,0.58,0,0.12,1.22,0,0,0,0,0,0,0.06,0,0,1.39,310,Ref,,2002 ADR,"hvy ag, much riparian, NEoA"
06888500,32,60,6285.6,2.85,2.9,3.02,0.96,0.05,0.08,0.74,0,0.01,0,0,0,0,0.09,0,0,0.97,423,Ref,,2002 ADR,"hvy ag, small reservoirs on some tribs, NEoA"
06889200,21,26,112,2.04,2.12,2.44,0.6,0,0.08,1.05,0,0,0,0,0,0,0.02,0,0,1.14,237,Ref,,2002 ADR,"hvy ag, some riparian, NEoA"
06889500,63,16,3255,6.7,7.85,9.17,3.38,0,0.1,1.14,0,0.01,0,0,0,0,0.05,0,0,1.3,461,Ref,,2002 ADR,"hvy ag, much riparian, NEoA"
06892000,174,0,1007,9.6,11.85,13.69,1.92,0,0.15,1.28,0,0,0,0,0,0,0.09,0,0,1.55,804,Ref,,2002 ADR,"hvy ag, much riparian, NEoA"
06894000,32,28,46900,435.21,497.88,552.18,83.22,0.16,0.31,4.91,0,0.08,0.01,0,0,0.01,0.03,0,0,5.51,760,Non-ref,All is good,http://pubs.usgs.gov/wdr/2005/wdr-ks-05-1/pdf/kansas5.pdf,"hvy ag, urban in some tribs"
06897500,630,18,25075,4.8,5.06,5.15,0.4,0.03,0.08,1.12,0.03,0,0,0,0,0,0.08,0,0,1.35,1977,Non-ref,,2002 ADR,"hvy ag, small reservoirs on most tribs"
06898000,141,18,29950,3.72,3.9,3.74,0.77,0.03,0.06,1.07,0.04,0,0,0,0,0,0.11,0,0,1.32,1182,Non-ref,Some regulation at low flow by City Water Works Dam and Timber Creek Reservoir upstream,2002 ADR,"upstrm reservoirs, cities"
06899500,280,16,32650,4.1,4.18,4.09,1.03,0.02,0.11,1.01,0.02,0,0,0,0,0,0.1,0,0,1.26,2435,Non-ref,Some regulation at low flow by Lake Blackw,http://web10capp.er.usgs.gov/imf/sites/adr06/pdfs/07152000.2006.pdf,"upstrm reservoir, hvy irrigated ag"
06903400,22,37,1500,6.69,6.96,6,0.43,0,0.09,1.07,0,0,0,0,0,0,0.06,0,0,1.23,222,Ref,,2002 ADR,"hvy ag, much riparian, NEoA"
06906800,30,16,3104,14.14,15.67,16.96,0.99,0,0.11,1.31,0.02,0,0,0,0,0,0.27,0,0,1.72,943,Ref,,http://wdr.water.usgs.gov/wy2009/pdfs/06906800.2009.pdf,"mod ag & forested basin, NEoA"
06908000,125,16,6300,19.05,21.18,23.35,1.08,0.05,0.13,1.46,0,0.01,0,0,0,0,0.31,0,0,1.96,2372,Non-ref,,1993 ADR,"many small reservoirs on tribs, mod irrigated ag"
06910800,29,50,1025,1.43,1.49,1.44,1.03,0.06,0.11,0.78,0.01,0.01,0,0,0,0,0.09,0,0,1.04,259,Ref,,2002 ADR,"hvy ag, some riparian, NEoA"
06911900,2,73,340,4.93,4.92,4.83,0.74,0.09,0.12,1.15,0.01,0,0,0,0,0.01,0.08,0,0,1.47,232,Ref,,2002 ADR,"hvy ag, NEoA"
06913500,129,23,363000,7.14,7.93,8.11,12.18,0.06,0.11,1.15,0.02,0.01,0,0,0,0,0.1,0,0,1.45,2357,Non-ref,,2002 ADR,small dams on most tribs
06914000,41,50,24000,1.96,2.2,2.36,19,0,0.06,1.1,0,0,0,0,0,0,0.14,0,0,1.3,558,Non-ref,Flow slightly regulated since 1958 by Bluestem Lake,http://web10capp.er.usgs.gov/imf/sites/adr06/pdfs/07177500.2006.pdf,upstrm reservoirs
06917000,20,45,3204,2.55,2.75,2.77,77.38,0,0.17,1.06,0,0,0,0,0,0,0.1,0,0,1.34,397,Ref,,2002 ADR,"hvy ag, much riparian, NEoA"
06918460,1,86,86,7.69,9.06,9.87,4.1,0.04,0.13,1.28,0,0,0,0,0,0,0.25,0,0,1.72,565,Ref,,2002 ADR,"mod-hvy ag, forested riparian, NEoA"
06919500,9,54,361,4.06,4.61,4.74,1.02,0,0.13,1.1,0.03,0,0,0,0,0,0.18,0,0,1.44,599,Ref,,2002 ADR,"mod ag, forested riparian, NEoA"
06921070,6,34,214,12.47,16.43,19.24,11.73,0.04,0.11,1.59,0,0.01,0,0,0,0,0.26,0,0,2.04,603,Ref,,2002 ADR,"mod-hvy ag, forested riparian, NEoA"
06921200,4,50,77,13.57,16,16.59,0.88,0,0.17,1.36,0,0,0,0,0,0,0.27,0,0,1.8,278,Ref,,2002 ADR,"mod-hvy ag, forested riparian, NEoA"
06928000,24,20,431,7.85,8.94,9.62,2.01,0.01,0.11,1.15,0.02,0,0,0,0,0,0.25,0,0,1.54,2399,Non-ref,Considerable regulation since 1963 by John Redmond Reservoir,2002 ADR,upstrm reservoirs & urban
06933500,53,0,3636,11.44,12.1,14.33,1.8,0.02,0.11,1.28,0.04,0,0,0,0,0,0.22,0,0,1.68,5348,Non-ref,,2002 ADR,"small towns, mod-hvy ag, NEoA"
06934000,68,0,3636,11.03,11.67,13.89,1.97,0.02,0.1,1.25,0.04,0,0,0,0,0,0.24,0,0,1.66,5863,Ref,,2002 ADR,"mod ag, forested lowlands, several small towns, NEoA"
07014500,118,0,8407,10.13,11.72,12.71,2.32,0,0.09,1.27,0.02,0,0,0,0,0,0.13,0,0,1.52,2049,Ref,,2002 ADR,"small impoundments on tribs, small town, lt ag & forest, NEoA"
07019000,511,0,54166,19.96,23.04,25.79,38.6,0.03,0.1,1.58,0.01,0,0,0,0,0,0.15,0,0,1.93,7200,Non-ref,All is good,http://pubs.usgs.gov/wdr/2004/wdr-ok-04-1/pdf/OK-04-1_pages_i-255_newest.pdf,"upstrm lake,pumping station"
07029500,152,38,10857,18.74,20.54,21.67,1.2,0,0.19,1.24,0.01,0.01,0.01,0,0,0,0.07,0,0,1.6,2484,Non-ref,"Diversions for irrigation of about 30,000 acres upstream from station.  No flow at times some years.",http://wdr.water.usgs.gov/wy2007/pdfs/07211500.2007.pdf,irrigated ag & diversions in HW
07049000,2,106,190,7.26,9.28,10.87,0.31,0,0.17,1.03,0,0,0,0,0,0,0.26,0,0,1.47,540,Non-ref,"Diversions for irrigation of about 26,000 acres upstream from station.  Off-channel lakes make it possible to divert and store water during non-irrigation season.  No flow at times some years.",1996 ADR,much upstrm irrigated ag
07052500,19,0,20077,77.59,97.97,119.74,12.2,0.01,0.21,2.74,0.01,0.01,0,0,0,0,0.31,0,0,3.33,3128,Non-ref,Some regulation by Arcadia Lake (station 07242340) since November 1986.,http://web10capp.er.usgs.gov/imf/sites/adr06/pdfs/07243500.2006.pdf,reservoirs & urban in hw
07056000,6,40,296,3,3.49,3.34,2.25,0,0.14,0.77,0.03,0,0,0,0,0,0.23,0,0,1.16,694,Ref,,2005 ADR,National River
07057500,7,10,250,4.45,5.33,5.85,0.66,0,0.1,1.01,0.03,0,0,0,0,0,0.16,0,0,1.31,685,Ref,,2002 ADR,"mostly forested uplands, mod ag valleys, town in hw, NEoA"
07058000,5,39,160,3.66,4.06,4.38,0.41,0,0.11,0.93,0.01,0,0,0,0,0,0.24,0,0,1.3,811,Non-ref,"Diversion for irrigation of about 5,000 acres and withdrawal of an average of about 6 ft³/s for industrial use above station. At times streamflow is augmented by irrigation water, which is pumped from wells.",http://wdr.water.usgs.gov/wy2007/pdfs/07288500.2007.pdf,intensive ag & channelization
07060710,1,60,60,0.48,0.45,0.39,0.8,0,0.12,0.65,0.16,0,0,0,0,0,0.01,0,0,0.94,17,Ref,,2005 ADR,"HBN, NAWQA SWST Reference site"
07066000,1,53,53,4.89,5.4,5.91,0.4,0,0.08,1.07,0.01,0,0,0,0,0,0.11,0,0,1.28,463,Ref,,2002 ADR,OZARK Scenic Riverways
07067000,17,35,445,3.22,3.52,3.78,0.95,0,0.08,0.95,0.03,0,0,0,0,0,0.07,0,0,1.15,1880,Ref,,2002 ADR,Ozark Riverways Nat River
07068000,20,35,445,3.07,3.32,3.53,1.48,0,0.09,0.91,0.03,0,0,0,0,0,0.07,0,0,1.11,2170,Ref,,2002 ADR,"forested upands, mod ag & lt devlopment in basin, small towns,NEoA"
07069500,43,50,11500,11.21,13.15,13.93,4.39,0,0.17,1.29,0.01,0,0,0,0,0,0.14,0,0,1.62,1965,Non-ref,,http://wdr.water.usgs.gov/wy2007/pdfs/07290000.2007.pdf,"mixed ag & forest, minimal channelization, some towns & small impoundmts"
07071500,8,20,724,4.95,5.77,6.05,0.58,0,0.12,0.97,0,0,0,0,0,0,0.12,0,0,1.22,966,Ref,,2002 ADR,"wild & scenic river, nat'l forest"
07072000,12,20,724,4.63,5.32,5.61,2.63,0,0.11,0.93,0,0,0,0,0,0,0.14,0,0,1.2,1403,Non-ref,No known regulation. There are three small diversions for irrigation above station. Flow is affected by discharge from flood-detention pools of,http://web10capp.er.usgs.gov/imf/sites/adr06/pdfs/07307800.2006.pdf,flood retention
07083000,NA,NA,NA,0.03,0.03,0.02,15.03,0,0,0.43,0,0,0,0,0,0,0,0,0,0.43,11,Ref,,http://web10capp.er.usgs.gov/imf/sites/adr/pdfs/07083000.2005.pdf,"HBN, mostly wilderness"
07142300,3,109,246,1.9,1.79,1.37,16.34,0,0.07,0.99,0.14,0,0,0,0,0,0.05,0,0,1.26,512,Ref,,2002 ADR,"hvy ag, some irrigated, NEoA"
07144200,35,50,12364,18.16,19.78,20.84,7.59,0.04,0.07,1.52,0,0.01,0,0,0,0,0.11,0,0,1.75,3327,Non-ref,"regulation since Oct. 3, 1968, by Broken Bow Lak",2004 ADR,upstrm reservoir
07144780,13,50,450,2.13,2.01,1.85,11.53,0,0.06,1.19,0.02,0,0,0,0,0,0.04,0,0,1.31,700,Non-ref,"Seven major reservoirs impact runoff from 100 percent of drainage area for this station. Since Aug. 1957, flow completely regulated by Lake O' the Pines (",http://web10capp.er.usgs.gov/imf/sites/adr/pdfs/07346000.2005.pdf,proximal reservoir--
07145700,1,79,79,19.47,19.8,19.31,1.16,0,0.09,1.56,0,0,0,0,0,0,0.1,0,0,1.75,277,Ref,,2002 ADR,"hvy ag, NEoA"
07147070,43,50,9183,4.66,5.45,5.59,4.89,0,0.06,1.28,0.04,0,0,0,0,0,0.07,0,0,1.44,1020,Non-ref,"Major beaver dam activity during the water year 400 ft downstream of gage.  No known regulation or diversions.  During the year, the city of Gilmer discharged a small amount of wastewater effluent into a tributary above this station.",2001 ADR,upstrm city & impoundments
07147800,330,26,246882,14.34,17.84,21.66,2.49,0.03,0.09,1.3,0.03,0.01,0,0,0,0,0.06,0,0,1.52,3906,Non-ref,No known regulation or diversions. Wastewater effluent is discharged into tributaries,http://web10capp.er.usgs.gov/imf/sites/adr/pdfs/07346070.2005.pdf,POTW into trib
07148400,59,21,860,2.27,2.32,2.32,1.56,0,0.03,0.57,0.06,0,0,0.05,0,0,0.05,0,0,0.77,667,Ref,,http://web10capp.er.usgs.gov/imf/sites/adr06/pdfs/07148400.2006.pdf,"NEoA, irrigated ag in basin"
07149000,58,40,4994,1.57,1.39,1.31,5.59,0,0.05,0.73,0.06,0,0,0,0,0,0.09,0,0,0.93,910,Ref,,2002 ADR,hvy ag
07151500,10,51,663,2.32,2.17,1.99,3.38,0,0.1,1.06,0,0,0,0,0,0,0.07,0,0,1.24,1458,Ref,,http://pubs.usgs.gov/wdr/2005/wdr-ks-05-1/pdf/kansas5.pdf,"hvy. Ag, NEoA"
07152000,30,50,15986,4.09,3.94,3.57,2.23,0.01,0.09,1.16,0.01,0,0,0,0,0,0.08,0,0,1.35,3175,Non-ref,,2004 ADR,reservoirs & city in hw
07163000,NA,NA,NA,6.86,8.19,10.26,1.33,0,0.18,1.18,0,0,0,0,0,0,0.29,0,0,1.65,84,Non-ref,,http://web10capp.er.usgs.gov/imf/sites/adr06/pdfs/07375500.2006.pdf,"several small towns upstrm, reservoir on trib"
07167500,23,30,773.76,0.52,0.7,0.69,0.34,0,0.07,0.8,0,0,0,0,0,0,0.06,0,0,0.92,322,Ref,,2002 ADR,"mod-hvy ag, NEoA"
07172000,54,21,10649.35,1.2,1.12,0.95,0.59,0,0.05,0.65,0.02,0,0,0,0,0,0.13,0,0,0.85,460,Non-ref,,http://web10capp.er.usgs.gov/imf/sites/adr06/pdfs/07378000.2006.pdf,prox suburban
07177500,51,50,893000,9.87,11.14,12.55,1.35,0,0.08,1.22,0.01,0,0,0,0,0,0.12,0,0,1.43,670,Non-ref,"Since 1957, considerable flow from 46 mi² diverted from basin.",http://web10capp.er.usgs.gov/imf/sites/adr06/pdfs/07378500.2006.pdf,a few small off-channel ponds
07180500,6,60,166,0.43,0.41,0.4,0.76,0,0.03,0.79,0,0,0,0,0,0,0.06,0,0,0.89,124,Ref,,2002 ADR,"hvy ag, NEoA"
07183000,305,27,626007,6.78,6.97,6.62,20.8,0.02,0.07,1.1,0.01,0,0,0,0,0,0.13,0,0,1.33,6634,Non-ref,Prior to November 1981 paper mill at Elizabeth pumped about 11 ft³/s of water from wells which was later discharged into Mill Creek 20 mi upstream from station. Some small diversions from April to September for rice irrigation upstream from station.,http://wdr.water.usgs.gov/wy2007/pdfs/08013500.2007.pdf,usptrm city & possible diversion/inputs
07184000,22,50,445,7.59,7.91,7.98,5.1,0,0.16,1.21,0,0,0,0,0,0,0.11,0,0,1.48,134,Ref,,2002 ADR,"hvy ag, extensive wetlands?"
07186000,39,60,2086,16.32,18.82,20.33,3.73,0.02,0.18,1.36,0,0.01,0,0,0,0,0.16,0,0,1.74,1861,Non-ref,"Prior to November, 1981, paper mill at Elizabeth pumped about 11 ft³/s from wells which was later discharged into Mill Creek 36 mi above station. Water is diverted during period April to September at points just above station and 5.0 mi above station for",http://wdr.water.usgs.gov/wy2007/pdfs/08015500.2007.pdf,upstrm cities on main trib
07195800,NA,NA,NA,13.42,16.34,16.22,59.85,0,0.18,1.42,0,0,0,0,0,0,0,0,0,1.62,44,Ref,,http://web10capp.er.usgs.gov/imf/sites/adr06/pdfs/07195800.2006.pdf,"fish hatchery on trib, mod-hvy ag, some small ponds, NEoA"
07196500,24,38,24400,53.95,79.31,112.9,20.97,0.03,0.26,2.04,0.01,0.01,0,0,0,0,0.18,0,0,2.56,2761,Non-ref,No known diversoins. 10% of drainage area regulated.,http://web10capp.er.usgs.gov/imf/sites/adr/pdfs/08032000.2005.pdf,lrg. Reservoir upstrm
07196900,1,80,80,13.3,15.51,16.95,4.08,0,0.17,1.17,0,0,0,0,0,0,0.12,0,0,1.46,142,Ref,,http://web10capp.er.usgs.gov/imf/sites/adr06/pdfs/07196900.2006.pdf,"mod ag valleys, forested uplands, suburban in hw of trib, NEoA"
07197000,5,80,700,10.3,12.51,13.32,2.74,0,0.15,1.2,0.01,0,0,0,0,0,0.26,0,0,1.64,612,Ref,,http://web10capp.er.usgs.gov/imf/sites/adr06/pdfs/07197000.2006.pdf,"upstrm small towns, mod ag, NEoA"
07208500,NA,NA,NA,0,0,0.01,1.76,0,0,0.56,0,0,0,0,0,0,0,0,0,0.56,11,Ref,NO regulation or diversion,http://pubs.usgs.gov/wdr/wdr-nm-02-1/WDR-NM-02-1.pdf,mostly roadless
07211500,35,32.05,98400,1.6,1.75,1.78,1.85,0.02,0.06,0.78,0.02,0,0,0.01,0,0,0.01,0,0,0.92,1537,Non-ref,"Since water year 1962, at least 10% of contributing drainage area has been regulated.",http://web10capp.er.usgs.gov/imf/sites/adr06/pdfs/08033500.2006.pdf,urban in basin
07221000,10,507,6510,1.3,1.74,1.72,1.95,0.02,0.1,0.69,0.02,0,0,0.02,0,0,0.09,0,0,0.97,717,Non-ref,city of Dallas diverts water from the pool at gage,http://web10capp.er.usgs.gov/imf/sites/adr06/pdfs/08055500.2006.pdf,proximal reservoir--
07226500,NA,NA,NA,0.04,0.04,0.03,0.85,0,0.05,0.8,0.01,0,0,0,0,0,0.02,0,0,0.89,643,Ref,Diversions for irrigation of a few hundred acres upstream from station,2002 ADR,"mostly undeveloped, NEoA"
07243500,310,23.5,190700,34.14,37.9,41.84,3.3,0.05,0.11,1.68,0.01,0.02,0,0,0,0,0.21,0,0,2.11,3982,Non-ref,"diversions upstream from station for irrigation, municipal supply, and oil field operations",http://web10capp.er.usgs.gov/imf/sites/adr06/pdfs/08085500.2006.pdf,reservoir on main trib
07252000,2,140,10906,4.99,5,2.06,0.62,0,0.32,1.04,0,0,0,0,0,0,0.2,0,0,1.56,1,Non-ref,Diversions and municipal wastewater inputs,http://web10capp.er.usgs.gov/imf/sites/adr/pdfs/08095000.2005.pdf,POTW & diversions
07261000,7,44,448,9.13,11.34,13.35,1.44,0,0.25,1.06,0.01,0,0,0,0,0,0.11,0,0,1.43,430,Ref,,2002 ADR,"mod ag & forested basin, NEoA"
07263295,6,75,261,1.89,2.17,2.31,1.59,0,0.1,1.4,0.02,0,0,0,0,0,0.04,0,0,1.58,55,Ref,,http://wdr.water.usgs.gov/wy2008/pdfs/07263295.2008.pdf,"forest, lt ag & develop, NEoA"
07288500,NA,NA,NA,24.64,24.44,21.65,44.51,0,0.17,2.04,0.03,0,0,0,0,0,0.05,0,0,2.29,1726,Non-ref,many small diversions above station for irrigation and for municipal supply.  Municipal diverts water upstream and returns wastewater effluent,http://web10capp.er.usgs.gov/imf/sites/adr/pdfs/08103800.2005.pdf,"city, POTW"
07290000,630,29.2,11700,12.46,13.75,15.35,3.73,0.04,0.16,1.06,0.01,0.01,0,0,0,0,0.04,0,0,1.33,3891,Non-ref,at least 10% of contributing drainage area has been regulated. Many diversions above station for irrigation and municipal use affect low flows,http://web10capp.er.usgs.gov/imf/sites/adr06/pdfs/08146000.2006.pdf,irrigated ag & possible diversions
07290650,96,40,15485,9.65,10.54,10.89,3.16,0.05,0.09,0.9,0,0.01,0,0,0,0,0.18,0,0,1.28,721,Ref,,2002 ADR,"upstrm mod-hvy ag, many small ponds, small towns"
07291000,7,41.61,455,2.5,2.95,3.29,0.6,0,0.11,0.82,0,0,0.02,0,0,0,0.07,0,0,1.06,126,Ref,,http://wdr.water.usgs.gov/wy2007/pdfs/07291000.2007.pdf,"mostly forested, mod ag & lt development, NEoA"
07292500,22,41.61,44065,5.17,5.49,5.57,0.47,0,0.11,0.96,0.02,0,0.01,0,0,0,0.05,0,0,1.19,560,Ref,,http://wdr.water.usgs.gov/wy2007/pdfs/07292500.2007.pdf,"mixed forest & ag, lt development, NEoA"
07295000,15,29.3,344,5.82,7.41,6.35,0.73,0,0.13,0.78,0.01,0,0,0,0,0,0.09,0,0,1.05,87,Ref,,2002 ADR,"NEoA, small town in HW of one trib"
07299670,5,30,100,3.38,3.35,3.43,1.75,0,0.12,1.37,0,0,0,0,0,0,0.08,0,0,1.57,173,Ref,No known regulation. There are several diversions upstream from station for farm and ranch use,http://web10capp.er.usgs.gov/imf/sites/adr06/pdfs/07299670.2006.pdf,"mostly undeveloped, NEoA"
07301410,2,200,225,2.67,2.56,2.93,1.36,0,0.09,1.17,0.01,0,0,0,0,0,0.14,0,0,1.4,167,Ref,No known regulation. There are many small diversions upstream from the station for ranch use.,http://web10capp.er.usgs.gov/imf/sites/adr06/pdfs/07301410.2006.pdf,"ag & irrigated ag in basin, NEoA"
07301500,64,25,8527,2.42,2.52,2.67,3.05,0.04,0.09,1.3,0.01,0.01,0.02,0,0,0,0.1,0,0,1.56,1879,Ref,,http://web10capp.er.usgs.gov/imf/sites/adr06/pdfs/07301500.2006.pdf,"lt ag, small towns, NEoA"
07307800,66,33,3278,0.91,1,0.86,6.33,0,0.04,1.17,0.01,0,0,0,0,0,0.04,0,0,1.25,977,Non-ref,No known regulation. There are diversions above station for irrigation.,http://wdr.water.usgs.gov/wy2007/pdfs/08150000.2007.pdf,prox urban & diversion
07315200,8,52,210,0.91,0.79,0.73,2.05,0,0.11,0.99,0.01,0,0,0,0,0,0.06,0,0,1.17,119,Ref,No known regulation or diversions,http://web10capp.er.usgs.gov/imf/sites/adr/pdfs/07315200.2005.pdf,"mostly undeveloped, NEoA"
07315700,32,48.8,3800,2.31,2.31,2.25,1.42,0,0.09,0.68,0,0,0,0,0,0,0.08,0,0,0.86,311,Ref,,http://web10capp.er.usgs.gov/imf/sites/adr06/pdfs/07315700.2006.pdf,"much ag, small towns, small reservoirs on some tribs"
07335700,NA,NA,NA,0.16,0.18,0.25,1.57,0,0.15,0.32,0,0,0,0,0,0,0,0,0,0.48,34,Ref,,http://web10capp.er.usgs.gov/imf/sites/adr06/pdfs/07335700.2006.pdf,"HBN, mostly forested, NEoA"
07340000,34,50,1598950,6.04,6.54,6.65,0.76,0,0.08,1.31,0.11,0,0,0,0,0,0.11,0,0,1.61,2275,Non-ref,No known regulation or diversion.,http://wdr.water.usgs.gov/wy2007/pdfs/08150700.2007.pdf,upstrm city & possible diversion
07340300,NA,NA,NA,0.3,0.54,0.32,0.45,0,0.06,0.67,0.02,0,0.02,0,0,0,0.14,0,0,0.91,57,Ref,,2005 ADR,NEoA
07346000,71,14.5,1998740,20.56,23.91,26.59,113.57,0.02,0.12,1.38,0.01,0,0.01,0,0,0,0.16,0.01,0,1.71,460,Non-ref,Several small diversions above station for irrigation,http://web10capp.er.usgs.gov/imf/sites/adr/pdfs/08167500.2005.pdf,"upstrm. Smal.dam, urban"
07346045,7,53,620,10.09,10.16,10.69,13.66,0,0.11,1.11,0.01,0,0,0,0,0,0.08,0,0,1.31,125,Ref,No known regulation or diversions,http://web10capp.er.usgs.gov/imf/sites/adr/pdfs/07346045.2005.pdf,"mostly forested hw, NEoA"
07346050,37,6,26000,15.4,17.41,19.64,1.68,0,0.11,1.13,0.01,0,0,0,0,0,0.21,0,0,1.48,286,Non-ref,"No known regulation, but many small diversions",http://web10capp.er.usgs.gov/imf/sites/adr/pdfs/08171000.2005.pdf,"upstrm small town, lt. ag"
07346070,58,6,26000,15.87,18.63,21.23,5.56,0,0.13,1.21,0.01,0,0,0,0,0,0.24,0,0,1.6,408,Non-ref,Flow is affected at times by discharge from the flood-detention pools of 18 floodwater-retarding structures,http://web10capp.er.usgs.gov/imf/sites/adr06/pdfs/08172000.2006.pdf,"towns upstrm, RoR dam on trib"
07359610,NA,NA,NA,3.71,4.56,4.36,0.2,0,0.13,0.7,0,0,0,0,0,0,0.09,0,0,0.92,140,Ref,,http://wdr.water.usgs.gov/wy2009/pdfs/07359610.2009.pdf,"forest, lt ag & develop, NEoA"
07362100,11,52,322,4.83,4.38,3.76,6.1,0,0.14,0.98,0.05,0,0.06,0,0,0,0.09,0,0,1.33,446,Ref,,2005 ADR,"forestry & lt ag, lt development"
07362587,NA,NA,NA,0,0,0,2.66,0,0,1.23,0,0,0.05,0,0,0,0,0,0,1.28,29,Ref,,http://wdr.water.usgs.gov/wy2008/pdfs/07362587.2008.pdf,"forest, lt ag & develop, NEoA"
07363500,70,50,33937,14.41,18.37,22.23,10.7,0.02,0.15,1.37,0.02,0,0.06,0,0,0,0.05,0,0,1.68,4463,Non-ref,There are many small diversions for irrigation above station,http://web10capp.er.usgs.gov/imf/sites/adr/pdfs/08205500.2005.pdf,"proximal irrigated ag & oilfields, hw NEoA"
07373000,1,60,60,8.98,10.52,11.88,1.27,0,0.27,1.25,0,0,0,0,0,0,0.04,0,0,1.56,33,Ref,,http://web10capp.er.usgs.gov/imf/sites/adr06/pdfs/07373000.2006.pdf,HBN
07375000,6,52,181,9.2,11.18,16.25,5.4,0,0.27,1.22,0,0,0,0,0,0,0.03,0,0,1.51,150,Ref,,http://web10capp.er.usgs.gov/imf/sites/adr06/pdfs/07375000.2006.pdf,"mod ag, forested riparian, NEoA"
07375500,45,40,16800,26.32,28.94,31.56,3.11,0.07,0.28,1.43,0.01,0.01,0,0,0,0,0.05,0,0,1.9,1245,Non-ref,storage in Overland Reservoir,http://web10capp.er.usgs.gov/imf/sites/adr06/pdfs/09132500.2006.pdf,proximal reservoir--Paonia res.
07376000,6,59,198,9.56,10.07,11.28,0.58,0,0.33,0.71,0.01,0,0,0,0,0,0.06,0,0,1.13,298,Ref,,http://web10capp.er.usgs.gov/imf/sites/adr06/pdfs/07376000.2006.pdf,"mod ag, small towns, NEoA"
07378000,23,45,385,65.41,69.38,75.46,14.93,0,0.34,1.02,0.01,0,0,0,0,0,0.03,0,0,1.41,483,Non-ref,"Natural flow of stream affected by transbasin diversions, numerous storage reservoirs, and diversions",http://web10capp.er.usgs.gov/imf/sites/adr06/pdfs/09251000.2006.pdf,"upstrm reservoirs, diversions, urban"
07378500,74,45,770,46.39,50.36,54.89,8.9,0,0.26,1.08,0.01,0.01,0,0,0,0,0.05,0,0,1.44,1829,Non-ref,,http://web10capp.er.usgs.gov/imf/sites/adr06/pdfs/09292500.2006.pdf,many HW small reservoirs
08013000,4,60,600,4.83,4.94,4.93,14.92,0,0.21,1,0.01,0,0.04,0,0,0,0.05,0,0,1.32,494,Ref,,http://web10capp.er.usgs.gov/imf/sites/adr06/pdfs/08013000.2006.pdf,"mixed forest & mod ag, lt development, NEoA"
08013500,6,60,600,6.75,7.35,7.2,16.84,0,0.2,0.84,0.01,0,0.04,0,0,0,0.04,0,0,1.13,569,Non-ref,Flow slightly regulated by dams and gates on small headwater lakes.,http://web10capp.er.usgs.gov/imf/sites/adr06/pdfs/09299500.2006.pdf,"roadless, but small reservoirs in headwaters"
08014500,5,54,360,7.67,3.74,3.96,4.55,0,0.15,1.36,0.01,0,0.01,0,0,0,0.02,0,0,1.54,323,Ref,,http://web10capp.er.usgs.gov/imf/sites/adr06/pdfs/08014500.2006.pdf,"lt development & ag, forested riparianm, NEoA"
08015500,22,50,57500,12.62,11.83,12.45,9.85,0,0.19,1.11,0.01,0,0.02,0,0,0,0.03,0,0,1.37,1211,Non-ref,"Diversions for irrigation of about 5,000 acres upstream",2002 ADR,proximal irrigated ag & possible diversions
08023080,22,65,5166,4.83,4.98,5.34,3.46,0,0.2,0.93,0,0,0,0,0,0,0.14,0,0,1.27,42,Ref,,http://pubs.usgs.gov/wdr/2005/wdr-la-05-1/pdfs/WDR_LA-05-1.pdf,"mostly forested, recent oil/gas activity"
08025500,1,6820,6820,7.36,6.93,6.9,0.68,0,0.16,1.2,0.07,0,0,0,0,0,0.04,0,0,1.49,99,Ref,,http://pubs.usgs.gov/wdr/2005/wdr-la-05-1/pdfs/WDR_LA-05-1.pdf,"NEoA, small reservoir on 1 trib"
08029500,2,96,175,3.47,4.39,4.43,3.15,0,0.11,1.01,0.06,0,0,0,0,0,0.25,0.01,0,1.45,92,Ref,No known regulation or diversions,http://web10capp.er.usgs.gov/imf/sites/adr/pdfs/08029500.2005.pdf,"mostly forested, NEoA"
08032000,106,14.2,1045000,30.96,36.35,42.5,12.42,0.02,0.15,1.46,0,0,0.01,0,0,0,0.15,0.01,0,1.8,755,Non-ref,"Diversions for mining, municipal use, and for irrigation of about 2,700 acres above station.",2003 ADR,upstrm irrigated ag &  possible diiversions
08033500,165,14.2,1045000,20.05,22.96,25.81,11.03,0.01,0.13,1.27,0.02,0,0,0,0,0,0.14,0.01,0,1.57,2452,Non-ref,"Several diversions for irrigation above station of about 3,100 acres,",2002 ADR,irrigated ag & trnsmtn diversions
08050800,2,400,400,16.87,22.35,25.08,1.36,0,0.15,1.85,0.02,0,0,0,0,0,0.46,0,0,2.49,39,Ref,No known regulation or diversions,http://web10capp.er.usgs.gov/imf/sites/adr06/pdfs/08050800.2006.pdf,"mod ag & lt development, NEoA"
08055500,391,5,1931900,55.32,88.05,137.28,13.96,0.04,0.11,2.09,0.03,0.03,0.04,0,0,0,0.16,0,0,2.52,2641,Non-ref,A few small ranch diversion ditches.  Flow slightly regulated by Poore Lake,http://web10capp.er.usgs.gov/imf/sites/adr/pdfs/10296000.2005.pdf,"mostly roadless, but proximal irrigated ag"
08066200,NA,NA,NA,12.39,12.72,12.97,1.14,0,0.19,1.19,0,0.01,0,0,0,0,0.05,0,0,1.44,120,Ref,No known regulation or diversions.,http://web10capp.er.usgs.gov/imf/sites/adr/pdfs/08066200.2005.pdf,forested & lt ag
08066300,1,197,197,7.36,10.65,12.34,6.81,0,0.05,1.53,0.02,0,0,0,0,0,0.24,0,0,1.85,79,Ref,at least 10% of contributing drainage area has been regulated. No known diversions.,http://web10capp.er.usgs.gov/imf/sites/adr/pdfs/08066300.2005.pdf,"lt development, mixed forest & lt ag, small reservoirs, NEoA"
08070000,11,85,423,12.2,14.23,15.29,1.96,0,0.09,1.23,0.01,0.01,0.01,0,0,0,0.08,0,0,1.43,239,Ref,No known regulation or diversions.,http://web10capp.er.usgs.gov/imf/sites/adr/pdfs/08070000.2005.pdf,"prox gravel pits, mostly forested hw"
08070200,22,85,423,15.76,20.04,22.15,10.51,0,0.09,1.32,0.02,0.01,0.01,0,0,0,0.08,0,0,1.53,275,Ref,No known regulation or diversions.,http://web10capp.er.usgs.gov/imf/sites/adr/pdfs/08070200.2005.pdf,"upstrm small town, lt ag & forested basin"
08079600,3,220,490,0.51,0.36,0.33,3.31,0,0.04,1.38,0.01,0,0,0,0,0,0.01,0,0,1.43,133,Ref,No known regulation or diversions,http://web10capp.er.usgs.gov/imf/sites/adr06/pdfs/08079600.2006.pdf,"moslty undeveloped, NEoA"
08082700,1,880,880,0.08,0.08,0.03,14.99,0,0.03,0.88,0,0,0,0,0,0,0.01,0,0,0.93,50,Ref,No known regulation or diversions,http://web10capp.er.usgs.gov/imf/sites/adr06/pdfs/08082700.2006.pdf,"many small off-channel ponds, NEoA"
08085500,46,50,150000,14.91,16,16.47,12.64,0.02,0.09,1.4,0,0.01,0.03,0,0,0,0.08,0,0,1.63,2406,Non-ref,few small ranch ditches. Flow slightly regulated by Poore Lake,http://web10capp.er.usgs.gov/imf/sites/adr06/pdfs/10296500.2006.pdf,irrigated ag & small reservoirs upstrm
08086212,20,51,6696,3.15,3.11,3.26,0.34,0.03,0.08,1.53,0.01,0,0.03,0,0,0,0.08,0,0,1.77,508,Ref,No known regulation or diversions.,http://web10capp.er.usgs.gov/imf/sites/adr/pdfs/08086212.2005.pdf,"mod ag, lt development, NEoA"
08086290,6,76,32800,1.95,2,2.27,1.38,0.04,0.04,0.79,0.34,0.01,0.04,0,0,0,0.17,0,0,1.43,190,Ref,No known regulation or diversions,http://web10capp.er.usgs.gov/imf/sites/adr/pdfs/08086290.2005.pdf,"mod ag, lt development, NEoA"
08095000,79,54,10169,11.24,12.86,14.65,1.93,0,0.11,1.21,0.02,0,0,0,0,0,0.28,0.01,0,1.63,651,Non-ref,"Many diversions for irrigation above station. Flow regulated by Bridgeport Reservoir (station 10292500) and Topaz Lake (station 10297000), combined capacity, 101,900 acre-ft. No flow at times in 1924, 1925, and 1931.",http://wdr.water.usgs.gov/wy2009/pdfs/10301500.2009.pdf,prox & upstrm irrigated ag & diversions
08101000,2,112,119,1.46,1.65,1.79,0.45,0,0.05,0.78,0,0,0,0,0,0,0.11,0,0,0.95,197,Ref,No known regulation or diversions,http://web10capp.er.usgs.gov/imf/sites/adr/pdfs/08101000.2005.pdf,"NEoA, mod ag"
08103800,33,60,9252,4.18,5.24,5.59,1.18,0,0.06,0.77,0.03,0,0,0,0,0,0.19,0,0,1.06,517,Non-ref,Diversions for irrigation above station. Flow slightly regulated by several small reservoirs,http://web10capp.er.usgs.gov/imf/sites/adr06/pdfs/10309000.2006.pdf,"mostly roadless, possible proximal irrigation use"
08103900,NA,NA,NA,0.72,1.49,2.62,18.52,0,0,0.85,0.08,0,0,0,0,0,0.06,0.01,0,1,31,Ref,No known regulation or diversions.,http://web10capp.er.usgs.gov/imf/sites/adr/pdfs/08103900.2005.pdf,"HBN, some small ponds on tribs"
08104900,1,105,105,23.75,33.32,50.81,9.84,0.01,0.16,1.61,0.01,0.01,0.02,0,0,0,0.32,0,0,2.14,108,Ref,No known regulation or diversions,http://web10capp.er.usgs.gov/imf/sites/adr06/pdfs/08104900.2006.pdf,"prox. Lt urban, NEoA"
08109700,5,101,263,4.61,6.9,8.11,2.07,0,0.03,1.11,0.02,0,0,0,0,0,0.26,0.01,0,1.42,186,Ref,No known regulation or diversions,http://web10capp.er.usgs.gov/imf/sites/adr/pdfs/08109700.2005.pdf,"some small lakes/reservoirs, NEoA"
08146000,68,34,212400,1.9,1.99,2.07,0.81,0,0.06,1.07,0,0,0,0,0,0,0.08,0,0,1.21,2098,Non-ref,,http://web10capp.er.usgs.gov/imf/sites/adr06/pdfs/10312000.2006.pdf,upstrm urban & irrigated ag
08150000,4,62,312,0.84,0.84,0.85,0.24,0.03,0.04,1.05,0,0,0.01,0,0,0,0.1,0,0,1.24,1231,Non-ref,"Flow regulated by Sutherland Reservoir, capacity, 29,680 acre-ft, since July 1954",http://web10capp.er.usgs.gov/imf/sites/adr06/pdfs/11025500.2006.pdf,upstrm reservoir
08150700,6,62,312,0.82,0.87,0.96,0.56,0.03,0.04,0.98,0,0,0.01,0,0,0,0.15,0,0,1.22,2190,Non-ref,No regulation; many diversions upstream from station for irrigation,http://web10capp.er.usgs.gov/imf/sites/adr06/pdfs/11160000.2006.pdf,"proximal hvy urban, upstrm irrigated ag"
08150800,NA,NA,NA,0.29,0.46,0.6,1.27,0,0.01,1.01,0.11,0,0,0,0,0,0.12,0,0,1.25,155,Ref,No known regulation or diversions,http://web10capp.er.usgs.gov/imf/sites/adr/pdfs/08150800.2005.pdf,"mostly undeveloped, NEoA"
08155200,5,20.1,130,16.59,36.28,60.69,41.67,0,0.06,1.55,0,0,0,0,0,0,0.1,0,0,1.71,49,Ref,No known regulation or diversions. No flow at times.,http://wdr.water.usgs.gov/wy2007/pdfs/08155200.2007.pdf,"lt developement, NEoA"
08158700,3,56,370,9.66,15.71,23.25,3.44,0,0.06,1.21,0.02,0,0,0,0,0,0.05,0,0,1.34,56,Ref,No known regulation or diversions,http://web10capp.er.usgs.gov/imf/sites/adr06/pdfs/08158700.2006.pdf,"lt development & small ponds on tribs, NEoA"
08158810,NA,NA,NA,21.12,37.66,159.19,3.58,0,0.03,2.68,0,0,0,0,0,0,0.01,0,0,2.72,20,Ref,No known regulation or diversions,http://web10capp.er.usgs.gov/imf/sites/adr/pdfs/08158810.2005.pdf,"lt ag & development, NEoA"
08164000,6,144,280,9.05,9.15,9.47,3.22,0,0.1,1.29,0,0,0,0,0,0,0.19,0,0,1.59,544,Ref,No known regulation. Small diversions above station for irrigation.,http://web10capp.er.usgs.gov/imf/sites/adr/pdfs/08164000.2005.pdf,possible irrigation diversions
08164300,3,130,296,7.66,8.47,9.14,6.08,0.07,0.08,1.6,0,0.01,0.02,0,0,0,0.15,0,0,1.94,232,Ref,No known regulation or diversions.,http://web10capp.er.usgs.gov/imf/sites/adr06/pdfs/08164300.2006.pdf,"upstrm small town, off-channel ponds"
08164600,1,128,128,3.58,5.26,6.4,7.08,0,0.07,0.93,0,0,0,0,0,0,0.12,0,0,1.12,52,Ref,No known regulation or diversions. An undetermined amount of return water from irrigation enters the stream above this station.,http://web10capp.er.usgs.gov/imf/sites/adr/pdfs/08164600.2005.pdf,"prox irrigated ag, NEoA"
08165300,2,112,184,0.62,1.09,0.78,0.98,0,0.03,0.46,0,0,0,0,0,0,0.53,0,0,1.01,118,Ref,No know regulation or diversions,http://web10capp.er.usgs.gov/imf/sites/adr/pdfs/08165300.2005.pdf,"mostly undeveloped, NEoA"
08167500,40,23,2499,11.9,15.73,19.56,1.18,0.05,0.07,1.36,0,0.01,0.01,0,0,0,0.31,0,0,1.81,1331,Non-ref,"Some regulation by Lake Siskiyou, capacity, 26,100 acre-ft, since December 1968. Some minor diversions for irrigation",http://web10capp.er.usgs.gov/imf/sites/adr06/pdfs/11342000.2006.pdf,upstrm reservoir
08171000,11,22,670,7.66,12.08,16.04,1.98,0,0.03,1.34,0.02,0,0,0,0,0,0.18,0,0,1.57,285,Non-ref,"Natural flow affected by storage in Round Valley Reservoir since 1865, capacity 5,000 acre-ft, Taylor Lake since 1929, capacity, 380 acre-ft, and Antelope Lake since November 1963, capacity, 22, 500 acre-ft.  Diversions upstream from station for irrigation.",Water-Data Report -- California 1993,upstrm irrigated ag
08171300,14,17.5,670,8.05,12.97,17.32,2.21,0,0.02,1.32,0.02,0,0,0,0,0,0.17,0,0,1.53,330,Ref,No known regulation. Small diversions above station for irrigation.,http://web10capp.er.usgs.gov/imf/sites/adr/pdfs/08171300.2005.pdf,"some irrigated ag, small towns, small diversions"
08172000,60,13,18399,26.15,35.35,44.15,2.55,0.04,0.06,1.58,0.01,0.01,0.03,0,0,0,0.11,0,0,1.84,842,Non-ref,Several small diversions upstream from station for irrigation and mining,http://web10capp.er.usgs.gov/imf/sites/adr/pdfs/11413000.2005.pdf,possible diversions for irrig & municipal
08175000,14,70,2100,3.45,4.16,4.45,1.35,0,0.07,1.15,0,0,0,0,0,0,0.04,0,0,1.26,355,Ref,No known regulation or diversions,http://web10capp.er.usgs.gov/imf/sites/adr06/pdfs/08175000.2006.pdf,"small town on 1 trib, mod ag & forested riparian, NEoA"
08176900,2,133.21,140,5.31,5.48,5.46,1.21,0,0.1,0.91,0,0,0,0,0,0,0.07,0,0,1.08,410,Ref,No known regulation or diversions.,http://web10capp.er.usgs.gov/imf/sites/adr/pdfs/08176900.2005.pdf,"small town in hw of 1 trib, NEoA"
08178880,38,3.8,2508,3.36,4.57,5.01,0.47,0,0.05,1.13,0.08,0,0,0,0,0,0.19,0,0,1.46,375,Ref,No known regulation. There are several small diversions upstream,http://web10capp.er.usgs.gov/imf/sites/adr/pdfs/08178880.2005.pdf,"prox town, small trib impoundments, NEoA"
08189500,1,325,325,2.06,2.16,2.1,0.88,0,0.07,0.85,0.01,0,0,0,0,0,0.09,0,0,1.02,390,Ref,No known regulation. There are several small diversions above,http://web10capp.er.usgs.gov/imf/sites/adr/pdfs/08189500.2005.pdf,possible upstrm diversions
08190000,8,60,281,0.81,1.01,0.91,1.19,0,0.05,1.03,0.05,0,0,0,0,0,0.03,0,0,1.16,582,Ref,No known regulation. There are many small diversions above station for irrigation.,http://web10capp.er.usgs.gov/imf/sites/adr06/pdfs/08190000.2006.pdf,"mostly undeveloped, NEoA"
08190500,NA,NA,NA,0.02,0.01,0.02,0.23,0,0.02,0.87,0.04,0,0,0,0,0,0.01,0,0,0.95,353,Ref,No regulation or diversion,http://web10capp.er.usgs.gov/imf/sites/adr/pdfs/08190500.2005.pdf,"mostly roadless, NEoA"
08194200,13,104,5760,0.14,0.27,0.82,1.79,0,0.03,0.98,0,0,0,0,0,0,0.1,0,0,1.1,305,Ref,No known regulation or diversions.,http://web10capp.er.usgs.gov/imf/sites/adr06/pdfs/08194200.2006.pdf,hvy oil field activity
08195000,3,50,179,1.2,1.47,2.04,1.19,0,0.07,0.97,0.08,0,0,0,0,0,0.06,0,0,1.18,366,Ref,No known regulation. Many small diversions for irrigation above station,http://web10capp.er.usgs.gov/imf/sites/adr/pdfs/08195000.2005.pdf,"mostly undeveloped, NEoA"
08196000,NA,NA,NA,0.22,0.4,0.43,3.18,0,0,0.87,0.07,0,0,0,0,0,0.07,0,0,1,147,Ref,No known regulation. There are several small diversions above station.,http://web10capp.er.usgs.gov/imf/sites/adr/pdfs/08196000.2005.pdf,"mostly undeveloped, NEoA"
08198500,10,30,150,2.59,2.72,2.93,2.42,0,0.01,1.1,0.05,0,0,0,0,0,0.13,0,0,1.29,235,Ref,No known regulation. Small diversions for irrigation.,http://web10capp.er.usgs.gov/imf/sites/adr/pdfs/08198500.2005.pdf,"proximal smll town, some irrigated ag"
08200000,6,28,377,0.71,1.06,1.45,1.74,0,0,0.98,0.2,0,0,0,0,0,0.31,0,0,1.5,90,Ref,No known regulation. There are several small diversions for irrigation,http://web10capp.er.usgs.gov/imf/sites/adr/pdfs/08200000.2005.pdf,"NEoA, some irrigated ag"
08202700,1,50,50,0.04,0.08,0.15,4.46,0,0,0.83,0.01,0,0,0,0,0,0.1,0,0,0.93,115,Ref,No known regulation or diversions,http://web10capp.er.usgs.gov/imf/sites/adr/pdfs/08202700.2005.pdf,"some proximal irrigated ag, NEoA"
08205500,67,28,21306,4.67,5.44,5.95,5.69,0.01,0.05,1.3,0.03,0,0,0,0,0,0.12,0,0,1.51,3094,Non-ref,reservoir,http://web10capp.er.usgs.gov/imf/sites/adr06/pdfs/11427000.2006.pdf,proximal reservoir--
08267500,NA,NA,NA,1.18,1.37,1.22,5.89,0,0.14,0.33,0,0,0,0.13,0,0,0.02,0,0,0.62,25,Ref,,2002 ADR,"mostly roadless, ski resort & some mines"
08269000,NA,NA,NA,0,0,0,5.85,0,0,0.07,0,0,0,0.03,0,0,0,0,0,0.1,5,Ref,NO regulation or diversion,http://pubs.usgs.gov/wdr/wdr-nm-02-1/WDR-NM-02-1.pdf,mostly roadless
08271000,NA,NA,NA,0.04,0.04,0,5.89,0,0,0.02,0,0,0,0.03,0,0,0,0,0,0.05,1,Ref,No diversion upstream from station.,2002 ADR,mostly roadless
08324000,2,500,721,0.83,1.08,1.01,2.72,0,0.1,0.93,0.15,0,0,0,0,0,0.01,0,0,1.21,400,Ref,Diversion for irrigation of about 300 acres upstream from station,2002 ADR,irrigation in HW
08340500,20,16.23,600,0.59,0.8,0.7,1.1,0,0.02,0.67,0.06,0,0,0,0,0,0.02,0,0,0.77,616,Non-ref,No regulation.  Diversions for irrigation upstream from station in the vicinity of Bly.,1991 ADR,"proximal irrigation, diversions"
08377900,NA,NA,NA,0,0.01,0,1.71,0,0,0.01,0,0,0,0.04,0,0,0,0,0,0.06,2,Ref,NO regulation or diversion,http://pubs.usgs.gov/wdr/wdr-nm-02-1/WDR-NM-02-1.pdf,"HBN, wilderness"
08378500,NA,NA,NA,0.05,0.05,0.05,1.86,0,0.03,0.12,0.02,0,0,0.01,0,0,0.04,0,0,0.22,39,Ref,Diversions for irrigation of about 75 acres,2002 ADR,"mostly roadless, lt. proximal irrigation"
08380500,NA,NA,NA,0.55,0.72,1.72,1.38,0,0.07,0.26,0.13,0,0,0.05,0,0,0.07,0,0,0.59,44,Ref,Diversions for irrigation of about 80 acres,2002 ADR,"some irrigated ag in valley, roadless HW"
09034900,NA,NA,NA,0,0,0,7.95,0,0,0.34,0.12,0,0,0,0,0,0,0,0,0.45,1,Ref,NO regulation or diversion,http://web10capp.er.usgs.gov/imf/sites/adr/pdfs/09034900.2005.pdf,roadless
09035800,NA,NA,NA,0,0,0,8.32,0,0,0.05,0.14,0,0,0,0,0,0,0,0,0.19,2,Ref,No diversion upstream from station,http://web10capp.er.usgs.gov/imf/sites/adr/pdfs/09035800.2005.pdf,roadless
09035900,NA,NA,NA,0,0,0,8.03,0,0,0.11,0.22,0,0,0,0,0,0,0,0,0.33,10,Ref,No diversion upstream from station.,http://web10capp.er.usgs.gov/imf/sites/adr06/pdfs/09035900.2006.pdf,mostly roadless
09047700,NA,NA,NA,0.15,0.21,0.86,1.02,0,0,1.66,0,0,0,0,0,0,0,0,0,1.66,13,Ref,NO regulation or diversion,http://web10capp.er.usgs.gov/imf/sites/adr/pdfs/09047700.2005.pdf,ski runs in drainage
09065500,NA,NA,NA,0.08,0.06,0.46,11.45,0.02,0,0.04,0,0,0,0,0,0,0,0,0,0.06,5,Ref,No diversion upstream from station.,http://web10capp.er.usgs.gov/imf/sites/adr06/pdfs/09065500.2006.pdf,"proximal interstate, wilderness HW"
09066000,2,148,642,0,0,0,11.36,0.6,0,0.08,0,0.01,0,0,0,0,0,0,0,0.7,17,Ref,No diversions upstream from station. Natural regulation by two small recreation lakes upstream from station.,http://web10capp.er.usgs.gov/imf/sites/adr06/pdfs/09066000.2006.pdf,"proximal interstate, mostly roadless, NEoA"
09066200,NA,NA,NA,3.35,2.51,3.82,11.65,0.05,0,0.09,0,0,0,0,0,0,0,0,0,0.14,6,Ref,No regulaion or diversion,http://web10capp.er.usgs.gov/imf/sites/adr/pdfs/09066200.2005.pdf,"proximal urban, forested HW, NEoA"
09066300,NA,NA,NA,0.89,1.22,6.05,11.71,0.06,0,0.27,0,0.02,0.13,0,0,0,0,0,0,0.47,7,Ref,No diversion or regulation upstream,http://web10capp.er.usgs.gov/imf/sites/adr/pdfs/09066300.2005.pdf,roadless
09081600,1,115,115,0.56,0.73,1.34,8.84,0,0.05,0.37,0,0,0.01,0,0,0,0.01,0,0,0.45,59,Ref,A few small diversions for irrigation,http://web10capp.er.usgs.gov/imf/sites/adr/pdfs/09081600.2005.pdf,historic mining & possible domestic use
09107000,NA,NA,NA,0,0,0,10.42,0,0,0.35,0.07,0,0,0.02,0,0,0,0,0,0.44,40,Ref,,http://wdr.water.usgs.gov/wy2007/pdfs/09107000.2007.pdf,"mostly roadless, NEoA"
09132500,8,65,23230,0.08,0.08,0.04,19.63,0,0.03,0.28,0.01,0,0,0.02,0,0,0.01,0,0,0.34,140,Non-ref,Minor regulation from upstream diversions,http://pubs.usgs.gov/wdr/2005/wdr-or-05/pdf/gb_klamath.pdf,upstrm diversions
09210500,NA,NA,NA,0,0,0.02,6.76,0,0,0.54,0.02,0,0,0,0,0,0,0,0,0.58,120,Ref,Irrigation diversion upstream,2002 ADR,"mostly roadless, proximal ag"
09223000,NA,NA,NA,0,0,0,6.76,0,0,0.33,0.47,0,0,0,0,0,0,0,0,0.8,61,Ref,NO regulation or diversion,2002 ADR,some roads
09251000,75,8,37367,2.56,3.34,3.96,11.99,0,0.04,0.57,0.1,0,0,0,0,0,0.05,0,0,0.78,2408,Non-ref,Flow regulated since November 1960 by Trinity Lake (station 11525400) 84 mi upstream,http://web10capp.er.usgs.gov/imf/sites/adr06/pdfs/11530000.2006.pdf,upstrm reservoir
09292500,1,60,60,0.01,0.01,0.01,7.42,0,0,0.2,0.05,0,0,0,0,0,0,0,0,0.25,29,Non-ref,Many small diversions for irrigation and domestic use upstream from station,http://web10capp.er.usgs.gov/imf/sites/adr06/pdfs/12027500.2006.pdf,"upstrm ag, urban, diversions"
09299500,7,100,4060,0,0,0,6.9,0,0,0.34,0.06,0,0,0,0,0,0,0,0,0.4,42,Non-ref,Flow regulated by Mud Mountain Lake (station 12098000) for flood control. No diversions.,http://pubs.usgs.gov/wdr/WDR-WA-02-1/data/12098500.2002.sw.pdf,many forest roads & logging
09306242,NA,NA,NA,0,0,0,9.47,0,0,0.8,0.2,0,0,0,0,0,0.01,0,0,1.01,8,Ref,No diversions upstream from station.,http://web10capp.er.usgs.gov/imf/sites/adr06/pdfs/09306242.2006.pdf,"mostly roadless, NEoA"
09312600,NA,NA,NA,0,0.02,0,12.99,0,0.04,0.97,0.11,0,0,0,0,0,0,0,0,1.13,63,Ref,,2002 ADR,mostly roadless
09352900,NA,NA,NA,0,0,0.35,13.01,0,0,0.03,0,0,0,0,0,0,0,0,0,0.03,0,Ref,No diversion upstream from station,http://web10capp.er.usgs.gov/imf/sites/adr/pdfs/09352900.2005.pdf,"HBN, wilderness"
09378170,NA,NA,NA,0,0,0.01,0.75,0,0,0.76,0,0,0,0,0,0,0,0,0,0.76,12,Ref,,2002 ADR,"mostly roadless, NEoA"
09378630,NA,NA,NA,0,0,0,0.75,0,0,1.01,0.22,0,0,0,0,0,0,0,0,1.23,4,Ref,NO regulation or diversion,http://pubs.usgs.gov/wdr/2005/wdr-ut-05/PDF/04Colorado_blw_confluence.pdf,mostly roadless
09386900,1,216,216,0,0,0,0.34,0,0,0.87,0.13,0,0,0,0,0,0.04,0,0,1.04,70,Ref,,http://pubs.usgs.gov/wdr/wdr-nm-02-1/WDR-NM-02-1.pdf,"mostly roadless, small reservoir on one trib"
09404450,2,6,100,0.2,0.24,0.28,0.34,0,0.12,0.93,0,0,0,0,0,0,0.04,0,0,1.1,49,Ref,A few small diversions above station,2002 ADR,lt irrgated ag & possible diversions
09430500,3,188,9600,0.01,0.02,0.04,0.64,0,0.03,0.24,0.01,0,0,0.01,0,0,0,0,0,0.3,569,Ref,Diversions for irrigation of about 500 acres upstream,2002 ADR,mostly roadless
09430600,NA,NA,NA,0,0,0,0.63,0,0,0.01,0,0,0,0,0,0,0,0,0,0.01,0,Ref,,2002 ADR,"HBN, Gila Wilderness"
09431500,14,48,9600,0.11,0.16,0.23,0.79,0,0.04,0.3,0.02,0,0,0,0,0,0.01,0,0,0.36,1039,Non-ref,No regulation. Several small diversions upstream from station.,http://pubs.usgs.gov/wdr/WDR-WA-02-1/data/12134500.2002.sw.pdf,proximal possible domestic withdrawls
09442692,NA,NA,NA,0.03,0.03,0.03,0.37,0,0.05,0.54,0,0,0,0,0,0,0.01,0,0,0.61,48,Non-ref,Medium and low flows affected by powerplant,http://pubs.usgs.gov/wdr/2005/wdr-wa-05-1/pdf/wa00103ADR2005_Figure34.pdf,"upstrm lt urban, powerplants"
09444500,4,142.4,1800,0.37,0.39,0.43,0.88,0,0.05,0.34,0.03,0,0,0,0,0,0.02,0,0,0.44,996,Non-ref,Water Department diverted an average daily discharge of 76 ft³/s upstream from station from South Fork Tolt River for municipal use.,http://web10capp.er.usgs.gov/imf/sites/adr06/pdfs/12149000.2006.pdf,upstrm diversions
09447800,NA,NA,NA,0,0,0,5.23,0,0,0.4,0.01,0,0,0,0,0,0,0,0,0.41,243,Ref,,2002 ADR,"NEoA, mostly roadless"
09480000,NA,NA,NA,0,0.11,0.07,2.58,0,0,0.81,0.05,0,0,0.03,0,0,0.07,0,0,0.96,72,Ref,"Small diversions for irrigation of 200 acres above station, mostly by pumping from ground water.",2002 ADR,only 1 local small irrigated field
09484000,2,8,15,0.45,1.09,0.69,4.61,0,0,0.6,0,0,0,0,0,0,0,0,0,0.6,15,Ref,No diversion above station except for domestic supply.,2002 ADR,wilderness
09484600,1,68.9,68.9,1.02,2.04,3.15,4.37,0.04,0.04,0.84,0.01,0,0,0.03,0,0,0.07,0,0,1.04,426,Ref,No known diversion above station,2002 ADR,"some roads, NEoA"
09492400,NA,NA,NA,0,0,0,0.6,0,0,1.56,0,0,0,0,0,0,0,0,0,1.56,20,Ref,,http://pubs.usgs.gov/wdr/2005/wdr-az-05-1/pdf/wdr051.pdf,"undeveloped, NEoA"
09494000,8,160,15600,4.9,5.93,6.49,0.67,0,0.07,1.08,0.03,0,0,0,0,0,0.02,0,0,1.2,582,Ref,"Small diversions above station for irrigation of about 1,460 acres",2003 ADR,upstrm irrigated ag & urban
09497500,17,115,15600,1.19,1.42,1.56,1.07,0,0.04,0.69,0.07,0,0,0,0,0,0.01,0,0,0.8,1575,Non-ref,"Flow slightly regulated by Nevada Creek Reservoir. Diversions for irrigation of about 20,000 acre",2002 ADR,upstrm irrigated ag
09497800,NA,NA,NA,1.71,2.03,2.29,0.79,0,0,0.52,0.28,0,0,0,0,0,0.01,0,0,0.81,174,Ref,Small diversions for irrigation in the vicinity of the village of Cibecue,2002 ADR,some diversions possible
09497980,NA,NA,NA,0.53,0.82,1.06,0.43,0,0.09,0.45,0.11,0,0,0,0,0,0.03,0,0,0.69,114,Ref,,2003 ADR,"irrigation in HW of one trib, mostly roadless"
09505200,NA,NA,NA,0,0,0.01,0.78,0,0,0.68,0.05,0,0,0,0,0,0,0,0,0.73,54,Ref,No known diversion or regulation above station.,http://wdr.water.usgs.gov/wy2007/pdfs/09505200.2007.pdf,"mostly roadless, NEoA"
09505350,NA,NA,NA,8.17,14.05,16.58,0.74,0.1,0.03,0.71,0.09,0.01,0,0.03,0,0,0.01,0,0,0.99,109,Ref,No known diversions above station.,2003 ADR,"mostly roadless, NEoA"
09505800,NA,NA,NA,0,0.01,0.02,0.52,0,0.04,0.76,0.1,0,0,0,0,0,0,0,0,0.9,124,Ref,,2003 ADR,NAWQA SWST Reference site
09508300,NA,NA,NA,0,0,0,0.66,0,0,0,0,0,0,0,0,0,0,0,0,0,0,Ref,,http://pubs.usgs.gov/wdr/2005/wdr-az-05-1/pdf/wdr051.pdf,"HBN, roadless"
09510200,NA,NA,NA,0.02,0.05,0.03,32.54,0,0.15,0.24,0.03,0,0,0,0,0,0.13,0,0,0.56,160,Ref,,2002 ADR,"some roads & lt irrigation, but NEoA"
09512280,NA,NA,NA,0.07,0.13,0.5,30,0,0,0.33,0.08,0,0,0,0,0,0.12,0,0,0.53,71,Ref,No regulation or diversion upstream from station,2003 ADR,"mostly roadless, NEoA"
09513780,NA,NA,NA,0.22,0.17,0.46,21.66,0.03,0,0.26,0.2,0.01,0,0,0,0,0,0,0,0.5,33,Ref,,http://pubs.usgs.gov/wdr/WDR-AZ-03-1/pdf/AZADR03.pdf,mostly roadless
10023000,1,22,22,0,0,0,19.93,0,0,1.5,0.23,0,0.02,0,0,0,0,0,0,1.75,38,Ref,,2002 ADR,mostly roadless
10166430,NA,NA,NA,0,0,0,19.97,0,0,0.79,0,0,0,0,0,0,0,0,0,0.79,25,Ref,No diversion above station.,2002 ADR,"mostly roadless, NEoA"
10172700,1,1300,1300,0,0,0,2.4,0,0,0.49,0.61,0,0,0,0,0,0.02,0,0,1.12,30,Ref,,2002 ADR,"mostly roadless, NEoA"
10172800,NA,NA,NA,0,0,0,1.99,0,0,1.09,0,0,0,0.03,0,0,0,0,0,1.12,3,Ref,No regulation or diversion,2002 ADR,mostly roadless -wilderness
10173450,1,50,50,0.01,0.01,0.07,4.41,0,0.07,1.19,0.1,0,0.02,0,0,0,0.03,0,0,1.41,58,Ref,One small diversion for irrigation upstream,2002 ADR,"sm pond on 1 trib, some lt development"
10205030,1,630,630,0,0,0,15.09,0,0,1.06,0,0,0,0,0,0,0,0,0,1.06,25,Ref,No diversions upstream of station.,http://wdr.water.usgs.gov/wy2008/pdfs/10205030.2008.pdf,"undeveloped, NEoA"
10234500,10,19.5,2430,0.01,0.05,0.01,7.13,0,0.16,1.19,0.13,0,0,0,0,0,0.04,0,0,1.51,115,Ref,slight regulation by upstrm reservoirs,http://pubs.usgs.gov/wdr/2005/wdr-ut-05/PDF/11SevierLakeBasin.pdf,"small reservoirs on trib, NEoA"
10242000,NA,NA,NA,0.19,0.32,0.53,6.58,0,0.12,0.48,0.14,0,0,0,0,0,0.08,0,0,0.81,59,Ref,No diversion,2002 ADR,mostly roadless
10244950,NA,NA,NA,0,0,0,1.78,0,0.33,0.08,0.05,0,0,0,0,0,0,0,0,0.46,12,Ref,,http://web10capp.er.usgs.gov/imf/sites/adr/pdfs/10244950.2005.pdf,"HBN, minimal disturbance"
10249300,NA,NA,NA,0,0,0,0.41,0,0,0.01,0,0,0,0,0,0,0.01,0,0,0.02,2,Ref,,http://web10capp.er.usgs.gov/imf/sites/adr/pdfs/10249300.2005.pdf,"HBN, minimal disturbance, roadless"
10258000,NA,NA,NA,1.23,1.88,1.77,32.57,0,0,0,0,0,0,0,0,0,0,0,0,0,0,Ref,No regulation or diversion upstream from station,http://web10capp.er.usgs.gov/imf/sites/adr/pdfs/10258000.2005.pdf,"roadless, wilderness"
10258500,NA,NA,NA,1.66,2.4,2.88,32.57,0,0.05,0.47,0.05,0,0,0,0,0,0.01,0,0,0.59,53,Ref,No regulation or diversion upstream from station,http://web10capp.er.usgs.gov/imf/sites/adr/pdfs/10258500.2005.pdf,"mostly roadless, NEoA"
10259000,NA,NA,NA,0.01,0.02,0.04,32.57,0,0,0.02,0,0,0,0,0,0,0,0,0,0.02,2,Ref,No regulation upstream from station. One small diversion for domestic use about 1 mi upstream,http://web10capp.er.usgs.gov/imf/sites/adr06/pdfs/10259000.2006.pdf,"San Jacinto Wilderness, Ind. Res."
10259200,NA,NA,NA,1.14,1.47,1.75,32.57,0,0.12,0.46,0,0,0,0,0,0,0,0,0,0.58,8,Ref,No regulation or diversion upstream from station,http://web10capp.er.usgs.gov/imf/sites/adr/pdfs/10259200.2005.pdf,"mostly roadless, NEoA"
10263500,NA,NA,NA,2.28,2.4,1.77,52.72,0,0.29,0.38,0,0,0,0,0,0,0,0,0,0.67,20,Ref,No regulation or diversion,http://web10capp.er.usgs.gov/imf/sites/adr/pdfs/10263500.2005.pdf,"mostly roadless, NEoA"
10296000,2,185,1200,0.19,0.26,0.06,8.6,0,0.08,0.26,0.06,0,0,0,0,0,0,0,0,0.4,72,Non-ref,,http://web10capp.er.usgs.gov/imf/sites/adr06/pdfs/12413500.2006.pdf,proximal urban & mining
10296500,2,185,1200,0.33,0.38,0.09,8.62,0,0.08,0.29,0.04,0,0,0,0,0,0,0,0,0.42,84,Non-ref,No known regulation. Numerous diversions for irrigation upstream from station.,http://wdr.water.usgs.gov/wy2007/pdfs/12449500.2007.pdf,"mostly undeveloped basin, prox towns & minor diversions"
10301500,13,50,59600,1.52,1.92,1.92,11.39,0,0.06,0.48,0.07,0,0,0,0,0,0.01,0,0,0.63,746,Non-ref,"Diversions for irrigation of about 11,000 acres upstream",http://web10capp.er.usgs.gov/imf/sites/adr06/pdfs/12449950.2006.pdf,redundant
10309000,8,200,3100,0.26,0.38,0.33,5.11,0,0.06,0.23,0.09,0,0,0.01,0,0,0.01,0,0,0.4,133,Non-ref,Numerous diversions for irrigation,http://pubs.usgs.gov/wdr/2005/wdr-wa-05-1/pdf/wa00103ADR2005_Figure56.pdf,less prox. Urban & ag
10310500,NA,NA,NA,14.3,17.58,22.46,25.15,0,0.3,1.14,0.23,0.01,0,0,0,0,0.01,0,0,1.7,21,Ref,,http://wdr.water.usgs.gov/wy2007/pdfs/10310500.2007.pdf,"lt development, NEoA"
10312000,38,12,5400,22.02,31.31,37.34,15,0,0.1,0.99,0.12,0,0,0,0,0,0.03,0,0,1.24,796,Non-ref,"Diversions for irrigation of about 25,000 acres upstream",http://web10capp.er.usgs.gov/imf/sites/adr06/pdfs/12462500.2006.pdf,Prox. Urban & ag
10316500,NA,NA,NA,0,0,0.17,4.31,0,0,0.29,0,0,0,0,0,0,0,0,0,0.29,5,Ref,,http://web10capp.er.usgs.gov/imf/sites/adr06/pdfs/10316500.2006.pdf,"some roads,NEoA"
10329500,NA,NA,NA,0,0,0,5.78,0,0,0.35,0.14,0,0,0,0,0,0,0,0,0.49,109,Ref,No diversions above station.,http://web10capp.er.usgs.gov/imf/sites/adr/pdfs/10329500.2005.pdf,"some roads,NEoA"
10336645,NA,NA,NA,4.4,4.87,0.87,4.52,0,0.05,0.38,0,0,0,0.15,0,0,0,0,0,0.58,7,Ref,No known diversion or regulation upstream from station,http://web10capp.er.usgs.gov/imf/sites/adr/pdfs/10336645.2005.pdf,roadless
10336660,NA,NA,NA,6.17,7.39,6.14,17.72,0,0.05,0.85,0,0,0,0,0,0,0.01,0,0,0.91,11,Ref,No known diversion or regulation upstream from station,http://web10capp.er.usgs.gov/imf/sites/adr06/pdfs/10336660.2006.pdf,"mostly roadless, NEoA"
10336740,NA,NA,NA,1.74,3.47,2.45,28.58,0,0.03,0.73,0,0,0,0,0,0,0.02,0,0,0.78,5,Ref,One small diversion 50 ft. upstream from station for domestic use.,http://web10capp.er.usgs.gov/imf/sites/adr/pdfs/10336740.2005.pdf,mostly roadless
10343500,NA,NA,NA,0,0,0,6.93,0,0,1.59,0,0,0,0,0,0,0,0,0,1.59,10,Ref,NO regulation or diversion,http://web10capp.er.usgs.gov/imf/sites/adr/pdfs/10343500.2005.pdf,"HBN, some unpaved roads"
10348850,NA,NA,NA,9.4,17.51,25.15,4.49,0,0.3,0.87,0,0,0,0,0,0,0,0,0,1.18,8,Ref,,http://web10capp.er.usgs.gov/imf/sites/adr/pdfs/10348850.2005.pdf,possible proximal diversion?
10396000,1,80,80,0,0,0,7.57,0,0,0.42,0.22,0,0,0,0,0,0,0,0,0.63,91,Ref,No regulation or diversion upstream from station.,2002 ADR,"mostly roadless, NEoA"
11025500,1,29000,29000,2.5,2.8,2.38,25.03,0,0.05,0.86,0,0,0,0,0,0,0.09,0,0,1.01,109,Non-ref,No regulation. Diversions above station for irrigation of about 450 acres (1966 determination).,http://web10capp.er.usgs.gov/imf/sites/adr06/pdfs/13186000.2006.pdf,mostly roadless
11098000,NA,NA,NA,3.76,5.03,2.67,52.72,0,0.41,0.6,0.03,0,0,0,0,0,0.01,0,0,1.05,17,Ref,No regulation or diversion upstream from station,http://web10capp.er.usgs.gov/imf/sites/adr/pdfs/11098000.2005.pdf,"mostly roadless, NEoA"
11124500,NA,NA,NA,0,0,0,15.57,0,0,0.2,0.16,0,0,0,0,0,0,0,0,0.37,26,Ref,No regulation or diversion upstream from station,http://web10capp.er.usgs.gov/imf/sites/adr/pdfs/11124500.2005.pdf,"some roads, NEoA"
11138500,NA,NA,NA,0,0.01,0,15.57,0,0,0.13,0.02,0,0,0,0,0,0,0,0,0.15,47,Non-ref,Small diversions above station for irrigation,http://pubs.usgs.gov/wdr/WDR-ID-02-2/ID02v2-06.pdf,"small prox irrigation & municipal, roadless HW"
11141280,NA,NA,NA,0.01,0.1,0.36,8.81,0,0,0.62,0.12,0,0,0,0,0,0,0,0,0.74,10,Ref,Small diversions upstream from station for domestic use.,http://web10capp.er.usgs.gov/imf/sites/adr06/pdfs/11141280.2006.pdf,"mostly roadless, NEoA"
11143000,NA,NA,NA,0.64,0.05,0.85,33.32,0,0,0.13,0.12,0,0,0.04,0,0,0.08,0,0,0.38,11,Ref,No regulation or diversion,http://web10capp.er.usgs.gov/imf/sites/adr/pdfs/11143000.2005.pdf,mostly roadless
11148900,4,35,1500,0.04,0.05,0.1,32.91,0,0,1.3,0,0,0,0,0,0,0.04,0,0,1.34,166,Ref,No storage or diversion upstream from station,http://web10capp.er.usgs.gov/imf/sites/adr/pdfs/11148900.2005.pdf,"some roads & logging, NEoA"
11151300,NA,NA,NA,0.15,0.09,0.12,22.47,0,0.09,1.01,0.07,0,0,0,0,0,0,0,0,1.18,219,Ref,No regulation; small diversions upstream from station by ranchers and sand-processing plant,http://web10capp.er.usgs.gov/imf/sites/adr06/pdfs/11151300.2006.pdf,"lt irrigation, NEoA"
11160000,NA,NA,NA,102.76,105.23,108.93,18.57,0,0.1,2.95,0.05,0.01,0.01,0.01,0,0,0.04,0,0,3.9,76,Non-ref,"Diversions above station for irrigation of about 83,800 acres",http://web10capp.er.usgs.gov/imf/sites/adr06/pdfs/13302500.2006.pdf,much irrigated ag in valley
11162500,1,47,47,6.28,4.7,5.58,19.71,0,0.07,1.13,0.29,0,0,0,0,0,0.08,0,0,1.58,59,Ref,Small diversions upstream from station by pumping,http://web10capp.er.usgs.gov/imf/sites/adr/pdfs/11162500.2005.pdf,"possible munip diversion, roadless HW"
11176400,NA,NA,NA,0.44,0.11,0.29,39.65,0,0.03,0.75,0.01,0,0,0,0,0,0.03,0,0,0.81,132,Ref,No regulation or diversion upstream from station,http://web10capp.er.usgs.gov/imf/sites/adr/pdfs/11176400.2005.pdf,"mostly roadless, NEoA"
11180500,NA,NA,NA,192.31,225.23,248.34,44.15,0,0.04,2.49,0,0,0,0,0,0,0,0,0,2.53,15,Ref,No regulation or diversion upstream from station.,http://web10capp.er.usgs.gov/imf/sites/adr06/pdfs/11180500.2006.pdf,"proximal urban, NEoA"
11180960,NA,NA,NA,100.32,94.26,86.69,45.51,0,0,1.83,0,0,0,0,0,0,0,0,0,1.83,9,Ref,No storage or diversions upstream from station.,http://web10capp.er.usgs.gov/imf/sites/adr06/pdfs/11180960.2006.pdf,lt suburban development on fringes
11224500,NA,NA,NA,0.05,0.15,0.03,87.06,0,0,0.65,0.06,0,0,0,0,0,0.01,0,0,0.71,129,Ref,Minor diversion for irrigation and stock ponds,http://web10capp.er.usgs.gov/imf/sites/adr/pdfs/11224500.2005.pdf,lt local irrigation
11230500,NA,NA,NA,0.06,0,0,86.88,0,0,0,0,0,0,0,0,0,0,0,0,0,0,Ref,NO regulation or diversion,http://web10capp.er.usgs.gov/imf/sites/adr/pdfs/11230500.2005.pdf,Wilderness--John Muir
11237500,NA,NA,NA,0.06,0.03,0.1,87.53,0,0.09,0.11,0,0,0,0,0,0,0,0,0,0.2,10,Ref,No diversion upstream from station,http://web10capp.er.usgs.gov/imf/sites/adr/pdfs/11237500.2005.pdf,mostly roadless
11253310,NA,NA,NA,0.04,0.06,0,77.11,0,0,0.44,0.08,0,0,0,0,0,0,0,0,0.52,21,Ref,Some small dams for stock use upstream from station,http://web10capp.er.usgs.gov/imf/sites/adr/pdfs/11253310.2005.pdf,"mostly undeveloped, NEoA"
11264500,NA,NA,NA,0.01,0.74,0.09,25.87,0,0.01,0.02,0,0,0,0,0,0,0,0,0,0.03,3,Ref,Up to 5 cfs diverted upstream for domestic water supply,http://web10capp.er.usgs.gov/imf/sites/adr/pdfs/11264500.2005.pdf,"HBN, mostly wilderness, small local diversion"
11266500,NA,NA,NA,1.02,0.96,2,14.84,0,0.06,0.08,0,0,0,0.01,0,0,0,0,0,0.15,76,Ref,No diversions between stations at Happy Isles Bridge and Pohono Bridge,http://web10capp.er.usgs.gov/imf/sites/adr/pdfs/11266500.2005.pdf,mostly wilderness--YOSE
11274500,NA,NA,NA,0.01,0,0,148.71,0,0,0.12,0,0,0,0,0,0,0,0,0,0.12,32,Ref,No storage or diversion upstream from station,http://web10capp.er.usgs.gov/imf/sites/adr/pdfs/11274500.2005.pdf,mostly roadless
11274630,NA,NA,NA,0.05,0.05,0.06,148.78,0.01,0,0.26,0,0,0,0,0,0,0,0,0,0.27,37,Ref,Some stock ponds and small diversions upstream,http://web10capp.er.usgs.gov/imf/sites/adr/pdfs/11274630.2005.pdf,possible diversions
11281000,NA,NA,NA,0.14,0.19,0.08,1.99,0,0.14,0.74,0.05,0,0,0.01,0,0,0.01,0,0,0.95,44,Non-ref,Small diversions from headwaters,http://pubs.usgs.gov/wdr/2005/wdr-id-05-1/pdf/ID05v1-14.pdf,wilderness
11284400,NA,NA,NA,12.12,13,11.73,2,0,0.22,1.7,0.15,0,0,0,0,0,0.17,0,0,2.24,29,Ref,No storage or diversion from station.,http://web10capp.er.usgs.gov/imf/sites/adr06/pdfs/11284400.2006.pdf,"lt development, mostly forested basin, NEoA"
11299600,NA,NA,NA,1.68,2.12,2.71,2.34,0,0.12,0.36,0,0,0,0,0,0,0.02,0,0,0.51,10,Ref,No regulation or diversion upstream from station,http://web10capp.er.usgs.gov/imf/sites/adr/pdfs/11299600.2005.pdf,"mostly roadless, NEoA"
11342000,1,26000,26000,9.04,9.2,8.94,14.17,0.11,0.01,1.59,0.07,0.03,0,0,0,0,0.01,0,0,1.82,349,Non-ref,Diversions upstream from station for irrigation and municipal use.,http://web10capp.er.usgs.gov/imf/sites/adr06/pdfs/13351000.2006.pdf,upstrm irrigated ag
11355500,NA,NA,NA,0.39,0.41,0.4,15.88,0,0.15,0.7,0.07,0,0.01,0,0,0,0.01,0,0,0.94,43,Non-ref,Flow completely regulated since December 1960 by Prineville Reservoir (station 14080400).  Diversions for irrigation upstream from station.,1991 ADR,poximal reservoir--Prineville Reservoir
11381500,NA,NA,NA,0.4,0.03,0,19.41,0,0.1,0.65,0.05,0,0,0,0,0,0,0,0,0.81,43,Ref,No storage or large diversion upstream from station.,http://web10capp.er.usgs.gov/imf/sites/adr06/pdfs/11381500.2006.pdf,"mostly roadless, some loggin in HW"
11383500,NA,NA,NA,0.08,0.09,0.06,19.4,0,0.09,1.1,0.06,0,0,0,0,0,0.01,0,0,1.26,112,Ref,No storage or large diversions upstream from station.,http://web10capp.er.usgs.gov/imf/sites/adr06/pdfs/11383500.2006.pdf,some roads & logging
11401500,6,120,22566,1.32,1.22,1.25,3.07,0,0.01,1.26,0.05,0,0,0,0,0,0.01,0,0,1.33,851,Non-ref,Several small diversions upstream from station for irrigation,http://web10capp.er.usgs.gov/imf/sites/adr06/pdfs/14113000.2006.pdf,"irrigated ag HW of trib, upstrm fish hatchery, NEoA"
11413000,5,0,975,1.12,0.99,0.97,6.51,0,0.08,1.15,0.09,0,0,0,0,0,0.01,0,0.01,1.34,244,Non-ref,Minor regulation by Packwood Lake beginning June 1964.  Small diversions for domestic use and irrigation upstream from station.,Water-Data Report -- Washington 1993,prox impoundment
11427000,11,165,19310,6.35,7.65,8.93,17.69,0.08,0,1.32,0.18,0.02,0,0,0,0,0.04,0,0,1.65,293,Non-ref,No regulation. Small diversions for irrigation upstream from station,2002 ADR,some forest roads
11451100,NA,NA,NA,0,0.01,0.01,5.86,0,0,1.02,0,0,0,0,0,0,0,0,0,1.02,47,Ref,NO regulation or diversion,http://web10capp.er.usgs.gov/imf/sites/adr/pdfs/11451100.2005.pdf,"mostly roadless, NEoA"
11468500,1,190,190,0.73,0.65,1,2.06,0,0.03,1.49,0.03,0,0,0,0,0,0,0,0,1.55,68,Ref,NO regulation or diversion,http://web10capp.er.usgs.gov/imf/sites/adr/pdfs/11468500.2005.pdf,some roads
11473900,3,21,1225,0.97,1.08,1.22,8.05,0,0.03,0.77,0.07,0,0,0,0,0,0.04,0,0,0.91,498,Ref,No regulation or diversion upstream from station,http://web10capp.er.usgs.gov/imf/sites/adr/pdfs/11473900.2005.pdf,"NEoA, some forest roads & logging"
11475560,NA,NA,NA,0,0,0.05,2.06,0,0,0.16,0.25,0,0,0,0,0,0,0,0,0.41,1,Ref,small diversion for domestic use,http://web10capp.er.usgs.gov/imf/sites/adr/pdfs/11475560.2005.pdf,"HBN, undisturbed"
11476600,NA,NA,NA,0.01,0.01,0,4.01,0,0,1.25,0,0,0,0,0,0,0,0,0.1,1.35,24,Ref,Minor diversions for domestic and recreation use,http://web10capp.er.usgs.gov/imf/sites/adr/pdfs/11476600.2005.pdf,mod. Roads
11478500,NA,NA,NA,1.05,1.02,1.2,3.45,0,0.08,0.88,0.08,0,0,0,0,0,0.05,0,0,1.1,165,Ref,No storage or large diversion upstream from station.,http://web10capp.er.usgs.gov/imf/sites/adr/pdfs/11478500.2005.pdf,"mostly roadless, loggin in HW"
11480390,NA,NA,NA,0.7,0.31,0.47,1.97,0,0,0.97,0.04,0,0,0,0,0,0.01,0.02,0.01,1.05,69,Ref,No regulation or diversion upstream from station,http://web10capp.er.usgs.gov/imf/sites/adr/pdfs/11480390.2005.pdf,many forest roads
11481200,NA,NA,NA,1.38,1.26,1.03,4.01,0,0,1.98,0.04,0,0,0,0,0,0,0,0,2.02,31,Ref,No storage or diversion upstream from station,http://web10capp.er.usgs.gov/imf/sites/adr/pdfs/11481200.2005.pdf,some roads & logging
11482500,NA,NA,NA,0.69,0.61,0.61,4.01,0,0.07,1.42,0.08,0,0,0.01,0,0,0.03,0,0,1.6,200,Ref,No regulation or diversion upstream from station,http://web10capp.er.usgs.gov/imf/sites/adr/pdfs/11482500.2005.pdf,many forest roads & logging
11497500,24,56,2700,0.34,0.31,0.33,14.76,0,0.03,1.28,0.04,0,0.5,0.04,0,0,0.03,0,0,1.92,651,Non-ref,Diversions for irrigation upstream from station,2002 ADR,"reservoir in HW, irrigated ag"
11501000,13,56,2870,0.34,0.39,0.42,14.8,0,0.01,1.5,0.03,0,0.55,0.03,0,0,0.03,0,0,2.14,1430,Non-ref,Flow regulated since February 1977 by Lost Creek Lake. Many diversions for irrigation,2002 ADR,upstrm diversions & reservoirs
11522500,NA,NA,NA,0.11,0.08,0.06,12.41,0,0,0.48,0.03,0,0,0.01,0,0,0.01,0,0,0.52,263,Ref,No storage or large diversion upstream from station,http://web10capp.er.usgs.gov/imf/sites/adr/pdfs/11522500.2005.pdf,some roads & logging
11523200,NA,NA,NA,0.01,0.02,0.04,2.13,0,0.07,0.64,0,0,0,0,0,0,0,0,0,0.71,66,Ref,No regulation or diversion upstream from station,http://web10capp.er.usgs.gov/imf/sites/adr06/pdfs/11523200.2006.pdf,many forest roads & logging
11528700,1,887,887,1.39,1.25,1.45,2.02,0,0.04,1.12,0.05,0,0.01,0.01,0,0,0.04,0,0,1.26,610,Ref,No regulation or diversion upstream from station.,http://web10capp.er.usgs.gov/imf/sites/adr/pdfs/11528700.2005.pdf,roads & logging
11530000,5,58,2760870,1.75,1.81,2.04,2.25,0,0.05,0.82,0.04,0,0,0,0,0,0.04,0,0.01,0.95,1709,Ref,,2002 ADR,"mod ag & lt development in valleys, forested uplands, NEoA"
11532500,NA,NA,NA,0.51,0.63,0.77,2.39,0,0.04,0.76,0.04,0,0,0,0,0,0,0,0,0.85,190,Ref,No regulation or diversion upstream from station.,http://web10capp.er.usgs.gov/imf/sites/adr/pdfs/11532500.2005.pdf,many forest roads & logging
12010000,NA,NA,NA,0.63,0.65,0.88,0.97,0,0,1.19,0.09,0,0,0,0,0,0.01,0,0,1.29,26,Ref,No regulation or diversion,http://pubs.usgs.gov/wdr/WDR-WA-02-1/data/12010000.2002.sw.pdf,many forest roads & logging
12013500,NA,NA,NA,2.49,2.82,2.78,0.98,0,0.09,1.17,0.02,0,0,0.02,0,0,0.01,0,0,1.31,107,Ref,Some diversion for domestic use and irrigation upstream from station.,http://web10capp.er.usgs.gov/imf/sites/adr06/pdfs/12013500.2006.pdf,"mod ag & lt development, NEoA"
12020000,NA,NA,NA,2.66,3.22,3.31,1.36,0,0.06,1.84,0,0,0,0,0,0,0,0.02,0,1.93,104,Ref,No regulation or diversion upstream from station.,http://web10capp.er.usgs.gov/imf/sites/adr06/pdfs/12020000.2006.pdf,"many forest roads, small municipal"
12025000,3,16,300,13.42,16.79,20.39,1.44,0.04,0.08,1.63,0,0.01,0,0,0,0,0.03,0,0,1.8,119,Ref,Some diversion for irrgation upstream from station,http://web10capp.er.usgs.gov/imf/sites/adr06/pdfs/12025000.2006.pdf,"mod ag & lt development, NEoA"
12025700,NA,NA,NA,0,0,0,2.37,0,0,2.08,0.03,0,0,0,0,0,0,0,0,2.12,27,Ref,No regulation or diversion upstream from station,http://pubs.usgs.gov/wdr/WDR-WA-02-1/data/12025700.2002.sw.pdf,many forest roads & logging
12027500,26,11,35000,17.25,19.84,22.64,2.29,0.02,0.05,1.61,0.01,0.01,0,0,0,0,0.03,0.01,0,1.72,784,Ref,,http://wdr.water.usgs.gov/wy2007/pdfs/01663500.2007.pdf,"forested uplands & hw, mod-hvy ag & pasture, NEoA"
12035000,NA,NA,NA,1.8,2.44,2.75,1.79,0,0,1.29,0.02,0,0,0,0,0,0.06,0,0,1.37,190,Ref,No regulation or diversion upstream from station,http://web10capp.er.usgs.gov/imf/sites/adr06/pdfs/12035000.2006.pdf,"mixed ag & lt development, NEoA"
12040500,NA,NA,NA,0.07,0.05,0.02,0.35,0,0.01,0.41,0,0,0,0,0,0,0.01,0,0,0.44,64,Ref,No regulation or diversion upstream from station,http://pubs.usgs.gov/wdr/WDR-WA-02-1/data/12040500.2002.sw.pdf,wilderness--Olympic NP
12041200,NA,NA,NA,0.04,0.04,0.02,0.34,0,0.02,0.17,0.02,0,0,0,0,0,0.02,0,0,0.23,40,Ref,No regulation or diversion upstream from station,http://pubs.usgs.gov/wdr/WDR-WA-02-1/data/12041200.2002.sw.pdf,"proximal forest roads, wilderness HW--Olympic NP"
12043000,NA,NA,NA,10.37,11.12,11.24,0.84,0,0.01,1.06,0.04,0,0,0,0,0,0,0,0,1.12,37,Ref,No regulation or diversion,http://pubs.usgs.gov/wdr/WDR-WA-02-1/data/12043000.2002.sw.pdf,"proximal urban , some roads/wilderness HW"
12048000,NA,NA,NA,0.14,0.26,0.13,0.66,0,0,0.13,0,0,0,0,0,0,0,0,0,0.13,6,Ref,No regulation or diversion upstream from station,http://pubs.usgs.gov/wdr/WDR-WA-02-1/data/12048000.2002.sw.pdf,"proximal logging, wilderness HW"
12054000,NA,NA,NA,0.1,0.12,0.07,0.31,0,0,0.17,0,0,0,0,0,0,0,0,0,0.17,5,Ref,No regulation or diversion upstream from station,http://pubs.usgs.gov/wdr/WDR-WA-02-1/data/12054000.2002.sw.pdf,Olympic Nat. Park
12056500,NA,NA,NA,0,0,0,2,0,0,0.13,0,0,0.01,0,0,0,0,0,0,0.14,5,Ref,No regulation or diversion upstream from station.,http://pubs.usgs.gov/wdr/WDR-WA-02-1/data/12056500.2002.sw.pdf,Wilderness-Olympic Nat Park
12073500,NA,NA,NA,59.96,81.25,114.61,8.42,0,0,2.4,0,0,0,0,0,0,0.05,0,0,2.46,7,Ref,No regulation or diversion upstream from station.,http://web10capp.er.usgs.gov/imf/sites/adr06/pdfs/12073500.2006.pdf,"scattered farms, much forest, NEoA"
12082500,NA,NA,NA,1.66,2.16,1.9,8.68,0,0.05,1,0,0,0,0,0,0,0.02,0,0,1.07,94,Ref,Small diversions for domestic use,http://pubs.usgs.gov/wdr/WDR-WA-02-1/data/12082500.2002.sw.pdf,"possible domestic diversions, roadless HW, glacial"
12092000,NA,NA,NA,0,0,0,15.74,0,0.04,0.86,0,0,0,0,0,0,0,0,0,0.91,35,Ref,No regulation or diversion,http://pubs.usgs.gov/wdr/WDR-WA-02-1/data/12092000.2002.sw.pdf,"local roads & logging, Mt Rainier HW"
12095000,NA,NA,NA,36.58,50.03,51.58,15.74,0,0.08,1.61,0.02,0,0,0.02,0,0,0.01,0,0,1.74,68,Ref,"Diversion of 2.1 ft³/s, 9.7 mi upstream, by City of Buckley for municipal use. Unused water, 1.5 ft³/s or less is returned 1.5 mi upstream.",http://wdr.water.usgs.gov/wy2007/pdfs/12095000.2007.pdf,"prox lt develpment, possible municipal diversions, forested/logged hw"
12098500,4,68,106000,0.49,0.32,0.34,16.75,0,0.06,1.33,0.01,0,0,0,0,0,0,0,0,1.4,345,Ref,,http://wdr.water.usgs.gov/wy2007/pdfs/02030500.2007.pdf,"mixed forest & mod ag, small impoundments on some tribs, NEoA"
12114500,NA,NA,NA,0,0,0,21.89,0,0,2.22,0,0,0,0,0,0,0.02,0,0,2.24,45,Ref,No regulation or diversion,http://pubs.usgs.gov/wdr/WDR-WA-02-1/data/12114500.2002.sw.pdf,forest roads & logging
12115000,NA,NA,NA,0,0,0,21.95,0,0,2.24,0,0,0,0,0,0,0.01,0,0,2.26,56,Ref,No regulation or diversion,http://pubs.usgs.gov/wdr/WDR-WA-02-1/data/12115000.2002.sw.pdf,forest roads & logging
12115500,NA,NA,NA,0,0,0,22.03,0,0,2.6,0,0,0,0,0,0,0,0,0,2.6,15,Ref,No regulation or diversion,http://pubs.usgs.gov/wdr/WDR-WA-02-1/data/12115500.2002.sw.pdf,some roads & logging
12117000,NA,NA,NA,0,0,0.02,22.03,0,0,2.72,0,0,0,0,0,0,0,0,0,2.72,20,Ref,No regulation or diversion upstream from station,http://pubs.usgs.gov/wdr/WDR-WA-02-1/data/12117000.2002.sw.pdf,some roads & logging
12134500,NA,NA,NA,0.9,1.2,1.33,15.61,0,0.04,0.52,0.13,0,0,0,0,0,0.01,0,0,0.7,266,Ref,,http://wdr.water.usgs.gov/wy2007/pdfs/03065000.2007.pdf,"mostly forested basin, some mines, NEoA"
12141300,NA,NA,NA,0.19,0.3,0,21.96,0,0,0.37,0,0,0,0,0,0,0,0,0,0.38,49,Ref,No regulation or diversion upstream from station,http://pubs.usgs.gov/wdr/WDR-WA-02-1/data/12141300.2002.sw.pdf,"local roads & logging, roadless HW"
12143600,NA,NA,NA,0.49,1.34,2.43,21.86,0.34,0,1.72,0.08,0.06,0,0.06,0,0,0.04,0,0,2.31,133,Ref,Minor regulation at Twin Falls and Weeks hydroelectric project,http://web10capp.er.usgs.gov/imf/sites/adr06/pdfs/12143600.2006.pdf,"interstate in valley, some development, NEoA"
12144000,NA,NA,NA,37.54,44.92,46.45,21.9,0.33,0.01,2.39,0.06,0.07,0,0.08,0,0,0.05,0,0.01,3,183,Ref,City diverts about 0.8 ft³/s daily from Clough Creek. Minor regulation at Twin Falls and Weeks Falls projects upstream from station,http://web10capp.er.usgs.gov/imf/sites/adr06/pdfs/12144000.2006.pdf,"proximal mod urba, but NEoA"
12144500,3,23,566,13.43,17.13,22.13,21.97,0.09,0.01,1.56,0.02,0.02,0,0.02,0,0,0.02,0,0,1.73,433,Ref,,1993 ADR,"some strip mines & develop in valley, NEoA"
12145500,1,140,140,21.52,26.4,37.45,22.03,0.15,0.11,3.43,0.02,0.04,0,0.02,0,0,0,0,0,3.77,72,Ref,Some small diversions for irrigation and domestic use upstream,http://web10capp.er.usgs.gov/imf/sites/adr06/pdfs/12145500.2006.pdf,"upstrm municipal, forest roads, NEoA"
12147500,NA,NA,NA,0.1,0.2,1.33,21.53,0,0,2.54,0,0,0,0,0,0,0.01,0,0,2.55,45,Ref,No regulation or diversion,http://pubs.usgs.gov/wdr/WDR-WA-02-1/data/12147500.2002.sw.pdf,many forest roads & logging
12147600,NA,NA,NA,0,0,0,22.03,0,0,1.35,0,0,0,0,0,0,0,0,0,1.35,3,Ref,No regulation or diversion,http://pubs.usgs.gov/wdr/WDR-WA-02-1/data/12147600.2002.sw.pdf,"some roads, NEoA"
12149000,11,23,68400,14.5,19.49,27.93,21.96,0.06,0.03,2.17,0.01,0.01,0,0.01,0,0,0.02,0,0,2.33,705,Ref,,1996 ADR,"upstrm small towns, some mines, NEoA"
12167000,NA,NA,NA,2.39,2.98,3.21,6.03,0,0.05,0.34,0.36,0,0,0,0,0,0,0,0,0.75,121,Ref,No regulation. Small diversions for domestic use.,http://web10capp.er.usgs.gov/imf/sites/adr06/pdfs/12167000.2006.pdf,"ag in basin, logging in HW"
12175500,NA,NA,NA,0,0,0,3.4,0,0,0.04,0.06,0,0,0.01,0,0,0,0,0,0.11,7,Ref,No regulation or diversion upstream,http://pubs.usgs.gov/wdr/WDR-WA-02-1/data/12175500.2002.sw.pdf,"wilderness, North Cascades Nat Park"
12178100,NA,NA,NA,0,0,0,3.51,0,0,0,0.05,0,0,0,0,0,0,0,0,0.05,1,Ref,No regulation or diversion upstream from station,http://pubs.usgs.gov/wdr/WDR-WA-02-1/data/12178100.2002.sw.pdf,"wilderness, North Cascades Nat Park"
12186000,NA,NA,NA,0,0,0.01,9.27,0,0,0.08,0.19,0,0,0.02,0,0,0,0,0,0.29,52,Ref,NO regulation or diversion,http://pubs.usgs.gov/wdr/WDR-WA-02-1/data/12186000.2002.sw.pdf,"forest roads & logging, wildernes HW"
12189500,2,56,86,0.85,1.02,1.12,7.9,0,0.01,0.15,0.27,0,0,0,0,0,0,0,0,0.44,179,Ref,Small diversion for millpond at Darrington and for domestic use.,http://pubs.usgs.gov/wdr/WDR-WA-02-1/data/12189500.2002.sw.pdf,upstrm municipal
12340000,20,35,15903,0.53,0.73,0.77,8.12,0,0.04,0.51,0.07,0,0.14,0,0,0,0.07,0,0,0.83,1652,Ref,,1995 ADR,"mod ag in valley, forested uplands, NEoA"
12358500,NA,NA,NA,0.1,0.1,0.11,2,0,0.02,0.08,0.01,0,0,0,0,0,0,0,0,0.12,149,Ref,,2002 ADR,"mostly roadless, some local irrigation"
12374250,NA,NA,NA,0,0,0,5.49,0,0,1.54,0,0,0,0,0,0,0,0,0,1.54,24,Ref,NO regulation or diversion,http://pubs.usgs.gov/wdr/2005/wdr-mt-05/pdf/Vol2_8.pdf,forest roads
12375900,2,68,68,0.29,0.58,0.5,27.84,0,0,0.01,0,0,0,0,0,0,0,0,0,0.01,0,Ref,NO regulation or diversion,http://pubs.usgs.gov/wdr/2005/wdr-mt-05/pdf/Vol2_8.pdf,wilderness
12377150,NA,NA,NA,0,0,0,29.02,0,0,0.03,0,0,0,0,0,0,0,0,0,0.03,0,Ref,No known regulation or diversions upstream from sta,2002 ADR,wilderness
12381400,NA,NA,NA,0,0,0,6.04,0,0,0.64,0,0,0,0,0,0,0,0,0,0.64,20,Ref,No known regulation or diversion upstream from station.,Water-Data Report -- Montana 2002,"lt development, forestry, NEoA"
12383500,NA,NA,NA,0,0,0,11.72,0,0,0.01,0,0,0,0,0,0,0,0,0,0.01,0,Ref,NO regulation or diversion,http://pubs.usgs.gov/wdr/2005/wdr-mt-05/pdf/Vol2_8.pdf,"roadless, just above diversion"
12388400,NA,NA,NA,0.08,0.12,0.11,5.49,0,0,0.48,0.13,0,0,0,0,0,0,0,0,0.62,18,Ref,No known regulation or diversion upstream,2002 ADR,mostly roadless
12390700,NA,NA,NA,0.22,0.26,0.44,5.42,0,0,0.56,0.01,0,0,0,0,0,0.01,0,0,0.59,77,Ref,No known regulation or diversions upstream from station.,2002 ADR,many forest roads & logging
12411000,NA,NA,NA,0,0,0,0.97,0,0,0.82,0.1,0,0,0.01,0,0,0.01,0,0,0.94,234,Ref,No regulation or diversions above station.,http://web10capp.er.usgs.gov/imf/sites/adr06/pdfs/12411000.2006.pdf,many forest roads & logging
12413000,NA,NA,NA,0.12,0.17,0.13,1.51,0,0,0.97,0.14,0,0,0,0,0,0.04,0,0,1.16,755,Ref,,1994 ADR,"ag in valley, forested HW, NEoA"
12413500,7,60,1800,3.92,3.86,3.85,1.21,0.03,0.01,1.01,0.14,0.01,0,0,0,0,0.05,0,0,1.25,1226,Ref,,2003 ADR,"mod ag, small towns, mines in some tribs, NEoA"
12414500,NA,NA,NA,0.03,0.04,0.04,0.26,0,0,0.5,0.09,0,0,0.01,0,0,0.01,0,0,0.61,627,Ref,,http://pubs.usgs.gov/wdr/2005/wdr-id-05-1/pdf/ID05v1-06.pdf,"proximal logging, wilderness HW"
12447390,NA,NA,NA,0,0,0,2.32,0,0,0,0.46,0,0,0,0,0,0,0,0,0.46,6,Ref,No regulation or diversion,http://pubs.usgs.gov/wdr/WDR-WA-02-1/data/12447390.2002.sw.pdf,"HBN, wilderness"
12449500,3,29,4100,0.72,0.93,1.08,2.33,0,0.02,0.43,0.12,0,0,0,0,0,0.03,0,0,0.61,715,Ref,,2002 ADR,"prox small town, some mines & ag, NEoA"
12449950,7,29,4100,0.73,0.92,1.05,2.33,0,0.03,0.48,0.09,0,0,0,0,0,0.04,0,0,0.65,1103,Ref,"Prior to 1957, diurnal fluctuation at low flow caused by one or more mills above station.",1981 ADR,"several upstrm towns & mod ag, forested uplands, NEoA"
12451000,NA,NA,NA,0,0,0.02,3.76,0,0.01,0.01,0.05,0,0,0,0,0,0,0,0,0.07,27,Ref,No known regulation or diversion,http://pubs.usgs.gov/wdr/WDR-WA-02-1/data/12451000.2002.sw.pdf,mostly wilderness--Glacer Peak W.
12459000,7,55,1610,1.64,2.28,2.43,3.81,0,0.03,0.71,0.04,0,0.02,0,0,0,0.01,0,0,0.8,786,Ref,,1994 ADR,"hvy ag & some irrigated ag in uplands, NEoA"
12462500,7,55,1610,3.48,4.49,4.71,3.82,0,0.04,0.83,0.09,0,0.02,0,0,0,0.01,0,0,0.98,1255,Ref,,http://wdr.water.usgs.gov/wy2007/pdfs/06928000.2007.pdf,"mixed forest & mod ag, lt development, some small towns in hw, NEoA"
12488500,NA,NA,NA,0.01,0.01,0,20.43,0,0.15,0.1,0,0,0,0,0,0,0,0,0,0.25,26,Ref,No regulation or diversion.,http://pubs.usgs.gov/wdr/WDR-WA-02-1/data/12488500.2002.sw.pdf,"mostly roadless, wilderness"
13011500,NA,NA,NA,0,0.02,0,1.53,0,0,0.06,0,0,0,0,0,0,0,0,0,0.07,5,Ref,No diversion or regulation,2002 ADR,wilderness--YNP
13011900,1,646,646,0.06,0.1,0.09,3.24,0,0.04,0.09,0.04,0,0,0,0,0,0.01,0,0,0.18,46,Ref,,2000 ADR,"mostly roadless, sm reservoir on proximal trib"
13018300,NA,NA,NA,0.03,0.06,0.01,1.53,0,0,0.2,0.21,0,0,0,0,0,0,0,0,0.41,1,Ref,,2002 ADR,"HBN, mostly roadless, HBN"
13023000,NA,NA,NA,0,0,0,6.76,0,0,0.28,0.03,0,0,0,0,0,0,0,0,0.31,129,Ref,,2002 ADR,mostly wilderness
13083000,NA,NA,NA,0,0,0.01,43.27,0,0,0.41,0.2,0,0,0,0,0,0,0,0,0.61,35,Ref,Small diversions above station for irrigation.,http://pubs.usgs.gov/wdr/2005/wdr-id-05-1/pdf/ID05v1-10.pdf,"small proximal irrigated ag, mostly roadless"
13161500,1,500,500,0,0,0,4.31,0,0,0.36,0.13,0,0,0,0,0,0,0,0,0.49,220,Ref,,http://web10capp.er.usgs.gov/imf/sites/adr/pdfs/13161500.2005.pdf,small imoundment on hw trib
13186000,NA,NA,NA,0.02,0.04,0.04,7.5,0,0,0.57,0.04,0,0,0,0,0,0.01,0,0,0.63,432,Ref,,http://web10capp.er.usgs.gov/imf/sites/adr06/pdfs/07049000.2006.pdf,"ag uplands, forested valleys, NEoA"
13200000,NA,NA,NA,0.79,2.22,2.68,0.72,0,0.05,2.26,0.13,0,0,0,0,0,0.05,0,0,2.49,706,Ref,,http://wdr.water.usgs.gov/wy2007/pdfs/07058000.2007.pdf,"mostly forested uplands, mod ag valleys, town in hw, NEoA"
13235000,NA,NA,NA,0.09,0.13,0.12,0.85,0,0.05,0.38,0.02,0,0,0,0,0,0,0,0,0.46,203,Ref,No regulation. Return flow from several small irrigation diversions enters river above station,http://pubs.usgs.gov/wdr/WDR-ID-02-2/ID02v2-07.pdf,upstrm irrigated ag &  possible diiversions
13240000,1,188,188,0,0,0,4.78,0,0,0.2,0,0,0,0.16,0,0,0,0,0,0.37,22,Ref,"No diversions, flow partially regulated by pond",http://pubs.usgs.gov/wdr/2005/wdr-id-05-1/pdf/ID05v1-13.pdf,some forest roads
13302500,15,16,895000,0.66,0.71,0.74,7.41,0,0.03,0.4,0.05,0,0,0,0,0,0.02,0,0,0.51,1512,Ref,,http://wdr.water.usgs.gov/wy2007/pdfs/07072000.2007.pdf,"mixed ag & forest, small towns, NEoA"
13310700,NA,NA,NA,0,0,0,4.78,0,0,0.43,0.02,0,0,0.01,0,0,0,0,0,0.46,144,Ref,,http://wdr.water.usgs.gov/wy2007/pdfs/13310700.2007.pdf,"mostly roadless, NEoA"
13313000,NA,NA,NA,0.01,0.01,0,4.78,0,0,0.61,0.06,0,0,0,0,0,0,0,0,0.68,125,Ref,"Small diversion from Johnson Creek to Deadwood River until September 20, 1988",http://web10capp.er.usgs.gov/imf/sites/adr06/pdfs/13313000.2006.pdf,"some roads, NEoA"
13331500,NA,NA,NA,0.03,0.02,0.02,10.87,0,0.01,0.18,0.04,0,0.02,0,0,0,0,0,0,0.26,25,Ref,Minam Lake has stored and diverted flow from Minam River since 1917 for irrigation,2002 ADR,"HBN, mostly widlerness--Eagle Cap"
13336500,1,82,82,0,0,0,0.36,0,0,0.05,0.03,0,0,0,0,0,0,0,0,0.08,150,Ref,,2002 ADR,"smll lakes on tribs, but OK"
13337000,NA,NA,NA,0.02,0.02,0.01,0.33,0,0.04,0.35,0.02,0,0,0,0,0,0,0,0,0.41,246,Ref,,http://web10capp.er.usgs.gov/imf/sites/adr06/pdfs/13337000.2006.pdf,some roads & logging
13338500,1,25,25,2.17,2.41,2.59,0.32,0,0.05,0.79,0.04,0,0,0,0,0,0.06,0,0,0.94,1121,Ref,No regulation above station.,http://web10capp.er.usgs.gov/imf/sites/adr06/pdfs/13338500.2006.pdf,"lt development, NEoA"
13340000,4,23,550,1.18,1.27,1.38,0.32,0,0.04,0.51,0.04,0,0,0,0,0,0.03,0,0,0.61,2845,Ref,,http://web10capp.er.usgs.gov/imf/sites/adr06/pdfs/13340000.2006.pdf,"lt development, NEoA"
13340600,NA,NA,NA,0,0,0,0.15,0,0,0.57,0.03,0,0,0,0,0,0,0,0,0.6,434,Ref,No regulation or diversion upstream from station,http://pubs.usgs.gov/wdr/2005/wdr-id-05-1/pdf/ID05v1-14.pdf,wilderness
13351000,9,3,8000,9.49,10.58,11.74,2.35,0,0.08,0.87,0.06,0,0,0.01,0,0,0.05,0,0,1.09,2898,Ref,,http://wdr.water.usgs.gov/wy2007/pdfs/07252000.2007.pdf,"forested uplands, mod ag valleys, impoundmtn on prox trib"
14020000,NA,NA,NA,0.06,0.1,0.11,16.31,0,0.03,1.07,0.1,0,0.03,0,0,0,0.01,0,0,1.23,33,Ref,No regulation or diversion upstream from station,2002 ADR,roads & logging in HW
14080500,60,38,255708,0.04,0.08,0.09,10.09,0,0.03,0.86,0.06,0,0,0,0,0,0.01,0,0,0.95,1600,Ref,Diversions for irrigation of about 100 acres upstream from station.,1986 ADR,"some small reservoirs on some tribs, mostly roadless"
14092750,NA,NA,NA,0,0,0,12.99,0,0,1,0,0,0,0,0,0,0,0,0,1,8,Ref,NO regulation or diversion,http://pubs.usgs.gov/wdr/2005/wdr-or-05/pdf/deschutes.pdf,mostly roadless
14096850,2,490,490,0.23,0.17,0.26,7.66,0,0.08,1.23,0.04,0,0,0,0,0,0,0,0,1.35,189,Ref,No regulation or diversions upstream from station,2002 ADR,many forest roads & logging
14101500,12,48.4,16360,0.84,0.89,0.97,10.28,0,0.04,0.88,0.11,0,0,0,0,0,0.01,0,0,1.04,425,Ref,,1996 ADR,some roads
14113000,6,114,150,1.96,2.26,2.32,10.99,0,0.02,1.4,0.04,0,0.02,0,0,0,0,0,0,1.5,1472,Ref,No regulation or diversion upstream from station.,1999 ADR,"roadless, NEoA"
14137000,1,380,380,5.64,8.14,8.73,17.16,0,0.07,0.91,0.04,0,0,0,0,0,0.02,0,0,1.05,226,Ref,No regulation or diversion upstream from station.,2002 ADR,"many roads & logging, NEoA"
14138800,NA,NA,NA,0,0,0,18.43,0,0,1.46,0,0,0,0,0,0,0,0,0,1.46,6,Ref,No regulation or diversion upstream,2002 ADR,some forest roads
14138870,NA,NA,NA,0,0,0,56.03,0,0,0.17,0.08,0,0,0,0,0,0,0,0,0.26,1,Ref,NO regulation or diversion,http://pubs.usgs.gov/wdr/2005/wdr-or-05/pdf/bullrun1.pdf,mostly roadless
14138900,NA,NA,NA,0,0,0,59.86,0,0,0.28,0.93,0,0,0,0,0,0.14,0,0,1.34,3,Ref,NO regulation or diversion,http://pubs.usgs.gov/wdr/2005/wdr-or-05/pdf/bullrun1.pdf,"mostly roadless, some loggin in HW"
14139800,NA,NA,NA,0,0,0,19.2,0,0,1.05,0.03,0,0,0,0,0,0,0,0,1.08,7,Ref,No regulation or diversion upstream from station,2002 ADR,minimal disturbance
14141500,NA,NA,NA,0.38,0.7,0.76,17.13,0,0,1.55,0,0,0,0,0,0,0.01,0,0,1.56,13,Ref,No regulation or diversion upstream,2002 ADR,some roads
14154500,NA,NA,NA,0.99,0.91,1.15,10.37,0,0,1.34,0.06,0,0.01,0.01,0,0,0.01,0,0,1.42,177,Ref,Slight regulation caused by upstream logponds. No diversions upstream from station.,2002 ADR,"proximal dvlpment, roads & logging in HW"
14158500,NA,NA,NA,0,0.01,0,11.21,0,0.16,1.01,0,0,0,0,0,0,0,0,0,1.17,49,Ref,Flow regulated by natural storage in lake.,2002 ADR,natural lake outlet
14158790,NA,NA,NA,0,0,0,11.22,0,0,0.73,0,0,0,0,0,0,0,0,0,0.73,2,Ref,No regulation or diversion,2002 ADR,forest roads & logging
14166500,3,90,355,9.22,8.83,8.3,10.45,0,0.12,1.58,0,0,0,0,0,0,0.13,0,0,1.83,91,Ref,Slight regulation caused by logpond upstream from Noti. No diversion upstream from station.,2002 ADR,"lt ag, logging in hw, NEoA"
14182500,NA,NA,NA,1.29,1.6,1.49,31.18,0,0.01,1.37,0.07,0,0,0,0,0,0.03,0,0,1.47,103,Ref,No regulation or diversion upstream from station,2002 ADR,many forest roads & logging
14185000,NA,NA,NA,0.23,0.24,0.16,11.22,0,0.08,1.51,0,0,0.03,0,0,0,0,0,0,1.62,165,Ref,No regulation or diversion upstream from station,2002 ADR,many forest roads & logging
14185900,NA,NA,NA,0,0.02,0,11.22,0,0,1.65,0,0,0.01,0,0,0,0,0,0,1.66,91,Ref,No regulation or diversion upstream from station.,2002 ADR,many forest roads & logging
14187000,NA,NA,NA,0.48,0.65,0.4,11.22,0,0,1.32,0,0,0,0,0,0,0,0,0,1.32,40,Ref,No regulation or diversion upstream from station.,http://wdr.water.usgs.gov/wy2007/pdfs/14187000.2007.pdf,"moslty undeveloped, forest & logging, NEoA"
14216500,NA,NA,NA,0,0,0,1.12,0,0,1.12,0.01,0,0,0,0,0,0,0,0,1.13,86,Ref,No regulation or diversion,http://pubs.usgs.gov/wdr/WDR-WA-02-1/data/14216500.2002.sw.pdf,many forest roads & logging
14222500,NA,NA,NA,6.13,9.58,13.43,25.66,0,0,1.42,0.06,0,0.04,0,0,0,0,0,0,1.53,102,Ref,No regulation or diversion,http://pubs.usgs.gov/wdr/WDR-WA-02-1/data/14222500.2002.sw.pdf,many forest roads & logging
14232500,NA,NA,NA,0.05,0.05,0.06,2.74,0,0,0.79,0,0,0,0,0,0,0,0,0,0.79,233,Ref,No diversion upstream from station.  One small recreation reservoir (capacity unknown) is located approximately 3.5 mi upstream.,2002 ADR,smll upstrm impoundment
14233400,4,6300,11000,1.16,1.21,1.07,2.74,0,0.04,0.81,0.01,0,0,0,0,0,0.02,0,0,0.87,733,Ref,Minor diversion for irrigation upstream from station.,1994 ADR,1 upstrm irrigation diversion
14236200,NA,NA,NA,5.73,5.45,5.76,1.44,0,0.12,1.29,0.05,0,0,0,0,0,0.13,0,0,1.6,89,Ref,Several small diversions for municipal and domestic use upstream from station.,http://web10capp.er.usgs.gov/imf/sites/adr06/pdfs/14236200.2006.pdf,"upstrm municipal, forest roads, NEoA"
14301000,1,1650,1650,2.37,2.74,2.76,17.09,0,0.07,1.5,0.03,0,0,0,0,0,0.02,0,0,1.62,504,Ref,No regulation. Several small diversions for irrigation and domestic use upstream,2002 ADR,"lt ag, upstrm small towns, loggin in hw, NEoA"
14303200,NA,NA,NA,0,0,0,9.02,0,0,2.72,0,0,0,0,0,0,0,0,0,2.72,2,Ref,,2002 ADR,forest roads & logging
14305500,NA,NA,NA,0.94,1.01,0.97,8.65,0,0.03,1.86,0.01,0,0,0,0,0,0,0,0,1.91,237,Ref,Slight regulation from logponds. Small diversions upstream from station for irrigation.,2002 ADR,"prox lt ag. Logging in basin, NEoA"
14306340,NA,NA,NA,0,0,0,10.56,0,0,1.89,0.01,0,0,0,0,0,0,0,0,1.89,4,Ref,NO regulation or diversion,http://pubs.usgs.gov/wdr/2005/wdr-or-05/pdf/coastal.pdf,some roads & logging
14306500,NA,NA,NA,1.3,1.35,1.34,12.21,0,0.06,1.74,0,0,0,0,0,0,0.01,0,0,1.82,308,Ref,No regulation. Diversion for irrigation upstream,2002 ADR,"lt ag & much logging in hw, NEoA"
14308000,1,80,80,0.14,0.12,0.07,5.23,0,0,2.07,0.01,0,0,0,0,0,0,0,0,2.09,386,Ref,,http://pubs.usgs.gov/wdr/WDR-ID-02-2/ID02v2-05.pdf,some small local irrigation
14308990,NA,NA,NA,0.35,0.36,0.42,7.34,0,0,2.12,0,0,0,0,0,0,0,0,0,2.12,103,Ref,No regulation or diversion upstream from station.,2002 ADR,some roads & logging
14309500,NA,NA,NA,0,0,0,4.75,0,0,2.45,0,0,0.01,0,0,0,0,0,0,2.46,66,Ref,No regulation or diversion upstream from station,2002 ADR,many forest roads & logging
14316700,NA,NA,NA,0,0,0,7.6,0,0,1.82,0.03,0,0.01,0,0,0,0,0,0,1.86,187,Ref,No regulation or diversion upstream,2002 ADR,many forest roads & logging
14321000,37,0,117000,8.16,8.87,9.96,5.47,0.02,0.03,2.21,0.02,0,0,0,0,0,0.01,0,0,2.3,4263,Ref,No regulation.  Diversions upstream from station for irrigation.,1990 ADR,proximal irrigated ag
14325000,1,108,108,1.71,1.78,1.73,2.82,0,0,1.58,0.04,0,0,0,0,0,0.02,0,0,1.64,130,Ref,No regulation. Small diversions for irrigation,2002 ADR,proximal irrigated ag & municipality
14359000,46,0,5e+05,23.55,29.56,34.34,17.37,0.02,0.06,1.19,0.02,0,0,0.05,0,0,0.01,0,0,1.36,2018,Ref,No regulation or diversion upstream from station.,1996 ADR,"much logging, NEoA"
14362250,NA,NA,NA,0.71,0.63,1.1,18.29,0,0,1.2,0,0,0,0,0,0,0,0,0,1.2,18,Ref,,2002 ADR,forest roads & logging
14400000,NA,NA,NA,0.06,0.06,0.05,1.43,0,0,0.61,0.02,0,0,0,0,0,0.01,0,0,0.63,59,Ref,No regulation or diversion upstream from station.,2002 ADR,many forest roads & logging
