SITENO,count_rec,first_date,last_date,1980,1981,1982,1983,1984,1985,1986,1987,1988,1989,1990,1991,1992,1993,1994,1995,1996,1997,1998,1999,2000,2001,2002,2003,2004,2005,2006,2007,2008,2009,2010,2011,2012,2013,2014,2015,2016,2017,2018,2019,2020,2021,2022,2023
01013500,16060,1/1/1980,12/31/2023,366,365,365,365,366,365,365,365,366,365,365,365,366,365,365,365,366,365,365,365,366,365,365,365,366,365,365,365,366,365,365,365,366,365,365,365,366,365,365,365,366,365,365,354
01022500,16071,1/1/1980,12/31/2023,366,365,365,365,366,365,365,365,366,365,365,365,366,365,365,365,366,365,365,365,366,365,365,365,366,365,365,365,366,365,365,365,366,365,365,365,366,365,365,365,366,365,365,365
01030500,16071,1/1/1980,12/31/2023,366,365,365,365,366,365,365,365,366,365,365,365,366,365,365,365,366,365,365,365,366,365,365,365,366,365,365,365,366,365,365,365,366,365,365,365,366,365,365,365,366,365,365,365
01031500,16071,1/1/1980,12/31/2023,366,365,365,365,366,365,365,365,366,365,365,365,366,365,365,365,366,365,365,365,366,365,365,365,366,365,365,365,366,365,365,365,366,365,365,365,366,365,365,365,366,365,365,365
01047000,16069,1/1/1980,12/31/2023,366,365,365,365,366,365,365,365,366,365,365,365,366,365,365,365,366,365,365,365,366,365,365,365,366,365,365,365,366,365,365,365,366,365,365,365,366,365,365,365,366,365,365,363
01048000,13339,6/25/1987,12/31/2023,0,0,0,0,0,0,0,190,366,365,365,365,366,365,365,365,366,365,365,365,366,365,365,365,366,365,365,365,366,365,365,365,366,365,365,365,366,365,365,365,366,365,365,365
01052500,16071,1/1/1980,12/31/2023,366,365,365,365,366,365,365,365,366,365,365,365,366,365,365,365,366,365,365,365,366,365,365,365,366,365,365,365,366,365,365,365,366,365,365,365,366,365,365,365,366,365,365,365
01054200,16036,1/1/1980,12/20/2023,366,365,365,365,366,365,365,365,366,365,365,365,366,365,365,365,366,365,365,365,366,365,365,365,366,365,365,365,366,365,365,365,366,365,365,365,366,365,365,365,366,365,365,330
01055000,16039,1/1/1980,12/30/2023,366,365,365,365,366,365,365,365,366,365,365,365,366,365,365,365,366,365,365,365,366,365,365,365,366,365,365,365,366,365,365,365,366,365,365,365,366,365,365,365,366,365,365,333
01055500,14304,1/1/1980,12/31/2023,366,365,365,365,366,365,365,365,366,365,365,365,366,365,365,365,274,0,0,0,0,153,365,365,366,365,365,365,366,365,365,365,366,365,365,365,366,365,365,365,366,365,365,363
01057000,16071,1/1/1980,12/31/2023,366,365,365,365,366,365,365,365,366,365,365,365,366,365,365,365,366,365,365,365,366,365,365,365,366,365,365,365,366,365,365,365,366,365,365,365,366,365,365,365,366,365,365,365
01060000,10594,1/1/1980,12/31/2023,366,365,365,365,366,365,365,365,366,365,365,365,366,365,365,365,366,365,365,365,366,365,365,365,274,0,0,0,0,0,0,0,0,0,0,0,0,0,0,93,366,365,365,365
01064500,16071,1/1/1980,12/31/2023,366,365,365,365,366,365,365,365,366,365,365,365,366,365,365,365,366,365,365,365,366,365,365,365,366,365,365,365,366,365,365,365,366,365,365,365,366,365,365,365,366,365,365,365
01073000,16070,1/1/1980,12/31/2023,366,365,365,365,366,365,365,365,366,365,365,365,366,365,365,365,366,365,365,365,366,365,365,365,366,365,365,365,366,365,365,365,366,365,365,365,366,365,365,365,366,365,365,364
01076500,16071,1/1/1980,12/31/2023,366,365,365,365,366,365,365,365,366,365,365,365,366,365,365,365,366,365,365,365,366,365,365,365,366,365,365,365,366,365,365,365,366,365,365,365,366,365,365,365,366,365,365,365
01078000,16071,1/1/1980,12/31/2023,366,365,365,365,366,365,365,365,366,365,365,365,366,365,365,365,366,365,365,365,366,365,365,365,366,365,365,365,366,365,365,365,366,365,365,365,366,365,365,365,366,365,365,365
01118300,16069,1/1/1980,12/31/2023,366,365,365,365,366,365,365,365,366,365,365,365,366,365,365,365,366,365,365,365,366,365,365,365,366,365,365,365,366,365,365,365,366,365,365,365,366,365,365,365,366,365,365,363
01121000,16071,1/1/1980,12/31/2023,366,365,365,365,366,365,365,365,366,365,365,365,366,365,365,365,366,365,365,365,366,365,365,365,366,365,365,365,366,365,365,365,366,365,365,365,366,365,365,365,366,365,365,365
01123000,16071,1/1/1980,12/31/2023,366,365,365,365,366,365,365,365,366,365,365,365,366,365,365,365,366,365,365,365,366,365,365,365,366,365,365,365,366,365,365,365,366,365,365,365,366,365,365,365,366,365,365,365
01127000,16071,1/1/1980,12/31/2023,366,365,365,365,366,365,365,365,366,365,365,365,366,365,365,365,366,365,365,365,366,365,365,365,366,365,365,365,366,365,365,365,366,365,365,365,366,365,365,365,366,365,365,365
01134500,16071,1/1/1980,12/31/2023,366,365,365,365,366,365,365,365,366,365,365,365,366,365,365,365,366,365,365,365,366,365,365,365,366,365,365,365,366,365,365,365,366,365,365,365,366,365,365,365,366,365,365,365
01137500,16071,1/1/1980,12/31/2023,366,365,365,365,366,365,365,365,366,365,365,365,366,365,365,365,366,365,365,365,366,365,365,365,366,365,365,365,366,365,365,365,366,365,365,365,366,365,365,365,366,365,365,365
01139000,16071,1/1/1980,12/31/2023,366,365,365,365,366,365,365,365,366,365,365,365,366,365,365,365,366,365,365,365,366,365,365,365,366,365,365,365,366,365,365,365,366,365,365,365,366,365,365,365,366,365,365,365
01139800,16071,1/1/1980,12/31/2023,366,365,365,365,366,365,365,365,366,365,365,365,366,365,365,365,366,365,365,365,366,365,365,365,366,365,365,365,366,365,365,365,366,365,365,365,366,365,365,365,366,365,365,365
01142500,16071,1/1/1980,12/31/2023,366,365,365,365,366,365,365,365,366,365,365,365,366,365,365,365,366,365,365,365,366,365,365,365,366,365,365,365,366,365,365,365,366,365,365,365,366,365,365,365,366,365,365,365
01144000,16071,1/1/1980,12/31/2023,366,365,365,365,366,365,365,365,366,365,365,365,366,365,365,365,366,365,365,365,366,365,365,365,366,365,365,365,366,365,365,365,366,365,365,365,366,365,365,365,366,365,365,365
01162500,16071,1/1/1980,12/31/2023,366,365,365,365,366,365,365,365,366,365,365,365,366,365,365,365,366,365,365,365,366,365,365,365,366,365,365,365,366,365,365,365,366,365,365,365,366,365,365,365,366,365,365,365
01169000,16071,1/1/1980,12/31/2023,366,365,365,365,366,365,365,365,366,365,365,365,366,365,365,365,366,365,365,365,366,365,365,365,366,365,365,365,366,365,365,365,366,365,365,365,366,365,365,365,366,365,365,365
01170100,16071,1/1/1980,12/31/2023,366,365,365,365,366,365,365,365,366,365,365,365,366,365,365,365,366,365,365,365,366,365,365,365,366,365,365,365,366,365,365,365,366,365,365,365,366,365,365,365,366,365,365,365
01181000,16071,1/1/1980,12/31/2023,366,365,365,365,366,365,365,365,366,365,365,365,366,365,365,365,366,365,365,365,366,365,365,365,366,365,365,365,366,365,365,365,366,365,365,365,366,365,365,365,366,365,365,365
01187300,16071,1/1/1980,12/31/2023,366,365,365,365,366,365,365,365,366,365,365,365,366,365,365,365,366,365,365,365,366,365,365,365,366,365,365,365,366,365,365,365,366,365,365,365,366,365,365,365,366,365,365,365
01195100,15398,11/4/1981,12/31/2023,0,58,365,365,366,365,365,365,366,365,365,365,366,365,365,365,366,365,365,365,366,365,365,365,366,365,365,365,366,365,365,365,366,365,365,365,366,365,365,365,366,365,365,365
01197500,16071,1/1/1980,12/31/2023,366,365,365,365,366,365,365,365,366,365,365,365,366,365,365,365,366,365,365,365,366,365,365,365,366,365,365,365,366,365,365,365,366,365,365,365,366,365,365,365,366,365,365,365
01200000,14771,1/1/1980,12/31/2023,366,365,365,365,366,365,365,365,348,38,48,92,366,365,365,365,366,365,365,273,93,365,365,365,366,365,365,365,366,365,365,365,366,365,365,365,366,365,365,365,366,365,365,365
01321000,16071,1/1/1980,12/31/2023,366,365,365,365,366,365,365,365,366,365,365,365,366,365,365,365,366,365,365,365,366,365,365,365,366,365,365,365,366,365,365,365,366,365,365,365,366,365,365,365,366,365,365,365
01333000,16071,1/1/1980,12/31/2023,366,365,365,365,366,365,365,365,366,365,365,365,366,365,365,365,366,365,365,365,366,365,365,365,366,365,365,365,366,365,365,365,366,365,365,365,366,365,365,365,366,365,365,365
01334500,16071,1/1/1980,12/31/2023,366,365,365,365,366,365,365,365,366,365,365,365,366,365,365,365,366,365,365,365,366,365,365,365,366,365,365,365,366,365,365,365,366,365,365,365,366,365,365,365,366,365,365,365
01348000,9040,1/1/1980,12/31/2023,366,365,365,365,366,365,365,365,366,365,365,365,366,365,365,90,0,0,0,0,0,0,0,0,0,0,0,0,0,0,0,0,0,0,184,365,366,365,365,365,366,365,365,365
01350000,16071,1/1/1980,12/31/2023,366,365,365,365,366,365,365,365,366,365,365,365,366,365,365,365,366,365,365,365,366,365,365,365,366,365,365,365,366,365,365,365,366,365,365,365,366,365,365,365,366,365,365,365
01350080,13681,7/18/1986,12/31/2023,0,0,0,0,0,0,167,365,366,365,365,365,366,365,365,365,366,365,365,365,366,365,365,365,366,365,365,365,366,365,365,365,366,365,365,365,366,365,365,365,366,365,365,365
01350140,16071,1/1/1980,12/31/2023,366,365,365,365,366,365,365,365,366,365,365,365,366,365,365,365,366,365,365,365,366,365,365,365,366,365,365,365,366,365,365,365,366,365,365,365,366,365,365,365,366,365,365,365
01365000,16066,1/1/1980,12/31/2023,366,365,365,365,366,365,365,365,366,365,365,365,366,365,365,365,366,365,365,365,366,365,365,365,366,365,365,365,366,365,365,365,366,365,365,365,366,365,365,365,366,365,365,360
01371500,16071,1/1/1980,12/31/2023,366,365,365,365,366,365,365,365,366,365,365,365,366,365,365,365,366,365,365,365,366,365,365,365,366,365,365,365,366,365,365,365,366,365,365,365,366,365,365,365,366,365,365,365
01372500,16071,1/1/1980,12/31/2023,366,365,365,365,366,365,365,365,366,365,365,365,366,365,365,365,366,365,365,365,366,365,365,365,366,365,365,365,366,365,365,365,366,365,365,365,366,365,365,365,366,365,365,365
01411300,15481,1/1/1980,12/31/2023,366,365,365,365,366,365,365,365,366,365,365,365,366,365,365,365,366,365,365,365,366,365,365,365,366,365,365,365,366,365,365,365,366,365,365,365,366,365,365,282,0,232,362,360
01413500,16071,1/1/1980,12/31/2023,366,365,365,365,366,365,365,365,366,365,365,365,366,365,365,365,366,365,365,365,366,365,365,365,366,365,365,365,366,365,365,365,366,365,365,365,366,365,365,365,366,365,365,365
01414500,16071,1/1/1980,12/31/2023,366,365,365,365,366,365,365,365,366,365,365,365,366,365,365,365,366,365,365,365,366,365,365,365,366,365,365,365,366,365,365,365,366,365,365,365,366,365,365,365,366,365,365,365
01415000,16071,1/1/1980,12/31/2023,366,365,365,365,366,365,365,365,366,365,365,365,366,365,365,365,366,365,365,365,366,365,365,365,366,365,365,365,366,365,365,365,366,365,365,365,366,365,365,365,366,365,365,365
01421000,16071,1/1/1980,12/31/2023,366,365,365,365,366,365,365,365,366,365,365,365,366,365,365,365,366,365,365,365,366,365,365,365,366,365,365,365,366,365,365,365,366,365,365,365,366,365,365,365,366,365,365,365
01423000,16071,1/1/1980,12/31/2023,366,365,365,365,366,365,365,365,366,365,365,365,366,365,365,365,366,365,365,365,366,365,365,365,366,365,365,365,366,365,365,365,366,365,365,365,366,365,365,365,366,365,365,365
01426500,16071,1/1/1980,12/31/2023,366,365,365,365,366,365,365,365,366,365,365,365,366,365,365,365,366,365,365,365,366,365,365,365,366,365,365,365,366,365,365,365,366,365,365,365,366,365,365,365,366,365,365,365
01434025,14817,6/8/1983,12/31/2023,0,0,0,207,366,365,365,365,366,365,365,365,366,365,365,365,366,365,365,365,366,365,365,365,366,365,365,365,366,365,365,365,366,365,365,365,366,365,365,365,366,365,365,365
01435000,16071,1/1/1980,12/31/2023,366,365,365,365,366,365,365,365,366,365,365,365,366,365,365,365,366,365,365,365,366,365,365,365,366,365,365,365,366,365,365,365,366,365,365,365,366,365,365,365,366,365,365,365
01439500,16071,1/1/1980,12/31/2023,366,365,365,365,366,365,365,365,366,365,365,365,366,365,365,365,366,365,365,365,366,365,365,365,366,365,365,365,366,365,365,365,366,365,365,365,366,365,365,365,366,365,365,365
01440000,16071,1/1/1980,12/31/2023,366,365,365,365,366,365,365,365,366,365,365,365,366,365,365,365,366,365,365,365,366,365,365,365,366,365,365,365,366,365,365,365,366,365,365,365,366,365,365,365,366,365,365,365
01440400,16071,1/1/1980,12/31/2023,366,365,365,365,366,365,365,365,366,365,365,365,366,365,365,365,366,365,365,365,366,365,365,365,366,365,365,365,366,365,365,365,366,365,365,365,366,365,365,365,366,365,365,365
01445000,7762,10/1/2002,12/31/2023,0,0,0,0,0,0,0,0,0,0,0,0,0,0,0,0,0,0,0,0,0,0,92,365,366,365,365,365,366,365,365,365,366,365,365,365,366,365,365,365,366,365,365,365
01445500,16071,1/1/1980,12/31/2023,366,365,365,365,366,365,365,365,366,365,365,365,366,365,365,365,366,365,365,365,366,365,365,365,366,365,365,365,366,365,365,365,366,365,365,365,366,365,365,365,366,365,365,365
01451800,16071,1/1/1980,12/31/2023,366,365,365,365,366,365,365,365,366,365,365,365,366,365,365,365,366,365,365,365,366,365,365,365,366,365,365,365,366,365,365,365,366,365,365,365,366,365,365,365,366,365,365,365
01466500,16071,1/1/1980,12/31/2023,366,365,365,365,366,365,365,365,366,365,365,365,366,365,365,365,366,365,365,365,366,365,365,365,366,365,365,365,366,365,365,365,366,365,365,365,366,365,365,365,366,365,365,365
01484100,16071,1/1/1980,12/31/2023,366,365,365,365,366,365,365,365,366,365,365,365,366,365,365,365,366,365,365,365,366,365,365,365,366,365,365,365,366,365,365,365,366,365,365,365,366,365,365,365,366,365,365,365
01485500,16071,1/1/1980,12/31/2023,366,365,365,365,366,365,365,365,366,365,365,365,366,365,365,365,366,365,365,365,366,365,365,365,366,365,365,365,366,365,365,365,366,365,365,365,366,365,365,365,366,365,365,365
01486000,16071,1/1/1980,12/31/2023,366,365,365,365,366,365,365,365,366,365,365,365,366,365,365,365,366,365,365,365,366,365,365,365,366,365,365,365,366,365,365,365,366,365,365,365,366,365,365,365,366,365,365,365
01487000,16071,1/1/1980,12/31/2023,366,365,365,365,366,365,365,365,366,365,365,365,366,365,365,365,366,365,365,365,366,365,365,365,366,365,365,365,366,365,365,365,366,365,365,365,366,365,365,365,366,365,365,365
01491000,16071,1/1/1980,12/31/2023,366,365,365,365,366,365,365,365,366,365,365,365,366,365,365,365,366,365,365,365,366,365,365,365,366,365,365,365,366,365,365,365,366,365,365,365,366,365,365,365,366,365,365,365
01500500,8947,1/1/1980,12/31/2023,366,365,365,365,366,365,365,365,366,365,365,365,366,365,365,89,0,0,0,0,0,0,0,0,0,0,0,0,0,0,0,0,0,0,92,365,366,365,365,365,366,365,365,365
01503000,16071,1/1/1980,12/31/2023,366,365,365,365,366,365,365,365,366,365,365,365,366,365,365,365,366,365,365,365,366,365,365,365,366,365,365,365,366,365,365,365,366,365,365,365,366,365,365,365,366,365,365,365
01510000,16071,1/1/1980,12/31/2023,366,365,365,365,366,365,365,365,366,365,365,365,366,365,365,365,366,365,365,365,366,365,365,365,366,365,365,365,366,365,365,365,366,365,365,365,366,365,365,365,366,365,365,365
01512500,16071,1/1/1980,12/31/2023,366,365,365,365,366,365,365,365,366,365,365,365,366,365,365,365,366,365,365,365,366,365,365,365,366,365,365,365,366,365,365,365,366,365,365,365,366,365,365,365,366,365,365,365
01516500,16067,1/1/1980,12/31/2023,366,365,365,365,366,365,365,365,366,365,365,365,366,365,365,365,366,365,365,365,366,365,365,365,366,365,365,365,366,365,365,365,366,365,365,365,366,361,365,365,366,365,365,365
01518000,16071,1/1/1980,12/31/2023,366,365,365,365,366,365,365,365,366,365,365,365,366,365,365,365,366,365,365,365,366,365,365,365,366,365,365,365,366,365,365,365,366,365,365,365,366,365,365,365,366,365,365,365
01518862,14763,8/1/1983,12/31/2023,0,0,0,153,366,365,365,365,366,365,365,365,366,365,365,365,366,365,365,365,366,365,365,365,366,365,365,365,366,365,365,365,366,365,365,365,366,365,365,365,366,365,365,365
01520000,16071,1/1/1980,12/31/2023,366,365,365,365,366,365,365,365,366,365,365,365,366,365,365,365,366,365,365,365,366,365,365,365,366,365,365,365,366,365,365,365,366,365,365,365,366,365,365,365,366,365,365,365
01520500,10774,1/1/1980,12/31/2023,366,365,365,365,366,365,365,365,366,365,365,365,366,365,365,90,0,0,0,0,0,0,0,0,0,0,0,0,0,92,365,365,366,365,365,365,366,365,365,365,366,365,365,365
01531000,16071,1/1/1980,12/31/2023,366,365,365,365,366,365,365,365,366,365,365,365,366,365,365,365,366,365,365,365,366,365,365,365,366,365,365,365,366,365,365,365,366,365,365,365,366,365,365,365,366,365,365,365
01532000,16071,1/1/1980,12/31/2023,366,365,365,365,366,365,365,365,366,365,365,365,366,365,365,365,366,365,365,365,366,365,365,365,366,365,365,365,366,365,365,365,366,365,365,365,366,365,365,365,366,365,365,365
01534000,16071,1/1/1980,12/31/2023,366,365,365,365,366,365,365,365,366,365,365,365,366,365,365,365,366,365,365,365,366,365,365,365,366,365,365,365,366,365,365,365,366,365,365,365,366,365,365,365,366,365,365,365
01539000,16071,1/1/1980,12/31/2023,366,365,365,365,366,365,365,365,366,365,365,365,366,365,365,365,366,365,365,365,366,365,365,365,366,365,365,365,366,365,365,365,366,365,365,365,366,365,365,365,366,365,365,365
01541000,16071,1/1/1980,12/31/2023,366,365,365,365,366,365,365,365,366,365,365,365,366,365,365,365,366,365,365,365,366,365,365,365,366,365,365,365,366,365,365,365,366,365,365,365,366,365,365,365,366,365,365,365
01541500,16071,1/1/1980,12/31/2023,366,365,365,365,366,365,365,365,366,365,365,365,366,365,365,365,366,365,365,365,366,365,365,365,366,365,365,365,366,365,365,365,366,365,365,365,366,365,365,365,366,365,365,365
01542810,16071,1/1/1980,12/31/2023,366,365,365,365,366,365,365,365,366,365,365,365,366,365,365,365,366,365,365,365,366,365,365,365,366,365,365,365,366,365,365,365,366,365,365,365,366,365,365,365,366,365,365,365
01543000,16071,1/1/1980,12/31/2023,366,365,365,365,366,365,365,365,366,365,365,365,366,365,365,365,366,365,365,365,366,365,365,365,366,365,365,365,366,365,365,365,366,365,365,365,366,365,365,365,366,365,365,365
01543500,16071,1/1/1980,12/31/2023,366,365,365,365,366,365,365,365,366,365,365,365,366,365,365,365,366,365,365,365,366,365,365,365,366,365,365,365,366,365,365,365,366,365,365,365,366,365,365,365,366,365,365,365
01544500,16071,1/1/1980,12/31/2023,366,365,365,365,366,365,365,365,366,365,365,365,366,365,365,365,366,365,365,365,366,365,365,365,366,365,365,365,366,365,365,365,366,365,365,365,366,365,365,365,366,365,365,365
01545600,16071,1/1/1980,12/31/2023,366,365,365,365,366,365,365,365,366,365,365,365,366,365,365,365,366,365,365,365,366,365,365,365,366,365,365,365,366,365,365,365,366,365,365,365,366,365,365,365,366,365,365,365
01547700,16071,1/1/1980,12/31/2023,366,365,365,365,366,365,365,365,366,365,365,365,366,365,365,365,366,365,365,365,366,365,365,365,366,365,365,365,366,365,365,365,366,365,365,365,366,365,365,365,366,365,365,365
01548500,16071,1/1/1980,12/31/2023,366,365,365,365,366,365,365,365,366,365,365,365,366,365,365,365,366,365,365,365,366,365,365,365,366,365,365,365,366,365,365,365,366,365,365,365,366,365,365,365,366,365,365,365
01549500,16071,1/1/1980,12/31/2023,366,365,365,365,366,365,365,365,366,365,365,365,366,365,365,365,366,365,365,365,366,365,365,365,366,365,365,365,366,365,365,365,366,365,365,365,366,365,365,365,366,365,365,365
01550000,16071,1/1/1980,12/31/2023,366,365,365,365,366,365,365,365,366,365,365,365,366,365,365,365,366,365,365,365,366,365,365,365,366,365,365,365,366,365,365,365,366,365,365,365,366,365,365,365,366,365,365,365
01552000,16071,1/1/1980,12/31/2023,366,365,365,365,366,365,365,365,366,365,365,365,366,365,365,365,366,365,365,365,366,365,365,365,366,365,365,365,366,365,365,365,366,365,365,365,366,365,365,365,366,365,365,365
01552500,16071,1/1/1980,12/31/2023,366,365,365,365,366,365,365,365,366,365,365,365,366,365,365,365,366,365,365,365,366,365,365,365,366,365,365,365,366,365,365,365,366,365,365,365,366,365,365,365,366,365,365,365
01556000,16071,1/1/1980,12/31/2023,366,365,365,365,366,365,365,365,366,365,365,365,366,365,365,365,366,365,365,365,366,365,365,365,366,365,365,365,366,365,365,365,366,365,365,365,366,365,365,365,366,365,365,365
01557500,16071,1/1/1980,12/31/2023,366,365,365,365,366,365,365,365,366,365,365,365,366,365,365,365,366,365,365,365,366,365,365,365,366,365,365,365,366,365,365,365,366,365,365,365,366,365,365,365,366,365,365,365
01558000,16071,1/1/1980,12/31/2023,366,365,365,365,366,365,365,365,366,365,365,365,366,365,365,365,366,365,365,365,366,365,365,365,366,365,365,365,366,365,365,365,366,365,365,365,366,365,365,365,366,365,365,365
01559000,16071,1/1/1980,12/31/2023,366,365,365,365,366,365,365,365,366,365,365,365,366,365,365,365,366,365,365,365,366,365,365,365,366,365,365,365,366,365,365,365,366,365,365,365,366,365,365,365,366,365,365,365
01560000,16071,1/1/1980,12/31/2023,366,365,365,365,366,365,365,365,366,365,365,365,366,365,365,365,366,365,365,365,366,365,365,365,366,365,365,365,366,365,365,365,366,365,365,365,366,365,365,365,366,365,365,365
01562000,16071,1/1/1980,12/31/2023,366,365,365,365,366,365,365,365,366,365,365,365,366,365,365,365,366,365,365,365,366,365,365,365,366,365,365,365,366,365,365,365,366,365,365,365,366,365,365,365,366,365,365,365
01567000,16071,1/1/1980,12/31/2023,366,365,365,365,366,365,365,365,366,365,365,365,366,365,365,365,366,365,365,365,366,365,365,365,366,365,365,365,366,365,365,365,366,365,365,365,366,365,365,365,366,365,365,365
01567500,16071,1/1/1980,12/31/2023,366,365,365,365,366,365,365,365,366,365,365,365,366,365,365,365,366,365,365,365,366,365,365,365,366,365,365,365,366,365,365,365,366,365,365,365,366,365,365,365,366,365,365,365
01568000,16071,1/1/1980,12/31/2023,366,365,365,365,366,365,365,365,366,365,365,365,366,365,365,365,366,365,365,365,366,365,365,365,366,365,365,365,366,365,365,365,366,365,365,365,366,365,365,365,366,365,365,365
01574000,16071,1/1/1980,12/31/2023,366,365,365,365,366,365,365,365,366,365,365,365,366,365,365,365,366,365,365,365,366,365,365,365,366,365,365,365,366,365,365,365,366,365,365,365,366,365,365,365,366,365,365,365
01580000,16071,1/1/1980,12/31/2023,366,365,365,365,366,365,365,365,366,365,365,365,366,365,365,365,366,365,365,365,366,365,365,365,366,365,365,365,366,365,365,365,366,365,365,365,366,365,365,365,366,365,365,365
01583500,16071,1/1/1980,12/31/2023,366,365,365,365,366,365,365,365,366,365,365,365,366,365,365,365,366,365,365,365,366,365,365,365,366,365,365,365,366,365,365,365,366,365,365,365,366,365,365,365,366,365,365,365
01586610,15013,10/1/1982,12/31/2023,0,0,92,365,366,365,365,365,366,365,365,365,366,365,365,365,366,365,365,365,366,365,365,365,366,365,365,365,366,365,365,365,366,365,365,365,366,365,365,365,366,311,365,365
01591400,16071,1/1/1980,12/31/2023,366,365,365,365,366,365,365,365,366,365,365,365,366,365,365,365,366,365,365,365,366,365,365,365,366,365,365,365,366,365,365,365,366,365,365,365,366,365,365,365,366,365,365,365
01594950,12328,10/1/1986,7/1/2020,0,0,0,0,0,0,92,365,366,365,365,365,366,365,365,365,366,365,365,365,366,365,365,365,366,365,365,365,366,365,365,365,366,365,365,365,366,365,365,365,183,0,0,0
01595000,16071,1/1/1980,12/31/2023,366,365,365,365,366,365,365,365,366,365,365,365,366,365,365,365,366,365,365,365,366,365,365,365,366,365,365,365,366,365,365,365,366,365,365,365,366,365,365,365,366,365,365,365
01596500,16071,1/1/1980,12/31/2023,366,365,365,365,366,365,365,365,366,365,365,365,366,365,365,365,366,365,365,365,366,365,365,365,366,365,365,365,366,365,365,365,366,365,365,365,366,365,365,365,366,365,365,365
01605500,16071,1/1/1980,12/31/2023,366,365,365,365,366,365,365,365,366,365,365,365,366,365,365,365,366,365,365,365,366,365,365,365,366,365,365,365,366,365,365,365,366,365,365,365,366,365,365,365,366,365,365,365
01606500,16071,1/1/1980,12/31/2023,366,365,365,365,366,365,365,365,366,365,365,365,366,365,365,365,366,365,365,365,366,365,365,365,366,365,365,365,366,365,365,365,366,365,365,365,366,365,365,365,366,365,365,365
01608500,16071,1/1/1980,12/31/2023,366,365,365,365,366,365,365,365,366,365,365,365,366,365,365,365,366,365,365,365,366,365,365,365,366,365,365,365,366,365,365,365,366,365,365,365,366,365,365,365,366,365,365,365
01610000,16071,1/1/1980,12/31/2023,366,365,365,365,366,365,365,365,366,365,365,365,366,365,365,365,366,365,365,365,366,365,365,365,366,365,365,365,366,365,365,365,366,365,365,365,366,365,365,365,366,365,365,365
01611500,15705,1/1/1980,12/31/2023,366,365,365,365,366,365,365,365,366,365,365,365,366,365,365,273,92,365,365,365,366,365,365,365,366,365,365,365,366,365,365,365,366,365,365,365,366,365,365,365,366,365,365,365
01613050,16070,1/1/1980,12/31/2023,366,365,365,365,366,364,365,365,366,365,365,365,366,365,365,365,366,365,365,365,366,365,365,365,366,365,365,365,366,365,365,365,366,365,365,365,366,365,365,365,366,365,365,365
01620500,16071,1/1/1980,12/31/2023,366,365,365,365,366,365,365,365,366,365,365,365,366,365,365,365,366,365,365,365,366,365,365,365,366,365,365,365,366,365,365,365,366,365,365,365,366,365,365,365,366,365,365,365
01628500,16070,1/1/1980,12/31/2023,366,365,365,365,366,365,365,365,366,365,365,365,366,365,365,365,366,365,365,365,366,365,365,365,366,365,365,365,366,365,365,365,366,365,365,365,366,364,365,365,366,365,365,365
01631000,16071,1/1/1980,12/31/2023,366,365,365,365,366,365,365,365,366,365,365,365,366,365,365,365,366,365,365,365,366,365,365,365,366,365,365,365,366,365,365,365,366,365,365,365,366,365,365,365,366,365,365,365
01632000,16071,1/1/1980,12/31/2023,366,365,365,365,366,365,365,365,366,365,365,365,366,365,365,365,366,365,365,365,366,365,365,365,366,365,365,365,366,365,365,365,366,365,365,365,366,365,365,365,366,365,365,365
01632900,16071,1/1/1980,12/31/2023,366,365,365,365,366,365,365,365,366,365,365,365,366,365,365,365,366,365,365,365,366,365,365,365,366,365,365,365,366,365,365,365,366,365,365,365,366,365,365,365,366,365,365,365
01634000,16071,1/1/1980,12/31/2023,366,365,365,365,366,365,365,365,366,365,365,365,366,365,365,365,366,365,365,365,366,365,365,365,366,365,365,365,366,365,365,365,366,365,365,365,366,365,365,365,366,365,365,365
01634500,16071,1/1/1980,12/31/2023,366,365,365,365,366,365,365,365,366,365,365,365,366,365,365,365,366,365,365,365,366,365,365,365,366,365,365,365,366,365,365,365,366,365,365,365,366,365,365,365,366,365,365,365
01638480,16071,1/1/1980,12/31/2023,366,365,365,365,366,365,365,365,366,365,365,365,366,365,365,365,366,365,365,365,366,365,365,365,366,365,365,365,366,365,365,365,366,365,365,365,366,365,365,365,366,365,365,365
01639500,16071,1/1/1980,12/31/2023,366,365,365,365,366,365,365,365,366,365,365,365,366,365,365,365,366,365,365,365,366,365,365,365,366,365,365,365,366,365,365,365,366,365,365,365,366,365,365,365,366,365,365,365
01643000,16071,1/1/1980,12/31/2023,366,365,365,365,366,365,365,365,366,365,365,365,366,365,365,365,366,365,365,365,366,365,365,365,366,365,365,365,366,365,365,365,366,365,365,365,366,365,365,365,366,365,365,365
01644000,16071,1/1/1980,12/31/2023,366,365,365,365,366,365,365,365,366,365,365,365,366,365,365,365,366,365,365,365,366,365,365,365,366,365,365,365,366,365,365,365,366,365,365,365,366,365,365,365,366,365,365,365
01649500,16071,1/1/1980,12/31/2023,366,365,365,365,366,365,365,365,366,365,365,365,366,365,365,365,366,365,365,365,366,365,365,365,366,365,365,365,366,365,365,365,366,365,365,365,366,365,365,365,366,365,365,365
01658500,16071,1/1/1980,12/31/2023,366,365,365,365,366,365,365,365,366,365,365,365,366,365,365,365,366,365,365,365,366,365,365,365,366,365,365,365,366,365,365,365,366,365,365,365,366,365,365,365,366,365,365,365
01663500,12522,1/1/1980,12/31/2023,366,365,365,365,366,365,365,365,366,365,365,365,286,0,0,0,0,0,0,0,0,92,365,365,366,365,365,365,366,365,365,365,366,365,365,365,366,365,212,244,366,365,365,365
01664000,16071,1/1/1980,12/31/2023,366,365,365,365,366,365,365,365,366,365,365,365,366,365,365,365,366,365,365,365,366,365,365,365,366,365,365,365,366,365,365,365,366,365,365,365,366,365,365,365,366,365,365,365
01666500,16070,1/1/1980,12/31/2023,366,365,365,365,366,365,365,365,366,365,365,365,366,365,365,365,366,365,365,365,366,365,365,365,366,365,365,365,366,365,365,365,366,365,365,365,366,365,365,365,366,365,365,364
01667500,16071,1/1/1980,12/31/2023,366,365,365,365,366,365,365,365,366,365,365,365,366,365,365,365,366,365,365,365,366,365,365,365,366,365,365,365,366,365,365,365,366,365,365,365,366,365,365,365,366,365,365,365
01668000,16071,1/1/1980,12/31/2023,366,365,365,365,366,365,365,365,366,365,365,365,366,365,365,365,366,365,365,365,366,365,365,365,366,365,365,365,366,365,365,365,366,365,365,365,366,365,365,365,366,365,365,365
01669000,16071,1/1/1980,12/31/2023,366,365,365,365,366,365,365,365,366,365,365,365,366,365,365,365,366,365,365,365,366,365,365,365,366,365,365,365,366,365,365,365,366,365,365,365,366,365,365,365,366,365,365,365
01669520,15480,8/14/1981,12/31/2023,0,140,365,365,366,365,365,365,366,365,365,365,366,365,365,365,366,365,365,365,366,365,365,365,366,365,365,365,366,365,365,365,366,365,365,365,366,365,365,365,366,365,365,365
01672500,13974,1/1/1980,12/31/2023,366,365,365,365,366,365,365,365,366,365,365,365,366,365,365,365,366,272,0,0,0,0,0,187,366,365,365,365,366,365,365,365,366,365,365,365,366,365,365,365,366,365,365,365
01674500,16071,1/1/1980,12/31/2023,366,365,365,365,366,365,365,365,366,365,365,365,366,365,365,365,366,365,365,365,366,365,365,365,366,365,365,365,366,365,365,365,366,365,365,365,366,365,365,365,366,365,365,365
02011400,16070,1/1/1980,12/31/2023,366,365,365,365,366,365,365,365,366,365,365,365,366,365,365,365,366,365,365,365,366,365,365,365,366,365,365,365,366,365,365,365,366,365,365,365,366,365,365,365,366,365,365,364
02011460,16071,1/1/1980,12/31/2023,366,365,365,365,366,365,365,365,366,365,365,365,366,365,365,365,366,365,365,365,366,365,365,365,366,365,365,365,366,365,365,365,366,365,365,365,366,365,365,365,366,365,365,365
02013000,16071,1/1/1980,12/31/2023,366,365,365,365,366,365,365,365,366,365,365,365,366,365,365,365,366,365,365,365,366,365,365,365,366,365,365,365,366,365,365,365,366,365,365,365,366,365,365,365,366,365,365,365
02014000,16071,1/1/1980,12/31/2023,366,365,365,365,366,365,365,365,366,365,365,365,366,365,365,365,366,365,365,365,366,365,365,365,366,365,365,365,366,365,365,365,366,365,365,365,366,365,365,365,366,365,365,365
02015700,16071,1/1/1980,12/31/2023,366,365,365,365,366,365,365,365,366,365,365,365,366,365,365,365,366,365,365,365,366,365,365,365,366,365,365,365,366,365,365,365,366,365,365,365,366,365,365,365,366,365,365,365
02016000,16071,1/1/1980,12/31/2023,366,365,365,365,366,365,365,365,366,365,365,365,366,365,365,365,366,365,365,365,366,365,365,365,366,365,365,365,366,365,365,365,366,365,365,365,366,365,365,365,366,365,365,365
02017500,16071,1/1/1980,12/31/2023,366,365,365,365,366,365,365,365,366,365,365,365,366,365,365,365,366,365,365,365,366,365,365,365,366,365,365,365,366,365,365,365,366,365,365,365,366,365,365,365,366,365,365,365
02018000,16071,1/1/1980,12/31/2023,366,365,365,365,366,365,365,365,366,365,365,365,366,365,365,365,366,365,365,365,366,365,365,365,366,365,365,365,366,365,365,365,366,365,365,365,366,365,365,365,366,365,365,365
02027000,16071,1/1/1980,12/31/2023,366,365,365,365,366,365,365,365,366,365,365,365,366,365,365,365,366,365,365,365,366,365,365,365,366,365,365,365,366,365,365,365,366,365,365,365,366,365,365,365,366,365,365,365
02027500,16071,1/1/1980,12/31/2023,366,365,365,365,366,365,365,365,366,365,365,365,366,365,365,365,366,365,365,365,366,365,365,365,366,365,365,365,366,365,365,365,366,365,365,365,366,365,365,365,366,365,365,365
02028500,16071,1/1/1980,12/31/2023,366,365,365,365,366,365,365,365,366,365,365,365,366,365,365,365,366,365,365,365,366,365,365,365,366,365,365,365,366,365,365,365,366,365,365,365,366,365,365,365,366,365,365,365
02030500,12533,1/1/1980,12/31/2023,366,365,365,365,366,365,365,365,366,365,365,365,366,365,365,288,0,0,0,0,0,0,0,0,0,192,365,365,366,365,365,365,366,365,365,365,366,365,365,365,366,365,365,365
02038850,16071,1/1/1980,12/31/2023,366,365,365,365,366,365,365,365,366,365,365,365,366,365,365,365,366,365,365,365,366,365,365,365,366,365,365,365,366,365,365,365,366,365,365,365,366,365,365,365,366,365,365,365
02046000,16071,1/1/1980,12/31/2023,366,365,365,365,366,365,365,365,366,365,365,365,366,365,365,365,366,365,365,365,366,365,365,365,366,365,365,365,366,365,365,365,366,365,365,365,366,365,365,365,366,365,365,365
02051000,15705,1/1/1980,12/31/2023,273,92,365,365,366,365,365,365,366,365,365,365,366,365,365,365,366,365,365,365,366,365,365,365,366,365,365,365,366,365,365,365,366,365,365,365,366,365,365,365,366,365,365,365
02051500,16069,1/1/1980,12/31/2023,366,365,365,365,366,365,365,365,366,365,365,365,366,365,365,365,366,365,365,365,366,365,365,365,366,365,365,365,366,365,365,365,366,365,365,365,365,365,365,365,366,365,365,364
02053200,16071,1/1/1980,12/31/2023,366,365,365,365,366,365,365,365,366,365,365,365,366,365,365,365,366,365,365,365,366,365,365,365,366,365,365,365,366,365,365,365,366,365,365,365,366,365,365,365,366,365,365,365
02053800,16071,1/1/1980,12/31/2023,366,365,365,365,366,365,365,365,366,365,365,365,366,365,365,365,366,365,365,365,366,365,365,365,366,365,365,365,366,365,365,365,366,365,365,365,366,365,365,365,366,365,365,365
02055000,16071,1/1/1980,12/31/2023,366,365,365,365,366,365,365,365,366,365,365,365,366,365,365,365,366,365,365,365,366,365,365,365,366,365,365,365,366,365,365,365,366,365,365,365,366,365,365,365,366,365,365,365
02055100,16070,1/1/1980,12/31/2023,366,365,365,365,366,365,365,365,366,365,365,365,366,365,365,365,366,365,365,365,366,365,365,365,366,365,365,365,366,365,365,365,366,365,365,365,365,365,365,365,366,365,365,365
02056900,16071,1/1/1980,12/31/2023,366,365,365,365,366,365,365,365,366,365,365,365,366,365,365,365,366,365,365,365,366,365,365,365,366,365,365,365,366,365,365,365,366,365,365,365,366,365,365,365,366,365,365,365
02058400,16071,1/1/1980,12/31/2023,366,365,365,365,366,365,365,365,366,365,365,365,366,365,365,365,366,365,365,365,366,365,365,365,366,365,365,365,366,365,365,365,366,365,365,365,366,365,365,365,366,365,365,365
02059500,16070,1/1/1980,12/31/2023,366,365,365,365,366,365,365,365,366,365,365,365,366,365,365,365,366,365,365,365,366,365,365,365,366,365,365,365,366,365,365,365,366,365,365,365,366,365,365,365,366,365,365,364
02064000,15654,1/1/1980,12/31/2023,366,365,365,365,366,365,365,365,366,365,365,365,366,365,365,365,366,365,365,365,366,365,365,365,366,365,365,365,366,365,365,365,366,365,365,69,245,365,365,365,366,365,365,365
02065500,16071,1/1/1980,12/31/2023,366,365,365,365,366,365,365,365,366,365,365,365,366,365,365,365,366,365,365,365,366,365,365,365,366,365,365,365,366,365,365,365,366,365,365,365,366,365,365,365,366,365,365,365
02069700,16071,1/1/1980,12/31/2023,366,365,365,365,366,365,365,365,366,365,365,365,366,365,365,365,366,365,365,365,366,365,365,365,366,365,365,365,366,365,365,365,366,365,365,365,366,365,365,365,366,365,365,365
02070000,16071,1/1/1980,12/31/2023,366,365,365,365,366,365,365,365,366,365,365,365,366,365,365,365,366,365,365,365,366,365,365,365,366,365,365,365,366,365,365,365,366,365,365,365,366,365,365,365,366,365,365,365
02074500,16071,1/1/1980,12/31/2023,366,365,365,365,366,365,365,365,366,365,365,365,366,365,365,365,366,365,365,365,366,365,365,365,366,365,365,365,366,365,365,365,366,365,365,365,366,365,365,365,366,365,365,365
02077200,16071,1/1/1980,12/31/2023,366,365,365,365,366,365,365,365,366,365,365,365,366,365,365,365,366,365,365,365,366,365,365,365,366,365,365,365,366,365,365,365,366,365,365,365,366,365,365,365,366,365,365,365
02081500,16071,1/1/1980,12/31/2023,366,365,365,365,366,365,365,365,366,365,365,365,366,365,365,365,366,365,365,365,366,365,365,365,366,365,365,365,366,365,365,365,366,365,365,365,366,365,365,365,366,365,365,365
02082950,16071,1/1/1980,12/31/2023,366,365,365,365,366,365,365,365,366,365,365,365,366,365,365,365,366,365,365,365,366,365,365,365,366,365,365,365,366,365,365,365,366,365,365,365,366,365,365,365,366,365,365,365
02083500,16068,1/1/1980,12/31/2023,366,365,365,365,366,365,365,365,366,365,365,365,366,364,364,364,366,365,365,365,366,365,365,365,366,365,365,365,366,365,365,365,366,365,365,365,366,365,365,365,366,365,365,365
02092500,16071,1/1/1980,12/31/2023,366,365,365,365,366,365,365,365,366,365,365,365,366,365,365,365,366,365,365,365,366,365,365,365,366,365,365,365,366,365,365,365,366,365,365,365,366,365,365,365,366,365,365,365
02096846,12844,11/1/1988,12/31/2023,0,0,0,0,0,0,0,0,61,365,365,365,366,365,365,365,366,365,365,365,366,365,365,365,366,365,365,365,366,365,365,365,366,365,365,365,366,365,365,365,366,365,365,365
02102000,16071,1/1/1980,12/31/2023,366,365,365,365,366,365,365,365,366,365,365,365,366,365,365,365,366,365,365,365,366,365,365,365,366,365,365,365,366,365,365,365,366,365,365,365,366,365,365,365,366,365,365,365
02102908,16071,1/1/1980,12/31/2023,366,365,365,365,366,365,365,365,366,365,365,365,366,365,365,365,366,365,365,365,366,365,365,365,366,365,365,365,366,365,365,365,366,365,365,365,366,365,365,365,366,365,365,365
02108000,16069,1/1/1980,12/31/2023,366,365,365,365,366,365,365,365,366,365,365,365,366,365,365,365,366,365,365,365,366,365,365,365,366,365,365,365,366,365,365,365,366,365,365,365,364,365,365,365,366,365,365,365
02111180,16044,1/1/1980,12/31/2023,366,365,365,365,366,365,365,365,366,365,365,365,366,365,365,365,366,365,365,365,366,365,365,365,366,365,365,365,366,365,365,365,366,365,365,365,366,365,365,338,366,365,365,365
02111500,16071,1/1/1980,12/31/2023,366,365,365,365,366,365,365,365,366,365,365,365,366,365,365,365,366,365,365,365,366,365,365,365,366,365,365,365,366,365,365,365,366,365,365,365,366,365,365,365,366,365,365,365
02112120,12704,1/1/1980,10/12/2014,366,365,365,365,366,365,365,365,366,365,365,365,366,365,365,365,366,365,365,365,366,365,365,365,366,365,365,365,366,365,365,365,366,365,285,0,0,0,0,0,0,0,0,0
02112360,12691,1/1/1980,9/29/2014,366,365,365,365,366,365,365,365,366,365,365,365,366,365,365,365,366,365,365,365,366,365,365,365,366,365,365,365,366,365,365,365,366,365,272,0,0,0,0,0,0,0,0,0
02116500,16065,1/1/1980,12/31/2023,366,365,365,365,366,365,365,365,366,365,365,365,366,365,365,365,366,359,365,365,366,365,365,365,366,365,365,365,366,365,365,365,366,365,365,365,366,365,365,365,366,365,365,365
02118000,16071,1/1/1980,12/31/2023,366,365,365,365,366,365,365,365,366,365,365,365,366,365,365,365,366,365,365,365,366,365,365,365,366,365,365,365,366,365,365,365,366,365,365,365,366,365,365,365,366,365,365,365
02118500,16014,1/1/1980,12/31/2023,366,365,365,365,366,365,365,365,366,365,365,365,366,365,365,365,366,365,365,365,366,365,365,365,366,365,365,365,366,365,365,365,366,365,365,365,366,365,365,365,309,365,365,365
02125000,11230,1/1/1980,9/29/2010,366,365,365,365,366,365,365,365,366,365,365,365,366,365,365,365,366,365,365,365,366,365,365,365,366,365,365,365,366,365,272,0,0,0,0,0,0,0,0,0,0,0,0,0
02126000,16071,1/1/1980,12/31/2023,366,365,365,365,366,365,365,365,366,365,365,365,366,365,365,365,366,365,365,365,366,365,365,365,366,365,365,365,366,365,365,365,366,365,365,365,366,365,365,365,366,365,365,365
02128000,16070,1/1/1980,12/31/2023,366,365,365,365,366,365,365,365,366,365,365,365,366,365,365,365,366,365,365,365,366,365,365,365,366,365,365,365,366,365,365,365,366,365,365,365,365,365,365,365,366,365,365,365
02135000,15882,1/1/1980,12/31/2023,366,365,365,365,366,365,365,365,366,365,365,365,366,365,365,365,366,365,365,365,366,365,365,365,366,365,365,365,366,365,365,365,282,261,365,365,366,365,365,365,366,365,364,365
02137727,15797,10/1/1980,12/31/2023,92,365,365,365,366,365,365,365,366,365,365,365,366,365,365,365,366,365,365,365,366,365,365,365,366,365,365,365,366,365,365,365,366,365,365,365,366,365,365,365,366,365,365,365
02138500,16071,1/1/1980,12/31/2023,366,365,365,365,366,365,365,365,366,365,365,365,366,365,365,365,366,365,365,365,366,365,365,365,366,365,365,365,366,365,365,365,366,365,365,365,366,365,365,365,366,365,365,365
02140991,14124,5/1/1985,12/31/2023,0,0,0,0,0,245,365,365,366,365,365,365,366,365,365,365,366,365,365,365,366,365,365,365,366,365,365,365,366,365,365,365,366,365,365,365,366,365,365,365,366,365,365,365
02143000,16071,1/1/1980,12/31/2023,366,365,365,365,366,365,365,365,366,365,365,365,366,365,365,365,366,365,365,365,366,365,365,365,366,365,365,365,366,365,365,365,366,365,365,365,366,365,365,365,366,365,365,365
02143040,16071,1/1/1980,12/31/2023,366,365,365,365,366,365,365,365,366,365,365,365,366,365,365,365,366,365,365,365,366,365,365,365,366,365,365,365,366,365,365,365,366,365,365,365,366,365,365,365,366,365,365,365
02143500,16071,1/1/1980,12/31/2023,366,365,365,365,366,365,365,365,366,365,365,365,366,365,365,365,366,365,365,365,366,365,365,365,366,365,365,365,366,365,365,365,366,365,365,365,366,365,365,365,366,365,365,365
02149000,16071,1/1/1980,12/31/2023,366,365,365,365,366,365,365,365,366,365,365,365,366,365,365,365,366,365,365,365,366,365,365,365,366,365,365,365,366,365,365,365,366,365,365,365,366,365,365,365,366,365,365,365
02152100,16071,1/1/1980,12/31/2023,366,365,365,365,366,365,365,365,366,365,365,365,366,365,365,365,366,365,365,365,366,365,365,365,366,365,365,365,366,365,365,365,366,365,365,365,366,365,365,365,366,365,365,365
02156500,16071,1/1/1980,12/31/2023,366,365,365,365,366,365,365,365,366,365,365,365,366,365,365,365,366,365,365,365,366,365,365,365,366,365,365,365,366,365,365,365,366,365,365,365,366,365,365,365,366,365,365,365
02165000,9039,1/1/1980,9/29/2004,366,365,365,365,366,365,365,365,366,365,365,365,366,365,365,365,366,365,365,365,366,365,365,365,273,0,0,0,0,0,0,0,0,0,0,0,0,0,0,0,0,0,0,0
02177000,16071,1/1/1980,12/31/2023,366,365,365,365,366,365,365,365,366,365,365,365,366,365,365,365,366,365,365,365,366,365,365,365,366,365,365,365,366,365,365,365,366,365,365,365,366,365,365,365,366,365,365,365
02178400,16071,1/1/1980,12/31/2023,366,365,365,365,366,365,365,365,366,365,365,365,366,365,365,365,366,365,365,365,366,365,365,365,366,365,365,365,366,365,365,365,366,365,365,365,366,365,365,365,366,365,365,365
02192000,16071,1/1/1980,12/31/2023,366,365,365,365,366,365,365,365,366,365,365,365,366,365,365,365,366,365,365,365,366,365,365,365,366,365,365,365,366,365,365,365,366,365,365,365,366,365,365,365,366,365,365,365
02193340,13773,4/16/1986,12/31/2023,0,0,0,0,0,0,260,365,366,365,365,365,366,365,365,365,366,365,365,365,366,365,365,365,366,365,365,365,366,365,365,365,366,365,365,365,365,365,365,365,366,365,365,365
02196000,7989,11/16/1983,9/29/2005,0,0,0,46,366,365,365,365,366,365,365,365,366,365,365,365,366,365,365,365,366,365,365,365,366,272,0,0,0,0,0,0,0,0,0,0,0,0,0,0,0,0,0,0
02198100,13722,6/7/1986,12/31/2023,0,0,0,0,0,0,208,365,366,365,365,365,366,365,365,365,366,365,365,365,366,365,365,365,366,365,365,365,366,365,365,365,366,365,365,365,366,365,365,365,366,365,365,365
02202500,16071,1/1/1980,12/31/2023,366,365,365,365,366,365,365,365,366,365,365,365,366,365,365,365,366,365,365,365,366,365,365,365,366,365,365,365,366,365,365,365,366,365,365,365,366,365,365,365,366,365,365,365
02202600,16027,2/14/1980,12/31/2023,322,365,365,365,366,365,365,365,366,365,365,365,366,365,365,365,366,365,365,365,366,365,365,365,366,365,365,365,366,365,365,365,366,365,365,365,366,365,365,365,366,365,365,365
02212600,16071,1/1/1980,12/31/2023,366,365,365,365,366,365,365,365,366,365,365,365,366,365,365,365,366,365,365,365,366,365,365,365,366,365,365,365,366,365,365,365,366,365,365,365,366,365,365,365,366,365,365,365
02215100,13788,4/1/1986,12/31/2023,0,0,0,0,0,0,275,365,366,365,365,365,366,365,365,365,366,365,365,365,366,365,365,365,366,365,365,365,366,365,365,365,366,365,365,365,366,364,365,365,366,365,365,365
02216180,14975,1/1/1983,12/31/2023,0,0,0,365,366,365,365,365,366,365,365,365,366,365,365,365,366,365,365,365,366,365,365,365,366,365,365,365,366,365,365,365,366,365,365,365,366,365,365,365,366,365,365,365
02217500,16071,1/1/1980,12/31/2023,366,365,365,365,366,365,365,365,366,365,365,365,366,365,365,365,366,365,365,365,366,365,365,365,366,365,365,365,366,365,365,365,366,365,365,365,366,365,365,365,366,365,365,365
02221525,16070,1/1/1980,12/31/2023,366,365,365,365,366,365,365,365,366,365,365,365,366,365,365,365,366,365,365,365,366,365,365,365,366,365,365,365,366,365,365,365,366,365,365,365,366,365,364,365,366,365,365,365
02228000,16071,1/1/1980,12/31/2023,366,365,365,365,366,365,365,365,366,365,365,365,366,365,365,365,366,365,365,365,366,365,365,365,366,365,365,365,366,365,365,365,366,365,365,365,366,365,365,365,366,365,365,365
02231000,16071,1/1/1980,12/31/2023,366,365,365,365,366,365,365,365,366,365,365,365,366,365,365,365,366,365,365,365,366,365,365,365,366,365,365,365,366,365,365,365,366,365,365,365,366,365,365,365,366,365,365,365
02231342,16071,1/1/1980,12/31/2023,366,365,365,365,366,365,365,365,366,365,365,365,366,365,365,365,366,365,365,365,366,365,365,365,366,365,365,365,366,365,365,365,366,365,365,365,366,365,365,365,366,365,365,365
02235200,14927,12/1/1980,12/31/2023,2,284,252,144,140,226,365,365,366,365,365,365,366,365,365,365,366,365,365,365,366,365,365,365,366,365,365,365,366,365,365,365,366,365,365,365,366,365,365,365,366,365,365,365
02236000,16070,1/1/1980,12/31/2023,366,365,365,365,366,365,365,365,366,365,365,365,366,365,365,365,366,365,365,365,366,365,365,365,366,365,365,365,366,365,365,365,366,365,365,365,366,365,365,365,366,365,365,364
02245500,16071,1/1/1980,12/31/2023,366,365,365,365,366,365,365,365,366,365,365,365,366,365,365,365,366,365,365,365,366,365,365,365,366,365,365,365,366,365,365,365,366,365,365,365,366,365,365,365,366,365,365,365
02246000,16071,1/1/1980,12/31/2023,366,365,365,365,366,365,365,365,366,365,365,365,366,365,365,365,366,365,365,365,366,365,365,365,366,365,365,365,366,365,365,365,366,365,365,365,366,365,365,365,366,365,365,365
02296500,16071,1/1/1980,12/31/2023,366,365,365,365,366,365,365,365,366,365,365,365,366,365,365,365,366,365,365,365,366,365,365,365,366,365,365,365,366,365,365,365,366,365,365,365,366,365,365,365,366,365,365,365
02296750,16071,1/1/1980,12/31/2023,366,365,365,365,366,365,365,365,366,365,365,365,366,365,365,365,366,365,365,365,366,365,365,365,366,365,365,365,366,365,365,365,366,365,365,365,366,365,365,365,366,365,365,365
02297155,16028,1/1/1980,12/31/2023,366,365,365,365,366,365,365,365,366,365,365,365,366,365,365,365,366,365,365,365,366,365,365,365,366,365,365,365,366,365,365,365,366,365,365,365,341,347,365,365,366,365,365,365
02297310,15706,1/1/1980,12/31/2023,366,365,365,365,366,365,365,365,366,365,365,365,366,365,365,365,366,365,365,365,366,365,272,93,366,365,365,365,366,365,365,365,366,365,365,365,366,365,365,365,366,365,365,365
02298123,16071,1/1/1980,12/31/2023,366,365,365,365,366,365,365,365,366,365,365,365,366,365,365,365,366,365,365,365,366,365,365,365,366,365,365,365,366,365,365,365,366,365,365,365,366,365,365,365,366,365,365,365
02298608,16071,1/1/1980,12/31/2023,366,365,365,365,366,365,365,365,366,365,365,365,366,365,365,365,366,365,365,365,366,365,365,365,366,365,365,365,366,365,365,365,366,365,365,365,366,365,365,365,366,365,365,365
02299950,16051,1/1/1980,12/31/2023,366,365,365,365,366,365,365,365,366,365,365,365,366,365,365,365,366,365,365,365,366,365,365,365,366,365,365,365,366,365,365,365,366,365,365,365,366,365,365,365,366,365,365,345
02300700,16070,1/1/1980,12/31/2023,366,365,365,365,366,365,365,365,366,365,365,365,366,365,365,365,366,365,365,365,366,365,365,365,366,365,365,365,366,365,364,365,366,365,365,365,366,365,365,365,366,365,365,365
02310947,15706,1/1/1980,12/31/2023,366,365,273,92,366,365,365,365,366,365,365,365,366,365,365,365,366,365,365,365,366,365,365,365,366,365,365,365,366,365,365,365,366,365,365,365,366,365,365,365,366,365,365,365
02312200,16071,1/1/1980,12/31/2023,366,365,365,365,366,365,365,365,366,365,365,365,366,365,365,365,366,365,365,365,366,365,365,365,366,365,365,365,366,365,365,365,366,365,365,365,366,365,365,365,366,365,365,365
02314500,16071,1/1/1980,12/31/2023,366,365,365,365,366,365,365,365,366,365,365,365,366,365,365,365,366,365,365,365,366,365,365,365,366,365,365,365,366,365,365,365,366,365,365,365,366,365,365,365,366,365,365,365
02315500,16071,1/1/1980,12/31/2023,366,365,365,365,366,365,365,365,366,365,365,365,366,365,365,365,366,365,365,365,366,365,365,365,366,365,365,365,366,365,365,365,366,365,365,365,366,365,365,365,366,365,365,365
02324400,16071,1/1/1980,12/31/2023,366,365,365,365,366,365,365,365,366,365,365,365,366,365,365,365,366,365,365,365,366,365,365,365,366,365,365,365,366,365,365,365,366,365,365,365,366,365,365,365,366,365,365,365
02327100,16071,1/1/1980,12/31/2023,366,365,365,365,366,365,365,365,366,365,365,365,366,365,365,365,366,365,365,365,366,365,365,365,366,365,365,365,366,365,365,365,366,365,365,365,366,365,365,365,366,365,365,365
02329000,16070,1/1/1980,12/31/2023,366,365,365,365,366,365,365,365,366,365,365,365,366,365,365,365,366,365,365,365,366,365,365,365,366,365,365,365,366,365,365,365,366,365,365,365,366,365,365,365,366,365,365,364
02339500,16070,1/1/1980,12/31/2023,366,365,365,365,366,365,365,365,366,365,365,365,366,365,365,365,366,365,365,365,366,365,365,365,366,365,365,365,366,365,365,365,366,365,365,365,366,365,364,365,366,365,365,365
02342933,11602,1/1/1980,10/6/2011,366,365,365,365,366,365,365,365,366,365,365,365,366,365,365,365,366,365,365,365,366,365,365,365,366,365,365,365,366,365,365,279,0,0,0,0,0,0,0,0,0,0,0,0
02347500,16071,1/1/1980,12/31/2023,366,365,365,365,366,365,365,365,366,365,365,365,366,365,365,365,366,365,365,365,366,365,365,365,366,365,365,365,366,365,365,365,366,365,365,365,366,365,365,365,366,365,365,365
02349500,8816,1/1/1980,2/29/2004,366,365,365,365,366,365,365,365,366,365,365,365,366,365,365,365,366,365,365,365,366,365,365,360,55,0,0,0,0,0,0,0,0,0,0,0,0,0,0,0,0,0,0,0
02349900,16071,1/1/1980,12/31/2023,366,365,365,365,366,365,365,365,366,365,365,365,366,365,365,365,366,365,365,365,366,365,365,365,366,365,365,365,366,365,365,365,366,365,365,365,366,365,365,365,366,365,365,365
02350900,14179,3/7/1985,12/31/2023,0,0,0,0,0,300,365,365,366,365,365,365,366,365,365,365,366,365,365,365,366,365,365,365,366,365,365,365,366,365,365,365,366,365,365,365,366,365,365,365,366,365,365,365
02361000,16071,1/1/1980,12/31/2023,366,365,365,365,366,365,365,365,366,365,365,365,366,365,365,365,366,365,365,365,366,365,365,365,366,365,365,365,366,365,365,365,366,365,365,365,366,365,365,365,366,365,365,365
02363000,13241,10/1/1987,12/31/2023,0,0,0,0,0,0,0,92,366,365,365,365,366,365,365,365,366,365,365,365,366,365,365,365,366,365,365,365,366,365,365,365,366,365,365,365,366,365,365,365,366,365,365,365
02365500,15444,1/1/1980,12/31/2023,366,365,365,365,366,365,365,365,366,365,365,365,366,365,365,89,92,365,339,331,349,365,365,365,366,365,365,365,366,365,365,365,366,365,365,365,366,365,365,365,366,365,365,365
02369800,16071,1/1/1980,12/31/2023,366,365,365,365,366,365,365,365,366,365,365,365,366,365,365,365,366,365,365,365,366,365,365,365,366,365,365,365,366,365,365,365,366,365,365,365,366,365,365,365,366,365,365,365
02371500,16071,1/1/1980,12/31/2023,366,365,365,365,366,365,365,365,366,365,365,365,366,365,365,365,366,365,365,365,366,365,365,365,366,365,365,365,366,365,365,365,366,365,365,365,366,365,365,365,366,365,365,365
02372250,16071,1/1/1980,12/31/2023,366,365,365,365,366,365,365,365,366,365,365,365,366,365,365,365,366,365,365,365,366,365,365,365,366,365,365,365,366,365,365,365,366,365,365,365,366,365,365,365,366,365,365,365
02374500,16071,1/1/1980,12/31/2023,366,365,365,365,366,365,365,365,366,365,365,365,366,365,365,365,366,365,365,365,366,365,365,365,366,365,365,365,366,365,365,365,366,365,365,365,366,365,365,365,366,365,365,365
02375500,16071,1/1/1980,12/31/2023,366,365,365,365,366,365,365,365,366,365,365,365,366,365,365,365,366,365,365,365,366,365,365,365,366,365,365,365,366,365,365,365,366,365,365,365,366,365,365,365,366,365,365,365
02381600,16070,1/1/1980,12/31/2023,366,365,365,365,366,365,365,365,366,365,365,365,366,365,365,365,366,365,365,365,366,365,365,365,366,365,365,365,366,365,365,365,366,365,365,365,365,365,365,365,366,365,365,365
02383500,16070,1/1/1980,12/31/2023,366,365,365,365,366,365,365,365,366,365,365,365,366,365,365,365,366,365,365,365,366,365,365,365,366,365,365,365,366,365,365,365,366,365,365,365,366,365,365,365,365,365,365,365
02384540,14214,1/30/1985,12/31/2023,0,0,0,0,0,336,365,365,366,365,365,365,366,365,365,365,366,365,365,365,366,365,365,365,366,365,365,365,366,365,365,365,366,365,365,364,366,365,365,365,366,365,365,365
02387000,16071,1/1/1980,12/31/2023,366,365,365,365,366,365,365,365,366,365,365,365,366,365,365,365,366,365,365,365,366,365,365,365,366,365,365,365,366,365,365,365,366,365,365,365,366,365,365,365,366,365,365,365
02387500,16071,1/1/1980,12/31/2023,366,365,365,365,366,365,365,365,366,365,365,365,366,365,365,365,366,365,365,365,366,365,365,365,366,365,365,365,366,365,365,365,366,365,365,365,366,365,365,365,366,365,365,365
02395120,15949,5/2/1980,12/31/2023,244,365,365,365,366,365,365,365,366,365,365,365,366,365,365,365,366,365,365,365,366,365,365,365,366,365,365,365,366,365,365,365,366,365,365,365,366,365,365,365,366,365,365,365
02408540,15797,10/1/1980,12/31/2023,92,365,365,365,366,365,365,365,366,365,365,365,366,365,365,365,366,365,365,365,366,365,365,365,366,365,365,365,366,365,365,365,366,365,365,365,366,365,365,365,366,365,365,365
02414500,16033,1/1/1980,12/31/2023,366,365,365,365,366,365,365,365,366,365,365,365,366,365,365,365,366,365,365,365,366,365,365,365,366,365,365,365,366,365,365,365,366,365,365,365,366,365,365,327,366,365,365,365
02415000,13971,10/1/1985,12/31/2023,0,0,0,0,0,92,365,365,366,365,365,365,366,365,365,365,366,365,365,365,366,365,365,365,366,365,365,365,366,365,365,365,366,365,365,365,366,365,365,365,366,365,365,365
02422500,16067,1/1/1980,12/31/2023,366,365,365,365,366,365,365,365,366,365,365,365,366,365,365,365,366,365,365,365,366,365,365,365,366,365,365,365,366,365,365,365,366,365,365,365,362,365,365,365,366,365,365,365
02427250,12510,10/1/1989,12/31/2023,0,0,0,0,0,0,0,0,0,92,365,365,366,365,365,365,366,365,365,365,366,365,365,365,366,365,365,365,366,365,365,365,366,365,365,365,366,365,365,365,366,365,365,365
02430085,16070,1/1/1980,12/31/2023,366,365,365,365,366,365,365,365,366,365,365,365,366,365,365,365,366,365,365,365,366,365,365,365,366,365,365,365,366,365,365,365,366,365,365,365,365,365,365,365,366,365,365,365
02430615,11595,1/1/1980,9/29/2011,366,365,365,365,366,365,365,365,366,365,365,365,366,365,365,365,366,365,365,365,366,365,365,365,366,365,365,365,366,365,365,272,0,0,0,0,0,0,0,0,0,0,0,0
02448000,15705,1/1/1980,12/31/2023,366,365,365,365,366,365,365,365,366,272,93,365,366,365,365,365,366,365,365,365,366,365,365,365,366,365,365,365,366,365,365,365,366,365,365,365,365,365,365,365,366,365,365,365
02450250,16071,1/1/1980,12/31/2023,366,365,365,365,366,365,365,365,366,365,365,365,366,365,365,365,366,365,365,365,366,365,365,365,366,365,365,365,366,365,365,365,366,365,365,365,366,365,365,365,366,365,365,365
02456500,16071,1/1/1980,12/31/2023,366,365,365,365,366,365,365,365,366,365,365,365,366,365,365,365,366,365,365,365,366,365,365,365,366,365,365,365,366,365,365,365,366,365,365,365,366,365,365,365,366,365,365,365
02464000,16071,1/1/1980,12/31/2023,366,365,365,365,366,365,365,365,366,365,365,365,366,365,365,365,366,365,365,365,366,365,365,365,366,365,365,365,366,365,365,365,366,365,365,365,366,365,365,365,366,365,365,365
02464146,13031,2/5/1981,10/9/2018,0,330,365,365,274,0,92,365,366,365,365,365,366,365,365,365,366,365,365,365,366,365,365,365,366,365,365,365,366,365,365,365,366,365,365,365,366,365,282,0,0,0,0,0
02464360,11688,10/1/1986,9/30/2018,0,0,0,0,0,0,92,365,366,365,365,365,366,365,365,365,366,365,365,365,366,365,365,365,366,365,365,365,366,365,365,365,366,365,365,365,366,365,273,0,0,0,0,0
02465493,16071,1/1/1980,12/31/2023,366,365,365,365,366,365,365,365,366,365,365,365,366,365,365,365,366,365,365,365,366,365,365,365,366,365,365,365,366,365,365,365,366,365,365,365,366,365,365,365,366,365,365,365
02469800,16071,1/1/1980,12/31/2023,366,365,365,365,366,365,365,365,366,365,365,365,366,365,365,365,366,365,365,365,366,365,365,365,366,365,365,365,366,365,365,365,366,365,365,365,366,365,365,365,366,365,365,365
02472000,16070,1/1/1980,12/31/2023,366,365,365,365,366,365,365,365,366,365,365,365,366,365,365,365,366,365,365,365,366,365,365,365,366,365,365,365,366,365,365,365,366,365,365,365,365,365,365,365,366,365,365,365
02472500,16059,1/1/1980,12/31/2023,366,365,365,365,366,365,365,365,366,365,365,365,366,365,365,365,366,365,365,365,366,365,365,365,366,365,365,365,366,365,365,365,366,365,365,365,366,353,365,365,366,365,365,365
02475000,16051,1/1/1980,12/31/2023,366,365,365,365,366,365,365,365,366,365,365,365,366,365,365,365,366,365,365,365,366,365,365,365,366,365,365,365,366,365,365,365,366,365,365,365,347,364,365,365,366,365,365,365
02475500,16009,1/1/1980,12/31/2023,366,365,365,365,366,365,365,365,366,365,365,365,366,365,365,365,366,365,365,365,365,365,365,365,366,365,365,365,366,365,365,365,366,365,365,365,366,358,365,311,366,365,365,365
02478500,16063,1/1/1980,12/31/2023,366,365,365,365,366,365,365,365,366,365,365,365,366,365,365,365,366,365,365,365,366,365,365,365,366,365,365,365,366,365,365,365,366,365,365,365,363,361,365,365,366,365,364,365
02479155,16070,1/1/1980,12/31/2023,366,365,365,365,366,365,365,365,366,365,365,365,366,365,365,365,366,365,365,365,366,365,365,365,366,365,365,365,366,365,365,365,366,365,365,365,365,365,365,365,366,365,365,365
02479300,16071,1/1/1980,12/31/2023,366,365,365,365,366,365,365,365,366,365,365,365,366,365,365,365,366,365,365,365,366,365,365,365,366,365,365,365,366,365,365,365,366,365,365,365,366,365,365,365,366,365,365,365
02479560,14897,1/1/1980,10/13/2020,366,365,365,365,366,365,365,365,366,365,365,365,366,365,365,365,366,365,365,365,366,365,365,365,366,365,365,365,366,365,365,365,366,365,365,365,366,365,365,365,287,0,0,0
02481000,15696,1/1/1980,12/31/2023,366,365,365,365,366,365,365,365,366,272,93,365,366,365,365,365,366,365,365,365,366,365,365,365,366,365,365,365,366,365,365,365,366,365,365,365,365,359,362,365,366,365,365,365
02481510,16070,1/1/1980,12/31/2023,366,365,365,365,366,365,365,365,366,365,365,365,366,365,365,365,366,365,365,365,366,365,365,365,366,365,365,365,366,365,365,365,366,365,365,365,365,365,365,365,366,365,365,365
02482000,16069,1/1/1980,12/31/2023,366,365,365,365,366,365,365,365,366,365,365,365,366,365,365,365,366,365,365,365,366,365,365,365,366,365,365,365,366,365,365,365,366,365,365,365,366,364,365,365,365,365,365,365
02486000,15699,1/1/1980,12/31/2023,366,365,365,365,366,365,365,365,366,365,365,365,366,365,365,365,366,273,92,365,366,365,365,365,366,365,365,365,366,365,365,365,366,365,365,365,366,363,365,365,363,363,365,365
02492000,16071,1/1/1980,12/31/2023,366,365,365,365,366,365,365,365,366,365,365,365,366,365,365,365,366,365,365,365,366,365,365,365,366,365,365,365,366,365,365,365,366,365,365,365,366,365,365,365,366,365,365,365
03010500,16071,1/1/1980,12/31/2023,366,365,365,365,366,365,365,365,366,365,365,365,366,365,365,365,366,365,365,365,366,365,365,365,366,365,365,365,366,365,365,365,366,365,365,365,366,365,365,365,366,365,365,365
03010655,16071,1/1/1980,12/31/2023,366,365,365,365,366,365,365,365,366,365,365,365,366,365,365,365,366,365,365,365,366,365,365,365,366,365,365,365,366,365,365,365,366,365,365,365,366,365,365,365,366,365,365,365
03011020,16071,1/1/1980,12/31/2023,366,365,365,365,366,365,365,365,366,365,365,365,366,365,365,365,366,365,365,365,366,365,365,365,366,365,365,365,366,365,365,365,366,365,365,365,366,365,365,365,366,365,365,365
03011800,16071,1/1/1980,12/31/2023,366,365,365,365,366,365,365,365,366,365,365,365,366,365,365,365,366,365,365,365,366,365,365,365,366,365,365,365,366,365,365,365,366,365,365,365,366,365,365,365,366,365,365,365
03015500,16071,1/1/1980,12/31/2023,366,365,365,365,366,365,365,365,366,365,365,365,366,365,365,365,366,365,365,365,366,365,365,365,366,365,365,365,366,365,365,365,366,365,365,365,366,365,365,365,366,365,365,365
03020500,16070,1/1/1980,12/31/2023,366,365,365,365,366,365,365,365,366,365,365,365,366,365,365,365,366,365,365,365,366,365,365,365,366,365,365,365,366,365,365,365,366,365,365,365,366,365,365,365,366,365,365,364
03021350,16071,1/1/1980,12/31/2023,366,365,365,365,366,365,365,365,366,365,365,365,366,365,365,365,366,365,365,365,366,365,365,365,366,365,365,365,366,365,365,365,366,365,365,365,366,365,365,365,366,365,365,365
03024000,16071,1/1/1980,12/31/2023,366,365,365,365,366,365,365,365,366,365,365,365,366,365,365,365,366,365,365,365,366,365,365,365,366,365,365,365,366,365,365,365,366,365,365,365,366,365,365,365,366,365,365,365
03026500,16071,1/1/1980,12/31/2023,366,365,365,365,366,365,365,365,366,365,365,365,366,365,365,365,366,365,365,365,366,365,365,365,366,365,365,365,366,365,365,365,366,365,365,365,366,365,365,365,366,365,365,365
03028000,16070,1/1/1980,12/31/2023,366,365,365,365,366,365,365,365,366,365,365,365,366,365,365,365,366,365,365,365,366,365,365,365,366,365,365,365,366,365,364,365,366,365,365,365,366,365,365,365,366,365,365,365
03032500,16071,1/1/1980,12/31/2023,366,365,365,365,366,365,365,365,366,365,365,365,366,365,365,365,366,365,365,365,366,365,365,365,366,365,365,365,366,365,365,365,366,365,365,365,366,365,365,365,366,365,365,365
03049000,14199,1/1/1980,11/15/2018,366,365,365,365,366,365,365,365,366,365,365,365,366,365,365,365,366,365,365,365,366,365,365,365,366,365,365,365,366,365,365,365,366,365,365,365,366,365,319,0,0,0,0,0
03049800,16071,1/1/1980,12/31/2023,366,365,365,365,366,365,365,365,366,365,365,365,366,365,365,365,366,365,365,365,366,365,365,365,366,365,365,365,366,365,365,365,366,365,365,365,366,365,365,365,366,365,365,365
03050000,12948,7/20/1988,12/31/2023,0,0,0,0,0,0,0,0,165,365,365,365,366,365,365,365,366,365,365,365,366,365,365,365,366,365,365,365,366,365,365,365,366,365,365,365,366,365,365,365,366,365,365,365
03050500,9039,1/1/1980,9/29/2004,366,365,365,365,366,365,365,365,366,365,365,365,366,365,365,365,366,365,365,365,366,365,365,365,273,0,0,0,0,0,0,0,0,0,0,0,0,0,0,0,0,0,0,0
03051000,16069,1/1/1980,12/31/2023,366,365,365,365,366,365,365,365,366,365,365,365,366,365,365,365,366,365,365,365,366,365,365,365,366,365,365,365,366,365,365,365,366,365,365,365,366,364,365,365,366,365,365,364
03054500,16071,1/1/1980,12/31/2023,366,365,365,365,366,365,365,365,366,365,365,365,366,365,365,365,366,365,365,365,366,365,365,365,366,365,365,365,366,365,365,365,366,365,365,365,366,365,365,365,366,365,365,365
03065000,15340,1/1/1980,12/31/2023,366,365,365,365,366,365,365,365,366,365,365,365,366,272,1,92,366,365,365,365,366,365,365,365,366,365,365,365,366,365,365,365,366,365,365,365,366,364,365,365,366,365,365,365
03066000,16070,1/1/1980,12/31/2023,366,365,365,365,366,365,365,365,366,365,365,365,366,365,365,365,366,365,365,365,366,365,365,365,366,365,365,365,366,365,365,365,366,365,365,365,366,365,365,365,366,365,364,365
03069000,5021,1/1/1980,9/29/1993,366,365,365,365,366,365,365,365,366,365,365,365,366,272,0,0,0,0,0,0,0,0,0,0,0,0,0,0,0,0,0,0,0,0,0,0,0,0,0,0,0,0,0,0
03069500,16071,1/1/1980,12/31/2023,366,365,365,365,366,365,365,365,366,365,365,365,366,365,365,365,366,365,365,365,366,365,365,365,366,365,365,365,366,365,365,365,366,365,365,365,366,365,365,365,366,365,365,365
03070000,6117,1/1/1980,9/29/1996,366,365,365,365,366,365,365,365,366,365,365,365,366,365,365,365,273,0,0,0,0,0,0,0,0,0,0,0,0,0,0,0,0,0,0,0,0,0,0,0,0,0,0,0
03070500,16070,1/1/1980,12/31/2023,366,365,365,365,366,365,365,365,366,365,365,365,366,365,365,365,366,365,365,365,366,365,365,365,366,365,365,365,366,365,365,365,366,365,365,365,366,364,365,365,366,365,365,365
03075500,16071,1/1/1980,12/31/2023,366,365,365,365,366,365,365,365,366,365,365,365,366,365,365,365,366,365,365,365,366,365,365,365,366,365,365,365,366,365,365,365,366,365,365,365,366,365,365,365,366,365,365,365
03076600,16071,1/1/1980,12/31/2023,366,365,365,365,366,365,365,365,366,365,365,365,366,365,365,365,366,365,365,365,366,365,365,365,366,365,365,365,366,365,365,365,366,365,365,365,366,365,365,365,366,365,365,365
03078000,16071,1/1/1980,12/31/2023,366,365,365,365,366,365,365,365,366,365,365,365,366,365,365,365,366,365,365,365,366,365,365,365,366,365,365,365,366,365,365,365,366,365,365,365,366,365,365,365,366,365,365,365
03079000,16071,1/1/1980,12/31/2023,366,365,365,365,366,365,365,365,366,365,365,365,366,365,365,365,366,365,365,365,366,365,365,365,366,365,365,365,366,365,365,365,366,365,365,365,366,365,365,365,366,365,365,365
03109500,16071,1/1/1980,12/31/2023,366,365,365,365,366,365,365,365,366,365,365,365,366,365,365,365,366,365,365,365,366,365,365,365,366,365,365,365,366,365,365,365,366,365,365,365,366,365,365,365,366,365,365,365
03111500,16071,1/1/1980,12/31/2023,366,365,365,365,366,365,365,365,366,365,365,365,366,365,365,365,366,365,365,365,366,365,365,365,366,365,365,365,366,365,365,365,366,365,365,365,366,365,365,365,366,365,365,365
03114500,11138,1/1/1980,12/31/2023,366,365,365,365,366,365,365,365,366,365,365,365,366,365,365,272,0,0,0,0,0,0,0,0,0,0,0,0,0,275,365,365,366,365,365,365,366,364,365,365,366,365,365,365
03140000,16071,1/1/1980,12/31/2023,366,365,365,365,366,365,365,365,366,365,365,365,366,365,365,365,366,365,365,365,366,365,365,365,366,365,365,365,366,365,365,365,366,365,365,365,366,365,365,365,366,365,365,365
03144000,16071,1/1/1980,12/31/2023,366,365,365,365,366,365,365,365,366,365,365,365,366,365,365,365,366,365,365,365,366,365,365,365,366,365,365,365,366,365,365,365,366,365,365,365,366,365,365,365,366,365,365,365
03155500,5387,1/1/1980,9/30/1994,366,365,365,365,366,365,365,365,366,365,365,365,366,365,273,0,0,0,0,0,0,0,0,0,0,0,0,0,0,0,0,0,0,0,0,0,0,0,0,0,0,0,0,0
03159500,16071,1/1/1980,12/31/2023,366,365,365,365,366,365,365,365,366,365,365,365,366,365,365,365,366,365,365,365,366,365,365,365,366,365,365,365,366,365,365,365,366,365,365,365,366,365,365,365,366,365,365,365
03159540,16070,1/1/1980,12/31/2023,366,365,365,365,365,365,365,365,366,365,365,365,366,365,365,365,366,365,365,365,366,365,365,365,366,365,365,365,366,365,365,365,366,365,365,365,366,365,365,365,366,365,365,365
03161000,16071,1/1/1980,12/31/2023,366,365,365,365,366,365,365,365,366,365,365,365,366,365,365,365,366,365,365,365,366,365,365,365,366,365,365,365,366,365,365,365,366,365,365,365,366,365,365,365,366,365,365,365
03164000,16071,1/1/1980,12/31/2023,366,365,365,365,366,365,365,365,366,365,365,365,366,365,365,365,366,365,365,365,366,365,365,365,366,365,365,365,366,365,365,365,366,365,365,365,366,365,365,365,366,365,365,365
03165000,16070,1/1/1980,12/31/2023,366,365,365,365,366,365,365,365,366,365,365,365,366,365,365,365,366,365,365,365,366,365,365,365,366,365,365,365,366,365,365,365,366,365,365,365,366,365,365,364,366,365,365,365
03165500,10203,1/25/1996,12/31/2023,0,0,0,0,0,0,0,0,0,0,0,0,0,0,0,0,342,365,365,365,366,365,365,365,366,365,365,365,366,365,365,365,366,365,365,365,366,365,365,365,366,365,365,365
03167000,11781,9/30/1991,12/31/2023,0,0,0,0,0,0,0,0,0,0,0,93,366,365,365,365,366,365,365,365,366,365,365,365,366,365,365,365,366,365,365,365,366,365,365,365,366,365,365,365,366,365,365,365
03168000,16071,1/1/1980,12/31/2023,366,365,365,365,366,365,365,365,366,365,365,365,366,365,365,365,366,365,365,365,366,365,365,365,366,365,365,365,366,365,365,365,366,365,365,365,366,365,365,365,366,365,365,365
03170000,16071,1/1/1980,12/31/2023,366,365,365,365,366,365,365,365,366,365,365,365,366,365,365,365,366,365,365,365,366,365,365,365,366,365,365,365,366,365,365,365,366,365,365,365,366,365,365,365,366,365,365,365
03173000,16071,1/1/1980,12/31/2023,366,365,365,365,366,365,365,365,366,365,365,365,366,365,365,365,366,365,365,365,366,365,365,365,366,365,365,365,366,365,365,365,366,365,365,365,366,365,365,365,366,365,365,365
03175500,15705,1/1/1980,12/31/2023,366,365,365,365,366,365,365,365,366,365,365,365,366,365,365,273,92,365,365,365,366,365,365,365,366,365,365,365,366,365,365,365,366,365,365,365,366,365,365,365,366,365,365,365
03179000,16070,1/1/1980,12/31/2023,366,365,365,365,366,365,365,365,366,365,365,365,366,365,365,365,366,365,365,365,366,365,365,365,366,365,365,365,366,365,365,365,366,365,365,365,366,364,365,365,366,365,365,365
03180500,16071,1/1/1980,12/31/2023,366,365,365,365,366,365,365,365,366,365,365,365,366,365,365,365,366,365,365,365,366,365,365,365,366,365,365,365,366,365,365,365,366,365,365,365,366,365,365,365,366,365,365,365
03182500,16071,1/1/1980,12/31/2023,366,365,365,365,366,365,365,365,366,365,365,365,366,365,365,365,366,365,365,365,366,365,365,365,366,365,365,365,366,365,365,365,366,365,365,365,366,365,365,365,366,365,365,365
03183500,16071,1/1/1980,12/31/2023,366,365,365,365,366,365,365,365,366,365,365,365,366,365,365,365,366,365,365,365,366,365,365,365,366,365,365,365,366,365,365,365,366,365,365,365,366,365,365,365,366,365,365,365
03184000,16071,1/1/1980,12/31/2023,366,365,365,365,366,365,365,365,366,365,365,365,366,365,365,365,366,365,365,365,366,365,365,365,366,365,365,365,366,365,365,365,366,365,365,365,366,365,365,365,366,365,365,365
03186500,16071,1/1/1980,12/31/2023,366,365,365,365,366,365,365,365,366,365,365,365,366,365,365,365,366,365,365,365,366,365,365,365,366,365,365,365,366,365,365,365,366,365,365,365,366,365,365,365,366,365,365,365
03187500,15553,1/1/1980,12/31/2023,366,365,272,0,306,365,365,365,366,365,365,365,366,365,365,365,366,365,365,365,366,365,365,365,366,365,365,365,366,365,365,365,366,365,365,365,366,365,365,365,366,365,365,365
03198500,16071,1/1/1980,12/31/2023,366,365,365,365,366,365,365,365,366,365,365,365,366,365,365,365,366,365,365,365,366,365,365,365,366,365,365,365,366,365,365,365,366,365,365,365,366,365,365,365,366,365,365,365
03213700,16071,1/1/1980,12/31/2023,366,365,365,365,366,365,365,365,366,365,365,365,366,365,365,365,366,365,365,365,366,365,365,365,366,365,365,365,366,365,365,365,366,365,365,365,366,365,365,365,366,365,365,365
03237280,16070,1/1/1980,12/31/2023,366,365,365,365,366,365,365,365,366,365,365,365,366,365,365,365,366,365,365,365,366,365,365,365,366,365,365,365,366,365,365,365,366,365,365,365,365,365,365,365,366,365,365,365
03237500,16071,1/1/1980,12/31/2023,366,365,365,365,366,365,365,365,366,365,365,365,366,365,365,365,366,365,365,365,366,365,365,365,366,365,365,365,366,365,365,365,366,365,365,365,366,365,365,365,366,365,365,365
03238500,11704,1/1/1980,1/16/2012,366,365,365,365,366,365,365,365,366,365,365,365,366,365,365,365,366,365,365,365,366,365,365,365,366,365,365,365,366,365,365,365,16,0,0,0,0,0,0,0,0,0,0,0
03241500,16071,1/1/1980,12/31/2023,366,365,365,365,366,365,365,365,366,365,365,365,366,365,365,365,366,365,365,365,366,365,365,365,366,365,365,365,366,365,365,365,366,365,365,365,366,365,365,365,366,365,365,365
03251500,13909,1/1/1980,12/31/2023,366,365,365,365,366,365,365,365,366,365,365,365,366,365,273,0,0,0,0,0,122,365,365,365,366,365,365,365,366,365,365,365,366,365,365,365,366,365,365,365,366,365,365,365
03252500,4656,1/1/1980,9/29/1994,366,365,365,365,366,365,365,365,366,272,93,365,273,93,272,0,0,0,0,0,0,0,0,0,0,0,0,0,0,0,0,0,0,0,0,0,0,0,0,0,0,0,0,0
03253500,12146,9/30/1989,12/31/2023,0,0,0,0,0,0,0,0,0,93,365,365,366,365,365,365,366,365,365,365,366,365,365,365,366,365,365,365,273,93,365,365,366,365,365,365,366,365,365,365,366,365,365,365
03265000,16071,1/1/1980,12/31/2023,366,365,365,365,366,365,365,365,366,365,365,365,366,365,365,365,366,365,365,365,366,365,365,365,366,365,365,365,366,365,365,365,366,365,365,365,366,365,365,365,366,365,365,365
03266000,16071,1/1/1980,12/31/2023,366,365,365,365,366,365,365,365,366,365,365,365,366,365,365,365,366,365,365,365,366,365,365,365,366,365,365,365,366,365,365,365,366,365,365,365,366,365,365,365,366,365,365,365
03269500,16071,1/1/1980,12/31/2023,366,365,365,365,366,365,365,365,366,365,365,365,366,365,365,365,366,365,365,365,366,365,365,365,366,365,365,365,366,365,365,365,366,365,365,365,366,365,365,365,366,365,365,365
03274000,16071,1/1/1980,12/31/2023,366,365,365,365,366,365,365,365,366,365,365,365,366,365,365,365,366,365,365,365,366,365,365,365,366,365,365,365,366,365,365,365,366,365,365,365,366,365,365,365,366,365,365,365
03280700,16028,1/1/1980,12/31/2023,366,365,365,365,366,365,365,365,366,365,365,365,366,365,365,365,366,365,365,365,366,365,365,365,366,365,365,365,366,365,365,365,366,365,365,365,366,365,365,365,366,365,365,322
03281100,14523,1/1/1980,10/3/2023,366,365,365,365,366,365,365,365,366,365,365,365,366,365,365,365,366,365,365,365,274,93,365,273,0,0,93,365,366,365,365,365,366,365,365,365,366,365,365,365,366,365,365,276
03281500,16062,1/1/1980,12/31/2023,366,365,365,365,366,365,365,365,366,365,365,365,366,365,365,365,366,365,365,365,366,365,365,365,366,365,365,365,366,365,365,365,366,365,365,365,357,365,365,365,366,365,365,365
03285000,16071,1/1/1980,12/31/2023,366,365,365,365,366,365,365,365,366,365,365,365,366,365,365,365,366,365,365,365,366,365,365,365,366,365,365,365,366,365,365,365,366,365,365,365,366,365,365,365,366,365,365,365
03289500,14924,1/1/1980,12/31/2023,366,365,365,365,222,0,0,92,366,365,365,365,366,365,365,365,366,365,365,365,366,365,365,365,366,365,365,365,366,365,365,365,366,365,365,365,366,365,365,365,366,365,365,365
03291780,16047,1/1/1980,12/11/2023,366,365,365,365,366,365,365,365,366,365,365,365,366,365,365,365,366,365,365,365,366,365,365,365,366,365,365,365,366,365,365,365,366,365,365,365,366,365,365,365,366,365,365,341
03300400,16071,1/1/1980,12/31/2023,366,365,365,365,366,365,365,365,366,365,365,365,366,365,365,365,366,365,365,365,366,365,365,365,366,365,365,365,366,365,365,365,366,365,365,365,366,365,365,365,366,365,365,365
03301500,16047,1/1/1980,12/31/2023,366,365,365,365,366,365,365,365,366,365,365,365,366,365,365,365,366,365,365,365,366,365,365,365,366,365,365,365,366,365,365,365,366,365,365,365,366,365,364,365,366,365,345,362
03303000,16071,1/1/1980,12/31/2023,366,365,365,365,366,365,365,365,366,365,365,365,366,365,365,365,366,365,365,365,366,365,365,365,366,365,365,365,366,365,365,365,366,365,365,365,366,365,365,365,366,365,365,365
03308500,14610,1/1/1980,12/31/2023,366,365,272,93,366,365,272,0,0,93,365,365,366,365,365,365,366,365,365,365,366,365,365,365,366,365,365,365,366,365,365,365,366,365,365,365,366,365,365,365,366,365,365,365
03324300,16071,1/1/1980,12/31/2023,366,365,365,365,366,365,365,365,366,365,365,365,366,365,365,365,366,365,365,365,366,365,365,365,366,365,365,365,366,365,365,365,366,365,365,365,366,365,365,365,366,365,365,365
03326500,16071,1/1/1980,12/31/2023,366,365,365,365,366,365,365,365,366,365,365,365,366,365,365,365,366,365,365,365,366,365,365,365,366,365,365,365,366,365,365,365,366,365,365,365,366,365,365,365,366,365,365,365
03328500,16071,1/1/1980,12/31/2023,366,365,365,365,366,365,365,365,366,365,365,365,366,365,365,365,366,365,365,365,366,365,365,365,366,365,365,365,366,365,365,365,366,365,365,365,366,365,365,365,366,365,365,365
03331500,16071,1/1/1980,12/31/2023,366,365,365,365,366,365,365,365,366,365,365,365,366,365,365,365,366,365,365,365,366,365,365,365,366,365,365,365,366,365,365,365,366,365,365,365,366,365,365,365,366,365,365,365
03338780,9539,10/1/1988,11/12/2014,0,0,0,0,0,0,0,0,92,365,365,365,366,365,365,365,366,365,365,365,366,365,365,365,366,365,365,365,366,365,365,365,366,365,316,0,0,0,0,0,0,0,0,0
03339500,16071,1/1/1980,12/31/2023,366,365,365,365,366,365,365,365,366,365,365,365,366,365,365,365,366,365,365,365,366,365,365,365,366,365,365,365,366,365,365,365,366,365,365,365,366,365,365,365,366,365,365,365
03340800,16071,1/1/1980,12/31/2023,366,365,365,365,366,365,365,365,366,365,365,365,366,365,365,365,366,365,365,365,366,365,365,365,366,365,365,365,366,365,365,365,366,365,365,365,366,365,365,365,366,365,365,365
03345500,16071,1/1/1980,12/31/2023,366,365,365,365,366,365,365,365,366,365,365,365,366,365,365,365,366,365,365,365,366,365,365,365,366,365,365,365,366,365,365,365,366,365,365,365,366,365,365,365,366,365,365,365
03346000,16071,1/1/1980,12/31/2023,366,365,365,365,366,365,365,365,366,365,365,365,366,365,365,365,366,365,365,365,366,365,365,365,366,365,365,365,366,365,365,365,366,365,365,365,366,365,365,365,366,365,365,365
03348000,11385,1/1/1980,12/31/2023,366,365,365,365,366,365,365,365,366,365,365,365,366,335,0,0,0,0,0,0,0,0,0,0,0,0,92,365,366,365,365,365,366,365,365,365,366,365,365,365,366,365,365,365
03349000,16071,1/1/1980,12/31/2023,366,365,365,365,366,365,365,365,366,365,365,365,366,365,365,365,366,365,365,365,366,365,365,365,366,365,365,365,366,365,365,365,366,365,365,365,366,365,365,365,366,365,365,365
03357350,16071,1/1/1980,12/31/2023,366,365,365,365,366,365,365,365,366,365,365,365,366,365,365,365,366,365,365,365,366,365,365,365,366,365,365,365,366,365,365,365,366,365,365,365,366,365,365,365,366,365,365,365
03361500,16071,1/1/1980,12/31/2023,366,365,365,365,366,365,365,365,366,365,365,365,366,365,365,365,366,365,365,365,366,365,365,365,366,365,365,365,366,365,365,365,366,365,365,365,366,365,365,365,366,365,365,365
03361650,16071,1/1/1980,12/31/2023,366,365,365,365,366,365,365,365,366,365,365,365,366,365,365,365,366,365,365,365,366,365,365,365,366,365,365,365,366,365,365,365,366,365,365,365,366,365,365,365,366,365,365,365
03362500,16071,1/1/1980,12/31/2023,366,365,365,365,366,365,365,365,366,365,365,365,366,365,365,365,366,365,365,365,366,365,365,365,366,365,365,365,366,365,365,365,366,365,365,365,366,365,365,365,366,365,365,365
03363000,8985,1/1/1980,12/31/2023,366,365,365,365,366,365,365,365,366,365,365,273,0,0,0,0,0,0,0,0,0,0,0,0,0,0,0,0,0,0,0,311,366,365,365,365,366,365,365,365,366,365,365,365
03364000,16071,1/1/1980,12/31/2023,366,365,365,365,366,365,365,365,366,365,365,365,366,365,365,365,366,365,365,365,366,365,365,365,366,365,365,365,366,365,365,365,366,365,365,365,366,365,365,365,366,365,365,365
03364500,16071,1/1/1980,12/31/2023,366,365,365,365,366,365,365,365,366,365,365,365,366,365,365,365,366,365,365,365,366,365,365,365,366,365,365,365,366,365,365,365,366,365,365,365,366,365,365,365,366,365,365,365
03365500,16071,1/1/1980,12/31/2023,366,365,365,365,366,365,365,365,366,365,365,365,366,365,365,365,366,365,365,365,366,365,365,365,366,365,365,365,366,365,365,365,366,365,365,365,366,365,365,365,366,365,365,365
03366500,16071,1/1/1980,12/31/2023,366,365,365,365,366,365,365,365,366,365,365,365,366,365,365,365,366,365,365,365,366,365,365,365,366,365,365,365,366,365,365,365,366,365,365,365,366,365,365,365,366,365,365,365
03368000,16027,1/1/1980,12/31/2023,366,365,365,365,366,365,365,365,366,365,365,365,366,365,365,365,366,365,365,365,366,365,365,365,366,365,365,365,366,365,365,365,366,365,365,365,366,365,365,365,366,365,365,321
03381500,16065,1/1/1980,12/31/2023,366,365,365,365,366,365,365,365,366,365,365,365,366,365,365,365,366,365,365,365,366,365,365,365,366,365,365,365,366,365,365,365,366,365,365,365,366,365,365,365,366,359,365,365
03384450,16071,1/1/1980,12/31/2023,366,365,365,365,366,365,365,365,366,365,365,365,366,365,365,365,366,365,365,365,366,365,365,365,366,365,365,365,366,365,365,365,366,365,365,365,366,365,365,365,366,365,365,365
03410500,10201,1/1/1980,12/8/2023,366,365,365,365,366,365,365,365,366,365,365,365,366,365,365,365,366,365,365,365,366,365,365,365,366,272,0,0,0,0,0,0,0,0,0,93,366,14,31,63,31,4,97,98
03438000,14792,1/1/1980,6/30/2020,366,365,365,365,366,365,365,365,366,365,365,365,366,365,365,365,366,365,365,365,366,365,365,365,366,365,365,365,366,365,365,365,366,365,365,365,366,365,365,365,182,0,0,0
03439000,16071,1/1/1980,12/31/2023,366,365,365,365,366,365,365,365,366,365,365,365,366,365,365,365,366,365,365,365,366,365,365,365,366,365,365,365,366,365,365,365,366,365,365,365,366,365,365,365,366,365,365,365
03443000,16071,1/1/1980,12/31/2023,366,365,365,365,366,365,365,365,366,365,365,365,366,365,365,365,366,365,365,365,366,365,365,365,366,365,365,365,366,365,365,365,366,365,365,365,366,365,365,365,366,365,365,365
03450000,14644,1/1/1980,12/31/2023,366,274,0,0,0,125,365,365,366,365,365,365,366,365,365,365,366,365,365,365,366,365,365,365,366,365,365,365,366,365,365,365,366,365,365,365,366,365,365,365,366,365,365,365
03451500,16071,1/1/1980,12/31/2023,366,365,365,365,366,365,365,365,366,365,365,365,366,365,365,365,366,365,365,365,366,365,365,365,366,365,365,365,366,365,365,365,366,365,365,365,366,365,365,365,366,365,365,365
03455000,15640,1/1/1980,12/31/2023,366,365,365,365,366,365,365,365,366,365,365,365,366,365,365,0,300,365,365,365,366,365,365,365,366,365,365,365,366,365,365,365,366,365,365,365,366,365,365,365,366,365,365,365
03455500,16070,1/1/1980,12/31/2023,366,365,365,365,366,365,365,365,366,365,365,365,366,365,365,365,366,365,365,365,366,365,365,365,366,365,365,365,366,365,365,365,366,365,365,365,366,365,365,365,366,365,365,364
03456500,16071,1/1/1980,12/31/2023,366,365,365,365,366,365,365,365,366,365,365,365,366,365,365,365,366,365,365,365,366,365,365,365,366,365,365,365,366,365,365,365,366,365,365,365,366,365,365,365,366,365,365,365
03460000,16071,1/1/1980,12/31/2023,366,365,365,365,366,365,365,365,366,365,365,365,366,365,365,365,366,365,365,365,366,365,365,365,366,365,365,365,366,365,365,365,366,365,365,365,366,365,365,365,366,365,365,365
03463300,16071,1/1/1980,12/31/2023,366,365,365,365,366,365,365,365,366,365,365,365,366,365,365,365,366,365,365,365,366,365,365,365,366,365,365,365,366,365,365,365,366,365,365,365,366,365,365,365,366,365,365,365
03465500,16071,1/1/1980,12/31/2023,366,365,365,365,366,365,365,365,366,365,365,365,366,365,365,365,366,365,365,365,366,365,365,365,366,365,365,365,366,365,365,365,366,365,365,365,366,365,365,365,366,365,365,365
03470000,5020,1/1/1980,12/31/2023,366,365,59,0,0,0,0,0,0,0,0,0,0,0,0,0,0,0,0,0,0,0,0,0,0,0,0,0,0,0,0,0,275,365,365,303,366,365,365,365,366,365,365,365
03471500,16070,1/1/1980,12/31/2023,366,365,365,365,366,365,365,365,366,365,365,365,366,365,365,365,366,365,365,365,366,365,365,365,366,365,365,365,366,365,365,365,366,365,365,365,366,365,365,365,366,365,365,364
03473000,16071,1/1/1980,12/31/2023,366,365,365,365,366,365,365,365,366,365,365,365,366,365,365,365,366,365,365,365,366,365,365,365,366,365,365,365,366,365,365,365,366,365,365,365,366,365,365,365,366,365,365,365
03479000,16071,1/1/1980,12/31/2023,366,365,365,365,366,365,365,365,366,365,365,365,366,365,365,365,366,365,365,365,366,365,365,365,366,365,365,365,366,365,365,365,366,365,365,365,366,365,365,365,366,365,365,365
03488000,16071,1/1/1980,12/31/2023,366,365,365,365,366,365,365,365,366,365,365,365,366,365,365,365,366,365,365,365,366,365,365,365,366,365,365,365,366,365,365,365,366,365,365,365,366,365,365,365,366,365,365,365
03490000,4999,1/1/1980,12/31/2023,366,365,0,0,0,0,0,0,0,0,0,0,0,0,0,0,0,0,0,0,0,0,0,0,0,0,0,0,0,0,0,0,252,365,365,365,366,364,365,365,366,365,365,365
03498500,16071,1/1/1980,12/31/2023,366,365,365,365,366,365,365,365,366,365,365,365,366,365,365,365,366,365,365,365,366,365,365,365,366,365,365,365,366,365,365,365,366,365,365,365,366,365,365,365,366,365,365,365
03500000,16071,1/1/1980,12/31/2023,366,365,365,365,366,365,365,365,366,365,365,365,366,365,365,365,366,365,365,365,366,365,365,365,366,365,365,365,366,365,365,365,366,365,365,365,366,365,365,365,366,365,365,365
03500240,14329,1/1/1980,3/25/2019,366,365,365,365,366,365,365,365,366,365,365,365,366,365,365,365,366,365,365,365,366,365,365,365,366,365,365,365,366,365,365,365,366,365,365,365,366,365,365,84,0,0,0,0
03504000,16071,1/1/1980,12/31/2023,366,365,365,365,366,365,365,365,366,365,365,365,366,365,365,365,366,365,365,365,366,365,365,365,366,365,365,365,366,365,365,365,366,365,365,365,366,365,365,365,366,365,365,365
03512000,16071,1/1/1980,12/31/2023,366,365,365,365,366,365,365,365,366,365,365,365,366,365,365,365,366,365,365,365,366,365,365,365,366,365,365,365,366,365,365,365,366,365,365,365,366,365,365,365,366,365,365,365
03524000,16071,1/1/1980,12/31/2023,366,365,365,365,366,365,365,365,366,365,365,365,366,365,365,365,366,365,365,365,366,365,365,365,366,365,365,365,366,365,365,365,366,365,365,365,366,365,365,365,366,365,365,365
03528000,15937,1/1/1980,12/31/2023,366,365,365,365,366,365,365,365,366,365,365,365,366,365,365,365,366,365,365,365,366,365,365,365,366,365,365,365,366,365,365,365,366,365,350,246,366,365,365,365,366,365,365,365
03531500,16071,1/1/1980,12/31/2023,366,365,365,365,366,365,365,365,366,365,365,365,366,365,365,365,366,365,365,365,366,365,365,365,366,365,365,365,366,365,365,365,366,365,365,365,366,365,365,365,366,365,365,365
03532000,10955,1/1/1980,12/31/2023,366,365,59,0,0,0,0,0,0,0,0,0,0,0,0,0,304,365,365,365,366,365,365,365,366,365,365,365,366,365,365,365,366,365,365,365,366,365,365,365,366,365,365,365
03540500,16071,1/1/1980,12/31/2023,366,365,365,365,366,365,365,365,366,365,365,365,366,365,365,365,366,365,365,365,366,365,365,365,366,365,365,365,366,365,365,365,366,365,365,365,366,365,365,365,366,365,365,365
03550000,16071,1/1/1980,12/31/2023,366,365,365,365,366,365,365,365,366,365,365,365,366,365,365,365,366,365,365,365,366,365,365,365,366,365,365,365,366,365,365,365,366,365,365,365,366,365,365,365,366,365,365,365
03567500,9222,10/1/1980,12/31/2023,92,365,365,365,366,365,365,365,366,365,365,365,366,365,272,0,0,0,0,0,0,0,0,0,0,0,0,0,0,0,0,0,93,365,365,365,366,365,365,365,366,365,365,365
03574500,16071,1/1/1980,12/31/2023,366,365,365,365,366,365,365,365,366,365,365,365,366,365,365,365,366,365,365,365,366,365,365,365,366,365,365,365,366,365,365,365,366,365,365,365,366,365,365,365,366,365,365,365
03592718,12118,1/1/1980,3/5/2013,366,365,365,365,366,365,365,365,366,365,365,365,366,365,365,365,366,365,365,365,366,365,365,365,366,365,365,365,366,365,365,365,366,64,0,0,0,0,0,0,0,0,0,0
03603000,14199,1/1/1980,12/31/2023,366,365,365,365,366,365,365,365,366,365,365,365,366,365,273,0,0,0,92,365,366,365,354,353,349,354,363,225,149,365,365,365,366,365,365,365,365,365,365,365,366,365,365,365
03604000,16059,1/1/1980,12/31/2023,366,365,365,365,366,365,365,365,366,365,365,365,366,365,365,365,366,365,365,365,366,365,365,365,366,365,365,365,366,365,365,365,366,365,365,365,366,365,365,365,366,365,365,353
04015330,16071,1/1/1980,12/31/2023,366,365,365,365,366,365,365,365,366,365,365,365,366,365,365,365,366,365,365,365,366,365,365,365,366,365,365,365,366,365,365,365,366,365,365,365,366,365,365,365,366,365,365,365
04024430,16071,1/1/1980,12/31/2023,366,365,365,365,366,365,365,365,366,365,365,365,366,365,365,365,366,365,365,365,366,365,365,365,366,365,365,365,366,365,365,365,366,365,365,365,366,365,365,365,366,365,365,365
04027000,16071,1/1/1980,12/31/2023,366,365,365,365,366,365,365,365,366,365,365,365,366,365,365,365,366,365,365,365,366,365,365,365,366,365,365,365,366,365,365,365,366,365,365,365,366,365,365,365,366,365,365,365
04040500,16071,1/1/1980,12/31/2023,366,365,365,365,366,365,365,365,366,365,365,365,366,365,365,365,366,365,365,365,366,365,365,365,366,365,365,365,366,365,365,365,366,365,365,365,366,365,365,365,366,365,365,365
04043050,16071,1/1/1980,12/31/2023,366,365,365,365,366,365,365,365,366,365,365,365,366,365,365,365,366,365,365,365,366,365,365,365,366,365,365,365,366,365,365,365,366,365,365,365,366,365,365,365,366,365,365,365
04045500,16071,1/1/1980,12/31/2023,366,365,365,365,366,365,365,365,366,365,365,365,366,365,365,365,366,365,365,365,366,365,365,365,366,365,365,365,366,365,365,365,366,365,365,365,366,365,365,365,366,365,365,365
04056500,16071,1/1/1980,12/31/2023,366,365,365,365,366,365,365,365,366,365,365,365,366,365,365,365,366,365,365,365,366,365,365,365,366,365,365,365,366,365,365,365,366,365,365,365,366,365,365,365,366,365,365,365
04057510,15464,1/1/1980,10/31/2023,366,365,365,365,366,365,365,365,366,365,365,365,366,365,365,365,366,365,365,365,366,365,365,365,366,365,365,365,366,365,365,365,366,365,365,365,366,365,365,365,274,183,183,214
04057800,16018,1/1/1980,12/31/2023,366,365,365,365,366,365,365,365,366,365,365,365,366,365,365,365,366,365,365,365,366,365,365,365,366,365,365,365,366,365,365,365,366,365,365,365,366,365,365,365,366,312,365,365
04059500,16071,1/1/1980,12/31/2023,366,365,365,365,366,365,365,365,366,365,365,365,366,365,365,365,366,365,365,365,366,365,365,365,366,365,365,365,366,365,365,365,366,365,365,365,366,365,365,365,366,365,365,365
04063700,16071,1/1/1980,12/31/2023,366,365,365,365,366,365,365,365,366,365,365,365,366,365,365,365,366,365,365,365,366,365,365,365,366,365,365,365,366,365,365,365,366,365,365,365,366,365,365,365,366,365,365,365
04073500,16070,1/1/1980,12/31/2023,366,365,365,365,366,365,365,365,366,365,365,365,366,365,365,365,366,365,365,365,366,365,365,365,366,365,365,365,366,365,365,365,366,365,365,365,366,365,365,365,366,365,365,364
04074950,15798,9/30/1980,12/31/2023,93,365,365,365,366,365,365,365,366,365,365,365,366,365,365,365,366,365,365,365,366,365,365,365,366,365,365,365,366,365,365,365,366,365,365,365,366,365,365,365,366,365,365,365
04079000,16071,1/1/1980,12/31/2023,366,365,365,365,366,365,365,365,366,365,365,365,366,365,365,365,366,365,365,365,366,365,365,365,366,365,365,365,366,365,365,365,366,365,365,365,366,365,365,365,366,365,365,365
04100500,16071,1/1/1980,12/31/2023,366,365,365,365,366,365,365,365,366,365,365,365,366,365,365,365,366,365,365,365,366,365,365,365,366,365,365,365,366,365,365,365,366,365,365,365,366,365,365,365,366,365,365,365
04105700,16071,1/1/1980,12/31/2023,366,365,365,365,366,365,365,365,366,365,365,365,366,365,365,365,366,365,365,365,366,365,365,365,366,365,365,365,366,365,365,365,366,365,365,365,366,365,365,365,366,365,365,365
04113000,16071,1/1/1980,12/31/2023,366,365,365,365,366,365,365,365,366,365,365,365,366,365,365,365,366,365,365,365,366,365,365,365,366,365,365,365,366,365,365,365,366,365,365,365,366,365,365,365,366,365,365,365
04115000,16071,1/1/1980,12/31/2023,366,365,365,365,366,365,365,365,366,365,365,365,366,365,365,365,366,365,365,365,366,365,365,365,366,365,365,365,366,365,365,365,366,365,365,365,366,365,365,365,366,365,365,365
04115265,13241,10/1/1987,12/31/2023,0,0,0,0,0,0,0,92,366,365,365,365,366,365,365,365,366,365,365,365,366,365,365,365,366,365,365,365,366,365,365,365,366,365,365,365,366,365,365,365,366,365,365,365
04122200,16071,1/1/1980,12/31/2023,366,365,365,365,366,365,365,365,366,365,365,365,366,365,365,365,366,365,365,365,366,365,365,365,366,365,365,365,366,365,365,365,366,365,365,365,366,365,365,365,366,365,365,365
04122500,16071,1/1/1980,12/31/2023,366,365,365,365,366,365,365,365,366,365,365,365,366,365,365,365,366,365,365,365,366,365,365,365,366,365,365,365,366,365,365,365,366,365,365,365,366,365,365,365,366,365,365,365
04124000,15741,1/1/1980,12/31/2023,366,365,365,365,366,365,365,365,366,365,365,365,366,365,365,365,366,365,365,365,366,365,365,365,366,365,365,365,366,365,365,365,366,365,365,365,366,365,310,91,365,365,365,365
04127918,11839,1/1/1980,5/30/2012,366,365,365,365,366,365,365,365,366,365,365,365,366,365,365,365,366,365,365,365,366,365,365,365,366,365,365,365,366,365,365,365,151,0,0,0,0,0,0,0,0,0,0,0
04127997,16071,1/1/1980,12/31/2023,366,365,365,365,366,365,365,365,366,365,365,365,366,365,365,365,366,365,365,365,366,365,365,365,366,365,365,365,366,365,365,365,366,365,365,365,366,365,365,365,366,365,365,365
04161580,12450,1/1/1980,1/31/2014,366,365,365,365,366,365,365,365,366,365,365,365,366,365,365,365,366,365,365,365,366,365,365,365,366,365,365,365,366,365,365,365,366,365,31,0,0,0,0,0,0,0,0,0
04164000,16071,1/1/1980,12/31/2023,366,365,365,365,366,365,365,365,366,365,365,365,366,365,365,365,366,365,365,365,366,365,365,365,366,365,365,365,366,365,365,365,366,365,365,365,366,365,365,365,366,365,365,365
04165500,16071,1/1/1980,12/31/2023,366,365,365,365,366,365,365,365,366,365,365,365,366,365,365,365,366,365,365,365,366,365,365,365,366,365,365,365,366,365,365,365,366,365,365,365,366,365,365,365,366,365,365,365
04176500,16071,1/1/1980,12/31/2023,366,365,365,365,366,365,365,365,366,365,365,365,366,365,365,365,366,365,365,365,366,365,365,365,366,365,365,365,366,365,365,365,366,365,365,365,366,365,365,365,366,365,365,365
04178000,16071,1/1/1980,12/31/2023,366,365,365,365,366,365,365,365,366,365,365,365,366,365,365,365,366,365,365,365,366,365,365,365,366,365,365,365,366,365,365,365,366,365,365,365,366,365,365,365,366,365,365,365
04183500,4427,1/1/1980,12/31/2023,366,365,103,0,0,0,0,0,0,0,0,0,0,0,0,0,0,0,0,0,0,0,0,0,0,0,0,0,0,0,0,0,0,0,306,365,366,365,365,365,366,365,365,365
04185000,16071,1/1/1980,12/31/2023,366,365,365,365,366,365,365,365,366,365,365,365,366,365,365,365,366,365,365,365,366,365,365,365,366,365,365,365,366,365,365,365,366,365,365,365,366,365,365,365,366,365,365,365
04191500,16071,1/1/1980,12/31/2023,366,365,365,365,366,365,365,365,366,365,365,365,366,365,365,365,366,365,365,365,366,365,365,365,366,365,365,365,366,365,365,365,366,365,365,365,366,365,365,365,366,365,365,365
04196800,16071,1/1/1980,12/31/2023,366,365,365,365,366,365,365,365,366,365,365,365,366,365,365,365,366,365,365,365,366,365,365,365,366,365,365,365,366,365,365,365,366,365,365,365,366,365,365,365,366,365,365,365
04197100,16068,1/1/1980,12/31/2023,366,365,365,365,366,365,365,365,366,365,365,365,366,365,365,365,366,365,365,365,366,365,365,365,366,365,365,365,366,365,365,365,366,365,365,365,365,365,365,365,366,365,365,363
04197170,14824,6/1/1983,12/31/2023,0,0,0,214,366,365,365,365,366,365,365,365,366,365,365,365,366,365,365,365,366,365,365,365,366,365,365,365,366,365,365,365,366,365,365,365,366,365,365,365,366,365,365,365
04198000,16071,1/1/1980,12/31/2023,366,365,365,365,366,365,365,365,366,365,365,365,366,365,365,365,366,365,365,365,366,365,365,365,366,365,365,365,366,365,365,365,366,365,365,365,366,365,365,365,366,365,365,365
04201500,16071,1/1/1980,12/31/2023,366,365,365,365,366,365,365,365,366,365,365,365,366,365,365,365,366,365,365,365,366,365,365,365,366,365,365,365,366,365,365,365,366,365,365,365,366,365,365,365,366,365,365,365
04213000,16069,1/1/1980,12/31/2023,366,365,365,365,366,365,365,365,366,365,365,365,366,365,365,365,366,365,365,365,366,365,365,365,366,365,365,365,366,365,365,365,366,365,365,365,366,365,365,365,366,365,365,363
04213075,13746,5/14/1986,12/31/2023,0,0,0,0,0,0,232,365,366,365,365,365,366,365,365,365,366,365,365,365,366,365,365,365,366,365,365,365,366,365,365,365,366,365,365,365,366,365,365,365,366,365,365,365
04216418,16071,1/1/1980,12/31/2023,366,365,365,365,366,365,365,365,366,365,365,365,366,365,365,365,366,365,365,365,366,365,365,365,366,365,365,365,366,365,365,365,366,365,365,365,366,365,365,365,366,365,365,365
04221000,16071,1/1/1980,12/31/2023,366,365,365,365,366,365,365,365,366,365,365,365,366,365,365,365,366,365,365,365,366,365,365,365,366,365,365,365,366,365,365,365,366,365,365,365,366,365,365,365,366,365,365,365
04223000,16071,1/1/1980,12/31/2023,366,365,365,365,366,365,365,365,366,365,365,365,366,365,365,365,366,365,365,365,366,365,365,365,366,365,365,365,366,365,365,365,366,365,365,365,366,365,365,365,366,365,365,365
04224775,16071,1/1/1980,12/31/2023,366,365,365,365,366,365,365,365,366,365,365,365,366,365,365,365,366,365,365,365,366,365,365,365,366,365,365,365,366,365,365,365,366,365,365,365,366,365,365,365,366,365,365,365
04233000,11961,1/1/1980,9/29/2012,366,365,365,365,366,365,365,365,366,365,365,365,366,365,365,365,366,365,365,365,366,365,365,365,366,365,365,365,366,365,365,365,273,0,0,0,0,0,0,0,0,0,0,0
04256000,16071,1/1/1980,12/31/2023,366,365,365,365,366,365,365,365,366,365,365,365,366,365,365,365,366,365,365,365,366,365,365,365,366,365,365,365,366,365,365,365,366,365,365,365,366,365,365,365,366,365,365,365
04296000,16071,1/1/1980,12/31/2023,366,365,365,365,366,365,365,365,366,365,365,365,366,365,365,365,366,365,365,365,366,365,365,365,366,365,365,365,366,365,365,365,366,365,365,365,366,365,365,365,366,365,365,365
05053000,16071,1/1/1980,12/31/2023,366,365,365,365,366,365,365,365,366,365,365,365,366,365,365,365,366,365,365,365,366,365,365,365,366,365,365,365,366,365,365,365,366,365,365,365,366,365,365,365,366,365,365,365
05056000,16071,1/1/1980,12/31/2023,366,365,365,365,366,365,365,365,366,365,365,365,366,365,365,365,366,365,365,365,366,365,365,365,366,365,365,365,366,365,365,365,366,365,365,365,366,365,365,365,366,365,365,365
05057000,16071,1/1/1980,12/31/2023,366,365,365,365,366,365,365,365,366,365,365,365,366,365,365,365,366,365,365,365,366,365,365,365,366,365,365,365,366,365,365,365,366,365,365,365,366,365,365,365,366,365,365,365
05057200,16071,1/1/1980,12/31/2023,366,365,365,365,366,365,365,365,366,365,365,365,366,365,365,365,366,365,365,365,366,365,365,365,366,365,365,365,366,365,365,365,366,365,365,365,366,365,365,365,366,365,365,365
05062500,13914,1/1/1980,12/31/2023,366,365,365,293,0,0,0,0,0,109,365,365,366,365,365,365,366,365,365,365,366,365,363,365,366,365,365,365,366,365,365,365,366,365,365,365,366,365,365,365,366,365,365,365
05087500,11906,1/1/1980,12/31/2023,366,273,310,365,366,365,365,365,366,365,272,0,0,0,0,0,0,0,0,0,0,93,365,365,366,365,365,365,366,365,365,365,366,365,365,365,366,365,365,365,366,365,365,365
05120500,16071,1/1/1980,12/31/2023,366,365,365,365,366,365,365,365,366,365,365,365,366,365,365,365,366,365,365,365,366,365,365,365,366,365,365,365,366,365,365,365,366,365,365,365,366,365,365,365,366,365,365,365
05123400,16071,1/1/1980,12/31/2023,366,365,365,365,366,365,365,365,366,365,365,365,366,365,365,365,366,365,365,365,366,365,365,365,366,365,365,365,366,365,365,365,366,365,365,365,366,365,365,365,366,365,365,365
05129115,16071,1/1/1980,12/31/2023,366,365,365,365,366,365,365,365,366,365,365,365,366,365,365,365,366,365,365,365,366,365,365,365,366,365,365,365,366,365,365,365,366,365,365,365,366,365,365,365,366,365,365,365
05131500,16071,1/1/1980,12/31/2023,366,365,365,365,366,365,365,365,366,365,365,365,366,365,365,365,366,365,365,365,366,365,365,365,366,365,365,365,366,365,365,365,366,365,365,365,366,365,365,365,366,365,365,365
05244000,12445,1/1/1980,12/31/2023,366,299,0,0,0,0,0,0,0,0,0,92,366,365,365,365,366,365,365,365,366,365,365,365,366,365,365,365,366,365,365,365,366,365,365,365,366,365,365,365,366,365,365,365
05280000,16063,1/1/1980,12/31/2023,366,365,365,365,366,365,365,365,366,365,365,365,366,365,365,365,366,365,365,365,366,365,365,365,366,365,365,365,366,365,365,365,366,365,365,365,366,365,365,365,366,365,365,357
05291000,16071,1/1/1980,12/31/2023,366,365,365,365,366,365,365,365,366,365,365,365,366,365,365,365,366,365,365,365,366,365,365,365,366,365,365,365,366,365,365,365,366,365,365,365,366,365,365,365,366,365,365,365
05320500,16048,1/1/1980,12/8/2023,366,365,365,365,366,365,365,365,366,365,365,365,366,365,365,365,366,365,365,365,366,365,365,365,366,365,365,365,366,365,365,365,366,365,365,365,366,365,365,365,366,365,365,342
05362000,16071,1/1/1980,12/31/2023,366,365,365,365,366,365,365,365,366,365,365,365,366,365,365,365,366,365,365,365,366,365,365,365,366,365,365,365,366,365,365,365,366,365,365,365,366,365,365,365,366,365,365,365
05393500,16071,1/1/1980,12/31/2023,366,365,365,365,366,365,365,365,366,365,365,365,366,365,365,365,366,365,365,365,366,365,365,365,366,365,365,365,366,365,365,365,366,365,365,365,366,365,365,365,366,365,365,365
05399500,16071,1/1/1980,12/31/2023,366,365,365,365,366,365,365,365,366,365,365,365,366,365,365,365,366,365,365,365,366,365,365,365,366,365,365,365,366,365,365,365,366,365,365,365,366,365,365,365,366,365,365,365
05408000,16071,1/1/1980,12/31/2023,366,365,365,365,366,365,365,365,366,365,365,365,366,365,365,365,366,365,365,365,366,365,365,365,366,365,365,365,366,365,365,365,366,365,365,365,366,365,365,365,366,365,365,365
05410490,15065,9/30/1982,12/31/2023,0,0,93,365,366,365,365,365,366,365,365,365,366,365,365,365,366,365,365,365,366,365,365,365,366,365,365,365,366,365,365,365,366,365,365,365,364,365,365,365,366,365,365,364
05412500,16071,1/1/1980,12/31/2023,366,365,365,365,366,365,365,365,366,365,365,365,366,365,365,365,366,365,365,365,366,365,365,365,366,365,365,365,366,365,365,365,366,365,365,365,366,365,365,365,366,365,365,365
05413500,16071,1/1/1980,12/31/2023,366,365,365,365,366,365,365,365,366,365,365,365,366,365,365,365,366,365,365,365,366,365,365,365,366,365,365,365,366,365,365,365,366,365,365,365,366,365,365,365,366,365,365,365
05414000,16067,1/1/1980,12/31/2023,366,365,365,365,366,365,365,365,366,365,365,365,366,365,365,365,366,365,365,365,366,365,365,365,366,365,365,365,366,365,365,365,366,365,365,365,366,365,365,365,366,365,365,361
05418500,16071,1/1/1980,12/31/2023,366,365,365,365,366,365,365,365,366,365,365,365,366,365,365,365,366,365,365,365,366,365,365,365,366,365,365,365,366,365,365,365,366,365,365,365,366,365,365,365,366,365,365,365
05422000,16071,1/1/1980,12/31/2023,366,365,365,365,366,365,365,365,366,365,365,365,366,365,365,365,366,365,365,365,366,365,365,365,366,365,365,365,366,365,365,365,366,365,365,365,366,365,365,365,366,365,365,365
05430500,16063,1/1/1980,12/31/2023,366,365,365,365,366,365,365,365,366,365,365,365,366,365,365,365,366,365,365,365,366,365,365,365,366,365,365,365,366,365,365,365,366,365,365,365,366,358,365,365,366,365,365,364
05435500,16070,1/1/1980,12/31/2023,366,365,365,365,366,365,365,365,366,365,365,365,366,365,365,365,366,365,365,365,366,365,365,365,366,365,365,365,366,365,365,365,366,365,365,365,366,364,365,365,366,365,365,365
05440000,16068,1/1/1980,12/31/2023,366,365,365,365,366,365,365,365,366,365,365,365,366,365,365,365,366,365,365,365,366,365,365,365,366,365,365,365,366,365,365,365,366,365,365,365,366,362,365,365,366,365,365,365
05444000,16071,1/1/1980,12/31/2023,366,365,365,365,366,365,365,365,366,365,365,365,366,365,365,365,366,365,365,365,366,365,365,365,366,365,365,365,366,365,365,365,366,365,365,365,366,365,365,365,366,365,365,365
05447500,16071,1/1/1980,12/31/2023,366,365,365,365,366,365,365,365,366,365,365,365,366,365,365,365,366,365,365,365,366,365,365,365,366,365,365,365,366,365,365,365,366,365,365,365,366,365,365,365,366,365,365,365
05451500,16071,1/1/1980,12/31/2023,366,365,365,365,366,365,365,365,366,365,365,365,366,365,365,365,366,365,365,365,366,365,365,365,366,365,365,365,366,365,365,365,366,365,365,365,366,365,365,365,366,365,365,365
05452000,16055,1/1/1980,12/17/2023,366,365,365,365,366,365,365,365,366,365,365,365,366,365,365,365,366,365,365,365,366,365,365,365,366,365,365,365,366,365,365,365,366,365,365,365,366,365,365,365,366,365,365,349
05454000,16071,1/1/1980,12/31/2023,366,365,365,365,366,365,365,365,366,365,365,365,366,365,365,365,366,365,365,365,366,365,365,365,366,365,365,365,366,365,365,365,366,365,365,365,366,365,365,365,366,365,365,365
05454500,16071,1/1/1980,12/31/2023,366,365,365,365,366,365,365,365,366,365,365,365,366,365,365,365,366,365,365,365,366,365,365,365,366,365,365,365,366,365,365,365,366,365,365,365,366,365,365,365,366,365,365,365
05455500,16071,1/1/1980,12/31/2023,366,365,365,365,366,365,365,365,366,365,365,365,366,365,365,365,366,365,365,365,366,365,365,365,366,365,365,365,366,365,365,365,366,365,365,365,366,365,365,365,366,365,365,365
05457700,14196,1/1/1980,12/31/2023,366,365,365,365,366,365,365,365,366,365,365,365,366,365,365,273,0,0,0,0,92,365,365,365,366,365,365,365,366,365,365,365,366,365,365,365,366,365,365,317,366,365,365,365
05458000,16070,1/1/1980,12/31/2023,366,365,365,365,366,365,365,365,366,365,365,365,366,365,365,365,366,365,365,365,366,365,365,365,366,365,365,365,366,365,365,365,366,365,365,365,366,364,365,365,366,365,365,365
05458500,16071,1/1/1980,12/31/2023,366,365,365,365,366,365,365,365,366,365,365,365,366,365,365,365,366,365,365,365,366,365,365,365,366,365,365,365,366,365,365,365,366,365,365,365,366,365,365,365,366,365,365,365
05462000,13514,1/1/1980,12/31/2023,366,365,365,365,366,365,365,365,366,365,365,365,366,365,272,0,0,0,0,0,0,93,365,365,366,365,365,365,366,365,365,365,366,365,365,365,366,365,365,365,366,365,365,365
05466500,16070,1/1/1980,12/31/2023,366,365,365,365,366,365,365,365,366,365,365,365,366,365,365,365,366,365,365,365,366,365,365,365,366,365,365,365,366,365,365,365,366,365,365,365,366,365,365,365,365,365,365,365
05471500,16071,1/1/1980,12/31/2023,366,365,365,365,366,365,365,365,366,365,365,365,366,365,365,365,366,365,365,365,366,365,365,365,366,365,365,365,366,365,365,365,366,365,365,365,366,365,365,365,366,365,365,365
05472500,16071,1/1/1980,12/31/2023,366,365,365,365,366,365,365,365,366,365,365,365,366,365,365,365,366,365,365,365,366,365,365,365,366,365,365,365,366,365,365,365,366,365,365,365,366,365,365,365,366,365,365,365
05476500,5610,1/1/1980,5/11/1995,366,365,365,365,366,365,365,365,366,365,365,365,366,365,365,131,0,0,0,0,0,0,0,0,0,0,0,0,0,0,0,0,0,0,0,0,0,0,0,0,0,0,0,0
05479000,16071,1/1/1980,12/31/2023,366,365,365,365,366,365,365,365,366,365,365,365,366,365,365,365,366,365,365,365,366,365,365,365,366,365,365,365,366,365,365,365,366,365,365,365,366,365,365,365,366,365,365,365
05481000,16071,1/1/1980,12/31/2023,366,365,365,365,366,365,365,365,366,365,365,365,366,365,365,365,366,365,365,365,366,365,365,365,366,365,365,365,366,365,365,365,366,365,365,365,366,365,365,365,366,365,365,365
05482500,16071,1/1/1980,12/31/2023,366,365,365,365,366,365,365,365,366,365,365,365,366,365,365,365,366,365,365,365,366,365,365,365,366,365,365,365,366,365,365,365,366,365,365,365,366,365,365,365,366,365,365,365
05484500,16071,1/1/1980,12/31/2023,366,365,365,365,366,365,365,365,366,365,365,365,366,365,365,365,366,365,365,365,366,365,365,365,366,365,365,365,366,365,365,365,366,365,365,365,366,365,365,365,366,365,365,365
05487980,16071,1/1/1980,12/31/2023,366,365,365,365,366,365,365,365,366,365,365,365,366,365,365,365,366,365,365,365,366,365,365,365,366,365,365,365,366,365,365,365,366,365,365,365,366,365,365,365,366,365,365,365
05488200,14062,7/1/1985,12/31/2023,0,0,0,0,0,184,365,365,366,365,365,365,366,365,365,365,366,365,365,365,366,365,365,365,366,365,365,365,366,365,365,365,366,365,365,365,366,364,365,365,366,365,365,365
05489000,16071,1/1/1980,12/31/2023,366,365,365,365,366,365,365,365,366,365,365,365,366,365,365,365,366,365,365,365,366,365,365,365,366,365,365,365,366,365,365,365,366,365,365,365,366,365,365,365,366,365,365,365
05495000,16056,1/1/1980,12/31/2023,366,365,365,365,366,365,365,365,366,365,365,365,366,365,365,365,366,365,365,365,366,365,365,365,366,365,365,365,366,365,365,365,366,365,365,365,366,365,365,365,366,365,350,365
05495500,16069,1/1/1980,12/31/2023,366,365,365,365,366,365,365,365,366,365,365,365,366,365,365,365,366,365,365,365,366,365,365,365,366,365,365,365,366,365,365,365,366,365,365,365,366,363,365,365,366,365,365,365
05501000,16071,1/1/1980,12/31/2023,366,365,365,365,366,365,365,365,366,365,365,365,366,365,365,365,366,365,365,365,366,365,365,365,366,365,365,365,366,365,365,365,366,365,365,365,366,365,365,365,366,365,365,365
05503800,16071,1/1/1980,12/31/2023,366,365,365,365,366,365,365,365,366,365,365,365,366,365,365,365,366,365,365,365,366,365,365,365,366,365,365,365,366,365,365,365,366,365,365,365,366,365,365,365,366,365,365,365
05507600,16071,1/1/1980,12/31/2023,366,365,365,365,366,365,365,365,366,365,365,365,366,365,365,365,366,365,365,365,366,365,365,365,366,365,365,365,366,365,365,365,366,365,365,365,366,365,365,365,366,365,365,365
05508000,16071,1/1/1980,12/31/2023,366,365,365,365,366,365,365,365,366,365,365,365,366,365,365,365,366,365,365,365,366,365,365,365,366,365,365,365,366,365,365,365,366,365,365,365,366,365,365,365,366,365,365,365
05508805,16071,1/1/1980,12/31/2023,366,365,365,365,366,365,365,365,366,365,365,365,366,365,365,365,366,365,365,365,366,365,365,365,366,365,365,365,366,365,365,365,366,365,365,365,366,365,365,365,366,365,365,365
05514500,16070,1/1/1980,12/31/2023,366,365,365,365,366,365,365,365,366,365,365,365,366,365,365,365,366,365,365,365,366,365,365,365,366,365,365,365,366,365,365,365,366,365,365,365,366,364,365,365,366,365,365,365
05515500,16071,1/1/1980,12/31/2023,366,365,365,365,366,365,365,365,366,365,365,365,366,365,365,365,366,365,365,365,366,365,365,365,366,365,365,365,366,365,365,365,366,365,365,365,366,365,365,365,366,365,365,365
05517000,16071,1/1/1980,12/31/2023,366,365,365,365,366,365,365,365,366,365,365,365,366,365,365,365,366,365,365,365,366,365,365,365,366,365,365,365,366,365,365,365,366,365,365,365,366,365,365,365,366,365,365,365
05517500,16071,1/1/1980,12/31/2023,366,365,365,365,366,365,365,365,366,365,365,365,366,365,365,365,366,365,365,365,366,365,365,365,366,365,365,365,366,365,365,365,366,365,365,365,366,365,365,365,366,365,365,365
05518000,16071,1/1/1980,12/31/2023,366,365,365,365,366,365,365,365,366,365,365,365,366,365,365,365,366,365,365,365,366,365,365,365,366,365,365,365,366,365,365,365,366,365,365,365,366,365,365,365,366,365,365,365
05520500,16071,1/1/1980,12/31/2023,366,365,365,365,366,365,365,365,366,365,365,365,366,365,365,365,366,365,365,365,366,365,365,365,366,365,365,365,366,365,365,365,366,365,365,365,366,365,365,365,366,365,365,365
05525500,16071,1/1/1980,12/31/2023,366,365,365,365,366,365,365,365,366,365,365,365,366,365,365,365,366,365,365,365,366,365,365,365,366,365,365,365,366,365,365,365,366,365,365,365,366,365,365,365,366,365,365,365
05526000,16071,1/1/1980,12/31/2023,366,365,365,365,366,365,365,365,366,365,365,365,366,365,365,365,366,365,365,365,366,365,365,365,366,365,365,365,366,365,365,365,366,365,365,365,366,365,365,365,366,365,365,365
05542000,14992,1/1/1980,12/31/2023,366,365,365,365,366,365,365,365,366,365,365,365,366,365,365,290,0,0,92,365,366,365,365,365,366,365,365,365,366,365,365,365,366,365,365,365,366,365,365,365,366,365,365,365
05552500,16071,1/1/1980,12/31/2023,366,365,365,365,366,365,365,365,366,365,365,365,366,365,365,365,366,365,365,365,366,365,365,365,366,365,365,365,366,365,365,365,366,365,365,365,366,365,365,365,366,365,365,365
05554500,16071,1/1/1980,12/31/2023,366,365,365,365,366,365,365,365,366,365,365,365,366,365,365,365,366,365,365,365,366,365,365,365,366,365,365,365,366,365,365,365,366,365,365,365,366,365,365,365,366,365,365,365
05555300,16071,1/1/1980,12/31/2023,366,365,365,365,366,365,365,365,366,365,365,365,366,365,365,365,366,365,365,365,366,365,365,365,366,365,365,365,366,365,365,365,366,365,365,365,366,365,365,365,366,365,365,365
05556500,16071,1/1/1980,12/31/2023,366,365,365,365,366,365,365,365,366,365,365,365,366,365,365,365,366,365,365,365,366,365,365,365,366,365,365,365,366,365,365,365,366,365,365,365,366,365,365,365,366,365,365,365
05569500,16071,1/1/1980,12/31/2023,366,365,365,365,366,365,365,365,366,365,365,365,366,365,365,365,366,365,365,365,366,365,365,365,366,365,365,365,366,365,365,365,366,365,365,365,366,365,365,365,366,365,365,365
05570000,16071,1/1/1980,12/31/2023,366,365,365,365,366,365,365,365,366,365,365,365,366,365,365,365,366,365,365,365,366,365,365,365,366,365,365,365,366,365,365,365,366,365,365,365,366,365,365,365,366,365,365,365
05582000,16071,1/1/1980,12/31/2023,366,365,365,365,366,365,365,365,366,365,365,365,366,365,365,365,366,365,365,365,366,365,365,365,366,365,365,365,366,365,365,365,366,365,365,365,366,365,365,365,366,365,365,365
05584500,16071,1/1/1980,12/31/2023,366,365,365,365,366,365,365,365,366,365,365,365,366,365,365,365,366,365,365,365,366,365,365,365,366,365,365,365,366,365,365,365,366,365,365,365,366,365,365,365,366,365,365,365
05585000,16071,1/1/1980,12/31/2023,366,365,365,365,366,365,365,365,366,365,365,365,366,365,365,365,366,365,365,365,366,365,365,365,366,365,365,365,366,365,365,365,366,365,365,365,366,365,365,365,366,365,365,365
05591550,16021,2/20/1980,12/31/2023,316,365,365,365,366,365,365,365,366,365,365,365,366,365,365,365,366,365,365,365,366,365,365,365,366,365,365,365,366,365,365,365,366,365,365,365,366,365,365,365,366,365,365,365
05592050,16071,1/1/1980,12/31/2023,366,365,365,365,366,365,365,365,366,365,365,365,366,365,365,365,366,365,365,365,366,365,365,365,366,365,365,365,366,365,365,365,366,365,365,365,366,365,365,365,366,365,365,365
05592500,16066,1/1/1980,12/31/2023,366,365,365,365,366,365,365,365,366,365,360,365,366,365,365,365,366,365,365,365,366,365,365,365,366,365,365,365,366,365,365,365,366,365,365,365,366,365,365,365,366,365,365,365
05592575,12874,10/1/1988,12/31/2023,0,0,0,0,0,0,0,0,92,365,365,365,366,365,365,365,366,365,365,365,366,365,365,365,366,365,365,365,366,365,365,365,366,365,365,365,366,364,365,365,366,365,365,365
05593000,16071,1/1/1980,12/31/2023,366,365,365,365,366,365,365,365,366,365,365,365,366,365,365,365,366,365,365,365,366,365,365,365,366,365,365,365,366,365,365,365,366,365,365,365,366,365,365,365,366,365,365,365
05593575,16071,1/1/1980,12/31/2023,366,365,365,365,366,365,365,365,366,365,365,365,366,365,365,365,366,365,365,365,366,365,365,365,366,365,365,365,366,365,365,365,366,365,365,365,366,365,365,365,366,365,365,365
05593900,16071,1/1/1980,12/31/2023,366,365,365,365,366,365,365,365,366,365,365,365,366,365,365,365,366,365,365,365,366,365,365,365,366,365,365,365,366,365,365,365,366,365,365,365,366,365,365,365,366,365,365,365
05594000,16071,1/1/1980,12/31/2023,366,365,365,365,366,365,365,365,366,365,365,365,366,365,365,365,366,365,365,365,366,365,365,365,366,365,365,365,366,365,365,365,366,365,365,365,366,365,365,365,366,365,365,365
05595730,16071,1/1/1980,12/31/2023,366,365,365,365,366,365,365,365,366,365,365,365,366,365,365,365,366,365,365,365,366,365,365,365,366,365,365,365,366,365,365,365,366,365,365,365,366,365,365,365,366,365,365,365
06037500,14031,8/1/1983,12/31/2023,0,0,0,153,366,365,272,0,92,365,365,365,366,365,365,365,366,365,365,365,366,365,365,365,366,365,365,365,366,365,365,365,366,365,365,365,366,365,365,365,366,365,365,365
06043500,14974,1/1/1980,12/31/2023,366,272,0,0,92,365,365,365,366,365,365,365,366,365,365,365,366,365,365,365,366,365,365,365,366,365,365,365,366,365,365,365,366,365,365,365,366,365,365,365,366,365,365,365
06154410,10866,1/1/1980,9/30/2009,366,365,365,365,366,365,365,365,366,365,365,365,366,365,365,365,366,365,365,365,366,365,365,365,366,365,365,365,366,273,0,0,0,0,0,0,0,0,0,0,0,0,0,0
06188000,13211,5/1/1985,12/31/2023,0,0,0,0,0,153,153,0,122,365,365,365,366,365,365,365,366,365,365,365,366,365,365,365,366,365,365,365,366,365,365,365,366,365,365,365,366,365,365,365,366,365,365,365
06191500,16071,1/1/1980,12/31/2023,366,365,365,365,366,365,365,365,366,365,365,365,366,365,365,365,366,365,365,365,366,365,365,365,366,365,365,365,366,365,365,365,366,365,365,365,366,365,365,365,366,365,365,365
06192500,16069,1/1/1980,12/31/2023,366,365,365,365,366,365,365,365,366,365,365,365,366,365,365,365,366,365,365,365,366,365,365,365,366,365,365,365,366,365,365,365,366,365,365,364,365,365,365,365,366,365,365,365
06221400,12875,10/1/1988,12/31/2023,0,0,0,0,0,0,0,0,92,365,365,365,366,365,365,365,366,365,365,365,366,365,365,365,366,365,365,365,366,365,365,365,366,365,365,365,366,365,365,365,366,365,365,365
06224000,16071,1/1/1980,12/31/2023,366,365,365,365,366,365,365,365,366,365,365,365,366,365,365,365,366,365,365,365,366,365,365,365,366,365,365,365,366,365,365,365,366,365,365,365,366,365,365,365,366,365,365,365
06225500,13788,1/1/1980,9/30/2017,366,365,365,365,366,365,365,365,366,365,365,365,366,365,365,365,366,365,365,365,366,365,365,365,366,365,365,365,366,365,365,365,366,365,365,365,366,273,0,0,0,0,0,0
06278300,15618,1/1/1980,10/4/2022,366,365,365,365,366,365,365,365,366,365,365,365,366,365,365,365,366,365,365,365,366,365,365,365,366,365,365,365,366,365,365,365,366,365,365,365,366,365,365,365,366,365,277,0
06280300,15619,1/1/1980,10/5/2022,366,365,365,365,366,365,365,365,366,365,365,365,366,365,365,365,366,365,365,365,366,365,365,365,366,365,365,365,366,365,365,365,366,365,365,365,366,365,365,365,366,365,278,0
06289000,16071,1/1/1980,12/31/2023,366,365,365,365,366,365,365,365,366,365,365,365,366,365,365,365,366,365,365,365,366,365,365,365,366,365,365,365,366,365,365,365,366,365,365,365,366,365,365,365,366,365,365,365
06291500,9861,10/1/1982,9/29/2009,0,0,92,365,366,365,365,365,366,365,365,365,366,365,365,365,366,365,365,365,366,365,365,365,366,365,365,365,366,272,0,0,0,0,0,0,0,0,0,0,0,0,0,0
06311000,14885,1/1/1980,10/1/2020,366,365,365,365,366,365,365,365,366,365,365,365,366,365,365,365,366,365,365,365,366,365,365,365,366,365,365,365,366,365,365,365,366,365,365,365,366,365,365,365,275,0,0,0
06332515,16039,1/1/1980,11/29/2023,366,365,365,365,366,365,365,365,366,365,365,365,366,365,365,365,366,365,365,365,366,365,365,365,366,365,365,365,366,365,365,365,366,365,365,365,366,365,365,365,366,365,365,333
06334500,16071,1/1/1980,12/31/2023,366,365,365,365,366,365,365,365,366,365,365,365,366,365,365,365,366,365,365,365,366,365,365,365,366,365,365,365,366,365,365,365,366,365,365,365,366,365,365,365,366,365,365,365
06339100,16030,1/1/1980,11/27/2023,366,365,365,365,366,365,365,365,366,365,365,365,366,365,365,365,366,365,365,365,366,365,365,365,366,365,365,365,366,365,365,365,366,365,365,365,366,365,365,365,366,365,365,324
06339500,16071,1/1/1980,12/31/2023,366,365,365,365,366,365,365,365,366,365,365,365,366,365,365,365,366,365,365,365,366,365,365,365,366,365,365,365,366,365,365,365,366,365,365,365,366,365,365,365,366,365,365,365
06340500,16071,1/1/1980,12/31/2023,366,365,365,365,366,365,365,365,366,365,365,365,366,365,365,365,366,365,365,365,366,365,365,365,366,365,365,365,366,365,365,365,366,365,365,365,366,365,365,365,366,365,365,365
06344600,16071,1/1/1980,12/31/2023,366,365,365,365,366,365,365,365,366,365,365,365,366,365,365,365,366,365,365,365,366,365,365,365,366,365,365,365,366,365,365,365,366,365,365,365,366,365,365,365,366,365,365,365
06350000,16071,1/1/1980,12/31/2023,366,365,365,365,366,365,365,365,366,365,365,365,366,365,365,365,366,365,365,365,366,365,365,365,366,365,365,365,366,365,365,365,366,365,365,365,366,365,365,365,366,365,365,365
06352000,16032,1/1/1980,11/22/2023,366,365,365,365,366,365,365,365,366,365,365,365,366,365,365,365,366,365,365,365,366,365,365,365,366,365,365,365,366,365,365,365,366,365,365,365,366,365,365,365,366,365,365,326
06353000,16071,1/1/1980,12/31/2023,366,365,365,365,366,365,365,365,366,365,365,365,366,365,365,365,366,365,365,365,366,365,365,365,366,365,365,365,366,365,365,365,366,365,365,365,366,365,365,365,366,365,365,365
06354000,16071,1/1/1980,12/31/2023,366,365,365,365,366,365,365,365,366,365,365,365,366,365,365,365,366,365,365,365,366,365,365,365,366,365,365,365,366,365,365,365,366,365,365,365,366,365,365,365,366,365,365,365
06359500,16045,1/1/1980,12/7/2023,366,365,365,365,366,365,365,365,366,365,365,365,366,365,365,365,366,365,365,365,366,365,365,365,366,365,365,365,366,365,365,365,366,365,365,365,366,365,365,365,366,365,365,339
06360500,16070,1/1/1980,12/31/2023,366,365,365,365,366,365,365,365,366,365,365,365,366,365,365,365,366,365,365,365,366,365,365,365,366,365,365,365,366,365,365,365,366,365,365,365,366,365,364,365,366,365,365,365
06404000,16043,1/1/1980,12/9/2023,366,365,365,365,366,365,365,365,366,365,365,365,366,365,365,365,366,365,365,365,366,365,365,365,366,365,365,365,366,365,365,365,366,365,365,365,366,365,365,365,366,365,365,337
06406000,16071,1/1/1980,12/31/2023,366,365,365,365,366,365,365,365,366,365,365,365,366,365,365,365,366,365,365,365,366,365,365,365,366,365,365,365,366,365,365,365,366,365,365,365,366,365,365,365,366,365,365,365
06408700,14870,11/1/1981,12/31/2023,0,61,365,365,366,365,365,365,366,365,365,365,366,365,365,365,366,365,365,365,366,365,365,365,366,365,365,365,366,365,365,365,366,365,365,365,366,290,0,274,366,365,365,365
06409000,16071,1/1/1980,12/31/2023,366,365,365,365,366,365,365,365,366,365,365,365,366,365,365,365,366,365,365,365,366,365,365,365,366,365,365,365,366,365,365,365,366,365,365,365,366,365,365,365,366,365,365,365
06426500,14241,1/1/1980,12/31/2023,366,365,365,273,0,92,365,273,0,0,92,365,366,365,365,365,366,365,365,365,366,365,365,365,366,365,365,365,366,365,365,365,366,365,365,365,366,365,365,362,366,365,365,365
06431500,16071,1/1/1980,12/31/2023,366,365,365,365,366,365,365,365,366,365,365,365,366,365,365,365,366,365,365,365,366,365,365,365,366,365,365,365,366,365,365,365,366,365,365,365,366,365,365,365,366,365,365,365
06440200,12875,10/1/1988,12/31/2023,0,0,0,0,0,0,0,0,92,365,365,365,366,365,365,365,366,365,365,365,366,365,365,365,366,365,365,365,366,365,365,365,366,365,365,365,366,365,365,365,366,365,365,365
06441500,16007,1/1/1980,10/28/2023,366,365,365,365,366,365,365,365,366,365,365,365,366,365,365,365,366,365,365,365,366,365,365,365,366,365,365,365,366,365,365,365,366,365,365,365,366,365,365,365,366,365,365,301
06447000,16033,1/1/1980,11/23/2023,366,365,365,365,366,365,365,365,366,365,365,365,366,365,365,365,366,365,365,365,366,365,365,365,366,365,365,365,366,365,365,365,366,365,365,365,366,365,365,365,366,365,365,327
06447500,16033,1/1/1980,11/23/2023,366,365,365,365,366,365,365,365,366,365,365,365,366,365,365,365,366,365,365,365,366,365,365,365,366,365,365,365,366,365,365,365,366,365,365,365,366,365,365,365,366,365,365,327
06450500,16046,1/1/1980,12/6/2023,366,365,365,365,366,365,365,365,366,365,365,365,366,365,365,365,366,365,365,365,366,365,365,365,366,365,365,365,366,365,365,365,366,365,365,365,366,365,365,365,366,365,365,340
06452000,16007,1/1/1980,10/28/2023,366,365,365,365,366,365,365,365,366,365,365,365,366,365,365,365,366,365,365,365,366,365,365,365,366,365,365,365,366,365,365,365,366,365,365,365,366,365,365,365,366,365,365,301
06453600,16071,1/1/1980,12/31/2023,366,365,365,365,366,365,365,365,366,365,365,365,366,365,365,365,366,365,365,365,366,365,365,365,366,365,365,365,366,365,365,365,366,365,365,365,366,365,365,365,366,365,365,365
06454500,5386,1/1/1980,9/29/1994,366,365,365,365,366,365,365,365,366,365,365,365,366,365,272,0,0,0,0,0,0,0,0,0,0,0,0,0,0,0,0,0,0,0,0,0,0,0,0,0,0,0,0,0
06464500,16006,1/1/1980,10/29/2023,366,365,365,365,366,365,365,365,366,365,365,365,366,365,365,365,366,365,365,365,366,365,365,365,366,365,365,365,366,365,365,365,366,365,365,365,366,365,365,365,366,365,365,300
06468170,16026,1/1/1980,11/22/2023,366,365,365,365,366,365,365,365,366,365,365,365,366,365,365,365,366,365,365,365,366,365,365,365,366,365,365,365,366,365,365,365,366,365,365,365,366,365,365,365,366,365,365,320
06468250,13924,10/1/1985,11/21/2023,0,0,0,0,0,92,365,365,366,365,365,365,366,365,365,365,366,365,365,365,366,365,365,365,366,365,365,365,366,365,365,365,366,365,365,365,366,365,365,365,366,365,365,318
06470800,16031,1/1/1980,11/21/2023,366,365,365,365,366,365,365,365,366,365,365,365,366,365,365,365,366,365,365,365,366,365,365,365,366,365,365,365,366,365,365,365,366,365,365,365,366,365,365,365,366,365,365,325
06477500,16023,1/1/1980,11/13/2023,366,365,365,365,366,365,365,365,366,365,365,365,366,365,365,365,366,365,365,365,366,365,365,365,366,365,365,365,366,365,365,365,366,365,365,365,366,365,365,365,366,365,365,317
06479215,14453,6/6/1984,12/31/2023,0,0,0,0,209,365,365,365,366,365,365,365,366,365,365,365,366,365,365,365,366,365,365,365,366,365,365,365,366,365,365,365,366,365,365,365,366,365,365,365,366,365,365,365
06479438,16031,1/1/1980,11/21/2023,366,365,365,365,366,365,365,365,366,365,365,365,366,365,365,365,366,365,365,365,366,365,365,365,366,365,365,365,366,365,365,365,366,365,365,365,366,365,365,365,366,365,365,325
06480000,16031,1/1/1980,11/21/2023,366,365,365,365,366,365,365,365,366,365,365,365,366,365,365,365,366,365,365,365,366,365,365,365,366,365,365,365,366,365,365,365,366,365,365,365,366,365,365,365,366,365,365,325
06600500,16071,1/1/1980,12/31/2023,366,365,365,365,366,365,365,365,366,365,365,365,366,365,365,365,366,365,365,365,366,365,365,365,366,365,365,365,366,365,365,365,366,365,365,365,366,365,365,365,366,365,365,365
06601000,16071,1/1/1980,12/31/2023,366,365,365,365,366,365,365,365,366,365,365,365,366,365,365,365,366,365,365,365,366,365,365,365,366,365,365,365,366,365,365,365,366,365,365,365,366,365,365,365,366,365,365,365
06606600,16071,1/1/1980,12/31/2023,366,365,365,365,366,365,365,365,366,365,365,365,366,365,365,365,366,365,365,365,366,365,365,365,366,365,365,365,366,365,365,365,366,365,365,365,366,365,365,365,366,365,365,365
06607200,16070,1/1/1980,12/31/2023,366,365,365,365,366,365,365,365,366,365,365,365,366,365,365,365,366,365,365,365,366,365,365,365,366,365,365,365,366,365,365,365,366,365,365,365,366,365,365,365,366,365,364,365
06609500,16071,1/1/1980,12/31/2023,366,365,365,365,366,365,365,365,366,365,365,365,366,365,365,365,366,365,365,365,366,365,365,365,366,365,365,365,366,365,365,365,366,365,365,365,366,365,365,365,366,365,365,365
06614800,16071,1/1/1980,12/31/2023,366,365,365,365,366,365,365,365,366,365,365,365,366,365,365,365,366,365,365,365,366,365,365,365,366,365,365,365,366,365,365,365,366,365,365,365,366,365,365,365,366,365,365,365
06622700,16071,1/1/1980,12/31/2023,366,365,365,365,366,365,365,365,366,365,365,365,366,365,365,365,366,365,365,365,366,365,365,365,366,365,365,365,366,365,365,365,366,365,365,365,366,365,365,365,366,365,365,365
06623800,16071,1/1/1980,12/31/2023,366,365,365,365,366,365,365,365,366,365,365,365,366,365,365,365,366,365,365,365,366,365,365,365,366,365,365,365,366,365,365,365,366,365,365,365,366,365,365,365,366,365,365,365
06632400,16071,1/1/1980,12/31/2023,366,365,365,365,366,365,365,365,366,365,365,365,366,365,365,365,366,365,365,365,366,365,365,365,366,365,365,365,366,365,365,365,366,365,365,365,366,365,365,365,366,365,365,365
06746095,15995,1/1/1980,10/16/2023,366,365,365,365,366,365,365,365,366,365,365,365,366,365,365,365,366,365,365,365,366,365,365,365,366,365,365,365,366,365,365,365,366,365,365,365,366,365,365,365,366,365,365,289
06784000,16071,1/1/1980,12/31/2023,366,365,365,365,366,365,365,365,366,365,365,365,366,365,365,365,366,365,365,365,366,365,365,365,366,365,365,365,366,365,365,365,366,365,365,365,366,365,365,365,366,365,365,365
06799500,15480,1/1/1980,12/31/2023,366,365,365,365,366,365,365,365,366,365,365,365,366,365,299,205,366,365,365,365,366,365,365,365,366,272,93,365,366,365,365,365,366,365,365,365,366,365,365,365,366,365,365,365
06803510,16071,1/1/1980,12/31/2023,366,365,365,365,366,365,365,365,366,365,365,365,366,365,365,365,366,365,365,365,366,365,365,365,366,365,365,365,366,365,365,365,366,365,365,365,366,365,365,365,366,365,365,365
06803530,16071,1/1/1980,12/31/2023,366,365,365,365,366,365,365,365,366,365,365,365,366,365,365,365,366,365,365,365,366,365,365,365,366,365,365,365,366,365,365,365,366,365,365,365,366,365,365,365,366,365,365,365
06808500,16071,1/1/1980,12/31/2023,366,365,365,365,366,365,365,365,366,365,365,365,366,365,365,365,366,365,365,365,366,365,365,365,366,365,365,365,366,365,365,365,366,365,365,365,366,365,365,365,366,365,365,365
06810000,16071,1/1/1980,12/31/2023,366,365,365,365,366,365,365,365,366,365,365,365,366,365,365,365,366,365,365,365,366,365,365,365,366,365,365,365,366,365,365,365,366,365,365,365,366,365,365,365,366,365,365,365
06811500,16071,1/1/1980,12/31/2023,366,365,365,365,366,365,365,365,366,365,365,365,366,365,365,365,366,365,365,365,366,365,365,365,366,365,365,365,366,365,365,365,366,365,365,365,366,365,365,365,366,365,365,365
06813000,10049,1/1/1980,12/31/2023,366,365,365,365,366,365,365,365,366,365,365,0,0,0,0,0,0,0,0,0,0,0,0,0,0,0,0,187,366,365,365,365,366,365,365,365,366,365,365,365,366,365,365,365
06814000,16071,1/1/1980,12/31/2023,366,365,365,365,366,365,365,365,366,365,365,365,366,365,365,365,366,365,365,365,366,365,365,365,366,365,365,365,366,365,365,365,366,365,365,365,366,365,365,365,366,365,365,365
06815000,16071,1/1/1980,12/31/2023,366,365,365,365,366,365,365,365,366,365,365,365,366,365,365,365,366,365,365,365,366,365,365,365,366,365,365,365,366,365,365,365,366,365,365,365,366,365,365,365,366,365,365,365
06817000,16071,1/1/1980,12/31/2023,366,365,365,365,366,365,365,365,366,365,365,365,366,365,365,365,366,365,365,365,366,365,365,365,366,365,365,365,366,365,365,365,366,365,365,365,366,365,365,365,366,365,365,365
06817500,4488,1/1/1980,12/31/2023,366,365,365,293,0,0,0,0,0,0,0,0,0,0,0,0,0,0,0,0,0,0,0,0,0,0,0,0,0,0,0,0,0,0,0,177,366,365,365,365,366,365,365,365
06820500,16071,1/1/1980,12/31/2023,366,365,365,365,366,365,365,365,366,365,365,365,366,365,365,365,366,365,365,365,366,365,365,365,366,365,365,365,366,365,365,365,366,365,365,365,366,365,365,365,366,365,365,365
06847000,8765,1/1/1980,12/31/2023,366,365,365,365,366,365,365,365,366,365,365,365,366,365,272,0,0,0,0,0,0,0,0,0,0,0,0,0,0,0,0,0,0,0,92,365,366,365,365,365,366,365,365,365
06847900,16071,1/1/1980,12/31/2023,366,365,365,365,366,365,365,365,366,365,365,365,366,365,365,365,366,365,365,365,366,365,365,365,366,365,365,365,366,365,365,365,366,365,365,365,366,365,365,365,366,365,365,365
06853800,16071,1/1/1980,12/31/2023,366,365,365,365,366,365,365,365,366,365,365,365,366,365,365,365,366,365,365,365,366,365,365,365,366,365,365,365,366,365,365,365,366,365,365,365,366,365,365,365,366,365,365,365
06860000,16069,1/1/1980,12/31/2023,366,365,365,365,366,365,365,365,366,365,365,365,366,365,365,365,366,365,365,365,366,365,365,365,366,365,365,365,366,365,365,365,366,365,365,365,366,364,364,365,366,365,365,365
06869500,16071,1/1/1980,12/31/2023,366,365,365,365,366,365,365,365,366,365,365,365,366,365,365,365,366,365,365,365,366,365,365,365,366,365,365,365,366,365,365,365,366,365,365,365,366,365,365,365,366,365,365,365
06876700,16071,1/1/1980,12/31/2023,366,365,365,365,366,365,365,365,366,365,365,365,366,365,365,365,366,365,365,365,366,365,365,365,366,365,365,365,366,365,365,365,366,365,365,365,366,365,365,365,366,365,365,365
06878000,16071,1/1/1980,12/31/2023,366,365,365,365,366,365,365,365,366,365,365,365,366,365,365,365,366,365,365,365,366,365,365,365,366,365,365,365,366,365,365,365,366,365,365,365,366,365,365,365,366,365,365,365
06879650,16071,1/1/1980,12/31/2023,366,365,365,365,366,365,365,365,366,365,365,365,366,365,365,365,366,365,365,365,366,365,365,365,366,365,365,365,366,365,365,365,366,365,365,365,366,365,365,365,366,365,365,365
06883000,16071,1/1/1980,12/31/2023,366,365,365,365,366,365,365,365,366,365,365,365,366,365,365,365,366,365,365,365,366,365,365,365,366,365,365,365,366,365,365,365,366,365,365,365,366,365,365,365,366,365,365,365
06884400,16071,1/1/1980,12/31/2023,366,365,365,365,366,365,365,365,366,365,365,365,366,365,365,365,366,365,365,365,366,365,365,365,366,365,365,365,366,365,365,365,366,365,365,365,366,365,365,365,366,365,365,365
06885500,16070,1/1/1980,12/31/2023,366,365,365,365,366,365,365,365,366,365,365,365,366,365,365,365,366,365,365,365,366,365,365,365,366,365,365,365,366,365,365,365,366,365,365,365,366,365,365,365,366,365,365,364
06888500,16071,1/1/1980,12/31/2023,366,365,365,365,366,365,365,365,366,365,365,365,366,365,365,365,366,365,365,365,366,365,365,365,366,365,365,365,366,365,365,365,366,365,365,365,366,365,365,365,366,365,365,365
06889200,16071,1/1/1980,12/31/2023,366,365,365,365,366,365,365,365,366,365,365,365,366,365,365,365,366,365,365,365,366,365,365,365,366,365,365,365,366,365,365,365,366,365,365,365,366,365,365,365,366,365,365,365
06889500,16071,1/1/1980,12/31/2023,366,365,365,365,366,365,365,365,366,365,365,365,366,365,365,365,366,365,365,365,366,365,365,365,366,365,365,365,366,365,365,365,366,365,365,365,366,365,365,365,366,365,365,365
06892000,16071,1/1/1980,12/31/2023,366,365,365,365,366,365,365,365,366,365,365,365,366,365,365,365,366,365,365,365,366,365,365,365,366,365,365,365,366,365,365,365,366,365,365,365,366,365,365,365,366,365,365,365
06894000,16071,1/1/1980,12/31/2023,366,365,365,365,366,365,365,365,366,365,365,365,366,365,365,365,366,365,365,365,366,365,365,365,366,365,365,365,366,365,365,365,366,365,365,365,366,365,365,365,366,365,365,365
06897500,16071,1/1/1980,12/31/2023,366,365,365,365,366,365,365,365,366,365,365,365,366,365,365,365,366,365,365,365,366,365,365,365,366,365,365,365,366,365,365,365,366,365,365,365,366,365,365,365,366,365,365,365
06898000,16071,1/1/1980,12/31/2023,366,365,365,365,366,365,365,365,366,365,365,365,366,365,365,365,366,365,365,365,366,365,365,365,366,365,365,365,366,365,365,365,366,365,365,365,366,365,365,365,366,365,365,365
06899500,16071,1/1/1980,12/31/2023,366,365,365,365,366,365,365,365,366,365,365,365,366,365,365,365,366,365,365,365,366,365,365,365,366,365,365,365,366,365,365,365,366,365,365,365,366,365,365,365,366,365,365,365
06903400,16071,1/1/1980,12/31/2023,366,365,365,365,366,365,365,365,366,365,365,365,366,365,365,365,366,365,365,365,366,365,365,365,366,365,365,365,366,365,365,365,366,365,365,365,366,365,365,365,366,365,365,365
06906800,13261,9/11/1987,12/31/2023,0,0,0,0,0,0,0,112,366,365,365,365,366,365,365,365,366,365,365,365,366,365,365,365,366,365,365,365,366,365,365,365,366,365,365,365,366,365,365,365,366,365,365,365
06908000,15958,1/1/1980,12/31/2023,366,365,365,365,366,365,365,365,366,365,365,365,366,365,365,365,366,365,365,365,366,365,365,365,366,365,365,365,366,365,365,365,366,365,365,365,253,365,365,365,366,365,365,365
06910800,16071,1/1/1980,12/31/2023,366,365,365,365,366,365,365,365,366,365,365,365,366,365,365,365,366,365,365,365,366,365,365,365,366,365,365,365,366,365,365,365,366,365,365,365,366,365,365,365,366,365,365,365
06911900,16071,1/1/1980,12/31/2023,366,365,365,365,366,365,365,365,366,365,365,365,366,365,365,365,366,365,365,365,366,365,365,365,366,365,365,365,366,365,365,365,366,365,365,365,366,365,365,365,366,365,365,365
06913500,16071,1/1/1980,12/31/2023,366,365,365,365,366,365,365,365,366,365,365,365,366,365,365,365,366,365,365,365,366,365,365,365,366,365,365,365,366,365,365,365,366,365,365,365,366,365,365,365,366,365,365,365
06914000,10026,1/1/1980,12/31/2023,366,365,365,365,366,365,365,365,366,365,365,365,366,365,365,365,366,365,365,365,366,272,0,0,0,0,0,0,0,0,0,0,0,0,0,0,0,0,257,365,366,365,365,365
06917000,16071,1/1/1980,12/31/2023,366,365,365,365,366,365,365,365,366,365,365,365,366,365,365,365,366,365,365,365,366,365,365,365,366,365,365,365,366,365,365,365,366,365,365,365,366,365,365,365,366,365,365,365
06918460,16071,1/1/1980,12/31/2023,366,365,365,365,366,365,365,365,366,365,365,365,366,365,365,365,366,365,365,365,366,365,365,365,366,365,365,365,366,365,365,365,366,365,365,365,366,365,365,365,366,365,365,365
06919500,16071,1/1/1980,12/31/2023,366,365,365,365,366,365,365,365,366,365,365,365,366,365,365,365,366,365,365,365,366,365,365,365,366,365,365,365,366,365,365,365,366,365,365,365,366,365,365,365,366,365,365,365
06921070,16071,1/1/1980,12/31/2023,366,365,365,365,366,365,365,365,366,365,365,365,366,365,365,365,366,365,365,365,366,365,365,365,366,365,365,365,366,365,365,365,366,365,365,365,366,365,365,365,366,365,365,365
06921200,16071,1/1/1980,12/31/2023,366,365,365,365,366,365,365,365,366,365,365,365,366,365,365,365,366,365,365,365,366,365,365,365,366,365,365,365,366,365,365,365,366,365,365,365,366,365,365,365,366,365,365,365
06928000,8492,10/1/2000,12/31/2023,0,0,0,0,0,0,0,0,0,0,0,0,0,0,0,0,0,0,0,0,92,365,365,365,366,365,365,365,366,365,365,365,366,365,365,365,366,365,365,365,366,365,365,365
06933500,16071,1/1/1980,12/31/2023,366,365,365,365,366,365,365,365,366,365,365,365,366,365,365,365,366,365,365,365,366,365,365,365,366,365,365,365,366,365,365,365,366,365,365,365,366,365,365,365,366,365,365,365
06934000,13606,10/1/1986,12/31/2023,0,0,0,0,0,0,92,365,366,365,365,365,366,365,365,365,366,365,365,365,366,365,365,365,366,365,365,365,366,365,365,365,366,365,365,365,366,365,365,365,366,365,365,365
07014500,16071,1/1/1980,12/31/2023,366,365,365,365,366,365,365,365,366,365,365,365,366,365,365,365,366,365,365,365,366,365,365,365,366,365,365,365,366,365,365,365,366,365,365,365,366,365,365,365,366,365,365,365
07019000,16071,1/1/1980,12/31/2023,366,365,365,365,366,365,365,365,366,365,365,365,366,365,365,365,366,365,365,365,366,365,365,365,366,365,365,365,366,365,365,365,366,365,365,365,366,365,365,365,366,365,365,365
07029500,15763,1/1/1980,12/31/2023,366,365,365,365,366,365,365,365,366,365,365,365,366,280,318,365,366,365,365,365,366,365,365,365,366,365,365,365,366,365,365,365,366,365,365,365,366,189,365,365,366,365,365,365
07049000,9220,10/1/1998,12/31/2023,0,0,0,0,0,0,0,0,0,0,0,0,0,0,0,0,0,0,92,365,366,365,365,365,366,365,365,365,366,365,365,365,366,365,365,365,363,365,365,365,366,365,365,365
07052500,16071,1/1/1980,12/31/2023,366,365,365,365,366,365,365,365,366,365,365,365,366,365,365,365,366,365,365,365,366,365,365,365,366,365,365,365,366,365,365,365,366,365,365,365,366,365,365,365,366,365,365,365
07056000,16063,1/1/1980,12/31/2023,366,365,365,365,366,365,365,365,366,365,365,365,366,365,365,365,366,365,365,365,366,365,365,365,366,365,365,365,366,365,365,365,366,365,365,365,358,365,365,365,366,365,365,365
07057500,16071,1/1/1980,12/31/2023,366,365,365,365,366,365,365,365,366,365,365,365,366,365,365,365,366,365,365,365,366,365,365,365,366,365,365,365,366,365,365,365,366,365,365,365,366,365,365,365,366,365,365,365
07058000,12468,1/1/1980,12/31/2023,366,365,365,365,366,323,0,0,0,0,0,0,0,0,92,365,273,92,365,365,366,365,365,365,366,365,365,365,366,365,365,365,366,365,365,365,366,365,365,365,366,365,365,365
07060710,16070,1/1/1980,12/31/2023,366,365,365,365,366,365,365,365,366,365,365,365,366,365,365,365,366,365,365,365,366,365,365,365,366,365,365,365,366,365,365,365,366,365,365,365,365,365,365,365,366,365,365,365
07066000,16071,1/1/1980,12/31/2023,366,365,365,365,366,365,365,365,366,365,365,365,366,365,365,365,366,365,365,365,366,365,365,365,366,365,365,365,366,365,365,365,366,365,365,365,366,365,365,365,366,365,365,365
07067000,16071,1/1/1980,12/31/2023,366,365,365,365,366,365,365,365,366,365,365,365,366,365,365,365,366,365,365,365,366,365,365,365,366,365,365,365,366,365,365,365,366,365,365,365,366,365,365,365,366,365,365,365
07068000,16071,1/1/1980,12/31/2023,366,365,365,365,366,365,365,365,366,365,365,365,366,365,365,365,366,365,365,365,366,365,365,365,366,365,365,365,366,365,365,365,366,365,365,365,366,365,365,365,366,365,365,365
07069500,13317,1/1/1980,12/31/2023,366,365,365,365,366,365,365,365,366,365,365,365,366,365,365,126,0,0,0,0,0,92,365,365,366,365,365,365,366,365,365,365,366,365,365,299,17,365,365,365,366,365,365,365
07071500,16071,1/1/1980,12/31/2023,366,365,365,365,366,365,365,365,366,365,365,365,366,365,365,365,366,365,365,365,366,365,365,365,366,365,365,365,366,365,365,365,366,365,365,365,366,365,365,365,366,365,365,365
07072000,14075,1/1/1980,12/31/2023,366,365,365,365,366,365,365,365,366,365,365,365,366,365,357,114,0,0,0,0,92,364,364,365,366,365,365,365,366,365,365,365,366,365,365,365,366,365,365,365,366,365,365,365
07083000,16059,1/1/1980,12/31/2023,366,365,365,365,366,365,365,365,366,365,365,365,366,365,365,365,366,365,365,365,366,365,365,365,366,365,365,365,366,365,365,365,366,365,365,365,366,365,365,365,366,365,365,353
07142300,16071,1/1/1980,12/31/2023,366,365,365,365,366,365,365,365,366,365,365,365,366,365,365,365,366,365,365,365,366,365,365,365,366,365,365,365,366,365,365,365,366,365,365,365,366,365,365,365,366,365,365,365
07144200,16021,1/1/1980,12/31/2023,366,365,365,365,366,365,365,365,366,365,365,365,366,365,365,365,366,365,365,365,366,365,365,365,366,365,365,365,366,365,365,365,366,365,365,365,366,315,365,365,366,365,365,365
07144780,16071,1/1/1980,12/31/2023,366,365,365,365,366,365,365,365,366,365,365,365,366,365,365,365,366,365,365,365,366,365,365,365,366,365,365,365,366,365,365,365,366,365,365,365,366,365,365,365,366,365,365,365
07145700,16070,1/1/1980,12/31/2023,366,365,365,365,366,365,365,365,366,365,365,365,366,365,365,365,366,365,365,365,366,365,365,365,366,365,365,365,366,365,365,365,366,365,365,365,366,364,365,365,366,365,365,365
07147070,16071,1/1/1980,12/31/2023,366,365,365,365,366,365,365,365,366,365,365,365,366,365,365,365,366,365,365,365,366,365,365,365,366,365,365,365,366,365,365,365,366,365,365,365,366,365,365,365,366,365,365,365
07147800,16071,1/1/1980,12/31/2023,366,365,365,365,366,365,365,365,366,365,365,365,366,365,365,365,366,365,365,365,366,365,365,365,366,365,365,365,366,365,365,365,366,365,365,365,366,365,365,365,366,365,365,365
07148400,16070,1/1/1980,12/31/2023,366,365,365,365,366,365,365,365,366,365,365,365,366,365,365,365,366,365,365,365,366,365,365,365,366,365,365,365,366,365,365,365,366,365,365,365,365,365,365,365,366,365,365,365
07149000,16030,1/1/1980,12/31/2023,366,365,365,365,366,365,365,365,366,365,365,365,366,365,365,365,366,365,365,365,366,365,365,365,366,365,365,365,366,365,365,365,366,365,328,361,366,365,365,365,366,365,365,365
07151500,16071,1/1/1980,12/31/2023,366,365,365,365,366,365,365,365,366,365,365,365,366,365,365,365,366,365,365,365,366,365,365,365,366,365,365,365,366,365,365,365,366,365,365,365,366,365,365,365,366,365,365,365
07152000,15801,1/1/1980,12/31/2023,366,365,365,365,366,365,365,365,366,365,365,365,366,365,365,365,366,365,365,365,366,365,365,365,366,365,365,365,366,365,365,365,366,365,365,365,366,365,365,365,96,365,365,365
07163000,5022,1/1/1980,9/30/1993,366,365,365,365,366,365,365,365,366,365,365,365,366,273,0,0,0,0,0,0,0,0,0,0,0,0,0,0,0,0,0,0,0,0,0,0,0,0,0,0,0,0,0,0
07167500,16071,1/1/1980,12/31/2023,366,365,365,365,366,365,365,365,366,365,365,365,366,365,365,365,366,365,365,365,366,365,365,365,366,365,365,365,366,365,365,365,366,365,365,365,366,365,365,365,366,365,365,365
07172000,16071,1/1/1980,12/31/2023,366,365,365,365,366,365,365,365,366,365,365,365,366,365,365,365,366,365,365,365,366,365,365,365,366,365,365,365,366,365,365,365,366,365,365,365,366,365,365,365,366,365,365,365
07177500,16071,1/1/1980,12/31/2023,366,365,365,365,366,365,365,365,366,365,365,365,366,365,365,365,366,365,365,365,366,365,365,365,366,365,365,365,366,365,365,365,366,365,365,365,366,365,365,365,366,365,365,365
07180500,16071,1/1/1980,12/31/2023,366,365,365,365,366,365,365,365,366,365,365,365,366,365,365,365,366,365,365,365,366,365,365,365,366,365,365,365,366,365,365,365,366,365,365,365,366,365,365,365,366,365,365,365
07183000,16071,1/1/1980,12/31/2023,366,365,365,365,366,365,365,365,366,365,365,365,366,365,365,365,366,365,365,365,366,365,365,365,366,365,365,365,366,365,365,365,366,365,365,365,366,365,365,365,366,365,365,365
07184000,16071,1/1/1980,12/31/2023,366,365,365,365,366,365,365,365,366,365,365,365,366,365,365,365,366,365,365,365,366,365,365,365,366,365,365,365,366,365,365,365,366,365,365,365,366,365,365,365,366,365,365,365
07186000,16071,1/1/1980,12/31/2023,366,365,365,365,366,365,365,365,366,365,365,365,366,365,365,365,366,365,365,365,366,365,365,365,366,365,365,365,366,365,365,365,366,365,365,365,366,365,365,365,366,365,365,365
07195800,16071,1/1/1980,12/31/2023,366,365,365,365,366,365,365,365,366,365,365,365,366,365,365,365,366,365,365,365,366,365,365,365,366,365,365,365,366,365,365,365,366,365,365,365,366,365,365,365,366,365,365,365
07196500,16071,1/1/1980,12/31/2023,366,365,365,365,366,365,365,365,366,365,365,365,366,365,365,365,366,365,365,365,366,365,365,365,366,365,365,365,366,365,365,365,366,365,365,365,366,365,365,365,366,365,365,365
07196900,16070,1/1/1980,12/31/2023,366,365,365,365,366,365,365,365,366,365,365,365,366,365,365,365,366,365,365,365,366,365,365,365,366,365,365,365,366,365,365,365,366,365,365,365,365,365,365,365,366,365,365,365
07197000,16071,1/1/1980,12/31/2023,366,365,365,365,366,365,365,365,366,365,365,365,366,365,365,365,366,365,365,365,366,365,365,365,366,365,365,365,366,365,365,365,366,365,365,365,366,365,365,365,366,365,365,365
07208500,16039,1/1/1980,12/4/2023,366,365,365,365,366,365,365,365,366,365,365,365,366,365,365,365,366,365,365,365,366,365,365,365,366,365,365,365,366,365,365,365,366,365,365,365,366,360,365,365,366,365,365,338
07211500,16071,1/1/1980,12/31/2023,366,365,365,365,366,365,365,365,366,365,365,365,366,365,365,365,366,365,365,365,366,365,365,365,366,365,365,365,366,365,365,365,366,365,365,365,366,365,365,365,366,365,365,365
07221000,6117,1/1/1980,9/29/1996,366,365,365,365,366,365,365,365,366,365,365,365,366,365,365,365,273,0,0,0,0,0,0,0,0,0,0,0,0,0,0,0,0,0,0,0,0,0,0,0,0,0,0,0
07226500,15544,1/1/1980,12/31/2023,366,365,365,365,366,365,365,365,366,365,365,365,366,365,365,365,366,365,365,365,366,365,365,365,366,365,365,365,366,365,365,365,366,176,27,365,366,365,365,365,366,365,365,365
07243500,16071,1/1/1980,12/31/2023,366,365,365,365,366,365,365,365,366,365,365,365,366,365,365,365,366,365,365,365,366,365,365,365,366,365,365,365,366,365,365,365,366,365,365,365,366,365,365,365,366,365,365,365
07252000,14829,1/1/1980,12/31/2023,366,365,365,365,366,365,365,365,366,365,365,365,366,365,365,128,0,0,95,365,366,365,365,365,366,365,365,365,366,365,365,365,366,365,365,365,362,365,365,365,366,365,365,365
07261000,16068,1/1/1980,12/31/2023,366,365,365,365,366,365,365,365,366,365,365,365,366,365,365,365,366,365,365,365,366,365,365,365,366,365,365,365,366,365,365,365,366,365,365,365,366,365,365,365,366,362,365,365
07263295,12562,8/10/1989,12/31/2023,0,0,0,0,0,0,0,0,0,144,365,365,366,365,365,365,366,365,365,365,366,365,365,365,366,365,365,365,366,365,365,365,366,365,365,365,366,365,365,365,366,365,365,365
07288500,8034,1/1/1980,12/31/2023,273,0,0,0,0,0,0,0,0,0,0,0,0,0,0,0,0,0,0,0,0,0,92,365,366,365,365,365,366,365,365,365,366,365,365,364,366,365,365,365,366,365,365,365
07290000,16071,1/1/1980,12/31/2023,366,365,365,365,366,365,365,365,366,365,365,365,366,365,365,365,366,365,365,365,366,365,365,365,366,365,365,365,366,365,365,365,366,365,365,365,366,365,365,365,366,365,365,365
07290650,12945,1/1/1980,5/13/2023,366,365,365,365,366,365,365,365,366,365,365,365,366,365,365,365,366,365,365,365,366,365,365,365,366,365,365,365,366,281,13,53,27,55,10,102,365,357,357,357,299,30,20,26
07291000,15330,1/1/1980,12/31/2023,366,365,365,365,366,365,365,365,366,272,0,93,366,365,365,365,366,365,365,365,366,365,365,365,366,365,365,365,366,365,365,365,366,365,365,365,366,362,365,364,366,358,365,365
07292500,15340,1/1/1980,12/31/2023,366,365,365,365,366,365,365,365,366,365,272,0,93,365,365,365,366,365,365,365,366,365,365,365,366,365,365,365,366,365,365,365,366,365,365,365,366,365,365,365,366,365,365,365
07295000,14681,1/1/1980,12/31/2023,366,365,365,365,366,365,365,365,366,365,365,365,366,365,365,365,366,365,365,365,366,365,365,365,366,365,365,365,366,275,14,20,16,113,365,365,365,365,365,365,366,364,365,365
07299670,16071,1/1/1980,12/31/2023,366,365,365,365,366,365,365,365,366,365,365,365,366,365,365,365,366,365,365,365,366,365,365,365,366,365,365,365,366,365,365,365,366,365,365,365,366,365,365,365,366,365,365,365
07301410,10319,9/30/1993,12/31/2023,0,0,0,0,0,0,0,0,0,0,0,0,0,93,365,272,0,93,365,365,366,365,365,365,366,365,365,365,366,365,365,365,366,365,365,365,366,365,365,365,366,365,365,365
07301500,16071,1/1/1980,12/31/2023,366,365,365,365,366,365,365,365,366,365,365,365,366,365,365,365,366,365,365,365,366,365,365,365,366,365,365,365,366,365,365,365,366,365,365,365,366,365,365,365,366,365,365,365
07307800,11597,1/1/1980,10/1/2011,366,365,365,365,366,365,365,365,366,365,365,365,366,365,365,365,366,365,365,365,366,365,365,365,366,365,365,365,366,365,365,274,0,0,0,0,0,0,0,0,0,0,0,0
07315200,16071,1/1/1980,12/31/2023,366,365,365,365,366,365,365,365,366,365,365,365,366,365,365,365,366,365,365,365,366,365,365,365,366,365,365,365,366,365,365,365,366,365,365,365,366,365,365,365,366,365,365,365
07315700,16071,1/1/1980,12/31/2023,366,365,365,365,366,365,365,365,366,365,365,365,366,365,365,365,366,365,365,365,366,365,365,365,366,365,365,365,366,365,365,365,366,365,365,365,366,365,365,365,366,365,365,365
07335700,16071,1/1/1980,12/31/2023,366,365,365,365,366,365,365,365,366,365,365,365,366,365,365,365,366,365,365,365,366,365,365,365,366,365,365,365,366,365,365,365,366,365,365,365,366,365,365,365,366,365,365,365
07340000,16071,1/1/1980,12/31/2023,366,365,365,365,366,365,365,365,366,365,365,365,366,365,365,365,366,365,365,365,366,365,365,365,366,365,365,365,366,365,365,365,366,365,365,365,366,365,365,365,366,365,365,365
07340300,16071,1/1/1980,12/31/2023,366,365,365,365,366,365,365,365,366,365,365,365,366,365,365,365,366,365,365,365,366,365,365,365,366,365,365,365,366,365,365,365,366,365,365,365,366,365,365,365,366,365,365,365
07346000,14239,1/1/1980,12/31/2023,366,365,365,365,366,365,365,272,0,0,93,365,366,365,365,365,366,365,365,272,0,93,365,365,366,365,365,365,366,365,365,365,366,365,365,365,366,360,365,365,366,365,365,365
07346045,16071,1/1/1980,12/31/2023,366,365,365,365,366,365,365,365,366,365,365,365,366,365,365,365,366,365,365,365,366,365,365,365,366,365,365,365,366,365,365,365,366,365,365,365,366,365,365,365,366,365,365,365
07346050,10783,1/1/1980,12/31/2023,366,365,365,365,366,365,365,365,366,365,365,365,366,365,365,365,366,365,365,273,0,0,0,0,0,0,0,0,1,33,3,0,1,0,245,365,366,365,365,365,366,365,365,365
07346070,16071,1/1/1980,12/31/2023,366,365,365,365,366,365,365,365,366,365,365,365,366,365,365,365,366,365,365,365,366,365,365,365,366,365,365,365,366,365,365,365,366,365,365,365,366,365,365,365,366,365,365,365
07359610,12875,10/1/1988,12/31/2023,0,0,0,0,0,0,0,0,92,365,365,365,366,365,365,365,366,365,365,365,366,365,365,365,366,365,365,365,366,365,365,365,366,365,365,365,366,365,365,365,366,365,365,365
07362100,16071,1/1/1980,12/31/2023,366,365,365,365,366,365,365,365,366,365,365,365,366,365,365,365,366,365,365,365,366,365,365,365,366,365,365,365,366,365,365,365,366,365,365,365,366,365,365,365,366,365,365,365
07362587,12527,9/14/1989,12/31/2023,0,0,0,0,0,0,0,0,0,109,365,365,366,365,365,365,366,365,365,365,366,365,365,365,366,365,365,365,366,365,365,365,366,365,365,365,366,365,365,365,366,365,365,365
07363500,16070,1/1/1980,12/31/2023,366,365,365,365,366,365,365,365,366,365,365,365,366,365,365,365,366,365,365,365,366,365,365,365,366,365,365,365,366,365,365,365,366,364,365,365,366,365,365,365,366,365,365,365
07373000,16070,1/1/1980,12/31/2023,366,365,365,365,366,365,365,365,366,365,365,365,366,365,365,365,366,365,365,365,366,365,365,365,366,365,365,365,366,365,365,365,366,365,365,365,366,365,365,365,366,365,365,364
07375000,15472,1/1/1980,12/31/2023,366,365,365,365,366,365,365,365,366,365,365,365,366,365,365,365,366,365,365,365,366,365,365,365,366,365,365,365,366,365,365,365,366,365,365,365,366,365,365,293,0,204,365,365
07375500,16071,1/1/1980,12/31/2023,366,365,365,365,366,365,365,365,366,365,365,365,366,365,365,365,366,365,365,365,366,365,365,365,366,365,365,365,366,365,365,365,366,365,365,365,366,365,365,365,366,365,365,365
07376000,15706,1/1/1980,12/31/2023,366,365,365,365,366,365,365,365,273,93,365,365,366,365,365,365,366,365,365,365,366,365,365,365,366,365,365,365,366,365,365,365,366,365,365,365,366,365,365,365,366,365,365,365
07378000,13999,1/1/1980,12/31/2023,366,365,365,365,366,365,365,365,366,365,365,365,366,365,365,365,366,365,365,365,366,365,365,365,366,365,365,365,366,365,365,365,366,365,365,279,0,0,0,0,0,217,363,356
07378500,16071,1/1/1980,12/31/2023,366,365,365,365,366,365,365,365,366,365,365,365,366,365,365,365,366,365,365,365,366,365,365,365,366,365,365,365,366,365,365,365,366,365,365,365,366,365,365,365,366,365,365,365
08013000,16056,1/1/1980,12/31/2023,366,365,365,365,366,365,365,365,366,365,365,365,366,365,365,365,366,365,365,365,366,365,365,356,360,365,365,365,366,365,365,365,366,365,365,365,366,365,365,365,366,365,365,365
08013500,15705,1/1/1980,12/31/2023,366,365,365,365,366,365,365,273,92,365,365,365,366,365,365,365,366,365,365,365,366,365,365,365,366,365,365,365,366,365,365,365,366,365,365,365,366,365,365,365,366,365,365,365
08014500,16071,1/1/1980,12/31/2023,366,365,365,365,366,365,365,365,366,365,365,365,366,365,365,365,366,365,365,365,366,365,365,365,366,365,365,365,366,365,365,365,366,365,365,365,366,365,365,365,366,365,365,365
08015500,14030,1/1/1980,12/29/2023,366,365,365,365,366,365,365,365,366,365,365,365,366,365,365,365,366,365,365,365,366,365,365,365,366,365,365,365,366,365,365,365,366,365,365,357,75,0,0,0,0,199,307,308
08023080,16062,1/10/1980,12/31/2023,357,365,365,365,366,365,365,365,366,365,365,365,366,365,365,365,366,365,365,365,366,365,365,365,366,365,365,365,366,365,365,365,366,365,365,365,366,365,365,365,366,365,365,365
08025500,15338,1/1/1980,12/31/2023,366,365,365,365,366,365,273,0,92,365,365,365,366,365,365,365,366,365,365,365,366,365,365,365,366,365,365,365,366,365,365,365,366,365,365,365,366,363,365,365,366,365,365,365
08029500,16071,1/1/1980,12/31/2023,366,365,365,365,366,365,365,365,366,365,365,365,366,365,365,365,366,365,365,365,366,365,365,365,366,365,365,365,366,365,365,365,366,365,365,365,366,365,365,365,366,365,365,365
08032000,10957,1/1/1980,12/31/2023,366,365,365,365,366,365,365,272,0,0,0,0,0,0,0,0,0,0,0,0,0,93,365,365,366,365,365,365,366,365,365,365,366,365,365,365,366,365,365,365,366,365,365,365
08033500,16071,1/1/1980,12/31/2023,366,365,365,365,366,365,365,365,366,365,365,365,366,365,365,365,366,365,365,365,366,365,365,365,366,365,365,365,366,365,365,365,366,365,365,365,366,365,365,365,366,365,365,365
08050800,13971,10/1/1985,12/31/2023,0,0,0,0,0,92,365,365,366,365,365,365,366,365,365,365,366,365,365,365,366,365,365,365,366,365,365,365,366,365,365,365,366,365,365,365,366,365,365,365,366,365,365,365
08055500,16071,1/1/1980,12/31/2023,366,365,365,365,366,365,365,365,366,365,365,365,366,365,365,365,366,365,365,365,366,365,365,365,366,365,365,365,366,365,365,365,366,365,365,365,366,365,365,365,366,365,365,365
08066200,16070,1/1/1980,12/31/2023,366,365,365,365,366,365,365,365,366,365,365,365,366,365,365,365,366,365,365,365,366,365,365,365,366,365,365,365,366,365,365,365,366,365,365,365,366,364,365,365,366,365,365,365
08066300,16061,1/1/1980,12/31/2023,366,365,365,365,366,365,365,365,366,365,365,365,366,365,365,365,366,355,365,365,366,365,365,365,366,365,365,365,366,365,365,365,366,365,365,365,366,365,365,365,366,365,365,365
08070000,16071,1/1/1980,12/31/2023,366,365,365,365,366,365,365,365,366,365,365,365,366,365,365,365,366,365,365,365,366,365,365,365,366,365,365,365,366,365,365,365,366,365,365,365,366,365,365,365,366,365,365,365
08070200,14385,5/1/1984,12/31/2023,0,0,0,0,245,365,365,365,366,365,365,365,366,365,365,365,366,365,365,365,366,365,365,365,366,365,365,365,366,365,365,365,366,365,365,365,366,261,365,365,366,365,365,365
08079600,16071,1/1/1980,12/31/2023,366,365,365,365,366,365,365,365,366,365,365,365,366,365,365,365,366,365,365,365,366,365,365,365,366,365,365,365,366,365,365,365,366,365,365,365,366,365,365,365,366,365,365,365
08082700,16071,1/1/1980,12/31/2023,366,365,365,365,366,365,365,365,366,365,365,365,366,365,365,365,366,365,365,365,366,365,365,365,366,365,365,365,366,365,365,365,366,365,365,365,366,365,365,365,366,365,365,365
08085500,16071,1/1/1980,12/31/2023,366,365,365,365,366,365,365,365,366,365,365,365,366,365,365,365,366,365,365,365,366,365,365,365,366,365,365,365,366,365,365,365,366,365,365,365,366,365,365,365,366,365,365,365
08086212,16071,1/1/1980,12/31/2023,366,365,365,365,366,365,365,365,366,365,365,365,366,365,365,365,366,365,365,365,366,365,365,365,366,365,365,365,366,365,365,365,366,365,365,365,366,365,365,365,366,365,365,365
08086290,16071,1/1/1980,12/31/2023,366,365,365,365,366,365,365,365,366,365,365,365,366,365,365,365,366,365,365,365,366,365,365,365,366,365,365,365,366,365,365,365,366,365,365,365,366,365,365,365,366,365,365,365
08095000,16071,1/1/1980,12/31/2023,366,365,365,365,366,365,365,365,366,365,365,365,366,365,365,365,366,365,365,365,366,365,365,365,366,365,365,365,366,365,365,365,366,365,365,365,366,365,365,365,366,365,365,365
08101000,16071,1/1/1980,12/31/2023,366,365,365,365,366,365,365,365,366,365,365,365,366,365,365,365,366,365,365,365,366,365,365,365,366,365,365,365,366,365,365,365,366,365,365,365,366,365,365,365,366,365,365,365
08103800,16071,1/1/1980,12/31/2023,366,365,365,365,366,365,365,365,366,365,365,365,366,365,365,365,366,365,365,365,366,365,365,365,366,365,365,365,366,365,365,365,366,365,365,365,366,365,365,365,366,365,365,365
08103900,16071,1/1/1980,12/31/2023,366,365,365,365,366,365,365,365,366,365,365,365,366,365,365,365,366,365,365,365,366,365,365,365,366,365,365,365,366,365,365,365,366,365,365,365,366,365,365,365,366,365,365,365
08104900,16071,1/1/1980,12/31/2023,366,365,365,365,366,365,365,365,366,365,365,365,366,365,365,365,366,365,365,365,366,365,365,365,366,365,365,365,366,365,365,365,366,365,365,365,366,365,365,365,366,365,365,365
08109700,16071,1/1/1980,12/31/2023,366,365,365,365,366,365,365,365,366,365,365,365,366,365,365,365,366,365,365,365,366,365,365,365,366,365,365,365,366,365,365,365,366,365,365,365,366,365,365,365,366,365,365,365
08146000,14610,1/1/1980,12/31/2023,366,365,365,365,366,365,365,365,366,365,365,365,366,273,0,0,0,92,365,365,366,365,365,365,366,365,365,365,366,365,365,365,366,365,365,365,366,365,365,365,366,365,365,365
08150000,14467,1/1/1980,12/31/2023,366,365,365,365,366,365,365,365,366,365,365,365,366,130,0,0,0,92,365,365,366,365,365,365,366,365,365,365,366,365,365,365,366,365,365,365,366,365,365,365,366,365,365,365
08150700,14466,1/1/1980,12/31/2023,366,365,365,365,366,365,365,365,366,365,365,365,366,129,0,0,0,92,365,365,366,365,365,365,366,365,365,365,366,365,365,365,366,365,365,365,366,365,365,365,366,365,365,365
08150800,16071,1/1/1980,12/31/2023,366,365,365,365,366,365,365,365,366,365,365,365,366,365,365,365,366,365,365,365,366,365,365,365,366,365,365,365,366,365,365,365,366,365,365,365,366,365,365,365,366,365,365,365
08155200,13802,1/1/1980,12/31/2023,366,365,288,0,0,0,0,0,0,365,365,365,366,365,365,365,366,365,365,365,366,365,365,365,366,365,365,365,366,365,365,365,366,365,365,365,366,365,365,365,366,365,365,365
08158700,16071,1/1/1980,12/31/2023,366,365,365,365,366,365,365,365,366,365,365,365,366,365,365,365,366,365,365,365,366,365,365,365,366,365,365,365,366,365,365,365,366,365,365,365,366,365,365,365,366,365,365,365
08158810,16071,1/1/1980,12/31/2023,366,365,365,365,366,365,365,365,366,365,365,365,366,365,365,365,366,365,365,365,366,365,365,365,366,365,365,365,366,365,365,365,366,365,365,365,366,365,365,365,366,365,365,365
08164000,16071,1/1/1980,12/31/2023,366,365,365,365,366,365,365,365,366,365,365,365,366,365,365,365,366,365,365,365,366,365,365,365,366,365,365,365,366,365,365,365,366,365,365,365,366,365,365,365,366,365,365,365
08164300,16070,1/1/1980,12/31/2023,366,365,365,365,366,365,365,365,366,365,365,365,366,365,365,365,366,365,365,365,366,365,365,365,366,365,365,365,366,365,365,365,366,365,365,365,366,364,365,365,366,365,365,365
08164600,16071,1/1/1980,12/31/2023,366,365,365,365,366,365,365,365,366,365,365,365,366,365,365,365,366,365,365,365,366,365,365,365,366,365,365,365,366,365,365,365,366,365,365,365,366,365,365,365,366,365,365,365
08165300,16071,1/1/1980,12/31/2023,366,365,365,365,366,365,365,365,366,365,365,365,366,365,365,365,366,365,365,365,366,365,365,365,366,365,365,365,366,365,365,365,366,365,365,365,366,365,365,365,366,365,365,365
08167500,16071,1/1/1980,12/31/2023,366,365,365,365,366,365,365,365,366,365,365,365,366,365,365,365,366,365,365,365,366,365,365,365,366,365,365,365,366,365,365,365,366,365,365,365,366,365,365,365,366,365,365,365
08171000,16071,1/1/1980,12/31/2023,366,365,365,365,366,365,365,365,366,365,365,365,366,365,365,365,366,365,365,365,366,365,365,365,366,365,365,365,366,365,365,365,366,365,365,365,366,365,365,365,366,365,365,365
08171300,16071,1/1/1980,12/31/2023,366,365,365,365,366,365,365,365,366,365,365,365,366,365,365,365,366,365,365,365,366,365,365,365,366,365,365,365,366,365,365,365,366,365,365,365,366,365,365,365,366,365,365,365
08172000,16071,1/1/1980,12/31/2023,366,365,365,365,366,365,365,365,366,365,365,365,366,365,365,365,366,365,365,365,366,365,365,365,366,365,365,365,366,365,365,365,366,365,365,365,366,365,365,365,366,365,365,365
08175000,16071,1/1/1980,12/31/2023,366,365,365,365,366,365,365,365,366,365,365,365,366,365,365,365,366,365,365,365,366,365,365,365,366,365,365,365,366,365,365,365,366,365,365,365,366,365,365,365,366,365,365,365
08176900,15856,1/1/1980,12/31/2023,366,365,365,365,366,365,365,365,366,365,365,365,366,365,365,365,366,365,365,365,366,365,365,365,366,365,365,365,366,365,365,273,243,365,365,365,366,365,365,365,366,365,365,365
08178880,15067,10/1/1982,12/31/2023,0,0,92,365,366,365,365,365,366,365,365,365,366,365,365,365,366,365,365,365,366,365,365,365,366,365,365,365,366,365,365,365,366,365,365,365,366,365,365,365,366,365,365,365
08189500,16071,1/1/1980,12/31/2023,366,365,365,365,366,365,365,365,366,365,365,365,366,365,365,365,366,365,365,365,366,365,365,365,366,365,365,365,366,365,365,365,366,365,365,365,366,365,365,365,366,365,365,365
08190000,16071,1/1/1980,12/31/2023,366,365,365,365,366,365,365,365,366,365,365,365,366,365,365,365,366,365,365,365,366,365,365,365,366,365,365,365,366,365,365,365,366,365,365,365,366,365,365,365,366,365,365,365
08190500,16071,1/1/1980,12/31/2023,366,365,365,365,366,365,365,365,366,365,365,365,366,365,365,365,366,365,365,365,366,365,365,365,366,365,365,365,366,365,365,365,366,365,365,365,366,365,365,365,366,365,365,365
08194200,15600,1/1/1980,12/31/2023,366,365,365,365,366,365,365,365,366,365,365,365,366,365,365,365,366,365,365,365,366,365,365,365,366,365,365,365,366,365,365,365,366,365,365,365,366,324,0,300,366,365,365,365
08195000,16071,1/1/1980,12/31/2023,366,365,365,365,366,365,365,365,366,365,365,365,366,365,365,365,366,365,365,365,366,365,365,365,366,365,365,365,366,365,365,365,366,365,365,365,366,365,365,365,366,365,365,365
08196000,16071,1/1/1980,12/31/2023,366,365,365,365,366,365,365,365,366,365,365,365,366,365,365,365,366,365,365,365,366,365,365,365,366,365,365,365,366,365,365,365,366,365,365,365,366,365,365,365,366,365,365,365
08198500,13607,9/30/1986,12/31/2023,0,0,0,0,0,0,93,365,366,365,365,365,366,365,365,365,366,365,365,365,366,365,365,365,366,365,365,365,366,365,365,365,366,365,365,365,366,365,365,365,366,365,365,365
08200000,16071,1/1/1980,12/31/2023,366,365,365,365,366,365,365,365,366,365,365,365,366,365,365,365,366,365,365,365,366,365,365,365,366,365,365,365,366,365,365,365,366,365,365,365,366,365,365,365,366,365,365,365
08202700,16071,1/1/1980,12/31/2023,366,365,365,365,366,365,365,365,366,365,365,365,366,365,365,365,366,365,365,365,366,365,365,365,366,365,365,365,366,365,365,365,366,365,365,365,366,365,365,365,366,365,365,365
08205500,14609,1/1/1980,12/31/2023,366,365,365,365,366,365,365,272,0,93,365,272,93,365,365,365,366,272,93,365,366,365,365,365,366,365,365,365,366,365,365,365,366,365,365,365,366,365,365,365,366,365,365,365
08267500,16068,1/1/1980,12/31/2023,366,365,365,365,366,365,365,365,366,365,365,365,366,365,365,365,366,365,365,365,366,365,365,365,366,365,365,365,366,365,365,365,366,365,365,365,364,365,364,365,366,365,365,365
08269000,16071,1/1/1980,12/31/2023,366,365,365,365,366,365,365,365,366,365,365,365,366,365,365,365,366,365,365,365,366,365,365,365,366,365,365,365,366,365,365,365,366,365,365,365,366,365,365,365,366,365,365,365
08271000,16071,1/1/1980,12/31/2023,366,365,365,365,366,365,365,365,366,365,365,365,366,365,365,365,366,365,365,365,366,365,365,365,366,365,365,365,366,365,365,365,366,365,365,365,366,365,365,365,366,365,365,365
08324000,15850,1/1/1980,12/31/2023,366,365,365,365,366,365,365,365,366,365,365,365,366,365,365,365,366,365,365,365,366,365,365,365,366,365,365,365,366,365,365,365,366,365,365,365,366,365,365,365,280,230,365,365
08340500,7843,1/1/1980,1/12/2021,366,365,365,365,366,365,272,0,0,0,0,0,0,0,0,0,0,0,0,0,0,0,0,0,0,92,365,365,366,365,365,365,366,365,365,365,366,365,161,365,366,12,0,0
08377900,16028,1/1/1980,11/26/2023,366,365,365,365,366,365,365,365,366,365,365,365,366,365,365,365,366,365,365,365,366,365,365,365,366,365,365,365,366,365,365,365,366,365,365,365,366,365,365,365,366,357,365,330
08378500,16071,1/1/1980,12/31/2023,366,365,365,365,366,365,365,365,366,365,365,365,366,365,365,365,366,365,365,365,366,365,365,365,366,365,365,365,366,365,365,365,366,365,365,365,366,365,365,365,366,365,365,365
08380500,16035,1/1/1980,11/25/2023,366,365,365,365,366,365,365,365,366,365,365,365,366,365,365,365,366,365,365,365,366,365,365,365,366,365,365,365,366,365,365,365,366,365,365,365,366,365,365,365,366,365,365,329
09034900,16064,1/1/1980,12/31/2023,366,365,365,365,366,365,365,365,366,365,365,365,366,365,365,365,366,365,365,365,366,365,365,365,366,365,365,365,366,365,365,365,366,365,365,365,366,365,365,365,366,365,365,358
09035800,11595,1/1/1980,9/29/2011,366,365,365,365,366,365,365,365,366,365,365,365,366,365,365,365,366,365,365,365,366,365,365,365,366,365,365,365,366,365,365,272,0,0,0,0,0,0,0,0,0,0,0,0
09035900,16070,1/1/1980,12/31/2023,366,365,365,365,366,365,365,365,366,365,365,365,366,365,365,365,366,365,365,365,366,365,365,365,366,365,365,365,366,365,365,365,366,365,365,365,366,365,365,365,366,364,365,365
09047700,16071,1/1/1980,12/31/2023,366,365,365,365,366,365,365,365,366,365,365,365,366,365,365,365,366,365,365,365,366,365,365,365,366,365,365,365,366,365,365,365,366,365,365,365,366,365,365,365,366,365,365,365
09065500,16071,1/1/1980,12/31/2023,366,365,365,365,366,365,365,365,366,365,365,365,366,365,365,365,366,365,365,365,366,365,365,365,366,365,365,365,366,365,365,365,366,365,365,365,366,365,365,365,366,365,365,365
09066000,16071,1/1/1980,12/31/2023,366,365,365,365,366,365,365,365,366,365,365,365,366,365,365,365,366,365,365,365,366,365,365,365,366,365,365,365,366,365,365,365,366,365,365,365,366,365,365,365,366,365,365,365
09066200,16071,1/1/1980,12/31/2023,366,365,365,365,366,365,365,365,366,365,365,365,366,365,365,365,366,365,365,365,366,365,365,365,366,365,365,365,366,365,365,365,366,365,365,365,366,365,365,365,366,365,365,365
09066300,16071,1/1/1980,12/31/2023,366,365,365,365,366,365,365,365,366,365,365,365,366,365,365,365,366,365,365,365,366,365,365,365,366,365,365,365,366,365,365,365,366,365,365,365,366,365,365,365,366,365,365,365
09081600,16071,1/1/1980,12/31/2023,366,365,365,365,366,365,365,365,366,365,365,365,366,365,365,365,366,365,365,365,366,365,365,365,366,365,365,365,366,365,365,365,366,365,365,365,366,365,365,365,366,365,365,365
09107000,13241,10/1/1987,12/31/2023,0,0,0,0,0,0,0,92,366,365,365,365,366,365,365,365,366,365,365,365,366,365,365,365,366,365,365,365,366,365,365,365,366,365,365,365,366,365,365,365,366,365,365,365
09132500,16065,1/1/1980,12/31/2023,366,365,365,365,366,365,365,365,366,365,365,365,366,365,365,365,366,365,365,365,366,365,365,365,366,365,365,365,366,365,365,365,366,365,365,365,366,365,365,365,366,365,365,359
09210500,16071,1/1/1980,12/31/2023,366,365,365,365,366,365,365,365,366,365,365,365,366,365,365,365,366,365,365,365,366,365,365,365,366,365,365,365,366,365,365,365,366,365,365,365,366,365,365,365,366,365,365,365
09223000,16071,1/1/1980,12/31/2023,366,365,365,365,366,365,365,365,366,365,365,365,366,365,365,365,366,365,365,365,366,365,365,365,366,365,365,365,366,365,365,365,366,365,365,365,366,365,365,365,366,365,365,365
09251000,16071,1/1/1980,12/31/2023,366,365,365,365,366,365,365,365,366,365,365,365,366,365,365,365,366,365,365,365,366,365,365,365,366,365,365,365,366,365,365,365,366,365,365,365,366,365,365,365,366,365,365,365
09292500,16071,1/1/1980,12/31/2023,366,365,365,365,366,365,365,365,366,365,365,365,366,365,365,365,366,365,365,365,366,365,365,365,366,365,365,365,366,365,365,365,366,365,365,365,366,365,365,365,366,365,365,365
09299500,16071,1/1/1980,12/31/2023,366,365,365,365,366,365,365,365,366,365,365,365,366,365,365,365,366,365,365,365,366,365,365,365,366,365,365,365,366,365,365,365,366,365,365,365,366,365,365,365,366,365,365,365
09306242,16071,1/1/1980,12/31/2023,366,365,365,365,366,365,365,365,366,365,365,365,366,365,365,365,366,365,365,365,366,365,365,365,366,365,365,365,366,365,365,365,366,365,365,365,366,365,365,365,366,365,365,365
09312600,16071,1/1/1980,12/31/2023,366,365,365,365,366,365,365,365,366,365,365,365,366,365,365,365,366,365,365,365,366,365,365,365,366,365,365,365,366,365,365,365,366,365,365,365,366,365,365,365,366,365,365,365
09352900,16067,1/1/1980,12/31/2023,366,365,365,365,366,365,365,365,366,365,365,365,366,365,365,365,366,365,365,365,366,365,365,365,366,365,365,365,366,365,365,365,366,365,365,365,366,365,365,365,366,365,365,361
09378170,13971,10/1/1985,12/31/2023,0,0,0,0,0,92,365,365,366,365,365,365,366,365,365,365,366,365,365,365,366,365,365,365,366,365,365,365,366,365,365,365,366,365,365,365,366,365,365,365,366,365,365,365
09378630,16071,1/1/1980,12/31/2023,366,365,365,365,366,365,365,365,366,365,365,365,366,365,365,365,366,365,365,365,366,365,365,365,366,365,365,365,366,365,365,365,366,365,365,365,366,365,365,365,366,365,365,365
09386900,16071,1/1/1980,12/31/2023,366,365,365,365,366,365,365,365,366,365,365,365,366,365,365,365,366,365,365,365,366,365,365,365,366,365,365,365,366,365,365,365,366,365,365,365,366,365,365,365,366,365,365,365
09404450,16070,1/1/1980,12/31/2023,366,365,365,365,366,365,365,365,366,365,365,365,366,365,365,365,366,365,365,365,366,365,365,365,366,365,365,365,366,365,365,365,366,365,365,365,366,364,365,365,366,365,365,365
09430500,16071,1/1/1980,12/31/2023,366,365,365,365,366,365,365,365,366,365,365,365,366,365,365,365,366,365,365,365,366,365,365,365,366,365,365,365,366,365,365,365,366,365,365,365,366,365,365,365,366,365,365,365
09430600,15909,1/1/1980,12/31/2023,366,365,365,365,366,365,365,365,366,365,365,365,366,365,365,365,366,365,365,365,366,365,365,365,366,365,365,365,366,365,365,365,366,365,365,365,366,365,365,365,337,232,365,365
09431500,15849,1/1/1980,12/31/2023,366,365,365,365,366,365,365,365,366,365,365,365,366,365,365,365,366,365,365,365,366,365,365,365,366,365,365,365,366,365,365,365,366,365,365,365,366,365,364,365,278,232,365,365
09442692,6118,1/1/1980,9/30/1996,366,365,365,365,366,365,365,365,366,365,365,365,366,365,365,365,274,0,0,0,0,0,0,0,0,0,0,0,0,0,0,0,0,0,0,0,0,0,0,0,0,0,0,0
09444500,16071,1/1/1980,12/31/2023,366,365,365,365,366,365,365,365,366,365,365,365,366,365,365,365,366,365,365,365,366,365,365,365,366,365,365,365,366,365,365,365,366,365,365,365,366,365,365,365,366,365,365,365
09447800,15493,8/1/1981,12/31/2023,0,153,365,365,366,365,365,365,366,365,365,365,366,365,365,365,366,365,365,365,366,365,365,365,366,365,365,365,366,365,365,365,366,365,365,365,366,365,365,365,366,365,365,365
09480000,14337,1/1/1980,12/31/2023,366,365,365,365,366,365,365,365,366,365,365,365,366,365,365,365,366,365,365,365,366,365,365,365,366,365,365,365,366,365,365,365,366,365,222,0,0,0,0,235,366,365,365,365
09484000,13233,9/28/1983,12/31/2023,0,0,0,8,31,17,0,87,307,365,365,365,366,365,365,365,366,365,365,365,366,365,365,365,366,365,365,365,366,365,365,365,366,365,365,365,366,365,365,365,366,365,365,365
09484600,12510,10/1/1989,12/31/2023,0,0,0,0,0,0,0,0,0,92,365,365,366,365,365,365,366,365,365,365,366,365,365,365,366,365,365,365,366,365,365,365,366,365,365,365,366,365,365,365,366,365,365,365
09492400,16060,1/1/1980,12/31/2023,366,365,365,365,366,365,365,365,366,365,365,365,366,365,365,365,366,365,365,365,366,365,365,365,366,365,365,365,366,365,365,365,366,365,365,365,366,365,365,365,366,365,365,354
09494000,16071,1/1/1980,12/31/2023,366,365,365,365,366,365,365,365,366,365,365,365,366,365,365,365,366,365,365,365,366,365,365,365,366,365,365,365,366,365,365,365,366,365,365,365,366,365,365,365,366,365,365,365
09497500,16071,1/1/1980,12/31/2023,366,365,365,365,366,365,365,365,366,365,365,365,366,365,365,365,366,365,365,365,366,365,365,365,366,365,365,365,366,365,365,365,366,365,365,365,366,365,365,365,366,365,365,365
09497800,16070,1/1/1980,12/31/2023,366,365,365,365,366,365,365,365,366,365,365,365,366,365,365,365,366,365,365,365,366,365,365,365,366,365,365,365,366,365,365,365,366,365,365,365,366,365,365,365,366,365,365,364
09497980,16071,1/1/1980,12/31/2023,366,365,365,365,366,365,365,365,366,365,365,365,366,365,365,365,366,365,365,365,366,365,365,365,366,365,365,365,366,365,365,365,366,365,365,365,366,365,365,365,366,365,365,365
09505200,14539,1/1/1980,12/31/2023,366,365,272,0,0,78,348,257,88,347,365,365,366,365,365,365,366,365,365,365,366,365,365,365,366,365,365,365,366,365,365,365,366,365,365,365,366,365,365,365,366,365,365,365
09505350,16071,1/1/1980,12/31/2023,366,365,365,365,366,365,365,365,366,365,365,365,366,365,365,365,366,365,365,365,366,365,365,365,366,365,365,365,366,365,365,365,366,365,365,365,366,365,365,365,366,365,365,365
09505800,16071,1/1/1980,12/31/2023,366,365,365,365,366,365,365,365,366,365,365,365,366,365,365,365,366,365,365,365,366,365,365,365,366,365,365,365,366,365,365,365,366,365,365,365,366,365,365,365,366,365,365,365
09508300,16071,1/1/1980,12/31/2023,366,365,365,365,366,365,365,365,366,365,365,365,366,365,365,365,366,365,365,365,366,365,365,365,366,365,365,365,366,365,365,365,366,365,365,365,366,365,365,365,366,365,365,365
09510200,16071,1/1/1980,12/31/2023,366,365,365,365,366,365,365,365,366,365,365,365,366,365,365,365,366,365,365,365,366,365,365,365,366,365,365,365,366,365,365,365,366,365,365,365,366,365,365,365,366,365,365,365
09512280,15797,10/1/1980,12/31/2023,92,365,365,365,366,365,365,365,366,365,365,365,366,365,365,365,366,365,365,365,366,365,365,365,366,365,365,365,366,365,365,365,366,365,365,365,366,365,365,365,366,365,365,365
09513780,16071,1/1/1980,12/31/2023,366,365,365,365,366,365,365,365,366,365,365,365,366,365,365,365,366,365,365,365,366,365,365,365,366,365,365,365,366,365,365,365,366,365,365,365,366,365,365,365,366,365,365,365
10023000,13606,10/1/1986,12/31/2023,0,0,0,0,0,0,92,365,366,365,365,365,366,365,365,365,366,365,365,365,366,365,365,365,366,365,365,365,366,365,365,365,366,365,365,365,366,365,365,365,366,365,365,365
10166430,13606,10/1/1986,12/31/2023,0,0,0,0,0,0,92,365,366,365,365,365,366,365,365,365,366,365,365,365,366,365,365,365,366,365,365,365,366,365,365,365,366,365,365,365,366,365,365,365,366,365,365,365
10172700,16069,1/1/1980,12/31/2023,366,365,365,365,366,365,365,365,366,365,365,365,366,365,365,365,366,365,365,365,366,365,365,365,366,365,365,365,366,365,365,365,366,365,365,365,365,364,365,365,366,365,365,365
10172800,16071,1/1/1980,12/31/2023,366,365,365,365,366,365,365,365,366,365,365,365,366,365,365,365,366,365,365,365,366,365,365,365,366,365,365,365,366,365,365,365,366,365,365,365,366,365,365,365,366,365,365,365
10173450,16070,1/1/1980,12/31/2023,366,365,365,365,366,365,365,365,366,365,365,365,366,365,365,365,366,365,365,365,366,365,365,365,366,365,365,364,366,365,365,365,366,365,365,365,366,365,365,365,366,365,365,365
10205030,16040,1/1/1980,12/23/2023,366,365,365,365,366,365,365,365,366,365,365,365,366,365,365,365,366,365,365,365,366,365,365,365,366,365,365,365,366,365,365,365,366,365,365,365,366,365,365,365,366,365,365,334
10234500,16071,1/1/1980,12/31/2023,366,365,365,365,366,365,365,365,366,365,365,365,366,365,365,365,366,365,365,365,366,365,365,365,366,365,365,365,366,365,365,365,366,365,365,365,366,365,365,365,366,365,365,365
10242000,16071,1/1/1980,12/31/2023,366,365,365,365,366,365,365,365,366,365,365,365,366,365,365,365,366,365,365,365,366,365,365,365,366,365,365,365,366,365,365,365,366,365,365,365,366,365,365,365,366,365,365,365
10244950,16071,1/1/1980,12/31/2023,366,365,365,365,366,365,365,365,366,365,365,365,366,365,365,365,366,365,365,365,366,365,365,365,366,365,365,365,366,365,365,365,366,365,365,365,366,365,365,365,366,365,365,365
10249300,16027,1/1/1980,12/31/2023,366,365,365,365,366,365,365,365,366,365,365,365,366,365,365,365,366,365,365,365,366,365,365,365,366,365,365,365,366,365,365,365,366,365,365,365,366,365,365,365,366,365,342,344
10258000,15705,1/1/1980,12/31/2023,366,365,272,92,366,365,365,365,366,365,365,365,366,365,365,365,366,365,365,365,366,365,365,365,366,365,365,365,366,365,365,365,366,365,365,365,366,365,365,365,366,365,365,365
10258500,16071,1/1/1980,12/31/2023,366,365,365,365,366,365,365,365,366,365,365,365,366,365,365,365,366,365,365,365,366,365,365,365,366,365,365,365,366,365,365,365,366,365,365,365,366,365,365,365,366,365,365,365
10259000,16071,1/1/1980,12/31/2023,366,365,365,365,366,365,365,365,366,365,365,365,366,365,365,365,366,365,365,365,366,365,365,365,366,365,365,365,366,365,365,365,366,365,365,365,366,365,365,365,366,365,365,365
10259200,16071,1/1/1980,12/31/2023,366,365,365,365,366,365,365,365,366,365,365,365,366,365,365,365,366,365,365,365,366,365,365,365,366,365,365,365,366,365,365,365,366,365,365,365,366,365,365,365,366,365,365,365
10263500,16071,1/1/1980,12/31/2023,366,365,365,365,366,365,365,365,366,365,365,365,366,365,365,365,366,365,365,365,366,365,365,365,366,365,365,365,366,365,365,365,366,365,365,365,366,365,365,365,366,365,365,365
10296000,16060,1/1/1980,12/31/2023,366,365,365,365,366,365,365,365,366,365,365,365,366,365,365,365,366,365,365,365,366,365,365,365,366,365,365,365,366,365,365,365,366,365,365,365,366,365,365,365,366,365,365,354
10296500,16071,1/1/1980,12/31/2023,366,365,365,365,366,365,365,365,366,365,365,365,366,365,365,365,366,365,365,365,366,365,365,365,366,365,365,365,366,365,365,365,366,365,365,365,366,365,365,365,366,365,365,365
10301500,16067,1/1/1980,12/31/2023,366,365,365,365,366,365,365,365,366,365,365,365,366,365,365,365,366,365,365,365,366,365,365,365,366,365,365,365,366,365,365,365,366,365,365,365,366,365,365,365,366,365,365,361
10309000,16067,1/1/1980,12/31/2023,366,365,365,365,366,365,365,365,366,365,365,365,366,365,365,365,366,365,365,365,366,365,365,365,366,365,365,365,366,365,365,365,366,365,365,365,366,365,365,365,366,365,365,361
10310500,12762,1/18/1989,12/31/2023,0,0,0,0,0,0,0,0,0,348,365,365,366,365,365,365,366,365,365,365,366,365,365,365,366,365,365,365,366,365,365,365,366,365,365,365,366,365,365,365,366,365,365,361
10312000,16071,1/1/1980,12/31/2023,366,365,365,365,366,365,365,365,366,365,365,365,366,365,365,365,366,365,365,365,366,365,365,365,366,365,365,365,366,365,365,365,366,365,365,365,366,365,365,365,366,365,365,365
10316500,16071,1/1/1980,12/31/2023,366,365,365,365,366,365,365,365,366,365,365,365,366,365,365,365,366,365,365,365,366,365,365,365,366,365,365,365,366,365,365,365,366,365,365,365,366,365,365,365,366,365,365,365
10329500,16071,1/1/1980,12/31/2023,366,365,365,365,366,365,365,365,366,365,365,365,366,365,365,365,366,365,365,365,366,365,365,365,366,365,365,365,366,365,365,365,366,365,365,365,366,365,365,365,366,365,365,365
10336645,15883,7/7/1980,12/31/2023,178,365,365,365,366,365,365,365,366,365,365,365,366,365,365,365,366,365,365,365,366,365,365,365,366,365,365,365,366,365,365,365,366,365,365,365,366,365,365,365,366,365,365,365
10336660,16068,1/1/1980,12/31/2023,366,365,365,365,366,365,365,365,366,365,365,365,366,365,365,365,366,365,365,365,366,365,365,365,366,365,365,365,366,365,365,365,366,365,365,365,366,365,365,365,366,365,365,362
10336740,10226,10/1/1983,9/29/2011,0,0,0,92,366,365,365,365,366,365,365,365,366,365,365,365,366,365,365,365,366,365,365,365,366,365,365,365,366,365,365,272,0,0,0,0,0,0,0,0,0,0,0,0
10343500,16071,1/1/1980,12/31/2023,366,365,365,365,366,365,365,365,366,365,365,365,366,365,365,365,366,365,365,365,366,365,365,365,366,365,365,365,366,365,365,365,366,365,365,365,366,365,365,365,366,365,365,365
10348850,12249,10/1/1984,12/31/2023,0,0,0,0,92,365,365,365,366,365,365,365,366,365,365,365,366,365,365,365,366,365,365,365,366,365,365,365,366,365,365,296,0,0,0,0,0,184,365,365,366,365,365,355
10396000,16071,1/1/1980,12/31/2023,366,365,365,365,366,365,365,365,366,365,365,365,366,365,365,365,366,365,365,365,366,365,365,365,366,365,365,365,366,365,365,365,366,365,365,365,366,365,365,365,366,365,365,365
11025500,16071,1/1/1980,12/31/2023,366,365,365,365,366,365,365,365,366,365,365,365,366,365,365,365,366,365,365,365,366,365,365,365,366,365,365,365,366,365,365,365,366,365,365,365,366,365,365,365,366,365,365,365
11098000,16071,1/1/1980,12/31/2023,366,365,365,365,366,365,365,365,366,365,365,365,366,365,365,365,366,365,365,365,366,365,365,365,366,365,365,365,366,365,365,365,366,365,365,365,366,365,365,365,366,365,365,365
11124500,16071,1/1/1980,12/31/2023,366,365,365,365,366,365,365,365,366,365,365,365,366,365,365,365,366,365,365,365,366,365,365,365,366,365,365,365,366,365,365,365,366,365,365,365,366,365,365,365,366,365,365,365
11138500,12014,1/1/1980,4/28/2023,366,365,365,365,366,365,365,365,366,365,365,365,366,365,365,365,366,365,365,273,0,0,0,0,0,0,0,61,366,365,365,365,366,365,365,365,366,365,365,365,274,0,0,83
11141280,16071,1/1/1980,12/31/2023,366,365,365,365,366,365,365,365,366,365,365,365,366,365,365,365,366,365,365,365,366,365,365,365,366,365,365,365,366,365,365,365,366,365,365,365,366,365,365,365,366,365,365,365
11143000,16071,1/1/1980,12/31/2023,366,365,365,365,366,365,365,365,366,365,365,365,366,365,365,365,366,365,365,365,366,365,365,365,366,365,365,365,366,365,365,365,366,365,365,365,366,365,365,365,366,365,365,365
11148900,16071,1/1/1980,12/31/2023,366,365,365,365,366,365,365,365,366,365,365,365,366,365,365,365,366,365,365,365,366,365,365,365,366,365,365,365,366,365,365,365,366,365,365,365,366,365,365,365,366,365,365,365
11151300,15970,1/1/1980,12/31/2023,366,365,365,365,366,365,365,365,366,365,365,365,366,365,365,365,366,365,365,365,366,365,365,365,366,365,365,365,366,365,365,365,366,365,311,318,366,365,365,365,366,365,365,365
11160000,16071,1/1/1980,12/31/2023,366,365,365,365,366,365,365,365,366,365,365,365,366,365,365,365,366,365,365,365,366,365,365,365,366,365,365,365,366,365,365,365,366,365,365,365,366,365,365,365,366,365,365,365
11162500,16071,1/1/1980,12/31/2023,366,365,365,365,366,365,365,365,366,365,365,365,366,365,365,365,366,365,365,365,366,365,365,365,366,365,365,365,366,365,365,365,366,365,365,365,366,365,365,365,366,365,365,365
11176400,16071,1/1/1980,12/31/2023,366,365,365,365,366,365,365,365,366,365,365,365,366,365,365,365,366,365,365,365,366,365,365,365,366,365,365,365,366,365,365,365,366,365,365,365,366,365,365,365,366,365,365,365
11180500,16071,1/1/1980,12/31/2023,366,365,365,365,366,365,365,365,366,365,365,365,366,365,365,365,366,365,365,365,366,365,365,365,366,365,365,365,366,365,365,365,366,365,365,365,366,365,365,365,366,365,365,365
11180960,16071,1/1/1980,12/31/2023,366,365,365,365,366,365,365,365,366,365,365,365,366,365,365,365,366,365,365,365,366,365,365,365,366,365,365,365,366,365,365,365,366,365,365,365,366,365,365,365,366,365,365,365
11224500,16071,1/1/1980,12/31/2023,366,365,365,365,366,365,365,365,366,365,365,365,366,365,365,365,366,365,365,365,366,365,365,365,366,365,365,365,366,365,365,365,366,365,365,365,366,365,365,365,366,365,365,365
11230500,15979,1/1/1980,9/30/2023,366,365,365,365,366,365,365,365,366,365,365,365,366,365,365,365,366,365,365,365,366,365,365,365,366,365,365,365,366,365,365,365,366,365,365,365,366,365,365,365,366,365,365,273
11237500,15979,1/1/1980,9/30/2023,366,365,365,365,366,365,365,365,366,365,365,365,366,365,365,365,366,365,365,365,366,365,365,365,366,365,365,365,366,365,365,365,366,365,365,365,366,365,365,365,366,365,365,273
11253310,16071,1/1/1980,12/31/2023,366,365,365,365,366,365,365,365,366,365,365,365,366,365,365,365,366,365,365,365,366,365,365,365,366,365,365,365,366,365,365,365,366,365,365,365,366,365,365,365,366,365,365,365
11264500,16071,1/1/1980,12/31/2023,366,365,365,365,366,365,365,365,366,365,365,365,366,365,365,365,366,365,365,365,366,365,365,365,366,365,365,365,366,365,365,365,366,365,365,365,366,365,365,365,366,365,365,365
11266500,16071,1/1/1980,12/31/2023,366,365,365,365,366,365,365,365,366,365,365,365,366,365,365,365,366,365,365,365,366,365,365,365,366,365,365,365,366,365,365,365,366,365,365,365,366,365,365,365,366,365,365,365
11274500,16071,1/1/1980,12/31/2023,366,365,365,365,366,365,365,365,366,365,365,365,366,365,365,365,366,365,365,365,366,365,365,365,366,365,365,365,366,365,365,365,366,365,365,365,366,365,365,365,366,365,365,365
11274630,16070,1/1/1980,12/31/2023,366,365,365,365,366,365,365,365,366,365,365,365,366,365,365,365,366,365,365,365,366,365,365,365,366,365,365,365,366,365,365,365,366,365,365,365,366,365,365,365,366,364,365,365
11281000,7944,1/1/1980,9/30/2002,366,365,365,365,366,365,365,365,366,365,365,365,366,365,365,365,274,92,365,365,366,365,273,0,0,0,0,0,0,0,0,0,0,0,0,0,0,0,0,0,0,0,0,0
11284400,16071,1/1/1980,12/31/2023,366,365,365,365,366,365,365,365,366,365,365,365,366,365,365,365,366,365,365,365,366,365,365,365,366,365,365,365,366,365,365,365,366,365,365,365,366,365,365,365,366,365,365,365
11299600,14740,8/24/1983,12/31/2023,0,0,0,130,366,365,365,365,366,365,365,365,366,365,365,365,366,365,365,365,366,365,365,365,366,365,365,365,366,365,365,365,366,365,365,365,366,365,365,365,366,365,365,365
11342000,16071,1/1/1980,12/31/2023,366,365,365,365,366,365,365,365,366,365,365,365,366,365,365,365,366,365,365,365,366,365,365,365,366,365,365,365,366,365,365,365,366,365,365,365,366,365,365,365,366,365,365,365
11355500,8176,1/1/1980,12/31/2023,366,365,365,365,366,365,365,365,366,365,365,365,366,365,273,0,0,0,0,0,0,0,0,0,0,0,0,0,0,0,0,0,0,0,0,0,233,365,365,365,366,365,365,365
11381500,16071,1/1/1980,12/31/2023,366,365,365,365,366,365,365,365,366,365,365,365,366,365,365,365,366,365,365,365,366,365,365,365,366,365,365,365,366,365,365,365,366,365,365,365,366,365,365,365,366,365,365,365
11383500,16071,1/1/1980,12/31/2023,366,365,365,365,366,365,365,365,366,365,365,365,366,365,365,365,366,365,365,365,366,365,365,365,366,365,365,365,366,365,365,365,366,365,365,365,366,365,365,365,366,365,365,365
11401500,5022,1/1/1980,9/30/1993,366,365,365,365,366,365,365,365,366,365,365,365,366,273,0,0,0,0,0,0,0,0,0,0,0,0,0,0,0,0,0,0,0,0,0,0,0,0,0,0,0,0,0,0
11413000,16071,1/1/1980,12/31/2023,366,365,365,365,366,365,365,365,366,365,365,365,366,365,365,365,366,365,365,365,366,365,365,365,366,365,365,365,366,365,365,365,366,365,365,365,366,365,365,365,366,365,365,365
11427000,16071,1/1/1980,12/31/2023,366,365,365,365,366,365,365,365,366,365,365,365,366,365,365,365,366,365,365,365,366,365,365,365,366,365,365,365,366,365,365,365,366,365,365,365,366,365,365,365,366,365,365,365
11451100,15917,1/1/1980,12/31/2023,366,365,365,365,366,365,365,365,366,365,365,365,366,365,365,365,366,365,365,365,366,365,365,365,366,365,365,365,366,365,365,365,366,365,365,365,366,365,365,365,366,365,365,211
11468500,16071,1/1/1980,12/31/2023,366,365,365,365,366,365,365,365,366,365,365,365,366,365,365,365,366,365,365,365,366,365,365,365,366,365,365,365,366,365,365,365,366,365,365,365,366,365,365,365,366,365,365,365
11473900,16071,1/1/1980,12/31/2023,366,365,365,365,366,365,365,365,366,365,365,365,366,365,365,365,366,365,365,365,366,365,365,365,366,365,365,365,366,365,365,365,366,365,365,365,366,365,365,365,366,365,365,365
11475560,16071,1/1/1980,12/31/2023,366,365,365,365,366,365,365,365,366,365,365,365,366,365,365,365,366,365,365,365,366,365,365,365,366,365,365,365,366,365,365,365,366,365,365,365,366,365,365,365,366,365,365,365
11476600,15586,1/1/1980,12/31/2023,366,365,365,365,366,365,365,365,366,365,365,365,366,365,365,365,366,365,365,365,366,365,365,365,366,365,365,365,366,365,365,365,366,365,365,365,366,365,303,0,308,365,365,365
11478500,16071,1/1/1980,12/31/2023,366,365,365,365,366,365,365,365,366,365,365,365,366,365,365,365,366,365,365,365,366,365,365,365,366,365,365,365,366,365,365,365,366,365,365,365,366,365,365,365,366,365,365,365
11480390,15900,6/20/1980,12/31/2023,195,365,365,365,366,365,365,365,366,365,365,365,366,365,365,365,366,365,365,365,366,365,365,365,366,365,365,365,366,365,365,365,366,365,365,365,366,365,365,365,366,365,365,365
11481200,16069,1/1/1980,12/31/2023,366,365,365,365,366,365,365,365,366,365,365,365,366,365,365,365,366,365,365,365,366,365,365,365,366,365,365,365,366,365,365,365,366,365,365,365,366,365,365,365,366,365,365,363
11482500,16071,1/1/1980,12/31/2023,366,365,365,365,366,365,365,365,366,365,365,365,366,365,365,365,366,365,365,365,366,365,365,365,366,365,365,365,366,365,365,365,366,365,365,365,366,365,365,365,366,365,365,365
11497500,4291,1/1/1980,9/30/1991,366,365,365,365,366,365,365,365,366,365,365,273,0,0,0,0,0,0,0,0,0,0,0,0,0,0,0,0,0,0,0,0,0,0,0,0,0,0,0,0,0,0,0,0
11501000,16071,1/1/1980,12/31/2023,366,365,365,365,366,365,365,365,366,365,365,365,366,365,365,365,366,365,365,365,366,365,365,365,366,365,365,365,366,365,365,365,366,365,365,365,366,365,365,365,366,365,365,365
11522500,16071,1/1/1980,12/31/2023,366,365,365,365,366,365,365,365,366,365,365,365,366,365,365,365,366,365,365,365,366,365,365,365,366,365,365,365,366,365,365,365,366,365,365,365,366,365,365,365,366,365,365,365
11523200,16071,1/1/1980,12/31/2023,366,365,365,365,366,365,365,365,366,365,365,365,366,365,365,365,366,365,365,365,366,365,365,365,366,365,365,365,366,365,365,365,366,365,365,365,366,365,365,365,366,365,365,365
11528700,16071,1/1/1980,12/31/2023,366,365,365,365,366,365,365,365,366,365,365,365,366,365,365,365,366,365,365,365,366,365,365,365,366,365,365,365,366,365,365,365,366,365,365,365,366,365,365,365,366,365,365,365
11530000,16071,1/1/1980,12/31/2023,366,365,365,365,366,365,365,365,366,365,365,365,366,365,365,365,366,365,365,365,366,365,365,365,366,365,365,365,366,365,365,365,366,365,365,365,366,365,365,365,366,365,365,365
11532500,16071,1/1/1980,12/31/2023,366,365,365,365,366,365,365,365,366,365,365,365,366,365,365,365,366,365,365,365,366,365,365,365,366,365,365,365,366,365,365,365,366,365,365,365,366,365,365,365,366,365,365,365
12010000,8673,1/1/1980,9/29/2003,366,365,365,365,366,365,365,365,366,365,365,365,366,365,365,365,366,365,365,365,366,365,365,272,0,0,0,0,0,0,0,0,0,0,0,0,0,0,0,0,0,0,0,0
12013500,16071,1/1/1980,12/31/2023,366,365,365,365,366,365,365,365,366,365,365,365,366,365,365,365,366,365,365,365,366,365,365,365,366,365,365,365,366,365,365,365,366,365,365,365,366,365,365,365,366,365,365,365
12020000,16071,1/1/1980,12/31/2023,366,365,365,365,366,365,365,365,366,365,365,365,366,365,365,365,366,365,365,365,366,365,365,365,366,365,365,365,366,365,365,365,366,365,365,365,366,365,365,365,366,365,365,365
12025000,15706,1/1/1980,12/31/2023,366,273,92,365,366,365,365,365,366,365,365,365,366,365,365,365,366,365,365,365,366,365,365,365,366,365,365,365,366,365,365,365,366,365,365,365,366,365,365,365,366,365,365,365
12025700,16071,1/1/1980,12/31/2023,366,365,365,365,366,365,365,365,366,365,365,365,366,365,365,365,366,365,365,365,366,365,365,365,366,365,365,365,366,365,365,365,366,365,365,365,366,365,365,365,366,365,365,365
12027500,16071,1/1/1980,12/31/2023,366,365,365,365,366,365,365,365,366,365,365,365,366,365,365,365,366,365,365,365,366,365,365,365,366,365,365,365,366,365,365,365,366,365,365,365,366,365,365,365,366,365,365,365
12035000,16071,1/1/1980,12/31/2023,366,365,365,365,366,365,365,365,366,365,365,365,366,365,365,365,366,365,365,365,366,365,365,365,366,365,365,365,366,365,365,365,366,365,365,365,366,365,365,365,366,365,365,365
12040500,16071,1/1/1980,12/31/2023,366,365,365,365,366,365,365,365,366,365,365,365,366,365,365,365,366,365,365,365,366,365,365,365,366,365,365,365,366,365,365,365,366,365,365,365,366,365,365,365,366,365,365,365
12041200,16071,1/1/1980,12/31/2023,366,365,365,365,366,365,365,365,366,365,365,365,366,365,365,365,366,365,365,365,366,365,365,365,366,365,365,365,366,365,365,365,366,365,365,365,366,365,365,365,366,365,365,365
12043000,14823,1/1/1980,12/31/2023,273,0,0,0,306,365,365,365,366,365,365,365,366,365,365,365,366,365,365,365,366,365,365,365,366,365,365,365,366,365,365,365,366,365,365,365,366,365,365,365,366,365,365,365
12048000,16071,1/1/1980,12/31/2023,366,365,365,365,366,365,365,365,366,365,365,365,366,365,365,365,366,365,365,365,366,365,365,365,366,365,365,365,366,365,365,365,366,365,365,365,366,365,365,365,366,365,365,365
12054000,16071,1/1/1980,12/31/2023,366,365,365,365,366,365,365,365,366,365,365,365,366,365,365,365,366,365,365,365,366,365,365,365,366,365,365,365,366,365,365,365,366,365,365,365,366,365,365,365,366,365,365,365
12056500,16071,1/1/1980,12/31/2023,366,365,365,365,366,365,365,365,366,365,365,365,366,365,365,365,366,365,365,365,366,365,365,365,366,365,365,365,366,365,365,365,366,365,365,365,366,365,365,365,366,365,365,365
12073500,16071,1/1/1980,12/31/2023,366,365,365,365,366,365,365,365,366,365,365,365,366,365,365,365,366,365,365,365,366,365,365,365,366,365,365,365,366,365,365,365,366,365,365,365,366,365,365,365,366,365,365,365
12082500,16071,1/1/1980,12/31/2023,366,365,365,365,366,365,365,365,366,365,365,365,366,365,365,365,366,365,365,365,366,365,365,365,366,365,365,365,366,365,365,365,366,365,365,365,366,365,365,365,366,365,365,365
12092000,16071,1/1/1980,12/31/2023,366,365,365,365,366,365,365,365,366,365,365,365,366,365,365,365,366,365,365,365,366,365,365,365,366,365,365,365,366,365,365,365,366,365,365,365,366,365,365,365,366,365,365,365
12095000,13241,10/1/1987,12/31/2023,0,0,0,0,0,0,0,92,366,365,365,365,366,365,365,365,366,365,365,365,366,365,365,365,366,365,365,365,366,365,365,365,366,365,365,365,366,365,365,365,366,365,365,365
12098500,8674,1/1/1980,9/30/2003,366,365,365,365,366,365,365,365,366,365,365,365,366,365,365,365,366,365,365,365,366,365,365,273,0,0,0,0,0,0,0,0,0,0,0,0,0,0,0,0,0,0,0,0
12114500,16071,1/1/1980,12/31/2023,366,365,365,365,366,365,365,365,366,365,365,365,366,365,365,365,366,365,365,365,366,365,365,365,366,365,365,365,366,365,365,365,366,365,365,365,366,365,365,365,366,365,365,365
12115000,16071,1/1/1980,12/31/2023,366,365,365,365,366,365,365,365,366,365,365,365,366,365,365,365,366,365,365,365,366,365,365,365,366,365,365,365,366,365,365,365,366,365,365,365,366,365,365,365,366,365,365,365
12115500,16071,1/1/1980,12/31/2023,366,365,365,365,366,365,365,365,366,365,365,365,366,365,365,365,366,365,365,365,366,365,365,365,366,365,365,365,366,365,365,365,366,365,365,365,366,365,365,365,366,365,365,365
12117000,16071,1/1/1980,12/31/2023,366,365,365,365,366,365,365,365,366,365,365,365,366,365,365,365,366,365,365,365,366,365,365,365,366,365,365,365,366,365,365,365,366,365,365,365,366,365,365,365,366,365,365,365
12134500,16071,1/1/1980,12/31/2023,366,365,365,365,366,365,365,365,366,365,365,365,366,365,365,365,366,365,365,365,366,365,365,365,366,365,365,365,366,365,365,365,366,365,365,365,366,365,365,365,366,365,365,365
12141300,15705,1/1/1980,12/31/2023,366,365,365,365,366,365,365,365,366,365,365,272,93,365,365,365,366,365,365,365,366,365,365,365,366,365,365,365,366,365,365,365,366,365,365,365,366,365,365,365,366,365,365,365
12143600,14702,10/1/1983,12/31/2023,0,0,0,92,366,365,365,365,366,365,365,365,366,365,365,365,366,365,365,365,366,365,365,365,366,365,365,365,366,365,365,365,366,365,365,365,366,365,365,365,366,365,365,365
12144000,14579,2/1/1984,12/31/2023,0,0,0,0,335,365,365,365,366,365,365,365,366,365,365,365,366,365,365,365,366,365,365,365,366,365,365,365,366,365,365,365,366,365,365,365,366,365,365,365,366,365,365,365
12144500,16071,1/1/1980,12/31/2023,366,365,365,365,366,365,365,365,366,365,365,365,366,365,365,365,366,365,365,365,366,365,365,365,366,365,365,365,366,365,365,365,366,365,365,365,366,365,365,365,366,365,365,365
12145500,16071,1/1/1980,12/31/2023,366,365,365,365,366,365,365,365,366,365,365,365,366,365,365,365,366,365,365,365,366,365,365,365,366,365,365,365,366,365,365,365,366,365,365,365,366,365,365,365,366,365,365,365
12147500,13422,1/1/1980,9/29/2016,366,365,365,365,366,365,365,365,366,365,365,365,366,365,365,365,366,365,365,365,366,365,365,365,366,365,365,365,366,365,365,365,366,365,365,365,273,0,0,0,0,0,0,0
12147600,16071,1/1/1980,12/31/2023,366,365,365,365,366,365,365,365,366,365,365,365,366,365,365,365,366,365,365,365,366,365,365,365,366,365,365,365,366,365,365,365,366,365,365,365,366,365,365,365,366,365,365,365
12149000,16071,1/1/1980,12/31/2023,366,365,365,365,366,365,365,365,366,365,365,365,366,365,365,365,366,365,365,365,366,365,365,365,366,365,365,365,366,365,365,365,366,365,365,365,366,365,365,365,366,365,365,365
12167000,16071,1/1/1980,12/31/2023,366,365,365,365,366,365,365,365,366,365,365,365,366,365,365,365,366,365,365,365,366,365,365,365,366,365,365,365,366,365,365,365,366,365,365,365,366,365,365,365,366,365,365,365
12175500,16071,1/1/1980,12/31/2023,366,365,365,365,366,365,365,365,366,365,365,365,366,365,365,365,366,365,365,365,366,365,365,365,366,365,365,365,366,365,365,365,366,365,365,365,366,365,365,365,366,365,365,365
12178100,15614,1/1/1980,9/30/2022,366,365,365,365,366,365,365,365,366,365,365,365,366,365,365,365,366,365,365,365,366,365,365,365,366,365,365,365,366,365,365,365,366,365,365,365,366,365,365,365,366,365,273,0
12186000,16071,1/1/1980,12/31/2023,366,365,365,365,366,365,365,365,366,365,365,365,366,365,365,365,366,365,365,365,366,365,365,365,366,365,365,365,366,365,365,365,366,365,365,365,366,365,365,365,366,365,365,365
12189500,16071,1/1/1980,12/31/2023,366,365,365,365,366,365,365,365,366,365,365,365,366,365,365,365,366,365,365,365,366,365,365,365,366,365,365,365,366,365,365,365,366,365,365,365,366,365,365,365,366,365,365,365
12340000,16071,1/1/1980,12/31/2023,366,365,365,365,366,365,365,365,366,365,365,365,366,365,365,365,366,365,365,365,366,365,365,365,366,365,365,365,366,365,365,365,366,365,365,365,366,365,365,365,366,365,365,365
12358500,16071,1/1/1980,12/31/2023,366,365,365,365,366,365,365,365,366,365,365,365,366,365,365,365,366,365,365,365,366,365,365,365,366,365,365,365,366,365,365,365,366,365,365,365,366,365,365,365,366,365,365,365
12374250,13915,8/1/1982,10/4/2020,0,0,123,365,366,365,365,365,366,365,365,365,366,365,365,365,366,365,365,365,366,365,365,365,366,365,365,365,366,365,365,365,366,365,365,365,366,365,365,365,278,0,0,0
12375900,13886,9/29/1982,10/4/2020,0,0,94,365,366,365,365,365,366,365,365,365,366,365,365,365,366,365,365,365,366,365,365,365,366,365,365,365,366,365,365,365,366,365,365,365,366,365,365,365,278,0,0,0
12377150,15067,10/1/1982,12/31/2023,0,0,92,365,366,365,365,365,366,365,365,365,366,365,365,365,366,365,365,365,366,365,365,365,366,365,365,365,366,365,365,365,366,365,365,365,366,365,365,365,366,365,365,365
12381400,15069,9/28/1982,12/31/2023,0,0,95,365,366,365,365,365,366,365,365,365,366,365,365,365,366,365,365,365,366,365,365,365,366,365,365,365,366,365,365,365,366,365,365,365,366,365,365,365,366,364,365,365
12383500,10226,10/1/1982,9/29/2010,0,0,92,365,366,365,365,365,366,365,365,365,366,365,365,365,366,365,365,365,366,365,365,365,366,365,365,365,366,365,272,0,0,0,0,0,0,0,0,0,0,0,0,0
12388400,10226,10/1/1982,9/29/2010,0,0,92,365,366,365,365,365,366,365,365,365,366,365,365,365,366,365,365,365,366,365,365,365,366,365,365,365,366,365,272,0,0,0,0,0,0,0,0,0,0,0,0,0
12390700,16071,1/1/1980,12/31/2023,366,365,365,365,366,365,365,365,366,365,365,365,366,365,365,365,366,365,365,365,366,365,365,365,366,365,365,365,366,365,365,365,366,365,365,365,366,365,365,365,366,365,365,365
12411000,16071,1/1/1980,12/31/2023,366,365,365,365,366,365,365,365,366,365,365,365,366,365,365,365,366,365,365,365,366,365,365,365,366,365,365,365,366,365,365,365,366,365,365,365,366,365,365,365,366,365,365,365
12413000,16071,1/1/1980,12/31/2023,366,365,365,365,366,365,365,365,366,365,365,365,366,365,365,365,366,365,365,365,366,365,365,365,366,365,365,365,366,365,365,365,366,365,365,365,366,365,365,365,366,365,365,365
12413500,13606,10/1/1986,12/31/2023,0,0,0,0,0,0,92,365,366,365,365,365,366,365,365,365,366,365,365,365,366,365,365,365,366,365,365,365,366,365,365,365,366,365,365,365,366,365,365,365,366,365,365,365
12414500,16071,1/1/1980,12/31/2023,366,365,365,365,366,365,365,365,366,365,365,365,366,365,365,365,366,365,365,365,366,365,365,365,366,365,365,365,366,365,365,365,366,365,365,365,366,365,365,365,366,365,365,365
12447390,16071,1/1/1980,12/31/2023,366,365,365,365,366,365,365,365,366,365,365,365,366,365,365,365,366,365,365,365,366,365,365,365,366,365,365,365,366,365,365,365,366,365,365,365,366,365,365,365,366,365,365,365
12449500,11954,4/10/1991,12/31/2023,0,0,0,0,0,0,0,0,0,0,0,266,366,365,365,365,366,365,365,365,366,365,365,365,366,365,365,365,366,365,365,365,366,365,365,365,366,365,365,365,366,365,365,365
12449950,16071,1/1/1980,12/31/2023,366,365,365,365,366,365,365,365,366,365,365,365,366,365,365,365,366,365,365,365,366,365,365,365,366,365,365,365,366,365,365,365,366,365,365,365,366,365,365,365,366,365,365,365
12451000,16071,1/1/1980,12/31/2023,366,365,365,365,366,365,365,365,366,365,365,365,366,365,365,365,366,365,365,365,366,365,365,365,366,365,365,365,366,365,365,365,366,365,365,365,366,365,365,365,366,365,365,365
12459000,16071,1/1/1980,12/31/2023,366,365,365,365,366,365,365,365,366,365,365,365,366,365,365,365,366,365,365,365,366,365,365,365,366,365,365,365,366,365,365,365,366,365,365,365,366,365,365,365,366,365,365,365
12462500,16071,1/1/1980,12/31/2023,366,365,365,365,366,365,365,365,366,365,365,365,366,365,365,365,366,365,365,365,366,365,365,365,366,365,365,365,366,365,365,365,366,365,365,365,366,365,365,365,366,365,365,365
12488500,16071,1/1/1980,12/31/2023,366,365,365,365,366,365,365,365,366,365,365,365,366,365,365,365,366,365,365,365,366,365,365,365,366,365,365,365,366,365,365,365,366,365,365,365,366,365,365,365,366,365,365,365
13011500,16069,1/1/1980,12/31/2023,366,365,365,365,366,365,365,365,366,365,365,365,366,365,365,365,366,365,365,365,366,365,365,365,366,365,365,365,366,365,365,365,366,365,365,365,366,365,365,365,366,365,365,363
13011900,15733,1/1/1980,12/31/2023,366,365,365,365,366,365,365,365,366,365,365,365,366,365,365,365,366,365,365,365,366,365,365,365,366,365,365,365,366,299,93,365,366,365,365,365,366,365,365,365,366,365,365,365
13018300,16033,1/1/1980,12/31/2023,366,365,365,365,366,365,365,365,366,365,365,365,366,365,365,365,366,365,365,365,366,365,365,365,366,365,365,365,366,365,365,365,366,365,365,365,366,365,365,365,366,365,365,327
13023000,16046,1/1/1980,12/19/2023,366,365,365,365,366,365,365,365,366,365,365,365,366,365,365,365,366,365,365,365,366,365,365,365,366,365,365,365,366,365,365,365,366,365,365,365,366,365,365,365,366,365,365,340
13083000,16070,1/1/1980,12/31/2023,366,365,365,365,366,365,365,365,366,365,365,365,366,365,365,365,366,365,365,365,366,365,365,365,366,365,365,365,366,365,365,365,366,365,365,365,366,365,365,365,366,364,365,365
13161500,16070,1/1/1980,12/31/2023,366,365,365,365,366,365,365,365,366,365,365,365,366,365,365,365,366,365,365,365,366,365,365,365,366,365,365,365,366,365,365,365,366,365,365,365,365,365,365,365,366,365,365,365
13186000,16071,1/1/1980,12/31/2023,366,365,365,365,366,365,365,365,366,365,365,365,366,365,365,365,366,365,365,365,366,365,365,365,366,365,365,365,366,365,365,365,366,365,365,365,366,365,365,365,366,365,365,365
13200000,16051,1/1/1980,12/13/2023,366,365,365,365,366,365,365,365,366,365,365,365,366,365,365,365,366,365,365,365,366,365,365,365,366,365,365,365,366,365,365,365,366,365,365,365,366,365,365,365,366,365,365,345
13235000,16056,1/1/1980,12/23/2023,366,365,365,365,366,365,365,365,366,365,365,365,366,365,365,365,366,365,365,365,366,365,365,365,366,365,365,365,366,365,365,365,366,365,365,365,366,365,365,365,366,365,365,350
13240000,14846,1/1/1980,9/30/2023,366,365,365,365,366,365,365,365,366,365,365,365,366,365,365,365,366,365,365,365,366,365,365,365,366,365,365,365,366,365,365,365,366,365,365,365,366,273,183,183,183,183,183,143
13302500,16071,1/1/1980,12/31/2023,366,365,365,365,366,365,365,365,366,365,365,365,366,365,365,365,366,365,365,365,366,365,365,365,366,365,365,365,366,365,365,365,366,365,365,365,366,365,365,365,366,365,365,365
13310700,14283,1/1/1980,12/31/2023,366,365,272,0,0,275,273,0,0,334,365,365,366,365,365,365,366,365,365,365,366,365,365,365,366,365,365,365,366,365,365,365,366,365,365,365,366,365,365,365,366,365,365,345
13313000,16029,1/1/1980,12/8/2023,366,365,365,365,366,365,365,365,366,365,365,365,366,365,365,365,366,365,365,365,366,365,365,365,366,365,365,365,366,365,365,365,366,365,365,365,366,365,365,365,366,365,365,323
13331500,16071,1/1/1980,12/31/2023,366,365,365,365,366,365,365,365,366,365,365,365,366,365,365,365,366,365,365,365,366,365,365,365,366,365,365,365,366,365,365,365,366,365,365,365,366,365,365,365,366,365,365,365
13336500,16071,1/1/1980,12/31/2023,366,365,365,365,366,365,365,365,366,365,365,365,366,365,365,365,366,365,365,365,366,365,365,365,366,365,365,365,366,365,365,365,366,365,365,365,366,365,365,365,366,365,365,365
13337000,16070,1/1/1980,12/31/2023,366,365,365,365,366,365,365,365,366,365,365,365,366,365,365,365,366,365,365,365,366,365,365,365,366,365,365,365,366,365,365,365,366,365,365,365,365,365,365,365,366,365,365,365
13338500,16071,1/1/1980,12/31/2023,366,365,365,365,366,365,365,365,366,365,365,365,366,365,365,365,366,365,365,365,366,365,365,365,366,365,365,365,366,365,365,365,366,365,365,365,366,365,365,365,366,365,365,365
13340000,16071,1/1/1980,12/31/2023,366,365,365,365,366,365,365,365,366,365,365,365,366,365,365,365,366,365,365,365,366,365,365,365,366,365,365,365,366,365,365,365,366,365,365,365,366,365,365,365,366,365,365,365
13340600,16062,1/1/1980,12/31/2023,366,365,365,365,366,365,365,365,366,365,365,365,366,365,365,365,366,365,365,365,366,365,365,365,366,365,365,365,366,365,365,365,366,365,365,365,365,365,365,365,366,365,365,357
13351000,16071,1/1/1980,12/31/2023,366,365,365,365,366,365,365,365,366,365,365,365,366,365,365,365,366,365,365,365,366,365,365,365,366,365,365,365,366,365,365,365,366,365,365,365,366,365,365,365,366,365,365,365
14020000,16071,1/1/1980,12/31/2023,366,365,365,365,366,365,365,365,366,365,365,365,366,365,365,365,366,365,365,365,366,365,365,365,366,365,365,365,366,365,365,365,366,365,365,365,366,365,365,365,366,365,365,365
14080500,4290,1/1/1980,9/29/1991,366,365,365,365,366,365,365,365,366,365,365,272,0,0,0,0,0,0,0,0,0,0,0,0,0,0,0,0,0,0,0,0,0,0,0,0,0,0,0,0,0,0,0,0
14092750,15159,7/1/1982,12/31/2023,0,0,184,365,366,365,365,365,366,365,365,365,366,365,365,365,366,365,365,365,366,365,365,365,366,365,365,365,366,365,365,365,366,365,365,365,366,365,365,365,366,365,365,365
14096850,14702,10/1/1983,12/31/2023,0,0,0,92,366,365,365,365,366,365,365,365,366,365,365,365,366,365,365,365,366,365,365,365,366,365,365,365,366,365,365,365,366,365,365,365,366,365,365,365,366,365,365,365
14101500,5477,1/1/1980,12/31/2023,366,365,365,365,366,365,365,365,366,365,273,0,0,0,0,0,0,0,0,0,0,0,0,0,0,0,0,0,0,0,0,0,0,0,0,0,0,0,0,90,366,365,365,365
14113000,16071,1/1/1980,12/31/2023,366,365,365,365,366,365,365,365,366,365,365,365,366,365,365,365,366,365,365,365,366,365,365,365,366,365,365,365,366,365,365,365,366,365,365,365,366,365,365,365,366,365,365,365
14137000,16071,1/1/1980,12/31/2023,366,365,365,365,366,365,365,365,366,365,365,365,366,365,365,365,366,365,365,365,366,365,365,365,366,365,365,365,366,365,365,365,366,365,365,365,366,365,365,365,366,365,365,365
14138800,16071,1/1/1980,12/31/2023,366,365,365,365,366,365,365,365,366,365,365,365,366,365,365,365,366,365,365,365,366,365,365,365,366,365,365,365,366,365,365,365,366,365,365,365,366,365,365,365,366,365,365,365
14138870,16071,1/1/1980,12/31/2023,366,365,365,365,366,365,365,365,366,365,365,365,366,365,365,365,366,365,365,365,366,365,365,365,366,365,365,365,366,365,365,365,366,365,365,365,366,365,365,365,366,365,365,365
14138900,16071,1/1/1980,12/31/2023,366,365,365,365,366,365,365,365,366,365,365,365,366,365,365,365,366,365,365,365,366,365,365,365,366,365,365,365,366,365,365,365,366,365,365,365,366,365,365,365,366,365,365,365
14139800,16066,1/1/1980,12/31/2023,366,365,365,365,366,365,365,365,366,365,365,365,366,365,365,365,366,365,365,365,366,365,365,365,366,365,365,365,366,365,365,365,366,365,365,365,366,365,365,365,366,365,365,360
14141500,16071,1/1/1980,12/31/2023,366,365,365,365,366,365,365,365,366,365,365,365,366,365,365,365,366,365,365,365,366,365,365,365,366,365,365,365,366,365,365,365,366,365,365,365,366,365,365,365,366,365,365,365
14154500,16071,1/1/1980,12/31/2023,366,365,365,365,366,365,365,365,366,365,365,365,366,365,365,365,366,365,365,365,366,365,365,365,366,365,365,365,366,365,365,365,366,365,365,365,366,365,365,365,366,365,365,365
14158500,16071,1/1/1980,12/31/2023,366,365,365,365,366,365,365,365,366,365,365,365,366,365,365,365,366,365,365,365,366,365,365,365,366,365,365,365,366,365,365,365,366,365,365,365,366,365,365,365,366,365,365,365
14158790,16071,1/1/1980,12/31/2023,366,365,365,365,366,365,365,365,366,365,365,365,366,365,365,365,366,365,365,365,366,365,365,365,366,365,365,365,366,365,365,365,366,365,365,365,366,365,365,365,366,365,365,365
14166500,16071,1/1/1980,12/31/2023,366,365,365,365,366,365,365,365,366,365,365,365,366,365,365,365,366,365,365,365,366,365,365,365,366,365,365,365,366,365,365,365,366,365,365,365,366,365,365,365,366,365,365,365
14182500,16071,1/1/1980,12/31/2023,366,365,365,365,366,365,365,365,366,365,365,365,366,365,365,365,366,365,365,365,366,365,365,365,366,365,365,365,366,365,365,365,366,365,365,365,366,365,365,365,366,365,365,365
14185000,16071,1/1/1980,12/31/2023,366,365,365,365,366,365,365,365,366,365,365,365,366,365,365,365,366,365,365,365,366,365,365,365,366,365,365,365,366,365,365,365,366,365,365,365,366,365,365,365,366,365,365,365
14185900,16068,1/1/1980,12/31/2023,366,365,365,365,366,365,365,365,366,365,365,365,366,365,365,365,366,365,365,365,366,365,365,365,366,365,365,365,366,365,365,365,366,365,365,365,366,365,365,365,366,365,365,362
14187000,12875,10/1/1988,12/31/2023,0,0,0,0,0,0,0,0,92,365,365,365,366,365,365,365,366,365,365,365,366,365,365,365,366,365,365,365,366,365,365,365,366,365,365,365,366,365,365,365,366,365,365,365
14216500,14702,10/1/1983,12/31/2023,0,0,0,92,366,365,365,365,366,365,365,365,366,365,365,365,366,365,365,365,366,365,365,365,366,365,365,365,366,365,365,365,366,365,365,365,366,365,365,365,366,365,365,365
14222500,16071,1/1/1980,12/31/2023,366,365,365,365,366,365,365,365,366,365,365,365,366,365,365,365,366,365,365,365,366,365,365,365,366,365,365,365,366,365,365,365,366,365,365,365,366,365,365,365,366,365,365,365
14232500,5894,1/1/1980,4/30/1997,366,365,365,365,366,365,365,365,366,365,365,365,366,365,365,365,39,11,0,0,0,0,0,0,0,0,0,0,0,0,0,0,0,0,0,0,0,0,0,0,0,0,0,0
14233400,5180,1/1/1980,3/7/1994,366,365,365,365,366,365,365,365,366,365,365,365,366,365,66,0,0,0,0,0,0,0,0,0,0,0,0,0,0,0,0,0,0,0,0,0,0,0,0,0,0,0,0,0
14236200,16071,1/1/1980,12/31/2023,366,365,365,365,366,365,365,365,366,365,365,365,366,365,365,365,366,365,365,365,366,365,365,365,366,365,365,365,366,365,365,365,366,365,365,365,366,365,365,365,366,365,365,365
14301000,16066,1/1/1980,12/31/2023,366,365,365,365,366,365,365,365,366,365,365,365,366,365,365,365,366,365,365,365,366,365,365,365,366,365,365,365,366,365,365,365,366,365,365,365,366,364,365,365,366,365,365,361
14303200,14787,7/1/1983,12/31/2023,0,0,0,184,366,365,365,365,366,365,365,365,366,365,365,365,366,365,365,365,366,365,365,365,366,365,365,365,366,365,365,365,366,365,365,365,366,365,365,365,366,365,359,364
14305500,16071,1/1/1980,12/31/2023,366,365,365,365,366,365,365,365,366,365,365,365,366,365,365,365,366,365,365,365,366,365,365,365,366,365,365,365,366,365,365,365,366,365,365,365,366,365,365,365,366,365,365,365
14306340,14794,7/1/1983,12/31/2023,0,0,0,184,366,365,365,365,366,365,365,365,366,365,365,365,366,365,365,365,366,365,365,365,366,365,365,365,366,365,365,365,366,365,365,365,366,365,365,365,366,365,365,365
14306500,16070,1/1/1980,12/31/2023,366,365,365,365,366,365,365,365,366,365,365,365,366,365,365,365,366,365,365,365,366,365,365,365,366,365,365,365,366,365,365,365,366,365,365,365,366,365,365,365,366,365,365,364
14308000,16071,1/1/1980,12/31/2023,366,365,365,365,366,365,365,365,366,365,365,365,366,365,365,365,366,365,365,365,366,365,365,365,366,365,365,365,366,365,365,365,366,365,365,365,366,365,365,365,366,365,365,365
14308990,13970,10/1/1985,12/31/2023,0,0,0,0,0,92,365,365,366,365,365,365,366,365,365,365,366,365,365,365,366,365,365,365,366,365,365,365,366,365,365,365,366,365,365,365,366,365,365,365,366,365,364,365
14309500,16071,1/1/1980,12/31/2023,366,365,365,365,366,365,365,365,366,365,365,365,366,365,365,365,366,365,365,365,366,365,365,365,366,365,365,365,366,365,365,365,366,365,365,365,366,365,365,365,366,365,365,365
14316700,16071,1/1/1980,12/31/2023,366,365,365,365,366,365,365,365,366,365,365,365,366,365,365,365,366,365,365,365,366,365,365,365,366,365,365,365,366,365,365,365,366,365,365,365,366,365,365,365,366,365,365,365
14321000,16071,1/1/1980,12/31/2023,366,365,365,365,366,365,365,365,366,365,365,365,366,365,365,365,366,365,365,365,366,365,365,365,366,365,365,365,366,365,365,365,366,365,365,365,366,365,365,365,366,365,365,365
14325000,16071,1/1/1980,12/31/2023,366,365,365,365,366,365,365,365,366,365,365,365,366,365,365,365,366,365,365,365,366,365,365,365,366,365,365,365,366,365,365,365,366,365,365,365,366,365,365,365,366,365,365,365
14359000,16071,1/1/1980,12/31/2023,366,365,365,365,366,365,365,365,366,365,365,365,366,365,365,365,366,365,365,365,366,365,365,365,366,365,365,365,366,365,365,365,366,365,365,365,366,365,365,365,366,365,365,365
14362250,14794,7/1/1983,12/31/2023,0,0,0,184,366,365,365,365,366,365,365,365,366,365,365,365,366,365,365,365,366,365,365,365,366,365,365,365,366,365,365,365,366,365,365,365,366,365,365,365,366,365,365,365
14400000,16071,1/1/1980,12/31/2023,366,365,365,365,366,365,365,365,366,365,365,365,366,365,365,365,366,365,365,365,366,365,365,365,366,365,365,365,366,365,365,365,366,365,365,365,366,365,365,365,366,365,365,365
