SITENO,TOT_STREAM_SLOPE,TOT_STREAM_LENGTH,TOT_STRM_DENS,SINU,TOT_BFI,TOT_EWT,TOT_RECHG,TOT_SATOF,TOT_TWI,TOT_IEOF,TOT_CONTACT,TOT_RF7100,q_mean,FDC_slope,mean_hf_date,Q5,Q95,high_q_freq,high_q_dur,low_q_freq,low_q_dur,zero_q,mean_cfs,CV,skew,kurt,ar1,amplitude,phase
01013500,0.007765,1492.64,0.66,1.25,53.61,-21.42,300.46,2.32,12.12,1.99,245.11,68.04,1.685611589,1.082873814,115.6046512,0.24,6.018,0.558139535,10.29166667,1.790697674,22.05194805,0,1556.18,0.52,0.47,0.28,0.973,0.58,122.88
01022500,0.005238,647.14,0.77,1.08,50.64,-16.68,366.76,3.87,12.47,1.83,136.11,92.46,1.491858007,1.165103109,74.74418605,0.16,4.77,1.651162791,2.323943662,4,14.04069767,0,512.55,0.51,0.43,0.25,0.878,0.52,64.337
01030500,0.003173,2114.96,0.58,1.22,54.03,-13.14,349.31,4.59,12.66,1.5,523.64,75.7,1.858250876,1.42210884,102.6744186,0.12,6.99,1.465116279,6.746031746,4.139534884,19.87640449,0,2790.24,0.57,0.46,0.25,0.96,0.48,89.692
01031500,0.014582,565.76,0.73,1.03,46,-21.62,336.26,3.3,11.55,2.29,137.57,83.06,1.99597453,1.335734875,108.3488372,0.11,7.62,5.441860465,3.115384615,6.325581395,13.63235294,0,631.62,0.62,0.55,0.35,0.746,0.35,89.44
01047000,0.007922,383.75,0.42,1.1,46.13,-36.68,326.65,3.73,11.15,2.81,82.54,94.69,2.158809296,1.186919485,102.9302326,0.21,8.06,5.953488372,2.54296875,5.953488372,11.3046875,0,798.57,0.59,0.55,0.35,0.71,0.36,98.726
01048000,0.005197,561.91,0.42,1.2,48.88,-34.93,340.22,3.62,11.16,3.28,113.26,92.67,1.974500722,1.222751403,92.44444444,0.18,7.06,5.638888889,2.064039409,5.916666667,12.48826291,0,1079.89,0.59,0.53,0.33,0.715,0.4,94.636
01052500,0.005027,157.16,0.4,1.09,48.36,-50.17,366.77,4.05,10.67,3.7,42.23,98.57,2.252518943,1.144298276,105.1627907,0.27,8.21,5.186046512,2.695067265,7.627906977,7.87804878,0,364.74,0.59,0.56,0.37,0.766,0.41,111.898
01054200,0.019537,69.1,0.38,1.03,47.4,-51.64,366.5,2.03,9.88,0.14,15.51,116.43,2.701303407,1.160673391,102.4883721,0.26,9.91,8.558139535,1.948369565,8.465116279,9.054945055,0,200.04,0.62,0.61,0.43,0.468,0.26,97.65
01055000,0.008394,95.31,0.38,1.12,45.7,-50.38,324.06,2.87,10.34,2.36,23.87,97.97,2.184191659,1.214342148,106,0.18,8.15,7.441860465,2.11875,8.837209302,8.802631579,0,224.24,0.62,0.58,0.4,0.553,0.31,105.47
01055500,0.00179,184.32,0.4,1.31,53.11,-39.74,340.76,3.93,12.05,1.04,133.3,90.88,1.735064486,1.261105542,85.71052632,0.15,5.91,3.210526316,2.901639344,5.236842105,14.44221106,0,323.02,0.57,0.5,0.31,0.84,0.43,82.459
01057000,0.005194,80.86,0.41,1.11,52.02,-56.26,343.64,3.1,11.89,0.01,25.39,91.54,1.764997135,1.246795391,97.3255814,0.09,6.228,5.046511628,2.313364055,6.372093023,12.30656934,0,143.27,0.59,0.52,0.34,0.716,0.39,86.471
01060000,0.002714,272.64,0.75,1.41,58.59,-13.57,356.53,4.56,12.77,1.11,418.05,103.84,1.769419185,1.235903931,80.82142857,0.23,6.5,5.892857143,2.424242424,6.571428571,10.85326087,0,264.06,0.59,0.57,0.37,0.766,0.4,74.303
01064500,0.019268,487.33,0.49,1.26,50.57,-51.34,429.5,2.09,10.37,0.16,20.93,124.07,2.536044572,1.101005698,95.95348837,0.44,8.114,4.23255814,1.774725275,4.186046512,7.266666667,0,1040.19,0.52,0.52,0.33,0.644,0.34,99.594
01073000,0.003998,32.52,1.01,1.29,47.92,-12.66,247.47,3.49,11.94,0.96,39.49,106.54,1.611474053,1.482636801,76.11627907,0.07,5.34,3.395348837,2.143835616,7.930232558,11.6686217,0.044571792,21.14,0.59,0.48,0.3,0.732,0.47,70.501
01076500,0.034559,1058.47,0.65,1.12,49.12,-61.29,350.82,1.78,10.38,0,11.6,106.05,2.207873289,0.993795874,93.23255814,0.32,7.22,4.186046512,1.722222222,5.046511628,7.728110599,0,1470.64,0.53,0.51,0.33,0.672,0.35,94.691
01078000,0.022349,202.25,0.91,1.19,53.74,-54.94,275.29,1.79,11.38,0,23.18,92.12,1.721193251,1.165103109,86.25581395,0.14,6.348,3.651162791,2.719745223,5.302325581,13.00438596,0,156.31,0.57,0.5,0.32,0.834,0.45,83.049
01118300,0.005807,8.61,0.63,1.24,62.29,-21.13,451.31,4,10.87,1.15,64.56,178.62,1.598614454,1.430060791,64.97674419,0.04,4.81,2.465116279,1.405660377,7.604651163,11.26605505,0.146450175,8.97,0.54,0.39,0.24,0.665,0.56,57.605
01121000,0.004415,52.1,0.55,1.24,49.14,-31.06,315.69,4,11.64,2.25,40.13,140.57,1.446428526,1.355024337,77.48837209,0.06,4.36,4.023255814,1.473988439,8.348837209,9.462395543,0.101878383,55.79,0.56,0.45,0.3,0.6,0.45,60.746
01123000,0.001452,34.43,0.41,1.22,50.1,-30.82,328.62,4.03,12.25,2.42,50.29,149.84,1.658573066,1.222227396,72.74418605,0.2,4.84,3.279069767,1.404255319,6.186046512,9.353383459,0,56.87,0.52,0.45,0.29,0.621,0.47,64.242
01127000,0.008101,1475.17,0.8,1.08,52.94,-22.31,344.93,4.02,11.97,1.85,75.12,145.38,1.821052531,1.175546114,71.41860465,0.17,5.32,0.488372093,1.523809524,7.674418605,7.124242424,0,1369.4,0.48,0.35,0.19,0.901,0.66,63.138
01134500,0.009262,86.37,0.41,1.12,47.03,-35.6,302.64,2.24,10.81,1.79,84.74,90.15,1.887798153,1.058589925,96.06976744,0.21,6.52,4.093023256,2.255681818,7.581395349,6.512269939,0,161.17,0.55,0.52,0.34,0.748,0.36,99.039
01137500,0.017214,113.86,0.48,1.38,47,-40.79,405.18,1.9,10.28,0.31,16.27,125.31,2.291285578,0.961350121,100.7209302,0.462,7.288,4.813953488,1.623188406,2.860465116,5.756097561,0,223.24,0.51,0.53,0.34,0.611,0.33,106.156
01139000,0.007725,113.92,0.44,1.3,48.41,-32.92,244.3,2.02,10.99,1.86,33.28,79.23,1.575208532,0.959051354,95.20930233,0.26,4.77,2.046511628,1.840909091,4.720930233,6.467980296,0,167.12,0.48,0.45,0.29,0.745,0.44,99.116
01139800,0.013644,12.46,0.5,1.34,49.49,-48.25,251.09,2,9.82,2.05,17.32,81.17,1.694989494,1.099319975,99.23255814,0.23,5.25,1.465116279,1.920634921,6.348837209,6.413919414,0,17.11,0.49,0.42,0.24,0.731,0.54,99.774
01142500,0.020423,55.33,0.69,1.86,47.9,-52.3,231.37,2,10.72,2.91,42.14,81.21,1.75489462,1.024467467,92.97674419,0.18,5.54,2.511627907,2.055555556,5.186046512,9.295964126,0,57.29,0.51,0.46,0.29,0.754,0.49,92.462
01144000,0.025136,1184.75,0.66,1.14,48.72,-49.32,282.58,1.95,10.58,2.17,24.19,89.86,1.852851958,1.067219752,91.44186047,0.24,5.83,2.627906977,1.831858407,4.674418605,9.402985075,0,1347.2,0.51,0.46,0.29,0.746,0.48,89.645
01162500,0.00216,27.78,0.52,1.48,46.69,-20.88,266.71,2.63,12.03,0.92,105.94,107.74,0.722447628,1.316875467,85.81395349,0.04,2.4,2.325581395,2.5,5.88372093,13.70750988,0.070041388,37.08,0.56,0.44,0.26,0.872,0.47,68.167
01169000,0.020852,168.33,0.72,1.25,45.51,-36.28,329.88,2.28,10.95,2.63,46.93,115.96,2.178806113,1.129464304,82.55813953,0.2,7.198,4.906976744,1.639810427,7.325581395,9.06984127,0,207.85,0.56,0.51,0.34,0.579,0.38,77.815
01170100,0.018454,106.75,0.98,1.29,45.69,-35.99,307.33,2.04,11.28,1.68,33.68,117.81,2.085455587,1.157767414,82.18604651,0.2,6.95,4.069767442,1.537142857,6.813953488,9.518771331,0,93.09,0.54,0.47,0.31,0.619,0.42,77.969
01181000,0.015087,170.35,0.69,1.12,43.37,-39.84,311.03,2.77,11.02,2.7,58.24,148.59,2.067296402,1.224815024,77.95348837,0.14,6.83,5.279069767,1.669603524,7.255813953,10.95192308,0,207.37,0.58,0.51,0.34,0.542,0.34,70.763
01187300,0.011467,41.86,0.77,1.07,44.56,-39.34,288.57,3,10.89,3.42,80.88,148.13,1.970801019,1.421222317,78.6744186,0.06,6.72,6.697674419,1.673611111,8.325581395,11.52513966,0,43.41,0.62,0.53,0.37,0.537,0.32,59.7
01195100,0.00318,18.87,1.19,1.18,47.57,-15.72,348.39,4,11.72,1,39,161.64,1.504512855,1.581416915,64.90243902,0.04,4.78,4.292682927,1.517045455,8.195121951,12.29464286,0.494156928,9.75,0.59,0.45,0.29,0.558,0.48,57.235
01197500,0.010468,432.73,0.6,1.24,44.84,-30.82,287.27,2.49,11.43,2.51,93.68,129.08,1.875761859,0.926595245,79.39534884,0.34,5.42,0.697674419,2.3,3.534883721,7.125,0,557.65,0.45,0.4,0.25,0.896,0.43,68.894
01200000,0.012387,401.24,0.76,1.23,51.57,-30.05,295.49,2.64,11.09,3.1,51.87,128.25,1.555763799,1.235741707,72.89473684,0.13,4.6475,1.710526316,2.123076923,4.710526316,14.48044693,0,334.99,0.52,0.41,0.26,0.829,0.48,63.327
01321000,0.009519,845.7,0.67,1.13,48.8,-25.92,364.49,2.54,11.3,1.24,35.98,111.35,2.256407514,1.119497426,85.11627907,0.2,7.696,3.093023256,2.308270677,5.860465116,10.29761905,0,1166.81,0.54,0.47,0.29,0.808,0.48,80.092
01333000,0.005845,44.48,0.4,1.24,47.02,-28.6,290.21,1.36,10.87,0.72,18.34,111.59,1.957589303,1.06541324,76.93023256,0.21,6.04,2.604651163,1.544642857,5.441860465,9.696581197,0,89.14,0.51,0.44,0.27,0.75,0.44,64.812
01334500,0.008288,558.61,0.42,1.18,48.09,-32.02,333.69,1.62,10.67,1.3,52.51,109.6,1.917181152,0.985753244,81.11627907,0.3,5.57,2.11627907,1.318681319,4.604651163,7.752525253,0,1039.6,0.47,0.42,0.26,0.726,0.46,71.427
01348000,0.009166,661.17,0.87,1.04,48.06,-25.61,371.36,2.82,11.35,1.5,101.77,109.62,2.314355952,1.135359595,82.73913043,0.13,7.58,2.956521739,1.852941176,22.43478261,2.625968992,0,717.38,0.53,0.45,0.29,0.759,0.39,70.558
01350000,0.002964,175.41,0.28,1.03,40.22,-33.11,262.08,2.42,10.56,3.22,51.78,105.86,2.012361032,1.397960568,73.8372093,0.1,6.75,5.790697674,1.879518072,6.139534884,15.75,0,506.94,0.62,0.55,0.38,0.526,0.28,64.873
01350080,0.002528,23.73,0.27,1.22,35.89,-22.83,223.87,2.38,10.5,2.77,82.33,88.91,1.419353263,1.511637892,89.21621622,0.08,4.73,4.594594595,1.917647059,5.756756757,17.21596244,0,51.95,0.6,0.51,0.32,0.64,0.37,74.165
01350140,0.002304,13.02,0.28,1.17,36.09,-25.88,223.66,2.97,10.55,3.09,84.75,91.92,1.366714422,1.562362141,75.86046512,0.04,4.63,5.395348837,1.918103448,8.790697674,11.87037037,0,25.71,0.62,0.51,0.34,0.627,0.43,69.203
01365000,0.020253,35.55,0.35,1.15,49.67,-42.75,413.81,2.1,10.14,3.94,31.89,158.69,2.580462273,1.076932297,78.8372093,0.29,7.7,3.186046512,1.598540146,4.76744186,10.3902439,0,108.28,0.52,0.47,0.33,0.642,0.3,66.408
01371500,0.007768,1316.91,0.71,1.3,44.89,-18.75,255.2,2.83,12.11,2.72,560.6,141.96,1.557279847,1.32207576,81.60465116,0.1,5.39,2.674418605,2.765217391,6,13.2751938,0,1180.67,0.56,0.46,0.28,0.859,0.43,61.189
01372500,0.0075,308,0.64,1.41,50.22,-24.5,273.55,2.77,11.98,4.69,120.11,126.17,1.426976759,1.32207576,82.51162791,0.09,4.44,2.023255814,2.022988506,4.744186047,16.42156863,0,280.46,0.54,0.42,0.25,0.825,0.48,64.463
01411300,0,37.18,0.47,1.27,69.11,-3.58,352.06,5.86,13.32,0.99,170.24,173.43,1.232127914,0.723172008,82.20512821,0.37,3.104,0.487179487,1.842105263,0.307692308,9.25,0,40.07,0.38,0.39,0.26,0.853,0.56,72.625
01413500,0.003191,122.2,0.28,1.13,43.14,-37.17,339.05,2.4,10.85,3.59,46.07,104.89,1.86956447,1.228900577,75.88372093,0.15,5.85,2.674418605,1.982608696,4.813953488,14.30917874,0,332.26,0.54,0.46,0.3,0.691,0.38,66.023
01414500,0.001689,17.76,0.27,1.23,46.03,-34.08,390.68,2.92,10.11,3.92,54.87,105.64,2.117852913,1.17630355,73.53488372,0.17,6.2,3.279069767,1.638297872,4.813953488,13.01449275,0,58.11,0.53,0.46,0.32,0.638,0.34,59.379
01415000,0.00376,34.57,0.4,1.16,43.97,-32.51,287.75,2,10.55,2.3,43.26,100.08,1.741433301,1.246375667,73.3255814,0.12,5.4,2.604651163,1.758928571,6.604651163,10.82746479,0,61.97,0.54,0.44,0.28,0.673,0.38,58.987
01421000,0.011308,855.15,0.42,1.04,44.57,-36.44,318.8,2.31,10.72,3.25,54.98,111.56,1.500860872,1.059763393,83.95348837,0.25,4.7,2.953488372,1.937007874,3.697674419,9.13836478,0,1246.15,0.51,0.5,0.32,0.746,0.28,72.085
01423000,0.008399,419.11,0.48,1.12,42.04,-32.4,258.29,2.18,10.88,2.61,56.25,100.13,1.789802611,1.31410776,73.74418605,0.13,5.57,2.627906977,1.796460177,4.790697674,14.77184466,0,632.5,0.54,0.44,0.28,0.75,0.42,60.817
01426500,0.011829,911.35,0.59,1.27,41.54,-33.26,245.04,2.1,10.96,2.53,55.68,101.05,1.418353391,0.953341827,96.72093023,0.21,4.25,1.093023256,3.255319149,6.418604651,5.963768116,0,896.88,0.49,0.45,0.29,0.887,0.27,100.214
01434025,0.018711,4.81,0.48,1.04,47.91,-19.31,486.53,2,9.56,4,21.81,157.03,2.7686564,0.982106969,76.025,0.27,8.69,5.25,1.452380952,5.5,9.086363636,0,11.25,0.54,0.53,0.39,0.516,0.24,56.498
01435000,0.012989,76.22,0.42,1.37,48.64,-27.59,476.45,2.44,10.5,4.06,34.38,167.4,2.730643107,0.934331013,79.76744186,0.39,7.958,4.093023256,1.357954545,3.813953488,9.756097561,0,204.43,0.51,0.5,0.37,0.513,0.25,65.255
01439500,0.009844,205.2,0.67,1.09,48.06,-22.61,338.12,3.07,11.95,6.77,239.4,136.92,2.005698185,1.05087117,83.46511628,0.15,5.87,1.348837209,2.103448276,4.11627907,14.1920904,0,250.74,0.5,0.39,0.25,0.851,0.42,61.827
01440000,0.015343,148.6,0.87,1.06,49.87,-33.52,349.68,2.15,11.2,2.62,121.39,142.56,1.721265202,1.063261722,75.90697674,0.19,4.936,2.488372093,1.551401869,4.302325581,13.29189189,0,120.27,0.51,0.44,0.3,0.669,0.38,64.719
01440400,0.015111,129.71,0.72,1.21,49.63,-26.91,351.76,2.81,11.01,7.95,214.34,139.27,1.997338427,1.084932588,74.34883721,0.2,6.03,2.604651163,1.732142857,4.627906977,12.57286432,0,146.18,0.52,0.45,0.31,0.713,0.35,60.408
01445000,0.009109,59.28,0.71,1.19,57.87,-21.91,311.12,3.22,12.54,0.85,122.24,153.58,1.671396349,1.070963834,90.76190476,0.16,4.6,0.476190476,2.3,4.714285714,10.15151515,0,57.07,0.47,0.35,0.21,0.905,0.37,55.265
01445500,0.005994,178.5,0.64,1.12,57.36,-28.86,306.64,3.17,12.63,2.43,109.31,156.45,1.549599491,0.973030238,90.02325581,0.29,4.32,0.976744186,2.380952381,2.860465116,7.756097561,0,175.93,0.45,0.4,0.25,0.892,0.43,69.588
01451800,0.006194,95.26,0.64,2.43,53.35,-9.08,324.77,3.24,12.11,1.92,92.15,153.27,1.617367081,1.215591359,79.48837209,0.14,5.35,4.860465116,1.928229665,7.441860465,9.125,0,98.64,0.57,0.52,0.35,0.677,0.26,47.959
01466500,0,3.44,0.56,1.37,73.62,-9.71,402.58,5.02,11.76,1,67.12,169.1,0.776423432,0.452845649,91.37209302,0.38,1.52,0.186046512,1.375,0,NA,0,1.91,0.26,0.34,0.22,0.851,0.52,89.359
01484100,0,4.31,0.58,1.14,62.89,-2.13,285.49,4.48,14.39,0,461.03,177.13,1.205995543,0.814682765,82.60465116,0.15,3.01,2,1.441860465,3.23255814,10.81294964,0.050939191,3.64,0.46,0.42,0.32,0.569,0.37,68.363
01485500,0,63.07,0.53,1.08,57.74,-2.69,246.38,4.1,13.97,0.91,308.22,187.09,1.107144858,1.641149224,76.8372093,0.04,3.96,4.88372093,3.071428571,7.837209302,14.29080119,0,53.36,0.64,0.55,0.36,0.799,0.33,46.753
01486000,0,11.02,0.71,1.18,54.44,-2.01,227.05,6.99,14.62,2.63,424.87,189.13,0.843373448,1.485109794,79,0.06,2.84,5.837209302,1.928286853,4.325581395,21.7688172,0,5.37,0.61,0.55,0.37,0.601,0.36,52.58
01487000,6e-05,167.26,0.88,1.25,61.76,-2.04,272.32,4.29,14.49,0,464.9,179.49,1.216953836,0.943179275,80.65116279,0.27,2.98,0.790697674,1.411764706,1.860465116,6.5625,0,94.66,0.41,0.35,0.22,0.816,0.53,68.879
01491000,0.000112,267.44,0.89,1.05,54.98,-2.78,238.1,5.02,14.93,0.9,920.61,173.31,1.235067176,1.279011177,85.11627907,0.1,3.97,3.651162791,1.936305732,5.465116279,13.69361702,0.031836995,151.67,0.56,0.5,0.35,0.712,0.36,63.538
01500500,0.011232,1858.13,0.73,1.02,43.71,-23.99,251.8,2.73,11.3,2.65,105.82,93.73,1.517254762,1.285129477,78.13043478,0.15,4.74,1.043478261,2.458333333,5.695652174,11.08396947,0,1582.09,0.51,0.39,0.21,0.909,0.65,68.319
01503000,0.011156,4161.74,0.72,1.14,43.42,-25.79,244.12,2.53,11.17,2.56,103.57,92.63,1.588615091,1.218353257,75.97674419,0.142,4.94,1.255813953,2.574074074,3.627906977,17.11538462,0,3763.45,0.51,0.41,0.24,0.895,0.55,66.186
01510000,0.007995,281.44,0.74,1.37,46.58,-22.06,258.52,2.12,11.5,3.14,115.36,90.91,1.830995224,1.311871492,71.48837209,0.13,6.07,4.186046512,1.833333333,4.534883721,16.62564103,0,284.93,0.56,0.47,0.3,0.739,0.46,58.838
01512500,0.010736,2922.9,0.76,1.08,46.72,-19.75,257.15,2.24,11.32,3.43,146.46,88.32,1.660019102,1.226604343,71.88372093,0.17,5.55,1.372093023,2.220338983,4.302325581,14.79459459,0,2614.87,0.52,0.42,0.24,0.866,0.56,60.197
01516500,0.009699,19.59,0.62,1.13,34.98,-37.93,145.02,2,10.84,2.41,119.6,81.38,1.014208605,1.789327633,87.5952381,0.03,3.47,8.142857143,2.064327485,8.880952381,14.39410188,0.619295958,13.11,0.68,0.6,0.42,0.499,0.3,66.511
01518000,0.013418,561.93,0.77,1.07,35.59,-44.58,147.38,1.81,11.1,2.31,114.45,78.35,1.569523082,1.580919356,82.18604651,0.11,6.194,6.581395349,2.650176678,5.697674419,18.75510204,0,465.86,0.63,0.55,0.34,0.838,0.41,70.065
01518862,0.013346,163.35,0.7,1.11,35.53,-42.98,141.51,2,11.2,4.17,71.01,81.99,1.15261191,1.728918,71.625,0.04,4.06,6.7,2.205223881,8.675,13.37175793,0,110.28,0.64,0.55,0.35,0.609,0.36,62.466
01520000,0.009798,492.98,0.64,1.05,35.15,-36.85,133.65,1.91,10.91,3.29,78.83,76.26,1.034247055,1.912782485,91.58139535,0.05,4.16,8.465116279,2.725274725,7.976744186,16.23906706,0,328.12,0.67,0.57,0.36,0.808,0.39,68.763
01520500,0.011426,1394.18,0.7,1.06,35.28,-41.34,137.9,1.81,10.93,2.72,98.59,76.29,1.075492861,1.563254072,76.92857143,0.08,4.405,6.464285714,2.966850829,7.142857143,15.085,0,873.95,0.63,0.55,0.33,0.855,0.44,74.344
01531000,0.009841,3907.97,0.6,1.19,36.79,-32.01,135.15,1.82,11.06,2.6,120.37,74.66,1.044921999,1.401206054,76.37209302,0.09,3.8,5.23255814,2.537777778,4.348837209,19.81818182,0,2774.96,0.59,0.52,0.32,0.785,0.46,71.635
01532000,0.016939,441.58,0.79,1.23,36.45,-40.56,166.32,1.35,11.03,3.8,139.85,86.33,1.310049029,1.485109794,91.79069767,0.04,4.51,6.720930233,1.996539792,7.209302326,14.4,0,299.25,0.64,0.56,0.39,0.526,0.29,58.458
01534000,0.011534,759.49,0.74,1.41,42.1,-39.16,213.64,2.66,11.38,3.47,106.38,100.45,1.40240815,1.29081434,79.20930233,0.1,4.61,4.744186047,1.848039216,5.837209302,13.14342629,0,586.77,0.58,0.51,0.34,0.645,0.34,61.569
01539000,0.016099,525.49,0.75,1.13,40.78,-41.93,232.62,2.81,11.25,5.8,84.77,118.67,1.750792104,1.165381961,79.6744186,0.15,5.32,3.255813953,1.728571429,4.813953488,13.44444444,0,503.74,0.54,0.47,0.32,0.649,0.32,59.605
01541000,0.012067,677.03,0.83,1.06,41.95,-16.45,254.93,2.44,12.17,1.92,99.9,113.19,1.686073225,1.197360701,70.20930233,0.21,5.36,3.139534884,1.762962963,6.76744186,8.663230241,0,562.48,0.53,0.47,0.3,0.717,0.48,61.12
01541500,0.012016,723.2,0.75,2.94,45.83,-23.38,275.25,2.22,12.03,2.21,78.41,109.06,1.501635785,1.205878814,74.58139535,0.18,4.79,2.953488372,1.795275591,5.813953488,11.108,0,592.32,0.53,0.46,0.28,0.797,0.54,67.726
01542810,0.02831,12.01,0.88,1.04,38.52,-41.74,229.27,2.25,11.65,1.5,9.24,101.35,1.56292773,1.648691043,69.18604651,0.05,6.06,7.465116279,2.30529595,8.813953488,13.06860158,0.012734798,8.77,0.65,0.56,0.37,0.649,0.36,61.419
01543000,0.024951,613.61,0.87,1.12,39.34,-54.71,234.09,3.02,11.97,2.62,18.6,102.92,1.632285896,1.484249353,70.81395349,0.07,5.79,5.11627907,2.118181818,8,11.40697674,0,470.46,0.6,0.5,0.31,0.722,0.41,61.784
01543500,0.02286,1479.03,0.83,1.25,40.26,-51.22,240.08,3.17,11.94,2.49,25.12,105.4,1.612806749,1.38994629,72.76744186,0.08,5.6,4.093023256,1.971590909,6.697674419,12.98958333,0,1173.18,0.58,0.47,0.29,0.758,0.47,64.168
01544500,0.023394,288.54,0.79,1.25,39.73,-57.09,213.84,1.92,11.75,1.42,15.73,94.61,1.570138809,1.381611987,79,0.09,5.398,3.465116279,2.322147651,6.162790698,14.0490566,0,233.07,0.58,0.48,0.3,0.793,0.43,61.868
01545600,0.013941,63.84,0.51,1.1,42.51,-64.67,235.08,2,11.85,0.89,12.52,101.98,1.45922063,1.398306213,74.25581395,0.07,4.78,2.488372093,2.560747664,5.534883721,14.44117647,0,74.18,0.56,0.46,0.28,0.814,0.45,68.112
01547700,0.014277,65.84,0.57,1.03,54.73,-47.75,309.84,1.94,10.44,1.56,17.65,101.56,1.293549188,1.685765154,80.72093023,0.05,4.63,5.302325581,2.618421053,7.627906977,14.56707317,0,61.14,0.63,0.53,0.34,0.646,0.38,65.921
01548500,0.01701,1067.61,0.69,1.07,37.98,-54.09,180.81,1.77,11.45,2.85,60.88,84.07,1.417991086,1.404368356,80.86046512,0.09,4.87,3.558139535,2.431372549,5.76744186,14.62903226,0,902.86,0.58,0.48,0.29,0.8,0.45,65.563
01549500,0.011442,61.18,0.62,1.25,38.25,-55.65,205.95,1.32,11.65,3.37,91.43,89.18,1.490892709,1.404368356,84.39534884,0.06,4.98,4.674418605,2.273631841,7.23255814,12.36012862,0,60.12,0.61,0.52,0.35,0.676,0.36,60.249
01550000,0.022635,329.58,0.73,1.07,37.29,-58.73,200.81,1.18,11.26,3.45,76.09,90.22,1.648813117,1.29081434,86.02325581,0.1,5.36,4.302325581,1.897297297,6.23255814,12.4738806,0,305.61,0.58,0.5,0.34,0.629,0.33,58.668
01552000,0.017272,829.11,0.73,1.14,37.25,-48.12,199.16,1.26,11.26,3.64,114.9,103.69,1.737625597,1.188787095,83.44186047,0.13,5.446,3.906976744,1.738095238,5.11627907,13.03181818,0,803.39,0.56,0.5,0.35,0.627,0.29,52.839
01552500,0.024582,40.68,0.66,1.28,38.34,-44.23,222.33,1.29,11.51,4,78.94,128.44,1.96489653,1.179669393,84.09302326,0.12,6.01,4.418604651,1.594736842,6.976744186,10.21333333,0,49.72,0.57,0.5,0.35,0.566,0.26,50.195
01556000,0.015362,557.87,0.74,1.59,45.19,-33.24,222.08,2.14,11.61,0.4,61.84,109.57,1.372206304,1.152155278,78.60465116,0.24,4.35,3.790697674,1.785276074,4.837209302,7.288461538,0,423.06,0.53,0.51,0.32,0.682,0.44,71.489
01557500,0.018298,67.22,0.57,1.37,50.54,-43.41,281.08,2,10.72,1,24.16,105.02,1.551546004,1.345590291,75.37209302,0.12,5.22,3.953488372,1.858823529,6.627906977,12.76491228,0,74.89,0.57,0.48,0.3,0.722,0.49,68.492
01558000,0.024331,390.03,0.67,1.37,48.61,-38.8,261.65,2.09,10.91,1.33,33.45,106.86,1.613057625,1.126600225,79.1627907,0.33,4.9,2,1.720930233,2.720930233,5.991452991,0,381.57,0.49,0.46,0.28,0.72,0.49,71.83
01559000,0.016404,1438.64,0.68,1.01,48.26,-34.21,238.54,2.2,11.39,1.29,52.73,107.7,1.328226679,1.05921946,80.44186047,0.3,3.95,2.093023256,1.655555556,3.023255814,2.961538462,0,1151.25,0.48,0.47,0.28,0.737,0.48,72.564
01560000,0.015486,393.9,0.88,1.11,40.98,-21.23,199.02,2.33,11.66,0.25,66.21,107.28,1.355612862,1.5511617,73.04651163,0.1,4.87,6.325581395,2.242647059,7.488372093,14.3447205,0,247.9,0.63,0.56,0.36,0.675,0.43,67.156
01562000,0.014091,1650.68,0.84,1.41,38.86,-25.99,177.78,2.25,11.5,0.5,45.6,105.96,1.185342884,1.486318837,79.58139535,0.13,4.13,4.720930233,2.310344828,5.395348837,16.17672414,0,947.14,0.59,0.53,0.32,0.745,0.46,73.014
01567000,0.014521,6599.52,0.76,1.02,45.69,-31.18,218.01,2.2,11.4,1.07,52.28,110.82,1.238850048,1.223310114,80,0.2,4.03,2.534883721,2.550458716,4.651162791,8.845,0,4395.62,0.52,0.48,0.28,0.861,0.51,71.907
01567500,0.01493,32.15,0.81,1.29,48.47,-33.2,246.47,1.81,11.18,2.09,116.69,119.44,1.262366762,1.080446435,76.34883721,0.23,3.848,4.790697674,1.825242718,4.720930233,7.197044335,0,20.36,0.55,0.57,0.4,0.519,0.29,69.92
01568000,0.011764,419.92,0.78,1.4,49.91,-35.73,253.45,1.91,11.56,0.83,55.32,120.97,1.386416428,1.336996057,82.65116279,0.13,4.48,5.372093023,1.844155844,6.627906977,12.13333333,0,304.17,0.59,0.54,0.36,0.607,0.36,66.538
01574000,0.006678,1060.25,0.8,1.15,51.46,-10.46,222.08,2.4,12.44,3.67,331.63,133.74,1.225877109,1.389811664,75.90697674,0.08,4.398,8.209302326,1.875354108,7.627906977,12.30182927,0,665.22,0.63,0.58,0.4,0.607,0.32,56.4
01580000,0.005466,204.92,0.83,1.44,63.5,-18.85,262.61,2.1,11.83,3.39,89.37,145.2,1.295579752,0.679363532,83.20930233,0.38,3,1.860465116,1.2125,0.302325581,10.61538462,0,130.77,0.39,0.45,0.34,0.481,0.31,74.752
01583500,0.006749,125.95,0.77,1.45,64.46,-19.43,261.11,2.42,12.14,4.19,84.63,145.71,1.086226679,0.664017852,81.6744186,0.31,2.45,1.720930233,1.135135135,0.720930233,7.064516129,0,72.6,0.39,0.43,0.34,0.449,0.28,70.528
01586610,0.010118,65.23,0.9,1.19,61.1,-16.53,244.81,2.55,11.56,3.54,95.4,141.72,1.188091718,0.877115525,78.2,0.25,3.08,2.975,1.218487395,1.85,7.783783784,0,35.46,0.46,0.48,0.35,0.443,0.33,68.548
01591400,0.004972,54.3,0.91,1.37,59.13,-12.72,234.98,3,12.23,4.38,160.4,142.54,1.059000955,0.754096921,76.79069767,0.21,2.46,3.953488372,1.235294118,1.976744186,9.929411765,0.012734798,25.86,0.47,0.52,0.42,0.324,0.24,64.959
01594950,0.010076,3.97,0.65,1.2,39.31,-20.15,292.87,3.27,10.1,0.74,22.03,127.92,1.872023563,1.746779811,69.96969697,0.03,6.32,4.242424242,1.528571429,7.818181818,13.5503876,0.696921928,4.65,0.6,0.45,0.27,0.558,0.47,64.43
01595000,0.0114,142.98,0.75,1.05,39.67,-16.86,291.48,2.89,11.51,1.5,31.96,127.35,2.246301178,1.149742731,73.13953488,0.29,6.786,2.930232558,1.238095238,7.23255814,6.47266881,0,175.41,0.5,0.43,0.27,0.609,0.51,66.757
01596500,0.012166,96.17,0.76,1.3,40.78,-33.53,247.56,2.06,10.96,0.8,7.94,106.66,1.515332697,1.834994907,72.86046512,0.05,5.87,6.906976744,2.272727273,7.790697674,15.11343284,0,78.77,0.64,0.53,0.33,0.722,0.5,68.459
01605500,0.021894,252.12,0.53,1.15,40.75,-39.36,189.76,1.74,10.95,0.87,13.52,108.79,0.956548233,1.231107265,87.81395349,0.15,2.93,3.860465116,2.120481928,5.744186047,9.744939271,0,185.77,0.56,0.55,0.37,0.622,0.32,72.966
01606500,0.03199,1134.42,0.67,1.03,38.94,-41.68,184.27,2.3,10.41,2.28,13.43,107.29,1.145104107,1.393173208,87.3255814,0.12,3.86,4.139534884,2.129213483,5.558139535,14.80753138,0,789.39,0.58,0.52,0.33,0.637,0.44,74.57
01608500,0.028142,3072.33,0.81,1.44,39.88,-35.42,172.15,2.24,10.81,2.18,16.91,103.04,0.917927412,1.394205804,89.48837209,0.08,3.13,4.418604651,2.373684211,4.88372093,18.36190476,0,1423.46,0.59,0.54,0.35,0.657,0.4,75.134
01610000,0.02234,6624.08,0.82,1.28,39.17,-31.57,191.28,2.28,10.97,1.71,22.64,103.3,1.067102197,1.26310713,81.18604651,0.15,3.52,3.23255814,2.071942446,5.511627907,11.1814346,0,3515.41,0.54,0.49,0.29,0.783,0.53,75.989
01611500,0.017369,1387.5,0.79,1.53,39.12,-30.7,131.47,1.9,11.2,1.4,24.94,107.97,0.825360845,1.510031981,81.21428571,0.09,2.91,5.452380952,2.755458515,5.857142857,16.37398374,0,590.13,0.61,0.57,0.36,0.704,0.45,76.69
01613050,0.015495,26.46,0.94,1.23,36.35,-26.86,140.66,3,10.43,0.12,55.83,109.94,1.192804433,2.032231532,77.88095238,0.01,4.74,7.619047619,2.9625,7.952380952,16.58383234,3.14863103,13.7,0.68,0.57,0.35,0.644,0.38,69.148
01620500,0.005435,20.24,0.33,1.1,45.51,-37.87,169.9,1.48,9.96,1.05,10.29,124.84,1.151512894,1.763201834,87.60465116,0.03,4.032,6.255813953,2.643122677,4.186046512,29.54444444,0.019102197,28.79,0.67,0.59,0.4,0.668,0.27,72.292
01628500,0.012613,1472.25,0.52,1.96,48.46,-20.94,167.61,2.14,11.74,2.85,277.84,118.15,0.95119296,0.996064916,89.83333333,0.19,2.9,3.071428571,1.984496124,1.785714286,11.36,0,1092.09,0.51,0.52,0.35,0.724,0.32,69.757
01631000,0.01223,2145.61,0.51,1.6,47.45,-21.4,161.4,2,11.44,2.82,229.07,121.21,0.951751035,0.993980259,90.53488372,0.21,2.85,2.372093023,2.107843137,1.558139535,8.552238806,0,1648.54,0.5,0.52,0.34,0.751,0.32,70.322
01632000,0.020829,269.34,0.49,1.27,42.95,-32.72,137.78,1.83,10.94,1.75,40.76,107.8,0.921430755,2.012751206,88.76744186,0.01,3.42,8.302325581,3.042016807,6.372093023,22.72627737,0.783190067,205.88,0.72,0.63,0.44,0.574,0.26,73.802
01632900,0.006462,100.59,0.41,1.8,45.25,-13.4,136.97,1.78,11.93,4.77,171.77,109.52,0.74953327,1.094024016,90.60465116,0.13,2.27,4,1.889534884,2.906976744,10.8,0,75.45,0.54,0.55,0.38,0.525,0.31,70.899
01634000,0.00917,874.55,0.44,1.77,43.72,-19.78,132.56,1.88,11.38,4.19,249.07,107.13,0.771226998,1.216365275,92.02325581,0.12,2.5,4.139534884,2.280898876,5.441860465,8.688034188,0,630.55,0.56,0.55,0.36,0.608,0.34,76.816
01634500,0.020915,228.07,0.86,1.5,42.76,-25.16,127.2,2.03,10.89,2.47,83.48,108.86,0.966219675,1.464758194,87.11627907,0.08,3.28,6.279069767,2.322222222,9.069767442,11.72307692,0,104.68,0.64,0.61,0.42,0.545,0.34,73.17
01638480,0.006112,206.16,0.88,1.31,49.45,-22.92,185.83,4.46,12.17,2.96,108.67,134.19,1.029217447,1.497438164,86.06976744,0.04,3.418,6.23255814,2.067164179,7.627906977,13.55792683,0.694046482,98.2,0.65,0.59,0.42,0.445,0.3,69.922
01639500,0.005063,205.43,0.77,1.07,52.08,-8,209.03,2.35,12.04,2.84,188.68,136.94,1.095160777,1.029270903,80.69767442,0.17,3.23,5.348837209,1.343478261,4.186046512,8.088888889,0.044571792,119.86,0.53,0.53,0.39,0.452,0.32,58.892
01643000,0.006818,1781.93,0.84,1.12,48.65,-13.27,190.34,2.56,12.19,2.91,261.98,135.75,1.177253104,1.254756088,79.8372093,0.12,3.89,6.674418605,1.634146341,6.139534884,12.23484848,0,1017.68,0.59,0.55,0.38,0.599,0.36,60.744
01644000,0.008821,713.08,0.83,1.14,39.28,-24.49,147.17,4.18,11.99,3.37,86.03,135.92,0.963956065,1.600829628,87.25581395,0.03,3.27,5.697674419,1.983673469,7.372093023,13.85804416,0.88506845,338.8,0.62,0.53,0.36,0.569,0.37,69.305
01649500,0.006294,155.7,0.8,1.02,47.07,-11.66,188.42,3.64,12.32,3.86,239.4,154.7,1.169877109,0.965935644,82.41860465,0.15,4.188,11.18604651,1.351351351,9.813953488,5.931279621,0,93,0.62,0.65,0.49,0.34,0.14,67.22
01658500,0.007292,20.57,0.87,1.43,27.88,-18,103.72,3.78,11.66,1,116.43,154.52,0.744411334,1.53075751,80.11627907,0.01,2.58,11.27906977,1.560824742,10.34883721,11.4988764,1.833810888,7.22,0.7,0.65,0.5,0.295,0.24,61.39
01663500,0.003203,284.1,0.38,1.38,47.5,-27.54,183.4,1.89,11.58,4.04,139.83,144.52,1.114691992,1.205878814,86.875,0.08,3.22,3.0625,1.551020408,5.65625,11.59668508,0.025667351,336.55,0.54,0.47,0.33,0.579,0.34,68.296
01664000,0.004957,932.08,0.58,1.38,45.75,-24.63,172.5,2.51,11.8,3.5,143.33,142.56,1.094285259,1.260156358,77.69767442,0.06,3.34,3.976744186,1.684210526,5.511627907,13.1814346,0,717.51,0.57,0.49,0.34,0.636,0.33,68.063
01666500,0.008004,277.37,0.59,1.31,48.51,-24.78,207.25,3.15,12.09,3.31,298.82,149.02,1.196695957,0.987435089,85.30232558,0.15,3.2,3.069767442,1.522727273,4.627906977,9.40201005,0,229.17,0.52,0.5,0.38,0.524,0.21,63.071
01667500,0.008467,709.84,0.59,1.18,46.87,-21.34,198.91,3.53,12.2,3.09,402.31,151.64,1.154454632,1.119347116,84.60465116,0.12,3.326,3.860465116,1.530120482,4.906976744,12.04739336,0.038204394,571.92,0.54,0.5,0.36,0.581,0.25,63.602
01668000,0.005913,2705.68,0.65,1.29,45.13,-17.71,175.86,3.14,12.23,3.05,290.31,147.66,1.02869914,1.236485865,83.97674419,0.08,3.268,5.209302326,1.65625,5.651162791,12.61728395,0,1738.32,0.58,0.53,0.37,0.654,0.31,64.412
01669000,0.004529,64.03,0.84,1.27,51.84,-2.68,182.82,4.42,15.86,0.18,604.57,186.63,0.980774912,1.074164591,78.06976744,0.08,2.83,2.162790698,1.688172043,4.441860465,11.18324607,0.343839542,30.54,0.51,0.43,0.3,0.685,0.28,55.98
01669520,0.002544,243.69,0.86,1.08,52.99,-2.83,187.17,4.77,15.04,1,845.68,190.02,1.018485007,1.32499922,79.19047619,0.03,2.92,1.261904762,2.830188679,4.619047619,16.35051546,1.584093872,118.08,0.54,0.41,0.26,0.864,0.31,52.813
01672500,0.006069,878.2,0.86,1.27,43.23,-8.33,149.9,4.39,13.55,3.58,1265.22,169.76,0.834122747,1.25374023,68,0.06,3.06,4.25,2.745098039,5.611111111,12.81188119,0,349.03,0.58,0.53,0.36,0.841,0.4,56.471
01674500,0.003823,1378.64,0.88,1.81,43.52,-9.46,151.45,4.13,13.34,1.18,1002.25,173.2,0.825498886,1.365057757,71.41860465,0.05,2.79,1.11627907,3.895833333,4.720930233,16.55665025,0.299267749,526.89,0.55,0.42,0.23,0.957,0.54,61.841
02011400,0.00299,127.09,0.31,1.27,40.41,-34.84,190.03,2.23,11.49,0.88,16.79,121.74,0.996983763,1.327446157,80.48837209,0.13,3.3,4.860465116,2.014354067,5.255813953,12.7079646,0,167.21,0.57,0.53,0.34,0.641,0.46,74.301
02011460,0.00582,75.6,0.32,1.12,39.87,-41.33,208.67,1.95,10.92,0.38,11.93,123.39,0.927833174,1.692709993,79.69767442,0.04,3.196,6.651162791,1.867132867,6.88372093,16.59121622,0,89.44,0.63,0.54,0.35,0.525,0.42,65.848
02013000,0.029523,411.2,0.97,1.91,44.32,-43.46,167.61,2.06,10.94,2.96,13.91,115.52,1.000606813,1.603148648,76.72093023,0.09,3.56,7.790697674,2.295522388,6.186046512,19.26691729,0,174.42,0.65,0.61,0.41,0.561,0.41,70.589
02014000,0.042414,421.56,1.06,1.37,45.89,-35.71,203.31,2.07,10.57,3.88,14.62,115.94,1.107663165,1.375428527,80.41860465,0.15,3.58,4.76744186,2.156097561,6.11627907,12.23574144,0,179.88,0.58,0.55,0.36,0.675,0.43,72.495
02015700,0.007023,88.28,0.31,1.11,40.48,-27.57,183.53,2.19,10.75,0.69,16.86,115.53,1.344676218,1.076142117,79.8372093,0.28,4.08,4.88372093,1.719047619,1.744186047,6.373333333,0,157.19,0.53,0.56,0.38,0.542,0.37,73.039
02016000,0.017559,692.53,0.58,1.75,41.41,-30.62,168.82,2.3,10.76,0.54,21.31,123.07,1.155808978,1.281101795,86.44186047,0.17,3.91,6.488372093,1.967741935,5.023255814,14.83333333,0,564.5,0.59,0.58,0.39,0.633,0.38,68.717
02017500,0.033224,292.56,1.08,1.38,48.09,-32.15,197.47,2.17,10.73,3.99,27.75,114.86,1.219053805,1.774756288,78.81395349,0.1,4.258,5.11627907,2.35,6.395348837,17.30545455,0,135.39,0.61,0.52,0.31,0.706,0.5,70.896
02018000,0.030847,894.74,1.05,1.19,48.03,-31.65,190.27,2.3,10.65,3.5,22.76,115.9,1.165789239,1.547666229,85.18604651,0.12,4.08,5.720930233,2.170731707,5.418604651,17.81545064,0,405.3,0.61,0.56,0.36,0.68,0.42,69.834
02027000,0.047708,236.23,0.98,1.47,51.91,-40.31,236.33,1.93,10.61,0.93,53.36,166.43,1.651970073,1.201556827,83.25581395,0.15,5.1,3.209302326,1.804347826,5.488372093,12.46186441,0,162.89,0.54,0.47,0.32,0.651,0.33,57.192
02027500,0.044292,125.08,0.98,1.22,49.57,-37.14,245.22,1.31,10.44,0.13,32.81,164.29,1.818131805,1.199301258,90.6744186,0.14,5.38,2.348837209,1.920792079,5.325581395,12.82532751,0,94.96,0.54,0.46,0.31,0.642,0.3,57.567
02028500,0.036816,261.3,1.06,2.14,51.94,-42.89,205.11,2.08,10.76,1.23,25.78,151.91,1.45527539,1.185474624,83.13953488,0.11,4.72,4.023255814,1.791907514,4.976744186,14.13551402,0.273798153,146.43,0.56,0.49,0.34,0.667,0.32,59.779
02030500,0.008148,554.72,0.94,1.36,51.67,-10.68,183.11,4.43,13.15,4.94,1274.59,168.7,0.841091105,0.953994788,93.87878788,0.1,2.58,5.939393939,1.647959184,4.393939394,9.820689655,0.099568536,203.88,0.57,0.59,0.46,0.595,0.27,55.092
02038850,0.005548,21.63,0.9,1.28,52.82,-9.88,190.03,3.69,11.97,5,579.55,173.26,0.787816619,0.891486579,90.69767442,0.1,2.13,5.279069767,1.431718062,3.953488372,9.6,0.146450175,7.66,0.54,0.58,0.47,0.389,0.22,55.553
02046000,0.003696,254.36,0.87,1.35,41.46,-7.3,138.12,4.27,14.11,5.13,3295.36,201.23,0.792452085,1.637585122,86.25581395,0.02,2.89,7,2.382059801,6.953488372,16.67558528,1.095192614,94.81,0.67,0.58,0.41,0.651,0.31,56.412
02051000,0.00469,123.66,0.85,1.63,41.96,-6.89,128.38,5.01,13.55,4.78,1130.45,194.77,0.772808344,1.393173208,81.21428571,0.03,2.73,11.42857143,1.558333333,9.595238095,11.73200993,0.645371578,45.79,0.69,0.66,0.51,0.365,0.19,49.35
02051500,0.006923,1323.16,0.92,1.04,39.86,-12.14,121.24,3.86,12.68,5.21,445.82,202.16,0.814797914,1.227632101,77.66666667,0.06,2.72,6.785714286,1.964912281,6.595238095,12.71841155,0.039113429,476.61,0.62,0.59,0.43,0.735,0.32,56.226
02053200,0.000294,408.64,0.7,2.08,34.27,-4.26,125,5.79,14.91,1.66,1605.71,225.5,0.893221904,2.442969618,88.51162791,0.01,3.63,5.209302326,6.477678571,7.255813953,20.83012821,0.986946832,213.94,0.71,0.58,0.35,0.922,0.28,46.846
02053800,0.017294,267.14,0.93,1.63,50.52,-38.94,211.15,3.01,11.35,5.32,52.07,138.69,1.010911175,1.055923168,82.46511628,0.18,2.92,3.627906977,1.737179487,3.488372093,8.52,0,118.78,0.52,0.54,0.38,0.602,0.3,73.236
02055000,0.019919,923.74,0.93,1.52,51.08,-28.04,193.56,2.87,11.08,6.1,75.24,128.66,0.921139764,1.138374588,83.53488372,0.14,2.866,4.372093023,1.978723404,4.860465116,8.650717703,0,375.36,0.55,0.56,0.38,0.641,0.33,73.818
02055100,0.012924,39.46,1.19,1.23,49.79,-20.76,167.86,3.22,11.54,9.46,407.01,134.35,0.952056063,1.109990082,86.38095238,0.14,2.64,3.714285714,1.564102564,3.761904762,11.15822785,0,12.99,0.53,0.52,0.37,0.32,0.2,69.718
02056900,0.017344,325.19,1.09,1.28,50.67,-30.61,189.74,3.28,11.32,4.69,126.31,150.33,1.097080548,0.872924298,91.18604651,0.2,2.868,3.255813953,1.464285714,2.674418605,7.92173913,0,134.39,0.48,0.51,0.39,0.557,0.24,72.017
02058400,0.011577,925.08,1.02,1.37,51.79,-22.31,189.15,3.42,11.76,5.65,143.65,172.03,1.035979624,0.711410675,79.30232558,0.25,2.45,3.348837209,1.409722222,1.534883721,6.878787879,0,385.34,0.45,0.55,0.45,0.442,0.18,61.035
02059500,0.021989,547.55,1.12,1.02,53.91,-28.1,178.99,3.4,11.85,4.4,164.28,152.36,0.932410697,0.878027228,79.41860465,0.17,2.6,3.860465116,1.560240964,2.627906977,8.796460177,0,185.58,0.52,0.57,0.45,0.41,0.2,69.922
02064000,0.011102,399.03,0.93,1.74,54.06,-12.68,177.56,4.23,12.52,4.24,450.28,173.96,0.894321491,0.912212108,93.56097561,0.15,2.49,5.390243902,1.429864253,3.268292683,8.73880597,0,156.8,0.54,0.59,0.46,0.425,0.18,51.39
02065500,0.007749,251.63,1,1.38,49.75,-11.62,144.08,3.93,12.77,4.43,650.43,178.41,0.906960204,0.797701317,73.90697674,0.17,2.28,3.558139535,1.725490196,2.302325581,9.303030303,0.095510984,93.67,0.5,0.55,0.44,0.563,0.24,53.058
02069700,0.01249,191.35,0.84,2.55,55.78,-21.33,242.25,2.93,11.74,4.82,88.26,186.22,1.331523719,0.693158962,89.1627907,0.41,3.19,1.976744186,1.270588235,0.534883721,5.086956522,0,124.75,0.39,0.46,0.35,0.528,0.25,81.437
02070000,0.009733,242.48,0.87,1.29,52.83,-18.34,214.87,3.64,11.9,5.46,119.56,179.98,1.156979306,0.592990349,85.65116279,0.36,2.65,2.88372093,1.306451613,0.604651163,8.423076923,0,132.29,0.41,0.53,0.44,0.447,0.17,71.911
02074500,0.010932,295.47,1.02,1.02,51.76,-16.04,179.01,3.16,12.08,5.71,190.2,181.65,0.944124801,0.615040623,77.86046512,0.22,2.26,4.534883721,1.358974359,1.302325581,7.982142857,0,111.49,0.48,0.6,0.51,0.358,0.18,58.436
02077200,0.004036,86.73,0.69,1.57,33.67,-22.02,101.05,3.55,13.31,4.92,244.08,211.04,0.899866921,1.929763932,87.18604651,0,3.266,11.13953488,2.173277662,8.76744186,16.48541114,6.755810252,46.2,0.75,0.68,0.52,0.335,0.22,46.853
02081500,0.011508,422.3,0.98,1.33,29.56,-11.92,88.45,3.68,12.85,7.57,415.84,214.51,0.845987265,2.058260443,77.34883721,0.01,3.48,13.76744186,2.398648649,9.302325581,17.5425,4.208850684,149.66,0.77,0.7,0.52,0.511,0.26,51.978
02082950,0.003284,392.86,0.85,1.12,40.09,-8.68,125.78,3.71,12.99,6.21,391.1,221.4,0.813349252,1.491207305,81.1627907,0.03,2.938,6.674418605,2.37630662,7.76744186,14.06586826,0.674944285,153.45,0.66,0.6,0.43,0.751,0.26,52.616
02083500,0.005593,5251.49,0.91,1,37.17,-8.26,124.61,3.91,13.23,5.39,647.16,225.47,0.890134848,1.49954552,75.425,0.07,3.2,1.85,5.905405405,5.475,16.88584475,0,2096.17,0.59,0.51,0.3,0.966,0.4,55.856
02092500,0.00039,281.96,0.62,1.38,39.04,-3.55,166.76,5.08,13.62,4.23,680.21,267.31,1.053538364,1.721823406,100.1627907,0.02,3.7,3.744186047,5.329192547,6.720930233,18.79584775,0.624005094,195.76,0.68,0.6,0.41,0.835,0.06,12.006
02096846,0.008319,18.03,0.92,1.45,30.47,-9.22,103.35,4.54,12.16,6.54,529.1,222.44,0.750551619,2.394092344,70.79411765,0,2.74,14.5,2.288032454,10.76470588,16.30327869,9.566757932,6.02,0.79,0.72,0.55,0.337,0.26,53.205
02102000,0.007876,3773.61,1.01,1.02,34.24,-11.47,119.31,4.59,13.08,6.15,671.96,230.58,0.870527221,1.5511617,83.18604651,0.05,3.78,9.674418605,2.677884615,12.37209302,10.34210526,0,1330.46,0.7,0.65,0.45,0.788,0.33,50.331
02102908,0.003706,13.49,0.68,1.15,59.18,-15.42,294.21,4.65,11.96,2,79.07,255.62,1.37435148,0.587938351,76.46511628,0.48,3.13,1,1.255813953,0.465116279,3.5,0,11.15,0.34,0.42,0.32,0.542,0.18,26.009
02108000,0,2.65,2.43,1.12,42.89,-3.28,206.29,4,13.07,2,260,276.04,1.092750505,1.487604664,93.0952381,0.05,3.59,1.69047619,5.408450704,5.928571429,15.52208835,0.026077319,699.5,0.6,0.5,0.32,0.942,0.18,30.722
02111180,0.022547,125.07,0.96,1.21,60.02,-31.42,399.86,3.31,10.91,6.33,15.92,210.22,1.753258149,0.808783858,86.0952381,0.38,4.541,3.19047619,1.492537313,1.880952381,8,0,93.84,0.46,0.5,0.38,0.527,0.21,78.424
02111500,0.014705,171.37,0.73,1.16,64.3,-44.79,394.95,3.36,11.03,9.05,37.04,199.29,1.472392869,0.693768383,86.41860465,0.44,3.37,1.88372093,1.185185185,0.348837209,8.6,0,140.32,0.38,0.44,0.33,0.52,0.25,80.831
02112120,0.012819,269.14,0.82,1.03,66.59,-40.45,373.64,2.54,10.93,4.48,53.36,189.68,1.31220728,0.693158962,86.32352941,0.37,3.03,2.088235294,1.183098592,0.823529412,6.392857143,0,176.52,0.39,0.44,0.34,0.495,0.26,81.541
02112360,0.023925,240.75,1.16,1.06,65.82,-25.65,343.57,3,11.61,5.02,102.2,179.7,1.430385796,0.576296122,90.72727273,0.46,3.09,1.575757576,1.115384615,0.484848485,5.375,0,120.97,0.35,0.41,0.33,0.532,0.26,91.317
02116500,0.013856,5655.42,0.96,1.04,60.48,-25.99,284.28,3.48,11.75,6.89,136.97,190.64,1.239197329,0.6573561,82.63414634,0.37,3.06,1.658536585,1.411764706,0.853658537,5.085714286,0,2989.04,0.39,0.45,0.33,0.732,0.3,70.868
02118000,0.009483,747.63,0.94,1.03,60.59,-17.72,209.34,5.36,12.22,6.69,236.44,199.94,1.06686915,0.711410675,75.02325581,0.23,2.88,3.255813953,1.735714286,1.418604651,10.80327869,0,345.17,0.47,0.53,0.41,0.69,0.31,60.543
02118500,0.011333,424.42,1.06,1.03,63.96,-27,243.48,5.52,11.76,6.23,182.05,195.31,1.198067671,0.69332609,79.54761905,0.3,2.9,3.142857143,1.348484848,1.214285714,7,0,196.74,0.44,0.52,0.41,0.455,0.26,67.73
02125000,0.001696,76.63,0.53,1,35.08,-2.43,118.71,4.16,11.88,6.86,275.36,233.59,0.955099131,2.463373808,85.17241379,0,3.83,14.37931034,2.944844125,10.89655172,17.43037975,10.88557402,56.39,0.81,0.75,0.58,0.337,0.22,45.756
02126000,0.003952,2428.99,0.68,1.08,32.42,-6.84,107.8,3.92,12.61,7.47,372.56,237.11,0.891382362,1.418114774,81.6744186,0.06,3.66,12.11627907,2.30134357,13.53488372,9.768041237,0,1299.73,0.71,0.69,0.51,0.609,0.26,44.959
02128000,0.006002,266.58,0.98,1.09,32.67,-7.32,113.57,4.66,12.91,7,659.27,228.46,0.932913299,1.445821984,88.66666667,0.03,3.2,10.26190476,1.631090487,9.214285714,12.21963824,1.219035202,103.95,0.69,0.66,0.52,0.398,0.21,54.381
02135000,0.001678,4636.96,0.64,1.29,59.37,-4.35,233.14,4.01,13.61,3.29,493.01,267.23,0.912058097,1.115081168,78.95121951,0.12,2.58,0.463414634,5.789473684,2.56097561,19.81904762,0,2707.99,0.49,0.41,0.25,0.984,0.43,38.13
02137727,0.029591,305.5,0.93,1.01,54.88,-45.46,369.33,3.32,10.48,7.18,20.37,211.84,1.853611589,0.730882709,82.6744186,0.47,4.52,2.139534884,1.315217391,1.372093023,5.779661017,0,249.08,0.42,0.46,0.35,0.549,0.18,63.254
02138500,0.014177,142.48,0.81,1.05,57.34,-50.76,441.69,3.69,10.81,4,20.36,270.5,2.277281757,0.834008279,88.51162791,0.42,5.938,3.488372093,1.54,3.302325581,6.943661972,0,162.83,0.5,0.54,0.43,0.428,0.15,61.379
02140991,0.023725,542.88,1.04,1.02,57.42,-43.49,409,3.39,10.8,6.18,44.78,221.81,1.839826356,0.781226793,83.84210526,0.44,4.503,2.526315789,1.458333333,1.315789474,6.42,0,392.46,0.44,0.48,0.37,0.563,0.17,71.406
02143000,0.01009,211.1,0.95,1.34,57.82,-40.16,318.48,3.77,11.28,8.75,108.88,228.69,1.431315505,0.777608654,75.88372093,0.31,3.56,3.093023256,1.270676692,3.186046512,4.642335766,0,129.72,0.45,0.5,0.39,0.453,0.26,62.39
02143040,0.013125,76.95,1.13,2.18,58.11,-44.59,314.99,3.6,10.27,8.37,65.59,243.59,1.657246737,0.876153856,75.79069767,0.3,4.64,4.348837209,1.262032086,3.046511628,8.328244275,0,46.07,0.49,0.51,0.38,0.464,0.25,59.956
02143500,0.0021,85.73,0.47,1.26,54.83,-12.05,252.68,4.17,12.41,8.94,254.02,225.51,1.074746259,0.97343449,73.95348837,0.13,2.95,5.372093023,1.54978355,4.325581395,9.252688172,0.019102197,80.14,0.54,0.56,0.44,0.497,0.31,52.732
02149000,0.020769,191.63,0.94,1.25,52.28,-46.59,323.27,3.51,11.07,8,29.11,220.19,1.609297039,0.683787995,81.74418605,0.42,3.87,2.093023256,1.166666667,0.860465116,6.675675676,0,134.66,0.4,0.45,0.35,0.58,0.23,67.265
02152100,0.016144,146.8,0.94,1.77,57.73,-48.11,305.74,3.79,11.02,8.92,81.74,246.16,1.30716205,0.730769409,78.25581395,0.3,3.31,3.255813953,1.3,1.930232558,6.120481928,0,83.68,0.45,0.51,0.4,0.429,0.25,65.868
02156500,0.00935,4536.9,0.63,1.11,54.24,-19.6,278.53,4.48,11.98,6.46,185.1,246.24,1.153358166,0.751799759,71.55813953,0.25,2.98,1.790697674,1.792207792,4.465116279,3.609375,0,3394.24,0.43,0.45,0.34,0.767,0.39,55.89
02165000,0.008029,528.11,0.86,1.4,58.39,-13.37,316.14,5.5,12.35,5.57,156.13,254.18,1.410972619,0.662106387,68.39130435,0.3,3.7505,1.47826087,1.588235294,5.695652174,2.740458015,0,353.15,0.42,0.45,0.33,0.717,0.4,53.64
02177000,0.023183,478.8,0.91,1.25,66.7,-46.54,831.26,4.69,10.91,4.26,20.64,359.62,2.951153136,0.803319443,80.06976744,0.74,6.87,0.604651163,1.115384615,0.953488372,7.219512195,0,635.44,0.38,0.33,0.22,0.7,0.38,61.65
02178400,0.036319,138.77,0.91,1.48,64.63,-54.45,736.09,4.43,10.31,4.12,14.21,372.73,2.889905762,0.768192371,77.86046512,0.74,6.88,1.162790698,1.2,0.813953488,7.257142857,0,179.67,0.39,0.38,0.27,0.69,0.45,63.817
02192000,0.005778,3080.68,0.84,1.09,58.38,-17.67,290.8,5.5,12.35,6.93,165.37,260.57,1.043977077,0.865325179,75.44186047,0.142,2.96,3.255813953,1.907142857,2.465116279,14.67924528,0,1569.54,0.5,0.5,0.38,0.773,0.41,51.772
02193340,0.003113,73.88,0.82,1.1,48.8,-15.98,182.58,4.34,12.42,6.75,288.69,254.57,0.633927295,1.411637104,85.11111111,0.01,1.83,9.111111111,1.759146341,8.944444444,13.13043478,4.038329911,23.4,0.72,0.69,0.57,0.313,0.24,47.749
02196000,0.003947,1137.44,0.81,1.01,47.67,-10.6,141.05,4.47,12.54,7.53,351.42,254.77,0.574579581,2.118090922,79.68421053,0.01,2.22,12.21052632,2.905172414,10.10526316,17.49739583,3.559334246,330.9,0.79,0.74,0.57,0.606,0.29,47.526
02198100,0.003046,65.67,0.83,1.09,66.02,-7.75,225.04,5,12.54,5.04,160.7,289.58,0.750067338,1.18821353,66.83783784,0.09,2.84,8.405405405,3.533762058,9.216216216,13.34017595,0,24.44,0.69,0.71,0.52,0.573,0.29,54.327
02202500,0.003663,5307.05,0.77,1.26,55.44,-8.65,178,4.62,12.82,4.99,271.77,287.59,0.69483986,1.53075751,70.13953488,0.06,2.37,1.069767442,8.956521739,2.720930233,30.95726496,0,1961.63,0.57,0.47,0.26,0.981,0.6,61.831
02202600,0.00034,352.65,0.59,1.4,42.95,-3.99,125.01,4.76,13.42,2.1,229.33,326.77,0.679360713,3.2702462,83.48837209,0,3.288,5.558139535,8.887029289,6.558139535,27.67375887,14.15472779,166.23,0.78,0.66,0.42,0.873,0.27,54.551
02212600,0.005377,165.51,0.87,1.13,46.36,-15.48,178.78,5.8,13.21,7.6,257.28,271.02,0.699428208,1.79110487,74.13953488,0,2.66,9.88372093,2.522352941,8.604651163,16.79189189,5.616045845,54.36,0.75,0.69,0.53,0.496,0.31,47.262
02215100,0.002599,303.92,0.71,1.41,52.43,-8.12,161.88,5.46,12.97,6.15,255.35,317.45,0.873588866,1.637585122,74.22222222,0.03,3.396,5.75,3.84057971,7.166666667,17.01550388,0.646436991,152.01,0.68,0.6,0.4,0.77,0.42,53.58
02216180,0.003818,120.49,0.94,1.12,40.56,-10.11,112.75,4.84,12.53,2.02,215.74,331.38,0.790770021,Inf,81.575,0,3.65,8.725,10.73638968,6.45,31.36046512,36.40657084,41.36,0.8,0.66,0.41,0.747,0.43,47.946
02217500,0.007159,905.12,0.89,1.37,59.09,-16.94,337.44,6.18,12.25,5.42,151.32,274.27,1.136667303,0.924805926,69,0.14,3.18,3.11627907,1.708955224,3.348837209,11.43055556,0,472.09,0.49,0.47,0.36,0.722,0.4,53.059
02221525,0.009509,432.23,0.88,1.08,49.7,-13.5,195.81,4.46,13.05,6.64,252.77,268.54,0.733404172,1.217273205,64.04761905,0.04,2.43,5.404761905,2.255506608,4.714285714,16.18686869,0.723598435,147.93,0.61,0.57,0.44,0.711,0.4,54.719
02228000,0.001373,3502.78,0.48,1.19,32.58,-4.77,91.08,6.32,13.48,1.99,257.54,378.35,0.677382999,2.036660176,85.41860465,0.02,2.89,2.325581395,15.36,3.720930233,39.325,0,2029.69,0.69,0.57,0.33,0.978,0.41,58.276
02231000,0.000218,459.35,0.23,1.18,33.95,-3.86,110.33,9.48,14.41,1.98,461.48,446.3,0.693488061,1.911227796,118.8139535,0.03,2.59,3.186046512,7.810218978,5.046511628,26.69585253,0,554.27,0.68,0.6,0.39,0.947,0.02,154.09
02231342,0,53.89,0.36,1,48.01,-3.04,175.92,6.51,14.53,0,205.28,567.43,0.714687042,2.273098566,196.2790698,0,3.05,5.465116279,6.523404255,6.953488372,22.09698997,14.65138491,44.3,0.73,0.61,0.39,0.898,0.41,247.118
02235200,0.000211,47.38,0.15,1.3,62.42,-5.91,100.13,4.43,13.94,0.48,123.78,501.15,0.436691404,1.34829264,127.5789474,0.04,1.49,0.789473684,9.933333333,2.210526316,32.10714286,0,55.55,0.57,0.48,0.27,0.987,0.23,297.376
02236000,0.000212,2315.02,0.29,1.12,49.09,-3.76,161.7,4.34,14.46,0.31,393.51,535.89,0.881723655,0.912212108,106.2093023,0.022,2.3,0,NA,11.27906977,3.206185567,0.203756765,2917.35,0.43,0.24,0.19,0.981,0.58,293.445
02245500,0.002017,178.44,0.5,1.26,41.42,-11.15,150.78,3.3,13.03,0,80.2,469.54,0.900717606,1.0461626,122.2093023,0.1,3.09,5,2.748837209,5.651162791,11.42798354,0,130.17,0.6,0.61,0.44,0.723,0.1,235.175
02246000,0.002262,221.07,0.48,1.06,33.97,-8.31,126.34,5.61,13.4,0.71,269.65,458.55,0.907725565,1.227632101,143.7906977,0.07,3.14,4.697674419,3.415841584,6.76744186,12.25429553,0,171.85,0.64,0.63,0.47,0.755,0.09,241.897
02296500,0.00024,416.53,0.49,1.6,48.65,-4.78,132.45,5.67,14.07,0.48,153.85,552.99,0.734010188,2.529189716,205.6046512,0.01,3.3,4.046511628,13.3908046,4.860465116,36.42105263,1.776504298,255.51,0.74,0.63,0.38,0.947,0.4,243.621
02296750,0.000415,1276.64,0.37,1.13,47.46,-5.94,135.52,5.49,13.83,1.2,129.05,543.42,0.671122572,1.584481046,173.9302326,0.04,2.64,1.697674419,11.73972603,4.395348837,25.39153439,0.044571792,942.15,0.64,0.55,0.32,0.971,0.44,247.906
02297155,0.000209,47.86,0.45,1.33,36.57,-3.45,124.29,5.45,14.35,0.91,114.86,549.39,0.745696219,2.260504749,188.4761905,0,3.161,6.952380952,7.188356164,7.404761905,23.21864952,8.285528031,32.59,0.75,0.63,0.4,0.789,0.39,235.694
02297310,8.3e-05,239.99,0.42,1.35,34.8,-3.62,112.26,5.5,14.24,0.29,149.45,563.45,0.765608681,2.182300919,196.2439024,0.01,3.22,4.707317073,10.20725389,5.146341463,33.14691943,2.89148581,179.06,0.74,0.64,0.41,0.879,0.39,240.404
02298123,0,194.51,0.33,1.09,44.02,-2.28,119.12,6.63,15.08,0,454.47,563.25,0.926682585,1.893102957,192.2790698,0.03,4.09,3.488372093,11.96666667,5.604651163,25.50207469,0.630372493,224.73,0.69,0.57,0.32,0.96,0.56,233.299
02298608,0.000118,170.15,0.54,1.4,28.53,-4.31,101.69,5.13,14.05,0,119.08,574.25,1.238884432,1.904208879,188.1627907,0.02,5.04,5.720930233,7.43902439,6.302325581,25.30627306,2.050302451,159.3,0.73,0.63,0.41,0.849,0.39,232.271
02299950,0.000416,96.22,0.53,1.16,30.18,-4.3,110.87,5.17,13.97,0.57,97.15,559.3,1.086314211,1.49954552,182.6428571,0.05,4.98,9.785714286,4.116788321,10.47619048,15,0.039113429,80.9,0.73,0.69,0.48,0.662,0.35,226.142
02300700,0,46.62,0.56,1.16,35.74,-7.19,130.42,5.12,13.21,2,87.37,548.87,1.257071708,0.93087971,158.3809524,0.11,4.38,6.19047619,2.842307692,7.476190476,10.27070064,0.35202086,42.81,0.66,0.68,0.54,0.694,0.21,235.093
02310947,0,245.92,0.49,1.16,45.64,-2.57,105.02,6.62,15.02,1.33,376.51,515.96,0.582732725,3.648848432,200.1904762,0,2.89,2.80952381,23.05932203,3.071428571,61.45736434,25.66492829,120,0.77,0.63,0.37,0.987,0.29,267.926
02312200,0,69.14,0.19,1.46,54.24,-3.36,95.9,5.16,14.35,1.3,225.65,514.22,0.420227953,2.622125534,165.4418605,0,2.058,2.162790698,28.39784946,3.488372093,53.57333333,17.88602356,62.83,0.76,0.63,0.38,0.988,0.22,270.683
02314500,0,971.54,0.33,1.35,33.54,-2.89,93.74,7.97,14.88,1.54,522.4,416.66,0.651686724,2.118090922,107.4651163,0.01,2.63,1.209302326,21.88461538,2.697674419,52.10344828,2.534224769,781.48,0.67,0.53,0.28,0.995,0.32,68.303
02315500,5.1e-05,1562.69,0.27,1.64,35.28,-3.62,98.9,8.5,14.64,1.74,450.72,427.55,0.631110474,2.008357066,110.627907,0.01,2.7,1.046511628,25.44444444,2.837209302,47.72131148,1.973893664,1517.48,0.67,0.55,0.31,0.992,0.31,77.65
02324400,0.000326,30.66,0.17,1.11,55.31,-2.33,164.31,16.39,14.53,3.97,611.96,507.61,0.588006367,2.769132886,125.7674419,0.01,2.55,2.976744186,15.2890625,3.697674419,45.13836478,0.986946832,42.69,0.71,0.57,0.3,0.965,0.12,139.095
02327100,0,62.24,0.21,1.64,45.77,-3.19,253.4,7.35,14.15,1.54,253.17,531.6,1.444514486,2.891643968,118.9069767,0.02,6.048,6.23255814,6.947761194,6.744186047,25.08965517,0.101878383,175.41,0.73,0.6,0.36,0.883,0.05,106.97
02329000,0.003942,2430.17,0.82,1.18,44.48,-7.96,165.69,6.41,13.01,6.41,138.34,457.43,0.825854187,1.723914024,79.04651163,0.04,3.08,2.279069767,8.581632653,4.395348837,27.06349206,0,998.75,0.65,0.55,0.34,0.947,0.4,65.474
02339500,0.009062,6906.9,0.75,1.07,54.57,-18.35,357.07,5.73,12.28,6.25,147.41,305.93,1.358532595,0.903167097,79.57142857,0.21,3.55,0.285714286,2.416666667,27.26190476,1.797379913,0,5094.31,0.43,0.32,0.21,0.836,0.37,56.901
02342933,0.003191,372.93,1.28,1.22,45.31,-15.86,202.72,5.26,12.78,3.82,51.8,395.99,0.922222222,2.064367386,81.96774194,0.01,3.2295,12.41935484,2.301298701,10.35483871,15.74766355,0.936230348,109.69,0.76,0.71,0.54,0.439,0.26,58.62
02347500,0.00655,4117.54,0.86,1.26,48.39,-14.22,221.14,5.61,12.78,7.68,209.89,300.22,1.003760586,1.205878814,67.69767442,0.08,3.268,2.860465116,3.195121951,4.813953488,13.95169082,0,1967.87,0.57,0.53,0.37,0.861,0.44,57.392
02349500,0.006577,5880.82,0.86,1.09,50.46,-14.38,236.29,5.75,12.63,6.92,174.71,301.55,1.120580952,0.92530718,72.73913043,0.24,3.2105,1.086956522,3.16,1.391304348,9.0625,0,3125.75,0.47,0.49,0.31,0.915,0.48,62.441
02349900,0.001752,102.76,0.81,1.1,53.38,-6.74,177.48,5.99,13.11,5.75,260.6,323.76,0.741160777,1.746220387,67.02325581,0.05,2.71,7.395348837,3.229559748,7.23255814,18.07395498,0,38.29,0.68,0.63,0.43,0.646,0.36,55.319
02350900,0.004269,1108.08,0.81,1.45,58.35,-12.79,261.82,6.44,12.3,5.21,84.02,358.21,0.912214136,1.112307628,66.13157895,0.13,2.641,1,3.394736842,3.657894737,11.09352518,0,508.88,0.49,0.44,0.29,0.892,0.51,52.956
02361000,0.00676,1625.65,0.91,1.13,48.71,-17.06,227.44,5.19,12.49,6.66,78.21,438.99,1.138061764,1.119347116,71.69767442,0.14,3.29,2.023255814,2.632183908,4.255813953,12.09836066,0,827.51,0.53,0.49,0.33,0.797,0.38,58.82
02363000,0.004423,1370.21,1.06,1.02,44.26,-17.18,201.95,5.41,12.66,6.88,102.78,420.81,1.05073998,1.79549901,68.08333333,0.04,3.47,3.194444444,3.695652174,6.583333333,17.47257384,0,554.83,0.63,0.52,0.32,0.802,0.39,55.337
02365500,0.005032,8187.53,0.9,1.1,50.12,-12.22,255.84,5.81,12.64,7.01,104.69,461.14,1.367587549,0.998541011,75.97368421,0.26,4.1,0.789473684,4.8,1.868421053,11.42253521,0,5073.1,0.48,0.47,0.3,0.953,0.45,64.363
02369800,0.002528,162.17,0.7,1.14,54.39,-6.92,313.15,3.9,12.67,3.82,27.19,518.32,1.436371219,0.912212108,78.79069767,0.32,3.968,2.674418605,1.930434783,1.465116279,6.571428571,0,135.81,0.5,0.55,0.4,0.652,0.17,55.795
02371500,0.003348,1251.55,1,1.55,41.44,-13.33,191.01,4.7,12.55,8.3,96.22,438.13,1.126680038,1.621555157,70.60465116,0.07,3.966,2.720930233,4.299145299,5.88372093,17.52173913,0,579.29,0.61,0.51,0.3,0.907,0.49,58.941
02372250,0.002692,939.83,0.82,1.63,38.79,-12.27,178.7,3.74,12.71,6.87,34.87,452.81,1.148612544,1.459459867,68.74418605,0.08,3.946,2.534883721,3.990825688,6.372093023,14.27007299,0,537.44,0.6,0.52,0.32,0.87,0.45,59.187
02374500,0.004113,413.29,0.91,1.07,43,-10.69,209.41,4.15,12.42,5.22,35.4,501.88,1.424997135,0.706453818,70.6744186,0.36,3.818,1.511627907,1.738461538,0.976744186,7.071428571,0,266.03,0.42,0.47,0.34,0.692,0.37,57.725
02375500,0.003814,9373.12,0.94,1.01,45.03,-12.41,230.24,4.03,12.51,6.69,44.93,491.22,1.400227953,1.064651861,72.04651163,0.24,4.41,0.744186047,5.65625,3.302325581,8.978873239,0,5686.88,0.5,0.47,0.28,0.951,0.51,62.56
02381600,0.021525,11.15,1.08,1.1,63.84,-9.42,456.67,7.16,10.88,4.46,50.8,303.47,1.383509778,0.840503265,77.71428571,0.21,3.64,3.095238095,1.423076923,3.595238095,8.350993377,0,15.97,0.48,0.49,0.38,0.469,0.38,70.535
02383500,0.014267,2164.45,1,1.41,59.6,-17.57,398.13,6.13,11.61,6.28,116.32,305.92,1.577653693,1.006561832,77.11904762,0.36,4.45,0.380952381,2.0625,0.5,8.476190476,0,1389.6,0.44,0.39,0.21,0.876,0.62,65.231
02384540,0.04962,24.99,1.13,1.45,54.93,-37.19,412.83,4.75,9.51,5.31,23.46,347.19,2.036621772,1.221734956,63.89189189,0.12,6.724,6.189189189,1.615720524,8.162162162,9.619205298,0,18.49,0.59,0.53,0.38,0.532,0.39,51.324
02387000,0.014332,1855.98,1.04,1.19,49.96,-15.44,358.6,6.32,12.1,6.39,201.22,298.38,1.663113658,1.355024337,70.48837209,0.11,6.836,6.372093023,2.864963504,7.604651163,11.86850153,0,1211.75,0.62,0.56,0.37,0.851,0.48,51.402
02387500,0.01378,4219.22,1.02,1.17,54.93,-15.98,376.8,6.21,11.92,6.45,164.17,301.79,1.617457498,1.060655928,69.02325581,0.26,5.4,1,3.395348837,4.23255814,8.873626374,0,2744.67,0.5,0.45,0.27,0.909,0.6,57.998
02395120,0.006471,74.18,0.87,1.14,50.32,-6.81,297.11,6.2,12.17,8.39,327.83,293.95,1.263665712,0.981860311,68.1627907,0.22,3.724,5.488372093,1.648305085,4.76744186,6.107317073,0,44.07,0.55,0.6,0.44,0.494,0.37,56.025
02408540,0.007961,589.11,0.87,1.32,48.66,-24.15,252.58,5.45,11.92,4.32,80.76,347.82,1.44745304,1.244507613,71.11627907,0.11,4.49,5.046511628,1.686635945,5.558139535,12.52301255,0,402.86,0.58,0.54,0.38,0.516,0.42,62.322
02414500,0.0055,3514.4,0.81,1.09,50.68,-20.86,275.9,5.19,12.49,5.76,108.22,318.72,1.400419817,1.3511017,70.16666667,0.1,4.65,2.071428571,2.965517241,25.61904762,3.234200743,0,2482.56,0.55,0.44,0.27,0.8,0.48,59.148
02415000,0.004891,417.06,0.85,1.25,51.44,-19.06,267.42,5.56,12.1,4.87,91.55,339.03,1.506934938,1.247332442,73.73684211,0.09,4.751,4.921052632,1.56684492,5.710526316,13.61290323,0,302.77,0.58,0.52,0.38,0.514,0.43,64.091
02422500,0.007031,521.96,0.98,1.17,39.92,-13.12,206.24,4.96,12.15,5.29,129.87,384.18,1.143193168,1.043197423,68.52380952,0.2,3.4,4.976190476,1.56937799,2.952380952,9.427419355,0,281.48,0.53,0.55,0.38,0.546,0.46,62.103
02427250,0.002798,707.74,1.04,1.52,33.32,-11.2,149.94,4.09,12.56,9.14,60.29,475.63,1.219650507,1.32207576,64.79411765,0.1,4.8,9.441176471,2.373831776,9.235294118,12.52866242,0,337.66,0.69,0.68,0.51,0.676,0.33,53.586
02430085,0.004901,40.81,1.01,1.28,46.64,-8.14,274.79,6.25,12.69,4,281.61,372.53,1.632081486,1.280492374,58.07142857,0.18,5.43,8.214285714,1.501449275,7.047619048,10.55405405,0,27.04,0.6,0.59,0.43,0.488,0.38,52.647
02430615,0.002653,33.92,1.04,1.12,47.75,-6.38,277.52,5.78,12.37,4,162.08,373.46,1.388375468,0.967749627,61.13333333,0.198,3.62,4.833333333,1.393103448,4.233333333,8.94488189,0,18.42,0.53,0.56,0.44,0.457,0.31,52.672
02448000,0.001871,2212.43,1.11,2.04,31.68,-6.93,154.81,5.74,12.73,13.6,1203.11,389.77,1.292907797,1.899647197,66.2,0.07,6.04,8.425,5.483679525,8.35,19.35928144,0,1068.84,0.71,0.62,0.37,0.906,0.51,59.029
02450250,0.00996,252.02,1.04,1.54,33.61,-9.11,203.82,4.04,12.69,4,38.51,368.61,1.685951608,2.237211328,53.95348837,0.04,6.69,11.30232558,2.796296296,8.255813953,19.37183099,0,167.19,0.73,0.65,0.45,0.503,0.41,51.788
02456500,0.009513,2273.69,0.99,1.45,36.82,-10.21,224.56,4.58,12.21,5.41,139.78,343.67,1.572755174,1.901536708,60.58139535,0.07,5.908,7.023255814,2.701986755,7.488372093,17.08695652,0,1479.12,0.66,0.56,0.35,0.795,0.52,55.537
02464000,0.002356,386.26,0.66,1.48,34.71,-15.98,198.16,5.36,12.48,5.95,166.45,377.81,1.540761541,2.131871612,56.48837209,0.02,6.35,11.58139535,2.554216867,8.697674419,17.29411765,0.388411334,366.16,0.72,0.63,0.43,0.618,0.46,54.083
02464146,0.009825,14.25,0.91,1.46,36.35,-16.9,207.42,5.98,11.64,4.05,111.05,377.35,1.496883605,1.188970095,62.71428571,0.2,5.05,7.6,1.560150376,7.542857143,7.761363636,0,9.65,0.59,0.58,0.41,0.415,0.36,55.849
02464360,0.004465,109.74,0.73,1.05,38.13,-15.78,212.45,6.05,12.83,4.94,128.98,377.22,1.354149555,0.987435089,59.9375,0.21,4.4265,6.53125,1.540669856,4.96875,8.119496855,0,82.76,0.55,0.57,0.41,0.516,0.41,52.671
02465493,0.005068,71.03,0.82,1.32,40.47,-16.77,205.7,5.64,11.98,4.21,62.28,388.47,1.104381407,0.699687511,63.8372093,0.33,2.954,2.046511628,1.761363636,0.418604651,4.611111111,0,38.83,0.43,0.52,0.38,0.575,0.41,52.633
02469800,0.002986,421.98,1,1.53,35.06,-12.39,154.31,4.47,12.35,6.18,28.17,499.76,1.339094556,1.641709362,66.90697674,0.06,5.14,8.465116279,2.343406593,9.162790698,13.02284264,0,231.57,0.67,0.61,0.42,0.668,0.39,59.302
02472000,0.003141,2222.27,1.15,1.17,29.94,-8.36,138,5.1,12.69,7.11,548.87,469.94,1.392362451,1.445821984,63.23809524,0.12,5.9305,7.571428571,3.965408805,7.666666667,15.74534161,0,1096.6,0.68,0.64,0.42,0.858,0.47,56.994
02472500,0.003212,840.6,1.07,1.26,36.35,-9.31,184.91,4.93,12.41,8.17,285.79,520.21,1.344960887,0.691273512,66.33333333,0.35,4.28,4.69047619,2.279187817,0.119047619,5.4,0,433.42,0.52,0.65,0.49,0.755,0.34,57.264
02475000,0.003315,10045.33,1.11,1.57,33.17,-8.81,163.37,5.17,12.63,6.39,372.89,509.13,1.442648631,1.271545418,67.04761905,0.21,5.42,2.571428571,5.212962963,4.333333333,13.14835165,0,5349.29,0.57,0.53,0.3,0.947,0.59,60.571
02475500,0.003858,1114.61,1.15,1.01,30.49,-7.87,138.36,6.5,12.8,7.7,309.51,427.04,1.369762707,1.741470799,60.38461538,0.05,5.95,8.948717949,3.131805158,8.846153846,15.09275362,0.035102499,536.82,0.69,0.62,0.42,0.755,0.44,55.611
02478500,0.00339,7552.22,1.08,1.14,33.01,-8.93,149.94,5.53,12.53,6.43,317.29,469.29,1.403804341,1.500894617,66.53658537,0.15,5.332,1.853658537,6.697368421,5.146341463,16.13744076,0,4008.86,0.58,0.49,0.26,0.959,0.67,60.885
02479155,0.002605,142.05,1.03,1.1,34.88,-11.55,199.43,5.02,12.67,5.41,82.84,566.19,1.5971897,1.321574696,73.30952381,0.14,5.8005,10.28571429,1.837962963,9.761904762,10.46829268,0,90.12,0.66,0.65,0.48,0.471,0.24,55.182
02479300,0.00344,1255.93,1.09,1.72,35.97,-9.54,217.24,4.67,12.49,8.84,309.05,596.14,1.823197071,1.009741452,76.48837209,0.31,6.45,3.11627907,3.119402985,3.046511628,11.03816794,0,858.9,0.55,0.56,0.37,0.865,0.29,67.178
02479560,0.003001,1316.26,0.9,1.15,38.44,-10.74,214.97,6.75,12.54,4.8,105.72,570.11,1.758603012,1.29081434,69.725,0.21,6.24,2.875,3.652173913,6.35,10.37007874,0,1046.32,0.57,0.53,0.33,0.905,0.37,59.785
02481000,0.003326,315.73,1.26,1.22,34.56,-7.59,216.31,4.77,13.17,8.9,255.45,613.33,1.917877852,1.883983877,92.02564103,0.05,8.038,11.30769231,2.496598639,11.92307692,12.26021505,0,196.54,0.72,0.66,0.47,0.672,0.2,61.889
02481510,0.004221,912.02,1.14,1.21,36.77,-8.81,222.61,4.67,12.44,8.9,253.14,602.63,1.783190352,1.30504198,82.23809524,0.15,6.44,6.714285714,2.343971631,8.69047619,10.19726027,0,584.45,0.63,0.6,0.42,0.761,0.26,64.038
02482000,0.001957,2575.14,1.1,1.09,30.11,-6.85,140.19,7.35,12.91,10.21,428.03,403.44,1.23974222,2.763772211,62.58536585,0.02,5.14,4.12195122,8.852071006,5.097560976,31.39712919,0.727928409,1187.39,0.7,0.55,0.3,0.936,0.59,59.174
02486000,0.001945,8642.84,1.05,1.19,26.22,-6.55,120.66,6.2,12.87,10.6,860.85,416.85,1.267373113,2.722855634,61.43589744,0.06,5.36,4.512820513,9.477272727,10.69230769,15.41726619,0,4254.45,0.68,0.54,0.26,0.968,0.65,55.739
02492000,0.002301,2968.01,0.95,1.56,41.64,-6.66,228.32,5.71,12.71,9.63,375.1,567.7,1.623893028,0.66503791,70.27906977,0.47,5.13,2.976744186,2.921875,0.139534884,6,0,2077.95,0.49,0.62,0.45,0.849,0.35,59.878
03010500,0.01879,1160.7,0.82,1.11,39.87,-47.12,233.31,2.85,11.05,2.3,42.02,95.94,1.684634193,1.323310902,66.88372093,0.13,5.746,1.651162791,2.366197183,5.88372093,11.95256917,0,978.93,0.54,0.42,0.24,0.903,0.53,59.33
03010655,0.018568,218.66,0.86,1.31,38.25,-52.26,203.31,1.94,11.13,4.15,48.58,88.35,1.499542821,1.473529194,70.13953488,0.1,4.828,2.837209302,2.303278689,5.604651163,14.7219917,0,156.43,0.56,0.45,0.27,0.81,0.47,62.104
03011020,0.016773,2969.63,0.71,1.03,39.35,-41.33,226.95,2.73,11.13,3.17,52.92,95.35,1.650250876,1.337380584,66.97674419,0.15,5.42,1.441860465,2.516129032,5.581395349,11.8375,0,2808.34,0.52,0.41,0.23,0.889,0.55,57.92
03011800,0.018605,79.01,0.79,1.14,42.1,-37.61,261.94,3.68,12.05,1.98,34.28,106.08,1.927183699,1.205878814,65.74418605,0.21,5.84,2.139534884,1.597826087,6.348837209,9.461538462,0,78.91,0.51,0.42,0.26,0.717,0.49,55.64
03015500,0.007575,574.25,0.69,1,40.42,-30.42,264.08,2.65,12.15,4.7,148.09,117.77,2.027094556,1.261889134,59.41860465,0.21,7.14,3.651162791,1.98089172,6.790697674,10.26369863,0,652.95,0.55,0.48,0.29,0.782,0.47,47.581
03020500,0.008915,562,0.72,1.06,39.43,-31.62,256.51,2.5,12.04,5.1,230.35,116.19,1.868855932,1.136394085,66.28571429,0.18,6.31,5,1.447619048,6.523809524,10.2189781,0,559.69,0.54,0.48,0.31,0.665,0.44,54.979
03021350,0.001874,138.75,0.56,1.31,38.15,-22,249.14,2.39,11.78,3.37,293.4,120.71,2.223261382,1.331311193,51.09302326,0.11,8.288,8.186046512,1.673295455,9.162790698,10.39593909,0,225.81,0.61,0.54,0.35,0.605,0.43,37.267
03024000,0.008318,2221.64,0.83,1.13,36.8,-25.59,221.81,3.37,11.95,3.67,186.28,118.43,1.896624005,1.362424791,58,0.16,5.48,0.302325581,2.230769231,4.88372093,13.80952381,0,2066.83,0.49,0.32,0.16,0.913,0.67,45.91
03026500,0.013602,18.38,0.9,1.23,41.96,-30.76,263.6,4,10.97,1,26.82,109.31,1.793489335,1.36283471,68.8372093,0.1,5.688,3.581395349,1.603896104,7.11627907,10.69281046,0,14.85,0.55,0.45,0.28,0.665,0.41,58.985
03028000,0.018547,147.19,0.88,1.09,42.92,-41.04,272.78,3.45,11.46,1.42,28.22,109.94,1.88542764,1.253210528,68.9047619,0.18,5.9,2.238095238,1.670212766,7.214285714,8.927392739,0,128.21,0.52,0.43,0.26,0.75,0.47,58.48
03032500,0.011158,1147.13,0.83,1.36,39.54,-19.26,241.32,3.59,11.91,3.47,109.78,114.51,1.672167463,1.310520178,71.20930233,0.14,5.48,3.813953488,1.737804878,6.860465116,10.31864407,0,943.37,0.55,0.46,0.28,0.751,0.46,59.727
03049000,0.009617,308.84,0.87,1.14,35.74,-14.47,178.16,2.27,11.96,2.36,99.18,116.53,1.349338569,1.45731589,69.78947368,0.08,4.831,6.026315789,1.834061135,9,10.07602339,0,196.55,0.6,0.51,0.32,0.675,0.44,60.056
03049800,0.010877,13.79,0.87,1.15,35.07,-23.51,157.76,2,11.41,2.7,55.97,114.08,1.052457179,1.600829628,80.76744186,0.04,3.954,9.162790698,1.781725888,15.37209302,7.26172466,0.108245782,6.91,0.65,0.57,0.38,0.48,0.31,63.102
03050000,0.022505,415.91,0.85,1.15,33.7,-27.8,299.81,2.83,10.99,2.91,16.82,136.3,1.892163029,1.632240281,71.37142857,0.04,6.64,7.285714286,1.603921569,9.6,10.88988095,0.383321599,376.23,0.63,0.52,0.33,0.573,0.46,64.667
03050500,0.021181,605.74,0.85,1.64,33.22,-27.12,281.07,3.06,11.13,3.36,26.83,132.71,1.867110714,1.608183899,74.30434783,0.04,6.922,8.130434783,1.705882353,8.869565217,11.73039216,0.238095238,542.27,0.63,0.52,0.33,0.675,0.44,66.254
03051000,0.019739,982.31,0.9,1.2,32.62,-24.03,266.82,3.42,11.25,3.5,49.85,130.7,1.930622555,1.527590135,69.88095238,0.05,6.93,6.80952381,1.737762238,8.833333333,11.02695418,0.065189048,857.83,0.61,0.5,0.3,0.695,0.49,62.061
03054500,0.017734,2240.35,0.94,1.13,31.02,-22.74,247.59,3.51,11.47,3.48,86.37,131.84,2.030515759,1.56159275,66.06976744,0.07,6.98,5.069767442,1.665137615,8.093023256,11.7183908,0,1990.4,0.59,0.46,0.28,0.715,0.51,58.681
03065000,0.02673,641.61,0.71,1.12,36.37,-25.97,244.19,3.19,10.81,4.29,43.22,136.53,2.247707266,1.312283721,69.92307692,0.12,7.526,4.794871795,1.43315508,8.615384615,9.047619048,0,826.44,0.56,0.47,0.29,0.629,0.46,63.083
03066000,0.009296,171.05,0.76,1.22,38.8,-16.41,267.68,4.15,12.49,2.87,277.93,130.84,2.350398305,1.280745095,69.85714286,0.15,7.9205,3.404761905,1.706293706,7.761904762,9.478527607,0,216.45,0.55,0.45,0.28,0.706,0.46,61.993
03069000,0.0248,388.3,0.71,1.35,34.68,-34,265.42,2.87,11.12,3.58,17.57,139.7,2.57217431,1.096144958,72.33333333,0.23,8.44,4.166666667,1.4,6,8.638888889,0,572.95,0.53,0.47,0.31,0.612,0.4,60.795
03069500,0.025376,1355.24,0.73,1.01,36.22,-26.56,256.43,3.21,11.11,3.8,62.08,136.48,2.418850048,1.279011177,71.81395349,0.15,7.99,4.348837209,1.486631016,8.046511628,8.910404624,0,1833.75,0.55,0.46,0.29,0.617,0.45,64.419
03070000,0.023317,1826.53,0.76,1.14,36.12,-29.69,259.87,3.09,11.23,3.56,49.59,135.93,2.456369113,1.406365893,67.86666667,0.12,8.1,4.266666667,1.4375,7.266666667,11.36697248,0,2426.71,0.56,0.45,0.27,0.619,0.48,59.635
03070500,0.010963,421.42,0.81,1.09,34.78,-18.41,227.57,2.1,12.19,3.06,74.69,117.47,1.975091265,1.535079497,63.4047619,0.08,6.8,5.476190476,1.47826087,8.880952381,10.92493298,0,418.3,0.59,0.47,0.28,0.661,0.53,56.533
03075500,0.004241,242.85,0.69,1.45,39.11,-14.87,295.55,2.79,12.65,1.39,59.57,125.1,2.237457498,1.458852228,67.41860465,0.13,7.69,5.093023256,1.547945205,8.674418605,10.31367292,0,319.88,0.58,0.47,0.27,0.69,0.5,61.145
03076600,0.012428,92.53,0.72,1.21,39.76,-20.88,291.14,2.37,11.06,1.05,18.08,123.21,1.781610952,1.488142154,69.97674419,0.12,6.19,4.534883721,1.958974359,8.023255814,11.54492754,0,93.48,0.59,0.49,0.29,0.741,0.54,64.547
03078000,0.007193,93.15,0.56,1.57,40.66,-15.77,267.28,2.81,11.44,1.24,37.28,111.46,1.839575931,1.547406936,68.41860465,0.09,6.208,4.465116279,1.619791667,8.604651163,10.97567568,0,125.23,0.58,0.46,0.28,0.659,0.55,63.276
03079000,0.012378,735.19,0.74,1,39.29,-14.01,254.27,2.33,11.46,2.3,57.89,108.23,1.69370901,1.454681971,70.30232558,0.13,5.676,4.674418605,1.68159204,7.813953488,10.75595238,0,685.75,0.57,0.48,0.29,0.672,0.52,64.159
03109500,0.005884,1004.49,0.79,1.08,36.26,-16.01,128.83,2.21,12.86,3.01,199.84,114.36,1.04950971,1.28610577,77.11627907,0.11,3.52,4.279069767,1.875,7.023255814,9.768211921,0,557.04,0.56,0.49,0.31,0.731,0.5,68.939
03111500,0.007419,233.18,0.73,1.62,40.49,-19.82,154.16,1.93,12.14,4,107.28,117.32,1.042734161,1.123796722,81.37209302,0.17,2.94,2.953488372,1.362204724,4.255813953,7.366120219,0,136.06,0.49,0.45,0.29,0.588,0.47,75.017
03114500,0.008072,993.61,0.84,1.01,23.57,-20.35,106.23,3.27,12.61,4.95,250.18,124.31,1.385677923,2.090088932,72.59259259,0.02,5.97,13.96296296,1.960212202,11.59259259,12.41853035,0.983673055,673.14,0.71,0.61,0.4,0.551,0.44,54.754
03140000,0.006768,47.28,0.66,1.16,38.13,-20.33,134.26,2.09,12.59,6.32,200.84,121.55,1.053635785,1.807869987,82.90697674,0.03,3.6,8.790697674,1.814814815,11.13953488,11.26931106,0.038204394,30.73,0.67,0.59,0.41,0.469,0.37,69.828
03144000,0.004875,291.29,0.8,1.5,36.9,-18.51,126.94,3.06,12.51,3.56,167.32,123.99,1.106333652,1.664265709,78.69767442,0.06,4,8.348837209,1.966573816,8.395348837,13.7534626,0,164.45,0.65,0.58,0.39,0.596,0.41,73.085
03155500,0.00885,1139.03,0.97,1.6,21.25,-16.18,95.94,3.52,12.68,5.12,418.14,125.46,1.169853315,2.101536693,59.07142857,0.01,5.088,13.07142857,2.054644809,10,14.3,1.662429102,562.32,0.71,0.6,0.39,0.549,0.44,52.749
03159500,0.005489,2297.52,0.94,1.16,32.42,-14.78,116.08,2.33,12.9,4.72,267.92,124.44,1.097290672,1.568975195,79.11627907,0.09,4.108,6.488372093,2.326164875,5.88372093,16.37549407,0,1098.38,0.61,0.53,0.32,0.82,0.57,75.172
03159540,0.005383,412.41,1.03,1.23,28.88,-14.33,108.74,2.8,13.36,6.3,1240.14,125.3,1.086198827,2.157974092,65.85714286,0.01,4.65,13.35714286,2.060606061,10.95238095,13.72391304,2.522816167,178.15,0.73,0.64,0.45,0.586,0.39,62.351
03161000,0.010554,439.63,0.82,1.25,58.35,-39.42,444.25,3.96,11.21,3.17,21.45,247.16,2.052669214,0.687408476,85.39534884,0.66,4.63,1.255813953,1.351851852,0.139534884,4.5,0,448.04,0.37,0.42,0.31,0.638,0.26,75.695
03164000,0.019384,2574.31,0.87,1.16,58.55,-43.87,389.13,3.32,11.11,2.79,21.81,199.77,1.628899713,0.780108695,83.39534884,0.47,3.95,1.441860465,1.435483871,0.511627907,5.090909091,0,1973.07,0.4,0.42,0.29,0.713,0.38,75.74
03165000,0.00905,91.71,0.78,1.86,61.54,-28.2,356.46,2.98,11.37,3,28.3,151.75,1.485795306,0.647260226,85.92857143,0.49,3.28,2.642857143,1.216216216,0.214285714,4.111111111,0,71.52,0.38,0.49,0.39,0.438,0.18,75.698
03165500,0.018374,2981.96,0.85,1,58.59,-42.31,380.68,3.27,11.14,2.76,22.56,191.48,1.592340533,0.773553046,83.11111111,0.46,3.78,1.111111111,1.4,1.037037037,3.892857143,0,2276.03,0.38,0.39,0.28,0.761,0.38,74.722
03167000,0.017622,585.05,0.88,2.03,51.1,-33.34,219.43,3.39,11.63,4.07,78.86,123.19,1.013744867,1.017551824,82.53125,0.25,2.9265,2.8125,1.688888889,1.3125,4.880952381,0,276.89,0.48,0.51,0.32,0.667,0.48,74.822
03168000,0.016884,4873.86,0.85,1.02,56.54,-37.85,329.83,3.19,11.29,3.02,32.38,172.04,1.408934734,0.802478252,83.72093023,0.4,3.54,1.534883721,1.484848485,0.744186047,3.46875,0,3298.99,0.41,0.43,0.29,0.711,0.4,75.259
03170000,0.009512,701.23,0.88,1.75,49.93,-32.65,236.37,3.23,11.24,3.23,32.74,151.98,1.141301496,0.778261616,86.27906977,0.33,2.66,1.930232558,1.289156627,0.76744186,5.878787879,0,373.87,0.4,0.44,0.32,0.596,0.32,77.846
03173000,0.023626,708.11,0.91,1.22,46.15,-36.72,180.96,3.03,11.11,3.18,45.62,119.91,1.051393187,1.416246719,78.06976744,0.132,3.5,5.11627907,2.072727273,5.813953488,14.804,0,333.03,0.58,0.54,0.34,0.632,0.47,72.422
03175500,0.032557,436.77,0.76,1.03,46.76,-40.87,213.19,2.84,11.2,2.63,25.61,129.01,1.317602842,1.468128347,75.19047619,0.14,4.24,3.785714286,1.93081761,6.071428571,13.91764706,0,311.07,0.57,0.49,0.29,0.685,0.56,69.266
03179000,0.01708,833.72,0.81,1.51,43.63,-28.44,183.74,2.41,11.41,2.16,30.1,116.35,1.16844133,1.602509327,76.19047619,0.08,4.2,5.952380952,2.164,8.5,12.08683473,0,489.49,0.61,0.53,0.33,0.714,0.54,70.848
03180500,0.021899,274.44,0.79,1.59,36.9,-30.16,235.04,2.94,11.35,3.65,19.63,132.26,1.943880293,1.508131556,68.95348837,0.07,6.768,4.88372093,1.823809524,8.906976744,10.37597911,0.038204394,275.09,0.6,0.49,0.31,0.649,0.49,63.643
03182500,0.016334,792.82,0.58,1.13,39.07,-29.05,240.17,2.49,10.98,1.29,18.5,127.47,1.651519898,1.68201039,69.18604651,0.07,5.94,7.046511628,1.825082508,7.674418605,14.24545455,0,920.48,0.62,0.52,0.33,0.608,0.49,63.572
03183500,0.021702,2269.34,0.69,1.21,40.26,-29.47,213.17,2.31,11.14,3,28.07,123.79,1.512216492,1.736979549,71.90697674,0.07,5.43,6.11627907,1.927756654,6.488372093,17.17204301,0,2037.92,0.62,0.51,0.3,0.695,0.54,65.934
03184000,0.022049,2761.61,0.71,1.05,39.75,-29.55,205.2,2.27,11.21,3.63,28.89,122.05,1.479657434,1.81410225,72.13953488,0.06,5.35,6.511627907,2.082142857,6,19.29844961,0,2365.95,0.62,0.51,0.3,0.718,0.56,66.374
03186500,0.029987,232.77,0.7,1.15,35.57,-40.67,347.34,2.04,10.72,1.8,16.94,153.14,2.54869723,1.379172609,67.37209302,0.08,8.63,5.627906977,1.376033058,8.279069767,10.18258427,0.019102197,345.34,0.58,0.47,0.29,0.594,0.45,57.856
03187500,0.028646,152.9,0.73,1.02,35.07,-46.92,338.6,2.12,11.04,2.79,19.77,158.53,2.674732699,1.287309561,67.775,0.09,8.886,4.55,1.362637363,8.15,9.86809816,0.082141146,227.98,0.57,0.45,0.29,0.625,0.44,56.79
03198500,0.02253,752.32,0.74,1.22,37.82,-52.61,185.23,1.49,11.25,0.47,9.35,136.36,1.331149316,1.524247799,76.53488372,0.1,4.396,4.674418605,1.776119403,7.302325581,11.58917197,0,550.43,0.58,0.49,0.3,0.664,0.55,71.087
03213700,0.023273,1935.75,0.8,1.7,41.69,-50.69,175.58,1.7,10.97,0.76,9.7,135.09,1.150709965,1.32499922,82.53488372,0.12,3.69,3.976744186,1.894736842,5.488372093,12.94067797,0,1143.17,0.56,0.49,0.31,0.716,0.57,77.258
03237280,0.014377,32.69,0.98,1.1,22.6,-36.66,91.22,2,10.96,1,28.7,140.12,1.072679922,3.103435393,71.88095238,0,4.05,13.42857143,2.730496454,9.357142857,18.22391858,10.03911343,14.58,0.74,0.62,0.4,0.437,0.41,69.334
03237500,0.006691,946.02,0.94,1.03,22.4,-9.58,91.16,2.08,12.83,8.21,548.19,139.08,1.18553518,2.203026448,67.34883721,0.01,5.026,15.95348837,2.067055394,11.11627907,14.16527197,4.253422477,485.21,0.76,0.67,0.48,0.411,0.35,65.395
03238500,0.00216,564.91,1,1.84,20.71,-3.76,82.86,2.35,14.36,8.42,3499.31,141.35,1.215314432,2.213268087,73.80645161,0,5.77,19.03225806,2.301694915,14.83870968,13.36956522,8.134605193,279.92,0.82,0.76,0.58,0.405,0.29,68.345
03241500,0.002128,108.1,0.64,1.54,45.46,-3.52,149.04,2.44,13.75,6.74,2471.8,130.81,1.079774594,1.430060791,89.6744186,0.06,3.88,6.930232558,1.973154362,5.139534884,19.54751131,0,74.59,0.63,0.56,0.39,0.675,0.4,77.032
03251500,0.006904,5380.92,0.89,2.44,22.51,-13.36,95.79,2.4,12.38,10.62,272.53,158.6,1.320700067,2.358034092,66.45945946,0.04,4.55,4.594594595,2.535294118,8.189189189,15,0,3252.02,0.6,0.42,0.18,0.858,0.62,61.064
03252500,0.001537,937.02,0.58,1.27,23.8,-3.87,106.24,2.85,12.81,10.73,599.77,168.18,0.967630058,2.333434425,65.33333333,0.01,4.51,11,3.727272727,8.111111111,20.87671233,4.685123213,636.89,0.76,0.65,0.44,0.734,0.44,56.042
03253500,0.005798,6893.94,0.81,2.02,22.41,-10.78,96.23,2.63,12.48,10.75,414.96,160.98,1.309029691,2.187112785,64.78125,0.04,4.81,5.1875,2.421686747,7.875,15.54761905,0,4573.94,0.61,0.46,0.24,0.832,0.56,61.822
03265000,0.001086,902.6,0.69,1.01,30.67,-3.47,94.25,2.71,14.53,4.93,4933.79,137.21,0.992401783,1.51332621,87.39534884,0.06,4.29,10.09302326,2.465437788,7.465116279,16.20249221,0,529.62,0.69,0.65,0.46,0.719,0.34,73.866
03266000,0.001387,1110.3,0.66,1.03,31.97,-3.82,98.82,2.62,14.45,4.92,4360.19,136.83,1.015575294,1.425729321,88.58139535,0.07,4.97,8.860465116,3.089238845,6.488372093,17.6344086,0,700.98,0.66,0.6,0.38,0.866,0.42,76.324
03269500,0.003727,957.92,0.75,1.02,55.28,-8.47,165.55,2.84,13.19,5.52,899.62,127.4,1.122797835,0.672268938,86.58139535,0.39,2.89,1.488372093,1.28125,0,NA,0,583.06,0.38,0.47,0.31,0.687,0.44,82.862
03274000,0.00316,6895.71,0.73,1.04,39.89,-6.6,123.55,2.56,13.67,6.29,2455.7,133.74,1.079293855,1.17630355,81.60465116,0.15,4.01,4.279069767,2.608695652,5.11627907,11.12272727,0,4148.79,0.56,0.52,0.32,0.857,0.49,76.771
03280700,0.015006,138.61,0.87,1.05,32.18,-29.93,175.74,2.09,10.97,4,11.93,165.81,1.358705997,1.864921069,71.04761905,0.04,4.85,8.476190476,2.151685393,12.80952381,10.19144981,0.17601043,88.23,0.68,0.6,0.42,0.501,0.39,64.327
03281100,0.011766,373.12,0.88,1.28,30.74,-25.35,184.14,3.03,11.94,3,17.27,182.33,1.513639427,2.09394265,61.92307692,0.02,5.7585,10,2.169230769,11.1025641,12.66512702,0.709070486,262.82,0.7,0.61,0.41,0.531,0.42,59.386
03281500,0.01185,1632.93,0.89,1.17,29.39,-24.49,163.35,2.84,11.86,3.35,18.47,176.96,1.441240548,1.901108656,65.02380952,0.03,5.4905,8.833333333,2.261455526,8.80952381,14.62162162,1.29726206,1082.52,0.68,0.59,0.39,0.698,0.45,60.529
03285000,0.005155,583.91,0.71,2.04,21.99,-7.57,112.95,2.99,12.28,10.21,233.94,191.93,1.444945559,2.193313903,60.6744186,0.01,6.024,12.95348837,2.254937163,10.3255814,14.57207207,3.992359121,486.32,0.73,0.63,0.43,0.581,0.37,54.604
03289500,0.000774,516.66,0.42,2.1,24.12,-4.89,110.99,2.82,12.82,7.71,502.13,175,1.490420528,1.702171969,64.56410256,0.08,5.72,7.846153846,2.450980392,8.051282051,14.30254777,0,747.87,0.65,0.57,0.36,0.744,0.41,58.72
03291780,0.004927,38.56,0.54,1.09,15.68,-15.14,59.06,2.16,12.03,10.19,375.67,163.21,1.424959567,2.234287868,72.44186047,0,6.32,16.86046512,1.900689655,11.69767442,14.26838966,11.83699459,41.96,0.78,0.71,0.53,0.384,0.27,68.807
03300400,0.003196,922.9,0.82,1.34,18.88,-8.27,94.48,2.38,12.66,14.33,744.07,190.61,1.41127157,2.376186709,62.11627907,0,6.68,14.95348837,2.351477449,10.74418605,15.31601732,9.067176059,651.2,0.77,0.68,0.49,0.622,0.33,56.045
03301500,0.005692,2904.31,0.86,1.24,20.79,-10.85,105.08,2.67,12.24,12.08,400.85,196.48,1.384491444,2.058260443,64.275,0.01,6.68,10.25,3.273170732,8.925,16.36414566,0.691307324,1906.67,0.72,0.61,0.39,0.84,0.45,60.386
03303000,0.002755,461,0.4,1.58,24.07,-11.34,105.55,3.05,12.32,5.89,232.38,184.5,1.624424069,1.587939771,74.41860465,0.07,5.7,6.604651163,2.073943662,6.348837209,17.41391941,0,761.48,0.64,0.57,0.39,0.693,0.43,70.426
03308500,0.006856,3590.85,0.81,1.37,26.01,-12.16,137.06,3.15,12.35,8.46,127.43,216.07,1.604321444,1.849492477,63.45945946,0.11,5.1,4.756756757,1.971590909,7.351351351,13.83455882,0,2899.6,0.58,0.43,0.18,0.834,0.64,56.366
03324300,0.000737,488.6,0.43,1.77,23.45,-2.45,70.11,2.24,14.7,8.06,6068.52,143.34,0.989439032,1.574318495,86.18604651,0.03,5.436,14.13953488,3.014802632,12.1627907,13.6290631,0.095510984,458.08,0.75,0.69,0.47,0.783,0.32,71.637
03326500,0.000513,760.79,0.43,1.06,26.95,-2.93,81.83,2.44,14.14,7.81,4234.92,145.79,1.024674308,1.359493082,80.74418605,0.07,4.48,9.953488372,2.71728972,7.674418605,15.60909091,0,740.84,0.69,0.65,0.45,0.782,0.32,73.807
03328500,0.000984,1178.8,0.58,1.2,37.26,-4.23,110.77,2.56,13.66,6.53,3380.98,144.17,1.022243235,1.04730948,83.11627907,0.19,3.6,3.860465116,2.445783133,2.837209302,11.1557377,0,855.51,0.54,0.54,0.34,0.86,0.42,76.454
03331500,0.00058,1345.44,0.61,1.03,51.45,-5.45,157.35,2.83,13.58,2.69,663.42,147.64,1.062045209,1.011583361,86.23255814,0.24,2.84,0.302325581,3.538461538,0.720930233,16.83870968,0,963.92,0.43,0.37,0.2,0.966,0.61,82.213
03338780,0.000701,428.09,0.62,1.04,33.73,-3.7,85.22,2.07,13.32,8.59,931.12,169.13,1.085589722,1.806992916,90.42307692,0.03,4.11,7.269230769,2.62962963,5.269230769,24.12408759,0,306.9,0.68,0.61,0.42,0.749,0.29,90.37
03339500,0.00054,777.13,0.58,1.5,29.9,-3.84,91.35,2.67,13.71,4.77,1276.91,162.9,1.003727475,1.610542173,83.97674419,0.04,3.92,8.302325581,2.521008403,6.279069767,19.26296296,0,545.72,0.67,0.6,0.4,0.744,0.35,81.077
03340800,0.000143,139.46,0.38,1.7,28.33,-6.29,87.63,2.67,13.11,7.34,646.87,166.18,1.049539,1.678046399,93.55813953,0.02,3.71,8.604651163,2.2,5.581395349,22.06666667,0,156.53,0.7,0.63,0.47,0.507,0.25,75.71
03345500,0.001305,2811.56,0.72,1.07,28.29,-4.63,69.33,2.75,13.77,9.84,1553.01,181.35,0.931123846,1.709913426,91.18604651,0.02,4.08,6,3.965116279,5.604651163,21.7966805,0,1489.11,0.67,0.56,0.35,0.906,0.43,82.928
03346000,0.000709,352.38,0.43,1.25,23.14,-5.5,62.15,2.47,13.37,13.91,1501.77,188.98,0.989579115,2.191223285,86.13953488,0,5.04,14.53488372,2.9696,11.88372093,15.59491194,5.348615091,333.67,0.81,0.74,0.55,0.716,0.26,73.602
03348000,0.000199,402.75,0.38,1.58,32.7,-4.04,102.69,2.49,14.05,6.74,2122.57,146.94,1.201198321,1.115081168,85.36666667,0.17,4.08,5.666666667,2.041176471,5.7,10.02923977,0,517.6,0.58,0.57,0.38,0.744,0.38,77.451
03349000,0.000139,789.83,0.36,1.1,32.88,-3.41,102.66,2.63,14.46,5.91,4141.65,148.66,1.116959567,1.183122445,85.90697674,0.15,4.1,5.395348837,2.418103448,5,12.95348837,0,1010.54,0.58,0.56,0.37,0.843,0.39,79.175
03357350,0,9.6,0.37,1.28,27.49,-9.78,87.95,2.52,12.4,8.03,495.58,167.48,0.346951926,2.050586696,82.1627907,0,1.22,12.34883721,2.410546139,8.581395349,17.80216802,18.07704553,3.7,0.77,0.69,0.52,0.345,0.23,70.351
03361500,0.000982,447.88,0.41,1.18,36.81,-3.82,124.03,3.15,14,6.6,2834.14,151.24,1.209571474,1.11070165,88.55813953,0.17,3.98,4.604651163,2.141414141,3.511627907,16.23178808,0,540.4,0.56,0.54,0.37,0.786,0.41,77.898
03361650,0,102.4,0.41,1.13,36.3,-2.68,120.61,3.24,14.39,6.57,4673.34,151.67,1.113090099,1.461969964,78.37209302,0.05,4.56,6.209302326,2.925093633,5.581395349,18.97916667,0.114613181,112.74,0.64,0.56,0.37,0.834,0.41,74.722
03362500,7.8e-05,514.61,0.42,1.24,30.46,-3.82,105.06,3.19,14.05,6.11,2368.5,157.24,1.166762178,1.275773675,80.34883721,0.08,4.296,6.279069767,2.418518519,5.465116279,16.58297872,0,586.14,0.62,0.57,0.39,0.791,0.38,78.476
03363000,0.000423,1157.13,0.42,1.4,33.32,-3.76,113.83,3.16,14.11,6.11,2481.08,154.54,1.165644048,1.11070165,78.13043478,0.14,4,3.695652174,2.376470588,3.130434783,19.11111111,0,1309.95,0.55,0.51,0.34,0.836,0.48,72.311
03364000,0.000378,1929.47,0.44,1.13,33.87,-3.89,116.65,3.24,14.09,6.16,2590.21,154.89,1.198397326,1.218973886,80.81395349,0.13,4.2,3.465116279,2.758389262,3.488372093,20.74,0,2165.54,0.57,0.52,0.34,0.859,0.45,78.866
03364500,0,99.98,0.41,1.32,32.46,-2.89,114.77,3.44,14.06,5.34,2727.95,154.52,1.176799109,1.881240689,77.97674419,0,4.54,11.74418605,2.095049505,7.744186047,18,7.82553327,117.07,0.73,0.65,0.47,0.519,0.31,73.038
03365500,0.000435,2712.51,0.45,1.59,32.11,-3.77,111.78,3.25,14.09,6.33,2722.14,156.05,1.261690544,1.224998432,81.18604651,0.12,4.32,3.511627907,3.066225166,3.023255814,24.64615385,0,3126.81,0.58,0.54,0.36,0.87,0.44,79.461
03366500,0.000928,430.96,0.57,1.86,16.39,-6.98,62.65,3.1,13.11,9.35,1244.82,165.51,1.325988539,2.060444749,81.69767442,0.01,5.65,15.34883721,2.145454545,11.20930233,14.65767635,3.527539,413.29,0.77,0.7,0.51,0.469,0.3,68.196
03368000,0,12.08,0.38,1.15,17.39,-6.94,63.57,2.88,15.09,10.35,2701.2,159.61,1.27436897,2.147016128,73.02380952,0,5.4,19.69047619,2.014510278,15.07142857,12.79146919,12.95306389,16.77,0.83,0.76,0.6,0.301,0.23,68.409
03381500,0.001375,7449.3,0.93,1.17,12.93,-4.75,34.06,2.71,13.39,11.43,2004.86,194.98,1.072191656,2.930931778,89.64285714,0.01,4.02,3.452380952,14.64137931,10.42857143,15.74885845,0.039113429,3520.64,0.66,0.46,0.16,0.982,0.56,78.857
03384450,0.008837,107.5,0.96,1.37,14.29,-26.15,53.53,3,11.84,9,158,228.28,1.338825852,2.939505384,72,0,5.376,15.3255814,2.720789074,8.930232558,21.39322917,11.47405285,61.51,0.82,0.75,0.58,0.352,0.28,63.804
03410500,0.013771,2145.79,0.87,1.14,32.08,-36.68,222.16,3.48,11.55,1.78,27.59,237.79,1.704336399,1.874853523,62.88,0.06,6.14,7.8,2.025641026,7.68,16.28125,0,1723.45,0.66,0.57,0.38,0.617,0.43,55.059
03438000,0.002062,349.16,0.55,1.75,32.79,-4.5,153.21,3.6,13.1,5.34,546.31,247.29,1.521416737,1.598261736,72.71794872,0.11,5.18,5.512820513,2.279069767,6.282051282,16.34693878,0,393.32,0.62,0.54,0.35,0.744,0.42,62.925
03439000,0.022181,168.61,0.94,1.47,62.67,-38.87,796.34,4.32,10.74,2.69,22.97,420.95,3.262932824,0.724423487,78,0.94,7.67,1.279069767,1.218181818,0.162790698,7.285714286,0,237.95,0.38,0.4,0.28,0.647,0.34,58.022
03443000,0.025086,781.7,1.02,1.13,64.4,-34.03,738.14,4.47,11.1,2.87,31.34,378.89,3.118134352,0.694598957,77.48837209,0.83,7.61,0.255813953,1.909090909,0.720930233,7.483870968,0,979.4,0.37,0.37,0.27,0.843,0.37,54.655
03450000,0.066199,9.97,0.69,1.03,57.57,-71.71,251.06,2,9.18,3.93,7.96,209.6,1.948193625,1.195845394,89.84615385,0.19,5.44,1.846153846,1.847222222,5.692307692,10.28378378,0,11.46,0.51,0.42,0.28,0.674,0.34,68.226
03451500,0.023891,2427.24,0.99,1.05,62.71,-40.71,532.68,4.4,11.11,3.16,34.83,280.23,2.081540911,0.731809348,79.72093023,0.54,5.22,0.511627907,1.909090909,0.790697674,7.794117647,0,2081.67,0.38,0.38,0.27,0.868,0.36,61.79
03455000,0.027209,4692.54,0.98,1.03,59.79,-46.23,406.37,3.46,10.88,3.33,27.43,224.47,1.510614398,0.797701317,81.97560976,0.37,3.83,0.756097561,1.580645161,1.292682927,7.226415094,0,2963.23,0.4,0.38,0.26,0.818,0.46,71.067
03455500,0.061799,56.15,0.79,1.15,60.52,-59.5,698.51,3,9.73,1.33,7.61,425.36,3.423473416,0.856201788,78.20930233,0.69,9.04,3.325581395,1.265734266,2.581395349,6.441441441,0,99.62,0.46,0.47,0.34,0.533,0.35,49.915
03456500,0.054834,127.84,0.93,1.24,61.78,-63.58,661.48,2.76,9.98,1.68,11.03,371.65,2.538496657,0.901199124,81.39534884,0.48,6.85,2.465116279,1.481132075,2.813953488,7.917355372,0,142.75,0.47,0.46,0.33,0.613,0.32,51.616
03460000,0.049996,121.01,0.95,1.21,62.03,-67.26,490.6,2.89,10.11,1.12,7.62,271.17,2.176725883,0.823456423,73.25581395,0.53,5.5,1.23255814,1.433962264,1.302325581,7.75,0,113.61,0.41,0.41,0.28,0.713,0.55,62.957
03463300,0.041943,105.38,0.93,1.02,56.66,-65.84,443.82,2.65,9.8,6.92,10.22,285.13,3.09046482,0.8409291,97.20930233,0.5,8.076,3.046511628,1.374045802,3.372093023,8.55862069,0,143.03,0.48,0.49,0.38,0.532,0.17,55.803
03465500,0.042806,1956.95,0.94,1.13,56.57,-55.15,390.67,3.08,10.46,3.95,12.38,227.12,1.701561286,0.842317247,81.25581395,0.36,4.41,1.720930233,1.351351351,1.860465116,8,0,1450.4,0.43,0.43,0.3,0.642,0.43,72.62
03470000,0.027356,1032.69,1.13,1.04,49.75,-29.81,324.43,1.87,10.95,2.11,20.36,218.64,1.849021658,1.004163673,70.36363636,0.3,5.744,4.818181818,1.358490566,4,7.409090909,0,689.64,0.51,0.51,0.36,0.568,0.4,59.658
03471500,0.024127,172.42,0.87,1.08,54.55,-36.11,267.17,3.06,11.17,3.1,26.38,171.2,1.398737982,1.049755406,79.02325581,0.3,3.968,2.627906977,1.637168142,1.651162791,5.535211268,0,113.39,0.48,0.47,0.3,0.697,0.52,71.524
03473000,0.031951,790.89,1.01,1.93,52.65,-34.15,281.75,3.26,10.93,3.31,24.05,176.99,1.539326329,1.023493341,77.1627907,0.3,4.34,2.069767442,1.471910112,2.837209302,7.040983607,0,493.21,0.47,0.44,0.28,0.72,0.56,69.967
03479000,0.026548,242.2,1.02,1.26,54.53,-47.01,388.33,3.47,10.91,2.43,12.22,260.64,1.881599491,0.904355106,76.81395349,0.33,5.02,3.279069767,1.553191489,3.744186047,7.267080745,0,182.9,0.49,0.51,0.39,0.508,0.27,66.614
03488000,0.025226,457.07,0.8,1.28,51.87,-35.2,230.36,3.11,10.83,3.37,30.81,139.17,1.29556638,1.37654052,72.6744186,0.14,4.27,4.860465116,1.832535885,5.790697674,12.8875502,0,303.39,0.57,0.52,0.33,0.651,0.52,65.604
03490000,0.026952,1712.32,0.98,1.07,49.77,-41.27,233.5,3.2,10.72,3.8,36.93,145.57,1.436599452,1.205878814,68.36363636,0.198,4.784,4.545454545,1.96,6.090909091,9.179104478,0,1021.17,0.56,0.53,0.35,0.73,0.53,59.689
03498500,0.030151,763.5,1.1,1.73,52.4,-27.83,388.56,1.97,10.8,3.02,45.43,239.33,1.835541547,1.045596438,68.79069767,0.26,5.344,3.511627907,1.529801325,4.488372093,8.901554404,0,521.04,0.51,0.49,0.34,0.617,0.46,58.865
03500000,0.025828,296.19,0.82,1.28,66.46,-46.46,823.21,4.98,11.07,3.72,20.72,346.62,2.497148679,0.809611298,75.69767442,0.64,5.98,0.744186047,1.375,0.88372093,7.026315789,0,369.79,0.39,0.36,0.24,0.727,0.49,60.735
03500240,0.039949,126.16,0.85,1.84,65.24,-47.63,727.85,4.46,10.7,3.54,17.67,338.01,2.144633619,0.830298498,74.28947368,0.53,5.241,1.236842105,1.361702128,0.947368421,7.777777778,0,130.62,0.41,0.39,0.26,0.681,0.51,61.655
03504000,0.026548,116.77,0.87,1.04,63.9,-52.03,707.74,3.95,10.11,3.76,10.9,409,3.761696912,0.766889518,72.37209302,0.93,8.836,0.674418605,1.310344828,0.953488372,8.585365854,0,207.28,0.38,0.35,0.24,0.746,0.54,57.351
03512000,0.053218,428.43,0.9,1.24,63.9,-64.08,567.14,2.94,9.96,1.09,9.2,331.14,2.690101878,0.752357152,73.58139535,0.69,6.57,1.11627907,1.25,0.837209302,8.416666667,0,524.16,0.39,0.39,0.27,0.686,0.55,62.284
03524000,0.021227,1179.15,0.87,1.02,47.38,-39.84,216.18,2.52,11.05,3.51,37.13,143.84,1.30620312,1.287070258,73.53488372,0.16,4.186,3.88372093,1.910179641,5.23255814,12.99111111,0,723.94,0.55,0.49,0.3,0.742,0.56,66.498
03528000,0.019543,3288.16,0.88,1.14,42.48,-39.87,201.42,2.58,11.3,4.37,37.73,154.2,1.310191004,1.391206517,70.02380952,0.14,4.2905,3.666666667,2.272727273,5,14.86190476,0,2009.1,0.56,0.5,0.31,0.822,0.58,64.154
03531500,0.020327,704,0.85,1.89,35.81,-40.21,200.85,2.62,11.45,3.66,19.96,176.06,1.593144858,1.370599003,68,0.16,5.28,5.139534884,1.864253394,7.139534884,10.58306189,0,539.97,0.58,0.52,0.33,0.666,0.52,61.91
03532000,0.014071,1413.53,0.79,1.6,37.11,-38.35,213.11,2.83,11.46,4.73,44.31,179.25,1.475620966,1.308199585,69.64285714,0.18,4.75,3.464285714,2.422680412,5.035714286,12.62411348,0,1077.5,0.56,0.52,0.33,0.822,0.56,61.613
03540500,0.01192,1899.32,0.96,1.56,33.07,-18.22,238.93,3.96,11.84,2.23,42.21,254.84,1.902101878,2.082520003,56.39534884,0.02,6.89,8.418604651,2.069060773,7.581395349,17.80368098,0.490289717,1540.65,0.69,0.58,0.39,0.558,0.43,49.524
03550000,0.029764,317.16,1.18,1.04,60.21,-41.72,566.48,4.67,10.49,3.76,17.82,339.48,2.300268704,0.964978173,68.44186047,0.41,6.25,1.697674419,1.479452055,3.372093023,7.772413793,0,251.93,0.46,0.41,0.28,0.691,0.55,59.572
03567500,0.006427,1110.94,1,1.2,41.12,-10.5,273.8,4.05,13.24,5.1,177.16,290.09,1.675516258,1.261889134,59,0.23,6.556,7.25,2.454022989,5.833333333,10.77857143,0,758.3,0.61,0.61,0.42,0.767,0.45,48.202
03574500,0.017344,603.68,0.74,1.44,34.4,-37.43,237.9,3.5,10.88,4.27,33.6,317.71,1.99318752,2.099154712,60,0.04,8.36,9.046511628,2.796915167,7.813953488,18.02678571,0,665.02,0.7,0.61,0.41,0.73,0.47,47.008
03592718,0.003062,71.84,1.08,1.04,43.75,-8.98,265.79,5.23,13.07,6.12,228.22,362.37,1.42806896,1.295252941,55.09375,0.15,4.58,8.4375,1.577777778,9.375,9.18,0,38.96,0.64,0.64,0.49,0.389,0.28,48.408
03603000,0.005595,6153.37,0.93,1.01,35.48,-12.24,203.81,4.8,12.36,6.73,288.17,294.83,1.545111288,1.294385696,62.06451613,0.23,5.46,3.709677419,3.47826087,5.161290323,10.7625,0,4187.76,0.57,0.56,0.35,0.893,0.54,54.278
03604000,0.006166,1122.26,0.96,1.05,44.38,-12.74,260.36,4.88,12.11,4.41,118.34,318.79,1.676748169,0.855395635,68.62790698,0.38,4.52,3.697674419,1.830188679,1,7.813953488,0,797.08,0.5,0.58,0.44,0.586,0.34,60.731
04015330,0.005098,188.31,0.84,1.07,47.28,-17.3,167.05,2,11.86,5.34,490.12,96.46,1.00008405,1.5030503,113.4883721,0.04,4.87,8.372093023,4.858333333,8.139534884,19.48571429,1.241642789,91.67,0.74,0.68,0.48,0.634,0.32,132.014
04024430,0.003784,866.89,0.79,2.39,50.11,-17.6,154.69,1.94,12.65,2.45,322.21,111.94,0.882454632,1.336996057,112.0930233,0.11,3.54,5.953488372,3.875,5.139534884,17.41628959,0,396.84,0.64,0.62,0.41,0.795,0.38,133.039
04027000,0.004123,1239.39,0.8,1.7,58.75,-21.36,213.77,2.39,12.4,2.86,233.89,104.67,1.011041706,0.970712578,104.3023256,0.17,3.616,3.534883721,4.230263158,2.627906977,12.25663717,0,640.24,0.58,0.61,0.42,0.845,0.4,118.147
04040500,0.006523,245.29,0.57,1.24,58.24,-19.46,238.67,2.34,12.78,2.51,267.29,86.95,1.13159376,1.115081168,105.4651163,0.11,4.35,2.348837209,6.128712871,4.162790698,14.01117318,0,200.1,0.59,0.55,0.36,0.932,0.44,113.831
04043050,0.009629,64.39,0.83,1.14,56.14,-39.78,287.39,2.09,11.38,1.99,110.73,68.33,1.417159503,0.672268938,103.9767442,0.31,5.08,3.348837209,3.951388889,1.511627907,7.307692308,0,44.67,0.54,0.64,0.47,0.817,0.46,107.777
04045500,0.000961,738.83,0.38,1.23,71.81,-12.05,317.49,3.02,13.21,0.77,273.03,67.41,1.119241006,0.838395908,97.51162791,0.3,3.48,0.255813953,6.363636364,0.162790698,17.85714286,0,896.75,0.43,0.46,0.27,0.974,0.44,94.307
04056500,0.000273,1210.4,0.41,1.46,70.33,-9.09,312.82,3.42,13.53,0.19,215.09,70.1,1.19446482,0.710978902,95.8372093,0.4,3.14,0.162790698,4,0,NA,0,1426.63,0.38,0.43,0.27,0.971,0.52,92.978
04057510,0.000471,169.77,0.35,1.87,67.05,-14.47,260.95,4.44,13.56,0,177.07,71.51,0.919545517,0.808063921,97.75,0.26,2.7255,0.45,3.444444444,0.425,7,0,183.52,0.42,0.46,0.28,0.942,0.39,103.405
04057800,0.003872,85.23,0.68,1.29,60.82,-15.44,255.73,2.6,12.78,2.36,131.49,82.38,1.090530639,0.978028016,107.1428571,0.18,3.91,2.261904762,4.968421053,3.071428571,8.945736434,0,55.78,0.55,0.56,0.37,0.911,0.43,118.334
04059500,0.000202,444.7,0.38,1.85,58.32,-11.01,201.13,1.58,13.01,0.93,251.27,76.53,0.755534543,1.239770229,108.1395349,0.08,2.83,1.813953488,7.858974359,3.348837209,20.34027778,0,360.17,0.58,0.52,0.31,0.956,0.47,118.838
04063700,0.000264,189.19,0.51,1.5,68.24,-13.15,212.87,2.24,13.24,1.53,173,91.33,0.712833493,0.912212108,111.5581395,0.17,2.27,0.651162791,6.25,1.255813953,6.796296296,0,108.66,0.47,0.49,0.29,0.967,0.47,132.72
04073500,0.000804,1729.47,0.5,1.31,59.32,-15.17,144.63,1.55,13.41,1.77,176.3,123.29,0.94756638,0.689416332,100.3953488,0.38,1.99,0,NA,0.023255814,2,0,1340.34,0.3,0.28,0.14,0.992,0.53,116.805
04074950,0.00134,514.87,0.43,1.35,67.95,-20.97,204.08,2.51,12.73,1.58,125.85,95.26,0.87466603,0.511112851,103.9302326,0.4,1.97,0,NA,0,NA,0,430.82,0.28,0.37,0.23,0.964,0.45,127.046
04079000,0.001294,3423.24,0.57,1.23,66.33,-15.81,185.7,2.01,12.96,1.56,256.99,98.92,0.784145813,0.757204464,104.7674419,0.27,1.95,0,NA,0,NA,0,1937.82,0.36,0.37,0.19,0.985,0.54,121.861
04100500,0.000679,883.2,0.57,1.35,58.4,-4.62,174.21,2.81,13.97,4.92,1277.39,136.38,0.957985992,0.899496609,84.58139535,0.23,2.37,0.209302326,1.777777778,1.465116279,6.476190476,0,602.86,0.4,0.33,0.19,0.934,0.64,78.364
04105700,0.000263,38.02,0.39,1.3,75.46,-15.9,216.22,2,13.08,2.07,93.01,113,1.121942693,0.423218162,83.39534884,0.57,1.97,0,NA,0,NA,0,45.02,0.21,0.23,0.19,0.901,0.45,64.722
04113000,0.000429,1864.79,0.57,1.3,56.6,-7.92,122.29,2.18,13.49,2.07,375.81,102.44,0.783617956,0.993980259,84.09302326,0.16,2.06,0.186046512,3.125,6.139534884,2.59469697,0,1039.85,0.42,0.34,0.19,0.949,0.68,79.129
04115000,0.00055,909.66,0.83,1.6,51.19,-6.23,100.6,2.01,13.52,2.36,888.5,95.17,0.721411652,1.610542173,89.30232558,0.05,2.44,1.558139535,5.507462687,3.837209302,23.62424242,0,325.06,0.58,0.47,0.28,0.955,0.52,78.496
04115265,0.001676,47.72,0.49,1.4,61.12,-23.46,165.92,2,12.31,0,142.1,96.59,0.84434862,0.4805058,83.61111111,0.35,1.766,0.25,1.333333333,0.083333333,1.333333333,0,33.45,0.29,0.36,0.29,0.715,0.44,73.136
04122200,0.000641,421.48,0.4,1.85,77.18,-22.85,273.3,2.69,12.71,0.26,92.92,110.76,1.099927412,0.433609088,82.37209302,0.58,2.09,0.023255814,2,0,NA,0,472.65,0.23,0.31,0.2,0.91,0.6,70.106
04122500,0.000734,667.62,0.37,1.74,80.94,-22.63,292.01,2.45,12.84,0.15,89.38,107.73,1.089577841,0.401895652,83.23255814,0.6,2.01,0,NA,0,NA,0,797.45,0.21,0.28,0.19,0.96,0.64,70.872
04124000,0.002191,739.29,0.33,1.28,85.44,-28.68,303.72,1.92,12.43,0.15,56.07,93.86,1.181501814,0.226848098,90.3,0.85,1.876,0,NA,0,NA,0,1082.95,0.14,0.31,0.21,0.939,0.59,84.926
04127918,0.000615,260.13,0.49,1.36,69.67,-5.97,312.04,2.46,13.42,1.82,510.71,67.8,0.952106518,0.8463962,95.12903226,0.27,3.06,2.35483871,3.383561644,0.096774194,5,0,206.89,0.48,0.57,0.39,0.863,0.33,87.162
04127997,0.005417,204.9,0.44,1.31,79.99,-39.57,261.4,1.61,12.06,0.79,29.71,97.78,1.185541547,0.226848098,89.39534884,0.82,1.84,0,NA,0,NA,0,223.42,0.14,0.31,0.25,0.794,0.34,75.122
04161580,0.000785,25.49,0.4,1.21,53.23,-13.49,136.54,2,12.79,0.97,333.42,88.44,0.646006803,0.974398978,80.3030303,0.1,1.84,0.545454545,2.666666667,5.121212121,6.201183432,0,16.83,0.46,0.39,0.24,0.913,0.57,70.122
04164000,0.001311,602.71,0.51,1.63,52.84,-11.83,129.42,2,13.35,0.8,411.27,89.06,0.888856415,0.758848492,85.95348837,0.24,2.28,0.837209302,1.222222222,0.906976744,3.615384615,0,432.35,0.39,0.39,0.27,0.683,0.33,75.203
04165500,0.00099,1293.28,0.67,1.1,50.05,-9.35,122.85,1.94,13.57,1.57,667.57,87.5,0.851868832,0.912212108,84.09302326,0.18,2.42,1.465116279,2.047619048,3.88372093,3.976047904,0,675.76,0.45,0.45,0.29,0.796,0.39,74.157
04176500,0.000722,1828.48,0.68,1.2,56.75,-5.68,124.43,1.9,13.55,4.11,1032.83,102.58,0.784359758,1.245761984,79.69767442,0.1,2.74,1.88372093,4.12345679,3.930232558,13.70414201,0,859,0.55,0.49,0.28,0.941,0.56,74.394
04178000,0.001233,1184.07,0.75,1.08,48.46,-4.38,130.28,2.44,13.85,6.84,2258.87,117.68,0.963677173,1.547106092,85.25581395,0.08,3.49,2.279069767,5.602040816,5.162790698,18.82882883,0,605.24,0.59,0.49,0.25,0.951,0.54,70.724
04183500,0.000681,3947.47,0.73,2.2,35.3,-3.16,98.27,2.12,14.3,7,6550.06,127.04,1.009748083,1.539865117,92.9,0.0955,3.8345,3.5,3.4,10,9.07,0,2226.44,0.58,0.48,0.25,0.916,0.53,90.633
04185000,0.000829,856.78,0.81,1.83,49.61,-4.35,124.4,2.01,13.71,6.3,4102.93,111.13,0.898878064,1.63875859,93.72093023,0.05,3.656,4.23255814,5.252747253,6.209302326,18.21722846,0,390.62,0.64,0.54,0.3,0.937,0.5,71.124
04191500,0.000476,4917.97,0.82,1.05,24.49,-2.78,65.4,2.19,14.5,10.08,7954.08,125.04,0.927154409,1.904208879,87.09302326,0.02,4.48,10.25581395,4.034013605,16.06976744,9.593342981,0.248328558,2275.81,0.72,0.62,0.39,0.879,0.38,72.137
04196800,0.00072,541.53,0.9,1.21,20.97,-2.41,57.16,1.89,15.33,10.99,8263.22,121.62,0.904283349,2.326320657,95.23255814,0,4.63,12.79069767,4.089090909,10.23255814,17.90454545,5.781598217,222.64,0.77,0.67,0.44,0.834,0.34,69.388
04197100,0.000929,279.86,0.72,1.26,20.38,-3.41,57.91,2.21,13.68,8.54,1881.01,115.22,0.938601695,2.088515658,87.92857143,0.01,4.8005,13.16666667,3.455696203,10.45238095,16.25056948,1.818774446,148.8,0.76,0.66,0.44,0.784,0.36,63.993
04197170,0.001914,94.03,1.04,1.39,19.38,-5.37,51.65,2.29,12.81,9.43,1048.19,111.73,0.903257358,1.584481046,89,0.03,4.2365,15.225,2.645320197,11.5,16.4326087,0,33.17,0.8,0.77,0.59,0.502,0.25,63.935
04198000,0.00174,2776.6,0.85,1.12,20.24,-3,55.34,2.19,14.4,8.51,4459.59,116.99,0.967933142,1.709913426,85.44186047,0.03,4.7,9.395348837,3.814356436,8.046511628,17.50289017,0.070041388,1287.83,0.71,0.62,0.39,0.857,0.39,68.371
04201500,0.005469,810.04,1.17,1,35.44,-7.43,125.12,2.38,13.09,4.11,817.42,108.71,1.311223177,1.367926832,77.27906977,0.09,5.38,12.3255814,1.777358491,15.44186047,7.103915663,0.012734798,370.42,0.67,0.63,0.45,0.523,0.31,60.021
04213000,0.00495,503.05,1.1,1.35,31.35,-13.24,168.28,3.79,12.22,7.71,462.38,113.06,1.630560968,1.659704027,52.18604651,0.05,6.66,10.55813953,1.916299559,8.906976744,13.16449086,0,303.79,0.66,0.56,0.36,0.664,0.42,41.026
04213075,0.010139,7.89,0.65,1.14,32,-26.21,173.32,3.44,11.09,6.07,473.02,109.54,1.481782596,1.211467119,64.67567568,0.18,5.02,8.405405405,1.376205788,9.486486486,7.034188034,0,7.25,0.58,0.57,0.4,0.403,0.35,44.167
04216418,0.01638,217.34,1.11,1.41,36.71,-9.96,166.88,1.55,11.5,2.01,107.49,88.86,1.485715377,1.287309561,63,0.13,5.14,6.976744186,1.493333333,9.674418605,8.197115385,0,118.47,0.58,0.52,0.35,0.569,0.47,52.693
04221000,0.009031,399.74,0.53,1.11,36.21,-38.76,160.28,2,11.15,4.71,97.43,83.27,1.273128303,1.434525401,72.60465116,0.1,4.23,4.534883721,1.753846154,6.813953488,12.30375427,0,391.38,0.57,0.49,0.31,0.695,0.44,64.909
04223000,0.009195,1516.04,0.59,1.01,36.08,-22.52,166.13,1.92,11.13,4.03,119.55,82.78,1.313672716,1.287070258,67.93023256,0.12,4.42,4.930232558,1.580188679,6.488372093,10.53405018,0,1368.76,0.56,0.49,0.31,0.692,0.45,57.281
04224775,0.015044,151.56,0.66,1.32,37.71,-24.73,151.28,1.45,10.95,2.01,82.31,76.33,1.055156956,1.324254641,74.18604651,0.11,3.498,5.488372093,1.75,7.023255814,11.18543046,0,99.44,0.57,0.51,0.33,0.653,0.46,66.482
04233000,0.031578,90.57,0.98,1.08,47.45,-22.71,187.71,1.83,11.24,3.32,74.98,82.37,1.114114997,1.217738873,78.5483871,0.13,3.42,3.903225806,2.008264463,6.838709677,9.160377358,0,42,0.56,0.52,0.36,0.63,0.42,74.193
04256000,0.005154,186.26,0.8,1.59,51.45,-17.39,383.77,3.73,12.12,1.32,166.94,97.82,2.240434893,0.892714805,80.60465116,0.41,7,2.372093023,1.637254902,3.23255814,7.215827338,0,214.08,0.48,0.47,0.31,0.759,0.34,66.5
04296000,0.004377,159.94,0.51,1.08,45.42,-43.55,253.3,2.41,11.82,1.89,62.73,82.48,1.710551417,1.035830505,90.46511628,0.28,5.868,2.302325581,2.707070707,4.418604651,7.668421053,0,219.85,0.52,0.5,0.3,0.842,0.42,89.017
05053000,0.001733,1754.31,0.34,2.19,33.87,-7.16,7.15,1.49,14.08,7.79,3094.19,78.98,0.12399618,Inf,123.1860465,0,0.64,2.697674419,29.20689655,3,73.70542636,35.81661891,260.69,0.83,0.74,0.53,0.972,0.39,129.474
05056000,0.001341,969.39,0.23,1.45,24.58,-16.18,5,0.11,13.46,20.22,708.65,55.26,0.081177332,2.118090922,122.2325581,0,0.29,2.837209302,13,3.372093023,47.24827586,18.63100923,143.06,0.71,0.6,0.37,0.972,0.42,139.012
05057000,0.001468,1601.35,0.26,2.35,24.41,-16.17,4.99,0.49,13.46,16.78,689.84,57.7,0.107384909,1.824424216,122.255814,0,0.4,2.093023256,16.35555556,3.069767442,52.15909091,8.17574021,271.01,0.68,0.57,0.34,0.98,0.47,143.842
05057200,0.000443,338.52,0.2,1.2,24.45,-7.24,5,0.19,13.95,19.79,1395.07,64.72,0.074163642,0.912212108,113.0232558,0,0.33,2.534883721,19.44954128,4.255813953,50.12021858,29.89493792,52.65,0.82,0.77,0.59,0.952,0.34,127.322
05062500,0.001033,1074.12,0.45,1.75,56.01,-12.75,48,2.31,13.09,3.74,454.31,81.15,0.295267721,1.331311193,119.8888889,0.02,1.07,1.583333333,8.631578947,2.194444444,34.3164557,0.167325829,290.35,0.61,0.55,0.35,0.947,0.49,130.08
05087500,0.000135,295.73,0.46,1.94,30.19,-6.05,20.36,1.3,13.92,2.49,1102.67,68.63,0.25883636,2.358034092,124.4333333,0,1.38,3.666666667,21.44545455,2.866666667,81.88372093,26.42146573,68.18,0.85,0.76,0.55,0.936,0.38,136.168
05120500,0.001431,279.58,0.29,2.52,24.8,-10.72,5.04,0,14.44,21.95,1121.1,51.08,0.05991022,Inf,125,0,0.28,2.11627907,23.46153846,3.511627907,62.90728477,34.92518306,23.5,0.81,0.73,0.54,0.967,0.39,128.583
05123400,0.000686,918.2,0.31,2.69,25.45,-10.3,4.98,0.87,13.79,11.17,1018.23,52.33,0.054656479,Inf,130.6511628,0,0.3,1.860465116,82.05,2.11627907,114.1868132,58.20439351,67.27,0.86,0.76,0.54,0.979,0.44,135.214
05129115,0.002645,1126.78,0.48,1.01,56.41,-10.81,134.18,1.79,13.15,0.91,144.17,96.42,0.650439351,1.067219752,127.4418605,0.08,2.03,0.139534884,7.166666667,0.930232558,42.1,0,624.19,0.48,0.39,0.21,0.983,0.68,150.816
05131500,0.001076,2063.04,0.47,2.07,55.81,-8.53,119.71,1.13,13.44,3.59,444.61,93.64,0.595642152,1.60457371,125.5813953,0.05,2.44,2.837209302,8.204918033,2.534883721,40.34862385,0,1066.71,0.63,0.56,0.33,0.954,0.51,142.194
05244000,0.00032,750.36,0.32,1.09,70.79,-12.35,87.56,1.06,13.41,1.11,129.89,92.05,0.506459803,0.509010209,109.6666667,0.23,1.04,0,NA,0.03030303,1,0,483.52,0.26,0.29,0.17,0.981,0.57,137.134
05280000,0.000325,3477.86,0.51,1.1,51.24,-11.02,56.08,1.85,13.67,6.22,638.03,109.92,0.478191022,1.824424216,131.8139535,0.03,1.76,1,11.09302326,2,53.79069767,0,1330.57,0.59,0.45,0.21,0.991,0.57,150.435
05291000,0.003119,1093.39,1.04,1.87,31.25,-27.81,7.3,0.12,12.79,12.94,1062,90.08,0.226256606,1.584481046,113.3488372,0.01,0.85,3.790697674,7.920245399,4.093023256,38.46022727,3.043616683,97.14,0.76,0.73,0.56,0.784,0.31,120.067
05320500,0.000376,1516.19,0.53,1.28,49.25,-9.02,67.26,2.33,13.24,10.37,1149.93,132.23,0.68530277,2.044274723,133.5116279,0.01,2.73,3.441860465,7.587837838,3.093023256,43.33834586,0.082776186,803.05,0.67,0.54,0.3,0.962,0.45,146.726
05362000,0.001509,801.78,0.54,1.13,51.36,-14.08,152.69,2.95,12.95,4.34,216.07,114.41,0.929297039,1.359493082,111.2790698,0.08,3.8,4.906976744,5.004739336,5.511627907,18.72995781,0,562.15,0.65,0.62,0.41,0.89,0.33,119.77
05393500,0.002786,157.95,0.72,1.11,52.1,-18.46,156.59,3.06,12.52,3.97,140.64,111.4,1.065883477,1.331311193,113.7906977,0.09,4.36,5.604651163,4.298755187,6.697674419,14.80208333,0,95.75,0.66,0.63,0.44,0.827,0.31,121.352
05399500,0.00256,453.04,0.79,1.11,32.36,-11.73,84.85,2.31,12.76,8.04,381.89,116.63,0.789301496,1.539865117,107.9767442,0.02,3.54,9.465116279,4.5995086,9.372093023,20.10421836,0.019102197,184.12,0.79,0.75,0.56,0.646,0.24,112.512
05408000,0.008281,618.26,0.9,1.76,64.02,-33.13,152.47,1.14,11.58,9.5,74.67,133.36,0.781003502,0.42827016,101.8837209,0.37,1.58,1.139534884,1.428571429,0,NA,0,220.29,0.3,0.5,0.39,0.641,0.19,130.302
05410490,0.009181,1590.3,0.89,1.42,66.2,-36.28,154.97,1.08,11.78,9.39,78.33,135.05,0.840444216,0.383898191,102.575,0.44,1.62,0.15,2.666666667,0,NA,0,611.76,0.25,0.41,0.32,0.823,0.21,146.745
05412500,0.005063,3654.15,0.91,1.02,48.71,-21.57,99.59,1.71,12.32,6.01,169.28,151.5,0.857425661,1.023493341,115.6511628,0.14,2.65,2.395348837,2.737864078,2.11627907,15.67032967,0,1410.37,0.52,0.51,0.33,0.833,0.39,139.38
05413500,0.005682,718.03,1.01,1.95,58.36,-27.15,131.88,1.78,11.89,10.67,91.21,142.54,0.754883795,0.533609876,100.6976744,0.29,1.678,1.255813953,1.407407407,0,NA,0,219.1,0.36,0.49,0.37,0.564,0.15,142.048
05414000,0.006436,329.4,0.89,1.36,64,-23.69,144.88,1.8,11.85,10.98,107.52,141.89,0.805064629,0.615040623,102.8139535,0.28,1.81,1.441860465,1.580645161,0.11627907,6.6,0,121.42,0.38,0.49,0.37,0.559,0.19,144.363
05418500,0.003906,3958.27,0.99,1.29,48.45,-19.6,107.76,1.93,12.58,5.63,164.66,151.94,0.84887297,0.76673415,109.9534884,0.22,2.21,1.186046512,2.607843137,0.953488372,5.87804878,0,1391.48,0.43,0.48,0.34,0.839,0.31,138.838
05422000,0.002305,5109.72,0.84,1.05,43.11,-11.9,88.73,1.96,12.79,4.07,291.75,158.11,0.908985673,1.174542956,115.4651163,0.11,2.91,1.046511628,5.133333333,2.162790698,23.74193548,0,2243.37,0.52,0.45,0.26,0.961,0.49,137.749
05430500,9e-04,5523.41,0.64,1.26,55.66,-14.25,111.19,1.82,13.72,2.48,316.34,129.92,0.748038063,0.833383525,95.73170732,0.18,1.87,0,NA,2.195121951,4.344444444,0,2646.38,0.37,0.3,0.17,0.99,0.52,106.372
05435500,0.00599,3195.34,0.93,1.61,60.31,-9.84,135.66,1.13,12.15,11.78,145.99,143.49,0.875631682,0.612438459,99.92857143,0.3,2.11,0.166666667,3,0.095238095,5.5,0,1232.49,0.35,0.4,0.27,0.974,0.34,119.631
05440000,0.001497,1844.17,0.65,1.07,44.77,-10.71,103.54,2.02,12.99,5.33,491.34,149.59,0.856605606,1.020441054,100.0714286,0.14,2.69,1.833333333,2.987012987,2.619047619,12.50909091,0,995.41,0.5,0.48,0.31,0.903,0.37,104.789
05444000,0.003609,318.65,0.84,1.29,46.26,-16.7,104.55,2.06,12.56,6.24,263.77,152.22,0.822063037,0.732099418,104.5116279,0.21,1.96,2.441860465,1.533333333,0.88372093,10.52631579,0,126.82,0.44,0.51,0.4,0.615,0.25,116.616
05447500,0.002554,1840.52,0.68,1.01,40.33,-9,90.97,2.35,13.53,5.54,367.78,154.99,0.748183381,1.109002432,103.8837209,0.08,2.31,1.837209302,2.215189873,2.465116279,18.81132075,0,828.78,0.5,0.43,0.27,0.894,0.44,109.714
05451500,0.001587,2129.25,0.54,1.46,43.13,-10.76,69.06,3.47,13.28,3.52,562.6,160.72,0.778453996,1.485109794,123.2790698,0.05,2.818,2.23255814,4.947916667,3.069767442,27.35606061,0,1263.26,0.59,0.49,0.28,0.947,0.51,143.492
05452000,0.003356,452.92,0.88,1.05,40.01,-12.47,76.69,1.88,12.69,4.05,329.32,165.97,0.828719687,1.384599602,122.3095238,0.05,2.6,5.071428571,2.483568075,4.238095238,22.01685393,0,174.92,0.64,0.59,0.43,0.606,0.28,140.849
05454000,0.002173,59.82,0.88,1.32,31.69,-12.14,69.72,2,12.46,7.6,122.74,162.48,0.755881566,1.568906381,110.6744186,0,2.35,6.255813953,2.144981413,6.534883721,17.78291815,5.087551735,21.15,0.68,0.6,0.45,0.382,0.19,126.165
05454500,0.002827,6165.24,0.73,1.09,40.02,-11.88,70.54,2.5,12.91,4.39,414.62,163.94,0.790072588,1.428840537,122.0930233,0.05,2.46,0.11627907,26.4,3.558139535,21.2745098,0,2729.71,0.54,0.39,0.17,0.98,0.52,147.936
05455500,0.003377,1273.27,0.86,1.03,33.28,-13.1,66.01,1.42,12.8,9.79,279.91,168.98,0.773937599,1.7190845,116.9767442,0.02,3.09,7.395348837,3.122641509,5.581395349,23.77916667,0.076408787,470.82,0.71,0.64,0.45,0.833,0.27,134.708
05457700,0.000906,1766.14,0.63,1.34,51.41,-10.01,87.24,1.76,13.22,5.59,442.38,148.48,0.818439905,1.108349471,128,0.13,2.75,3.243243243,3.408333333,2.972972973,11.45454545,0,933.73,0.55,0.56,0.36,0.876,0.39,142.689
05458000,0.001654,598.46,0.78,1.08,51.69,-10.46,91.22,1.43,12.85,5.42,324.26,154.63,0.800041069,1.401206054,130.4761905,0.06,2.87,4.285714286,3.744444444,3.904761905,24.36585366,0,250.42,0.63,0.6,0.41,0.803,0.32,145.529
05458500,0.001301,2981.29,0.69,1.05,50.74,-10.45,88.02,1.73,13.08,5.55,389.29,152.08,0.857835721,1.152155278,128.1395349,0.13,2.81,2.395348837,3.72815534,3.255813953,12.22857143,0,1520.71,0.54,0.52,0.33,0.914,0.42,145.493
05462000,0.001153,2583.49,0.58,1.09,49.61,-11.53,81.46,2.04,13,4.8,397.53,152.68,0.796419463,1.303408158,131.5428571,0.08,2.74,2.257142857,3.860759494,2.285714286,25.075,0,1460.05,0.56,0.48,0.27,0.924,0.46,145.531
05466500,0.002789,971.53,0.84,1.32,37.36,-13.41,84.3,1.93,12.99,7.55,416.04,160.4,0.819083382,1.384599602,110.4047619,0.04,3.052,4.523809524,3.452631579,4.095238095,23.53488372,0.039115979,389.21,0.63,0.56,0.37,0.877,0.4,115.654
05471500,0.003196,3097.55,0.73,1.03,36.19,-13.11,59.38,2.5,12.8,4.69,454.88,168.7,0.776362942,1.658549096,126.3023256,0.03,3.028,2.860465116,5.146341463,3.651162791,28.40127389,0,1349.1,0.61,0.5,0.29,0.958,0.46,147.665
05472500,0.004041,1769.52,0.93,1.33,33.48,-13.3,62.14,1.36,12.5,5.26,302.38,171.89,0.771141675,1.671984464,121.9534884,0.03,3.21,5.23255814,4.106666667,4.906976744,23.95734597,0,598.63,0.66,0.58,0.38,0.909,0.35,139.979
05476500,0.00144,2242.8,0.62,1.16,44.93,-15.88,36.43,2.91,13.3,5.01,614.43,114.57,0.486017993,2.358034092,130.4285714,0,2.21,2,18.28571429,2.5,59.02857143,7.686289849,717.11,0.69,0.54,0.29,0.986,0.59,147.829
05479000,0.000485,1278.15,0.38,1.16,48.95,-9.38,58.89,3.84,13.69,5.13,641.68,140.87,0.64826361,2.09394265,128.7674419,0.02,2.518,2.023255814,10.63218391,3.930232558,32.84615385,0.025469596,892.57,0.64,0.5,0.25,0.978,0.57,141.576
05481000,0.000621,997.59,0.46,1.05,43.73,-8.14,61.48,3.03,13.56,6.97,743.06,154.5,0.748169373,2.069342983,127.6046512,0.02,3.05,4.488372093,6.471502591,4.976744186,27.69158879,0.286532951,668.85,0.69,0.57,0.34,0.937,0.47,142.043
05482500,0.001966,1877.24,0.45,1.36,50.81,-10.38,61.81,3.62,13.35,8.12,699.99,147.06,0.634587711,1.878147752,128.2093023,0.02,2.56,3.860465116,5.63253012,4,30.53488372,0.254695957,1083.87,0.65,0.54,0.32,0.953,0.49,145.203
05484500,0.003594,5043.85,0.57,1.1,49.6,-12.93,65.62,3.39,13.16,7.76,546.95,156.5,0.63516014,1.726894873,128.2790698,0.04,2.47,3.418604651,5.040816327,4.302325581,25.03243243,0,2303.91,0.62,0.51,0.28,0.936,0.52,146.557
05487980,0.004333,787.03,0.89,1.01,17.53,-15.37,30.95,1.99,12.19,10.61,491.36,182.21,0.697057625,2.21937503,135.5813953,0.01,2.956,11.23255814,3.480331263,8.674418605,21.52546917,3.661254378,244.5,0.82,0.76,0.59,0.632,0.22,137.963
05488200,0.003001,206.57,0.88,2.05,19.37,-14.15,34.83,1.72,12.38,10.19,515.19,178.49,0.694590055,2.79035986,129.4324324,0,2.55,11.13513514,3.546116505,8.486486486,23.31528662,8.398697647,66.99,0.84,0.78,0.63,0.552,0.21,136.7
05489000,0.004576,926.54,0.96,1.04,19.08,-14.79,35.19,1.63,12.35,9.53,514.77,179.46,0.718758994,2.21937503,129.7209302,0.01,2.77,11.46511628,3.09127789,9.88372093,19.23529412,3.616682585,283.28,0.82,0.77,0.62,0.525,0.19,139.888
05495000,0.002851,915.46,0.89,2.09,18.66,-12.17,37.2,1.8,12.85,13.11,616.15,176.28,0.812228162,2.169707102,124.6428571,0,4.06,11.92857143,4.037924152,10.5,19.67346939,5.482398957,342.49,0.83,0.76,0.58,0.752,0.21,126.845
05495500,0.002491,734.61,0.81,1.06,14.86,-7.6,31.83,2.46,13.14,11.44,723.19,168.8,0.775119948,2.243523301,137.5,0,3.52,14.38095238,3.427152318,12.11904762,17.73280943,8.859191656,286.38,0.85,0.79,0.62,0.59,0.16,120.355
05501000,0.003093,808.37,0.88,1.17,11.23,-9.7,23.67,1.97,12.7,15.05,1058.61,177.88,0.810738618,2.21937503,125.5813953,0.01,3.5,12.72093023,3.400365631,10.74418605,18.68181818,3.241006049,305.65,0.83,0.78,0.61,0.548,0.16,110.458
05503800,0.00129,162.79,0.77,1.26,10.97,-6.55,23.78,1.99,13.36,17.08,1950.65,180.36,0.74089844,3.375585916,135.6976744,0,3.52,15.1627907,3.952453988,13.72093023,18.1440678,25.15759312,64.43,0.89,0.84,0.69,0.541,0.14,118.179
05507600,0.001742,235.36,0.88,2.06,7.84,-4.7,15.76,1.11,13.47,14.34,2218.76,175.9,0.713695638,3.03030303,125.0930233,0,2.778,15.44186047,3.825301205,15.20930233,17.44036697,27.53263292,78.12,0.91,0.86,0.73,0.416,0.11,109.119
05508000,0.002613,5938.73,0.92,1.1,11.33,-8.46,24.03,1.63,13.01,13.94,1256.75,179.52,0.798170646,3.51018937,133.4883721,0.02,3.37,7.302325581,5.640127389,24.39534884,6.88465205,0.171919771,2104.9,0.68,0.5,0.21,0.923,0.29,145.143
05508805,0.004659,579.5,1.07,1.17,10.13,-7.75,20.89,1.26,12.83,13.15,1570.34,172.96,0.724679401,2.243523301,115.0465116,0,2.908,13.46511628,3.124352332,11.11627907,18.87656904,12.12352754,159.89,0.85,0.8,0.65,0.468,0.14,104.416
05514500,0.003517,2561.73,1.06,1.24,11.22,-8.13,22.63,1.72,12.61,17.57,1243.49,174.37,0.792959583,2.169707102,110.6666667,0,3.42,14.21428571,3.24120603,10.97619048,18.37744035,5.75619296,782.53,0.83,0.77,0.6,0.588,0.16,104.846
05515500,0.00064,359.27,0.27,1,66.94,-6.38,222.26,3.74,13.56,2.79,380.38,152.87,1.050036294,0.539446,84.48837209,0.48,2.06,0,NA,0,NA,0,587.57,0.25,0.24,0.14,0.965,0.61,74.577
05517000,0.000478,251.01,0.22,1.05,60.39,-5.58,191.21,2.9,13.71,3.34,874.92,148.7,0.97196689,0.884504898,84.34883721,0.24,2.75,0.465116279,3.7,0.651162791,5.464285714,0,448.37,0.43,0.43,0.26,0.95,0.51,78.542
05517500,4e-04,875.19,0.25,1.03,63.62,-5.52,207.45,3.48,13.83,2.39,517.04,152.12,1.062994588,0.691481599,86.6744186,0.36,2.36,0,NA,0.069767442,2.333333333,0,1495.96,0.32,0.26,0.14,0.984,0.67,81.361
05518000,0.000433,1270.91,0.28,1.02,60.96,-5.43,198.82,3.56,13.82,2.24,486.21,153.31,1.051456861,0.744870317,87.11627907,0.33,2.32,0,NA,0.186046512,7.125,0,1959.67,0.32,0.23,0.11,0.986,0.68,81.993
05520500,0.00057,1805.84,0.31,1.06,55.75,-5.19,180,3.48,13.86,2.71,540.25,154.8,1.054932824,0.879445838,87.37209302,0.28,2.46,0,NA,0.488372093,7.476190476,0,2530.51,0.36,0.26,0.12,0.972,0.65,81.997
05525500,0.000369,839.27,0.72,2.1,33.83,-3.78,85.86,2.04,13.61,9.86,1311.78,167.85,0.932844317,1.867577062,90.69767442,0.02,4.07,7.209302326,3.593548387,5.418604651,24.32618026,0.031836995,441.98,0.7,0.6,0.39,0.822,0.33,88.672
05526000,0.000247,3681.77,0.68,1,37.13,-4.43,100.68,2.54,13.98,7.07,1184.84,164.62,0.962325374,1.60717202,90.88372093,0.04,3.85,2.697674419,5.905172414,4.11627907,26.91525424,0,2136.56,0.62,0.5,0.28,0.959,0.45,88.752
05542000,0.000141,781.01,0.67,1.39,34.45,-3.45,83.25,1.77,13.93,10.69,2297.59,163.92,0.901075365,2.003580132,109.725,0,3.72,8.325,3.438438438,5.325,27.01408451,7.091518927,430.97,0.73,0.63,0.43,0.743,0.24,84.59
05552500,0.001959,3818.22,0.56,1.02,42.81,-10.8,96.47,2.03,13.28,4.71,535.84,145.45,0.890019102,0.941787373,94.79069767,0.19,2.41,0.558139535,1.666666667,2.139534884,7.206521739,0,2468.66,0.43,0.38,0.22,0.89,0.47,97.53
05554500,0.000424,991.69,0.66,1.41,30.85,-3.41,73.22,1.87,13.83,10.44,2982.51,165.76,0.824007641,2.073474992,117.6744186,0.01,3.37,6.697674419,3.388888889,4.488372093,30.40414508,3.190066858,505.78,0.7,0.58,0.38,0.861,0.34,90.798
05555300,0.000556,2068.22,0.64,1.01,30.28,-4.01,70.55,1.86,13.66,9.68,2301.48,164.41,0.808405603,1.990632301,100.2093023,0.01,3.27,5.930232558,3.552941176,4.465116279,29.796875,0.318369946,1072.33,0.68,0.57,0.37,0.864,0.35,88.701
05556500,0.002623,518.57,1.02,1.43,38.86,-11.8,88.09,2.24,12.98,9.03,430.26,153.66,0.831763133,1.658549096,100.9534884,0.02,2.88,4.976744186,2.327102804,4.302325581,26.51891892,0.216491563,172.37,0.65,0.55,0.38,0.637,0.31,102.903
05569500,0.002564,2382.78,0.86,1.12,34.65,-10.37,77.84,1.99,12.94,7.12,524.3,160.29,0.783444763,1.510031981,111.0232558,0.04,2.8,4.162790698,3.446927374,4.162790698,24.02234637,0.152817574,887.46,0.62,0.54,0.36,0.881,0.41,108.631
05570000,0.002468,3500.76,0.82,1.05,36.66,-10.5,82.34,2,12.93,7.31,509.32,162.07,0.784086597,1.445821984,108.9069767,0.04,2.9,3.604651163,3.980645161,3.88372093,25.49700599,0.05730659,1359.31,0.62,0.54,0.35,0.919,0.41,109.22
05582000,0.001621,3411.64,0.73,1.05,36.73,-6.42,83.27,2.24,13.41,5.3,969.3,165.7,0.825491245,1.639707774,101.2790698,0.07,2.95,3.186046512,3.401459854,4.186046512,24.04444444,0,1577.14,0.59,0.5,0.28,0.924,0.43,103.72
05584500,0.00243,1312.8,0.77,1.04,30.38,-7.84,66.84,2.79,13.17,8.58,727.28,166.34,0.753563196,1.919601381,118.1395349,0.01,3.28,8.069767442,3.847262248,6.720930233,22.60899654,1.82107609,521.88,0.74,0.66,0.47,0.842,0.27,116.561
05585000,0.002551,2661.43,0.79,1.28,29.15,-8.45,63.92,2.65,12.99,10.71,619.84,165.86,0.751338427,1.824424216,112.1395349,0.02,3.82,7.372093023,5.088328076,7.465116279,21.01557632,0.846864056,1029.75,0.73,0.65,0.43,0.924,0.33,117.741
05591550,0.001603,68.63,0.71,1.62,28.47,-4.63,65.42,2.89,13.48,9.11,900.99,178.51,0.881665075,2.382182364,88.3255814,0,3.446,8.558139535,2.910326087,5.720930233,25.29268293,14.66411971,35,0.74,0.65,0.46,0.568,0.29,78.447
05592050,0.001572,197.16,0.76,1.28,22.28,-5.34,49.75,1.99,13.25,6.7,1074.82,174.31,0.81841006,2.496693154,94.58139535,0,3.138,10.25581395,2.861678005,8.186046512,20.51420455,11.72238141,87.4,0.79,0.72,0.55,0.554,0.24,81.397
05592500,0.001293,3403.97,0.68,1.25,24.83,-4.71,56.61,2.27,13.49,8.17,1293.25,175.11,0.873391786,1.69487276,81.83333333,0.03,2.95,1.833333333,2.532467532,5.023809524,21.21800948,0,1795.7,0.58,0.42,0.23,0.897,0.51,72.995
05592575,0.002162,92.51,0.79,1.3,12.01,-3.39,27.2,2.03,13.66,6.57,1518.24,183.28,0.951521984,2.680626004,82.67647059,0,4.023,18.88235294,3.070093458,15.91176471,14.54713494,20.21259462,45.42,0.87,0.81,0.65,0.354,0.2,80.669
05593000,0.001263,5035.42,0.71,1,20.97,-4.49,47.76,2.28,13.49,9.29,1347.01,177.02,0.854802292,2.130565365,84,0.02,3.02,0,NA,4.511627907,25.59793814,0.025469596,2464.95,0.56,0.31,0.1,0.989,0.63,73.845
05593575,0.001459,212.49,0.96,1.59,9.72,-3.68,23.04,1.97,13.48,15.02,1909.23,192.88,0.957177332,2.203026448,91.95348837,0,5.198,19.76744186,2.888235294,19.74418605,12.95877503,11.7733206,86.39,0.88,0.83,0.66,0.531,0.17,71.649
05593900,0.000854,128.86,0.88,1.15,14.59,-4.57,32.75,2.01,13.81,11.35,1451.24,172.8,0.836936008,2.358034092,94.79069767,0,3.6,15.81395349,2.567647059,13.34883721,15.66550523,12.86851321,49.79,0.85,0.8,0.65,0.474,0.19,78.003
05594000,0.001374,1608.85,0.84,1.43,14.24,-5.2,31.81,2.28,13.46,14.04,1610.16,173.84,0.852448902,2.058260443,91.44186047,0.02,4.1,9.441860465,4.881773399,9.651162791,17.77108434,0.483922318,667.51,0.75,0.66,0.43,0.909,0.33,81.223
05595730,0.002282,236.65,1.03,1.27,9.36,-4.87,23.12,2.05,13.03,11.54,1195.99,197.88,1.043949698,3.942515138,90.93023256,0,5.108,19.06976744,3.408536585,17.1627907,14.09349593,24.52722063,97.51,0.89,0.82,0.66,0.516,0.2,71.663
06037500,0.006176,416.13,0.37,1.25,81.96,-26.65,375.53,1.7,11.14,0.18,52.85,33.14,1.075919787,0.23994317,117.5405405,0.75,2.01,0,NA,0,NA,0,495.86,0.18,0.49,0.33,0.955,0.68,150.216
06043500,0.04986,1552.14,0.73,1.02,77.4,-67.77,265.8,1.83,10.07,1.21,19.86,26.99,0.927240242,0.631139219,153.0769231,0.29,3.43,1.512820513,6.440677966,0.025641026,1,0,803.8,0.49,0.59,0.35,0.944,0.87,166.568
06154410,0.013878,26.66,0.56,1.11,51.79,-103.56,9.91,0,10.33,44.41,70.81,29.7,0.180033044,0.638949592,139.7586207,0.06,0.51,1.310344828,5.631578947,0.034482759,2,0,3.52,0.49,0.65,0.48,0.858,0.44,160.261
06188000,0.027517,803.49,0.46,1.12,73.11,-70.47,359.75,0.54,9.99,1.03,20.01,27.83,1.348693577,1.115081168,152.4285714,0.13,6.76,2.057142857,28.63888889,6.2,27.97695853,0,953.8,0.71,0.66,0.39,0.924,0.82,157.548
06191500,0.027241,3389.03,0.5,1.06,74.27,-57.77,372.25,0.92,10.7,0.85,27.09,25.65,1.136315186,0.945531454,158.3488372,0.23,4.29,1.860465116,8.6875,1.976744186,6.729411765,0,3150.05,0.54,0.54,0.28,0.946,0.94,171.725
06192500,0.031291,4958.87,0.54,1.06,74.11,-61.51,347.64,0.76,10.47,1.02,24.93,24.7,0.996833178,0.750862072,156.7804878,0.26,3.62,1.317073171,8.074074074,0.634146341,3.5,0,3747.12,0.51,0.56,0.31,0.954,0.91,171.541
06221400,0.08693,132.29,0.57,1.19,65.17,-91.32,348.01,0,9.74,1.88,10.04,26.16,1.502984432,2.862068703,185.0857143,0.06,5.57,4.742857143,15.36746988,2.714285714,64.48421053,0,141.41,0.66,0.46,0.14,0.877,1.08,193.15
06224000,0.064832,207.46,0.43,1.12,63.84,-90.93,393.39,0,9.91,0.09,14.43,24.91,1.399567017,2.118090922,172.0930233,0.08,5.84,3.395348837,13.35616438,2.930232558,51.87301587,0,280.42,0.66,0.54,0.26,0.925,0.94,182.697
06225500,0.035074,3262.49,0.66,1.17,64.68,-59.11,217.41,0,10.17,2.07,47.66,20.75,0.566483647,1.627633892,169.8918919,0.11,1.8635,1.351351351,8.68,2.567567568,8.568421053,0,1137.38,0.52,0.48,0.23,0.956,0.94,188.469
06278300,0.024648,28.4,0.48,1.19,56.65,-33.56,261.38,0.44,10.13,0,19.23,57.45,1.266902868,1.257494994,157.2142857,0.08,7.11,2.452380952,19.66990291,3.357142857,57.08510638,0,30.65,0.77,0.74,0.52,0.884,0.65,163.95
06280300,0.089318,634.36,0.8,1.01,65.83,-99.62,362.07,0,9.48,0.92,5.84,27.22,1.262016297,1.145060685,165.5714286,0.2,5.4615,2.785714286,10.93162393,7.619047619,9.31875,0,409.46,0.61,0.59,0.32,0.92,0.88,175.391
06289000,0.038572,265.48,0.56,1.1,71.95,-51.59,160.89,0.05,9.95,1.35,44.02,33.87,0.740261063,0.483941948,151.0465116,0.26,2.61,1.325581395,6.649122807,0.418604651,1.777777778,0,142.77,0.45,0.61,0.4,0.953,0.78,168.274
06291500,0.019623,126.38,0.57,1.6,72.25,-48.91,59.94,0,10.11,25.46,262.76,31.01,0.475926082,0.601114102,150.6923077,0.11,1.92,1.576923077,10.26829268,1.884615385,5.244897959,0,42.87,0.53,0.62,0.41,0.937,0.76,161.515
06311000,0.005142,29.17,0.46,1.04,64.9,-29.37,124.48,0.01,10.53,0,16.47,54.6,0.588251198,1.205878814,147.675,0.06,2.95,3.075,14.32520325,3.925,34.65605096,0,15.16,0.7,0.68,0.45,0.915,0.72,156.225
06332515,0.004818,168.12,0.88,2.71,18.87,-31.55,3.81,1.05,11.95,5.29,387.99,41.94,0.053751671,Inf,98.6744186,0,0.16,7.139534884,18.28990228,6,49.79844961,64.24705508,4.3,0.92,0.9,0.8,0.721,0.23,95.057
06334500,0.003639,4116.51,0.81,1.81,53.5,-19.62,12.06,0.39,12.58,18.71,2383.74,34.2,0.058329195,Inf,116.3255814,0,0.28,3.744186047,9.956521739,5.23255814,49.44888889,45.01114295,122.61,0.86,0.82,0.67,0.94,0.31,119.917
06339100,0.002171,520.57,0.98,2.66,15.62,-39.2,3.01,0.95,12.27,2.47,283.77,41.13,0.068533588,Inf,94.1627907,0,0.23,4.255813953,7.568306011,5.744186047,44,37.33205985,14.88,0.88,0.86,0.75,0.67,0.23,98.456
06339500,0.002389,2699.97,0.86,2.7,15.99,-32.38,3.68,0.5,12.56,3.63,419.24,44.76,0.057920408,0.912212108,101.2790698,0,0.2,4.279069767,8.157608696,5.186046512,44.78026906,29.4364852,74.29,0.83,0.81,0.67,0.855,0.25,105.12
06340500,0.002487,4973.93,0.86,1.45,16.69,-36.64,3.66,0.88,12.56,3.97,433.83,45.47,0.067719198,1.445821984,96.97674419,0,0.23,3.139534884,7.214814815,4.76744186,32.32682927,6.736708055,160.4,0.75,0.77,0.63,0.881,0.26,104.668
06344600,0.001675,423.81,1.03,2.21,15.79,-47.32,3.01,0,12.7,3.85,298.81,40.83,0.071828717,Inf,101.7674419,0,0.19,3.697674419,8.062893082,5.511627907,47.73839662,43.99872652,12.15,0.9,0.88,0.78,0.69,0.2,103.081
06350000,0.00177,1434.81,0.95,1.95,17.47,-33.74,3.1,0.89,12.94,19.16,723,43.63,0.057498886,0,104.1162791,0,0.15,2.953488372,9.31496063,3.837209302,65.31515152,23.47023241,35.33,0.84,0.86,0.75,0.834,0.2,106.176
06352000,0.00138,1290.19,0.9,2.12,18.43,-32.85,3.47,0.67,12.94,14.96,571.83,42.54,0.057500159,Inf,103.6744186,0,0.17,2.744186047,10.88983051,3.558139535,72.28104575,37.21107927,33.92,0.86,0.85,0.73,0.884,0.23,101.991
06353000,0.001911,4128.81,0.91,1.63,18.59,-38.96,3.57,0.51,12.71,10.46,561.33,45.58,0.048306272,Inf,111.1395349,0,0.19,3.558139535,9.241830065,3.976744186,43.23391813,47.0741802,90.76,0.86,0.8,0.65,0.929,0.28,106.207
06354000,0.002119,9808.16,0.93,1.53,18.38,-41.06,3.49,0.6,12.67,10.09,518.59,46.32,0.057908309,Inf,110.2790698,0,0.21,4.023255814,9.676300578,4.76744186,47.05365854,33.66443808,250.41,0.83,0.78,0.63,0.92,0.29,108.255
06359500,0.004528,7672.16,1.14,1.51,39.7,-40.74,8.39,0.48,12.39,10.92,1284.43,42.8,0.058113976,Inf,124.3488372,0,0.22,4.162790698,7.793296089,6.302325581,40.41328413,40.88506845,160.57,0.87,0.83,0.7,0.882,0.25,121.726
06360500,0.004514,13647.41,1.08,2.81,31.88,-43.14,6.62,0.34,12.45,14.37,996.93,45.6,0.065578227,Inf,124.7619048,0,0.29,4.595238095,9.440414508,5.285714286,47.77477477,49.79791395,341.04,0.88,0.82,0.65,0.913,0.3,116.042
06404000,0.014367,125.29,0.83,1.43,60.13,-84.28,25.66,0.99,10.8,8,78.35,55.67,0.149128303,1.824424216,138.6976744,0,0.53,2.627906977,8.504424779,6.023255814,20.02702703,12.00254696,9.24,0.74,0.68,0.52,0.74,0.37,155.197
06406000,0.009501,392.57,0.9,2.77,58.62,-80.09,23.87,0.75,11.31,6.85,363.48,51.85,0.101793696,1.445821984,115.9534884,0.01,0.268,1,9.302325581,3.651162791,27.33757962,1.037886024,18.22,0.6,0.57,0.43,0.813,0.28,166.057
06408700,0.010395,14.43,0.53,1.19,80.96,-89.31,34.77,0,11.22,5.86,60.98,83.68,0.531605476,0.429930783,93.76923077,0.3,0.81,0,NA,0,NA,0,5.98,0.17,0.06,0.03,0.998,0.07,195.774
06409000,0.010395,107.74,0.52,1.09,80.8,-94.42,27.92,0.94,10.87,5.93,99.63,79.23,0.183905126,0.499424996,111.3488372,0.08,0.37,0.046511628,1.5,0,NA,0,15.45,0.27,0.3,0.2,0.919,0.48,156.709
06426500,0.005658,3792.99,0.87,2.68,50.2,-18.98,10.59,1.01,13.11,4.17,2119.17,31.43,0.012715364,Inf,114.1621622,0,0.05,8.675675676,16.24922118,8.675675676,25.84423676,61.39727649,24.29,0.76,0.76,0.64,0.848,0.24,113.255
06431500,0.017643,300.41,0.7,1.05,76.39,-73.57,36.38,0.47,10.88,4.56,65.09,78.26,0.388776823,0.501896441,111.744186,0.19,0.66,0.139534884,3.833333333,0.046511628,3,0,68.01,0.26,0.32,0.25,0.905,0.4,147.229
06440200,0.003149,717.78,1.1,1.44,46.91,-49.01,8.95,0,12.99,25.86,1378.3,52.82,0.071444888,NA,131.6857143,0,0.21,9.742857143,10.6744868,9.857142857,29.89275362,71.52468122,19.47,0.95,0.91,0.81,0.636,0.18,132.523
06441500,0.004969,8807.25,1.08,3.18,42.53,-50.62,8.58,0.02,12.36,33.67,2386.04,54.29,0.060597262,Inf,121.7209302,0,0.26,5.395348837,24.2112069,6.186046512,44.30075188,64.23432028,202.52,0.92,0.86,0.71,0.863,0.29,114.651
06447000,0.004831,12801.23,1.01,1.3,59.77,-50.18,12.67,0.04,12.55,23.33,2632.28,49.05,0.0569844,1.445821984,126.5581395,0,0.24,6.860465116,3.450847458,10.1627907,17.69565217,24.00509392,296.9,0.75,0.69,0.52,0.77,0.35,136.577
06447500,0.001317,539.05,0.69,1.52,64.51,-54.48,14.47,0.35,13.37,25.05,408.19,54.58,0.078974212,0.736478935,94.02325581,0.02,0.21,0.976744186,3.380952381,0.674418605,10.10344828,0,25.39,0.45,0.51,0.37,0.901,0.42,103.014
06450500,0.00624,3253.01,0.82,1.04,68.06,-63.8,14.62,0.54,12.64,16.65,312.93,59.24,0.103959249,0.672268938,98.55813953,0.03,0.24,0.697674419,2.366666667,1.279069767,2.036363636,0,168.64,0.38,0.46,0.34,0.801,0.46,108.085
06452000,0.005214,25070.85,0.98,2.67,58.77,-50.15,12.62,0.14,12.46,24.91,1860.36,55.3,0.069481057,1.824424216,118.9534884,0,0.27,5.674418605,5.086065574,5.511627907,24.10970464,9.079910856,725.01,0.7,0.66,0.48,0.878,0.41,126.487
06453600,0.001408,1122.1,0.53,1.28,57.19,-48.42,17.59,0.91,12,26.77,585.85,88.83,0.136469277,1.824424216,116.3488372,0,0.53,4.186046512,6.977777778,4.488372093,29.01554404,14.19293219,117.74,0.73,0.65,0.47,0.838,0.37,123.154
06454500,0.002027,1622.95,0.45,1.99,67.64,-61.82,14.72,0.49,12.43,2.55,211.95,38.41,0.017491575,0.912212108,82.92307692,0.01,0.03,0.076923077,1,0.923076923,3.5,0.884582982,25.67,0.27,0.23,0.17,0.761,0.71,75.998
06464500,0.003329,1775.07,0.61,1.68,69.98,-65.01,20.23,1.03,12.85,6.09,161.19,71.53,0.089493792,0.736478935,105.4651163,0.02,0.28,1.604651163,4.652173913,1.441860465,10.59677419,0.184654569,107,0.52,0.54,0.38,0.926,0.48,112.984
06468170,0.000578,657.32,0.28,1.23,25.02,-9.19,5,0.16,13.65,17.88,996.13,57.01,0.087264565,Inf,120.1162791,0,0.448,2.697674419,63.65517241,2.790697674,87.21666667,52.98312639,83.31,0.88,0.81,0.63,0.966,0.34,121.214
06468250,0.000577,744.77,0.28,1.38,24.93,-9.46,5,0.2,13.59,16.39,919.7,57.66,0.092109662,Inf,130.7105263,0,0.51,1.447368421,37.83636364,3.131578947,74.13445378,46.76129404,101.47,0.87,0.79,0.61,0.972,0.36,124.219
06470800,8.9e-05,225.32,0.3,1.56,30.32,-7.56,6.12,2.22,14.05,7.97,2538.01,71.78,0.099745304,Inf,124.2093023,0,0.44,2.395348837,74.02912621,3.23255814,71.64028777,51.44858325,30.54,0.88,0.8,0.61,0.958,0.34,125.694
06477500,0.002688,755.12,0.56,1.86,19.62,-19.44,3.76,0.56,13.37,31.7,1207.52,84.28,0.086083413,Inf,135.8372093,0,0.37,3.348837209,38.70138889,2.720930233,100,64.51448583,47.91,0.92,0.87,0.73,0.894,0.26,128.287
06479215,0.002025,153.06,0.86,1.56,29.43,-36.78,6.15,1.48,12.93,6.23,529.53,86.81,0.21446223,2.736636324,114.3846154,0,0.91,4.461538462,18.66091954,4.051282051,52.74683544,26.03201348,15.64,0.82,0.73,0.52,0.837,0.32,119.533
06479438,0.002218,523.1,0.84,1.71,29.31,-27.73,6.24,1.42,13.02,6.25,710.84,88.18,0.207293219,2.891643968,113.3488372,0,0.88,3.395348837,12.64383562,3.279069767,60.32624113,19.84718243,52.9,0.81,0.73,0.55,0.828,0.31,122.906
06480000,0.001595,4582.44,0.75,1.31,28.58,-20.7,6.98,1.32,12.99,6.34,660.13,93.33,0.213995543,1.648691043,123.6511628,0,0.89,1.744186047,17.41333333,2.813953488,47.98347107,5.183062719,531.98,0.69,0.59,0.37,0.965,0.46,139.188
06600500,0.001652,1525.71,0.66,1.23,41.75,-17.09,28.75,3.09,12.63,10.2,393.79,119.01,0.441524355,1.279011177,123.6511628,0.04,1.43,2.418604651,3.894230769,3.697674419,18.42767296,0,414.7,0.58,0.52,0.33,0.856,0.4,141.026
06601000,0.003139,213.44,0.47,1.12,43.53,-27.88,28.41,2.34,12.1,4.42,170.92,123.87,0.365976441,0.950360979,116,0.05,0.88,1.860465116,1.6,2.534883721,13.40366972,0.165552372,67.71,0.48,0.47,0.37,0.422,0.23,140.615
06606600,0.002575,4458.89,0.68,1.33,50.62,-16.3,48.45,3.34,12.93,7.58,454.65,125.04,0.567321235,1.584481046,129.5813953,0.03,2.02,1.23255814,8.037735849,3.186046512,31.27737226,0.063673989,1477.22,0.6,0.48,0.26,0.971,0.54,142.827
06607200,0.005115,1667.72,0.96,1.02,49.1,-20.75,50.54,2.4,12.18,10.49,235.41,133.5,0.574629726,1.147378344,124.2619048,0.06,1.65,1.904761905,2.325,3.428571429,16.09722222,0,407.33,0.52,0.46,0.31,0.787,0.39,149.069
06609500,0.00512,2042.94,0.9,1.09,47.74,-22.36,57.42,3.12,12.01,7.72,180.12,146.22,0.560290353,1.257494994,121.7906977,0.05,1.67,2.581395349,1.963963964,3.255813953,18.25,0,517.46,0.54,0.48,0.33,0.696,0.34,149.238
06614800,0.099723,3.61,0.78,1.31,61.59,-46.08,416.75,0,8.74,0,2,52.34,1.565600764,1.465612491,169.2325581,0.13,8.56,1.906976744,28.95121951,2.837209302,63.78688525,0,3.03,0.72,0.67,0.41,0.931,0.78,178.364
06622700,0.016012,64.95,0.64,1.1,56.02,-42.39,244.43,0,10.03,0,30.11,69.45,1.204656479,0.638949592,151.5116279,0.18,6.82,2.023255814,20.97701149,9.348837209,13.98258706,0,49.98,0.71,0.74,0.52,0.952,0.68,158.107
06623800,0.023801,107.98,0.57,1.13,60.69,-57.44,313.86,1.01,10.73,0,8.38,59.25,1.475102197,0.867596178,155.4651163,0.21,7.8,1.604651163,27.98550725,6.23255814,17.54477612,0,113.89,0.68,0.69,0.44,0.957,0.78,162.27
06632400,0.015842,90.9,0.56,1.2,53.05,-54.63,258.89,0,10.63,0,30.48,76.53,1.179728749,0.950360979,155.8604651,0.12,6.87,1.813953488,29.14102564,6.023255814,32.84942085,0,78.54,0.74,0.73,0.48,0.944,0.73,162.131
06746095,0.040968,5.37,0.59,1.06,61.64,-126.72,402.06,0,8.76,0,5.95,52.52,2.717837631,1.904208879,167.7209302,0.13,14.83,2.046511628,28.68181818,2.465116279,77.83962264,0,10.08,0.75,0.67,0.41,0.942,0.77,177.157
06784000,0.003646,5548.77,0.97,1.05,39.71,-32.96,19.6,2.37,12.28,12.83,254.9,105.51,0.096191659,0.330740816,94.72093023,0.03,0.19,0.558139535,2.25,0.395348837,9.294117647,0.114613181,223.91,0.33,0.4,0.38,0.801,0.27,106.416
06799500,0.001888,1816.56,0.69,1.09,47.06,-17.74,30.46,3.31,12.43,7.2,386.01,119.08,0.358263518,0.832427445,116.875,0.05,0.99,2.775,1.765765766,1.55,25,0,383.94,0.49,0.49,0.37,0.778,0.34,139.024
06803510,0.002562,74.17,0.62,1.3,37.05,-15.57,36.3,3.57,12.27,14.85,579.57,153.51,0.311070996,0.746965396,126.3953488,0.05,0.66,5.860465116,1.686507937,7.604651163,7.336391437,0.070041388,15.09,0.65,0.77,0.69,0.401,0.11,154.126
06803530,0.00383,373.37,1.21,1.43,37.91,-14.71,37.16,3.72,12.44,14.4,455.03,150.49,0.341495702,0.912212108,129.6046512,0.05,0.83,6.930232558,1.902684564,5.534883721,8.134453782,0,43.23,0.67,0.77,0.68,0.346,0.14,154.597
06808500,0.003757,2930.64,0.85,1.01,44.43,-18.73,61.01,3.41,12.33,7.42,228.99,164.18,0.622119707,1.152155278,125.3488372,0.09,1.78,2.046511628,1.875,3.76744186,12.40123457,0,876.58,0.5,0.45,0.29,0.77,0.43,158.887
06810000,0.004243,6296.82,0.87,1.19,43.37,-17.65,61.22,3.07,12.35,8.25,246.26,167.3,0.639036613,1.194384908,127.8139535,0.08,1.97,2.558139535,2.836363636,4.069767442,14.86285714,0,1909.03,0.54,0.49,0.31,0.892,0.44,158.392
06811500,0.001654,973.32,0.47,1.02,28.72,-15.63,34.16,2.94,12.26,14.24,811.95,175.47,0.43530659,1.096144958,134.3488372,0.04,1.39,7.023255814,2.685430464,6.697674419,13.5,0,366,0.7,0.74,0.61,0.613,0.2,154.512
06813000,0.002453,790.73,0.63,1.02,29.87,-16.93,45.18,2.06,12.69,8.99,250.07,181.11,0.678080244,1.445821984,146.7307692,0.04,2.16,6,2.185897436,5.576923077,17.73793103,0.547598989,345.92,0.64,0.6,0.44,0.657,0.31,156.844
06814000,0.00148,445.96,0.62,1.47,21.5,-15.87,26.52,2.04,12.45,17.88,810.67,192.67,0.402917542,2.118090922,136.8837209,0,1.37,9.604651163,3.803874092,9.046511628,21.37275064,7.035975804,118.25,0.82,0.78,0.64,0.473,0.21,143.353
06815000,0.002201,2139.69,0.62,1.04,23.5,-15.72,30.23,2.19,12.22,16.74,912.03,190.75,0.423717924,1.381611987,138.5348837,0.02,1.47,7.837209302,3.106824926,7.930232558,18.09384164,0.375676536,601.48,0.75,0.75,0.6,0.637,0.24,149.226
06817000,0.005402,2019.69,1.02,1.03,39.5,-17.06,59.97,2.04,12.32,9.92,289.42,175.78,0.655246737,1.616977608,131.7674419,0.04,2.328,7.023255814,2.986754967,5.930232558,21.94117647,0,531.39,0.69,0.66,0.48,0.589,0.27,151.168
06817500,0.005102,3263.44,0.97,1.03,35.12,-15.86,54.01,2.16,12.27,10.52,308.35,178.57,0.620184217,1.5030503,113,0.05,2.212,6,2.348484848,5.454545455,19.5,0,849.4,0.64,0.58,0.39,0.732,0.22,124.596
06820500,0.002252,2962.32,0.65,1.09,20.1,-13.48,35.15,3.31,12.67,12.1,506.27,193.96,0.645302133,1.749201235,138.7906977,0.02,2.92,9.093023256,3.240409207,7.325581395,20.18730159,0.592168099,1201.71,0.74,0.68,0.49,0.842,0.32,145.018
06847000,0.003256,3439.9,0.66,1,44.25,-26.98,9.24,0.3,12.55,27.37,580.81,87.72,0.000750467,NA,215.8636364,0,0,1.181818182,3.730769231,1.227272727,294,98.79278158,2.56,0.8,0.85,0.81,0.515,0.05,159.088
06847900,0.003604,1417.91,0.93,2.33,34.87,-22.97,7.11,0.24,12.69,20.96,505.43,104.86,0.009495065,Inf,129.3953488,0,0.02,6.023255814,26.01930502,6.046511628,34.48461538,57.09009869,6.18,0.74,0.68,0.56,0.498,0.11,151.623
06853800,0.002185,709.39,1.2,1.25,39.96,-19.83,18.74,2.3,12.6,16.8,342.19,139.8,0.112746896,1.445821984,140.2325581,0,0.28,5.23255814,3.542222222,5.860465116,25.78174603,14.33301496,27.29,0.77,0.74,0.63,0.542,0.17,149.92
06860000,0.002581,5248.92,0.59,1.07,25.03,-24.67,4.98,0.02,12.63,9.95,723.79,80.1,0.000973272,NA,213.6904762,0,0,2.476190476,3.653846154,2.5,142.4761905,97.52281617,4.33,0.94,0.91,0.84,0.476,0.12,200.79
06869500,0.003732,7893.2,1.1,2.51,21.53,-19.04,6.09,0.93,12.25,26.09,365.91,135.09,0.073856097,1.445821984,150.7674419,0,0.4,3.88372093,9.149700599,5.674418605,28.67622951,6.208213945,216.72,0.74,0.7,0.49,0.925,0.24,166.911
06876700,0.003113,1214.44,1.15,1.53,21.24,-15.23,12.17,0.96,12.23,33.01,363.02,166.65,0.153309774,1.205878814,138.2093023,0,0.56,5.023255814,6.453703704,7.930232558,25.37829912,10.38522763,66.11,0.82,0.79,0.66,0.885,0.23,155.119
06878000,0.002303,942.23,1.21,1.65,25.38,-8.14,26.45,1.16,12.31,29.45,593.62,192.56,0.277539637,0.912212108,136.9069767,0.02,0.84,7.581395349,2.696319018,6.604651163,17.15492958,0.191021968,88.31,0.74,0.78,0.66,0.624,0.19,151.917
06879650,0.007847,11.47,0.92,1.46,27.99,-7.89,44.75,1.11,11.24,13.11,371.75,211.28,0.39591213,Inf,139.5348837,0,1.54,1.674418605,100.4722222,2.325581395,97.97,53.93823623,2.03,0.86,0.77,0.57,0.401,0.23,137.556
06883000,0.008277,78562.01,0.55,1.1,59.72,-47.74,36.69,0.27,12.08,4.79,283.12,39.63,3.20202929,0.449757068,133.1162791,0.51,8.65,3.651162791,2.993630573,2.23255814,11.36458333,0,129.95,0.58,0.73,0.66,0.783,0.2,164.542
06884400,0.007833,84937.2,0.57,1.09,58.54,-46.14,36.13,0.36,12.11,5.02,310.92,44.52,0.149999363,0.912212108,149.0697674,0.02,0.54,5.186046512,3.515695067,4.139534884,9.280898876,0.108245782,658.51,0.65,0.7,0.55,0.809,0.28,163.388
06885500,0.000911,537.62,0.5,1.32,19.15,-14.42,25.44,1.92,12.41,19.36,1156.74,199.31,0.415524992,1.257494994,132.5116279,0.01,1.55,10.25581395,3.142857143,10.18604651,19.3196347,1.267112385,182.5,0.81,0.8,0.66,0.571,0.2,151.956
06888500,0.006025,912.79,1.08,1.26,24.24,-6.61,40.8,3.32,11.79,16.02,512.13,214.64,0.572213308,1.915221863,128.6511628,0.02,1.84,7.860465116,3.565088757,5.093023256,32.65753425,0.592168099,197.05,0.76,0.73,0.57,0.385,0.24,135.501
06889200,0.003694,438.51,1.08,1.05,17.82,-13.22,30.29,3.73,12.63,14.12,868.1,211.9,0.566132442,1.648691043,132.4651163,0.01,1.81,10.51162791,2.991150442,9.418604651,20.01975309,4.463546641,89.64,0.82,0.79,0.65,0.306,0.16,142.405
06889500,0.00373,806.95,1.05,1.01,18.64,-12.46,32.52,4.23,12.64,13.43,874.33,214.17,0.538767272,1.584481046,135.9534884,0.01,1.8,10.37209302,2.883408072,9.139534884,19.84732824,3.482967208,169.87,0.81,0.79,0.65,0.422,0.18,144.83
06892000,0.003996,1041.11,0.95,1,19.99,-15.03,42.49,1.51,12.57,15.48,1215.41,220.75,0.636628462,1.949856595,138.1162791,0,3.07,11.3255814,3.632443532,10.27906977,18.78733032,5.507800064,284.33,0.81,0.76,0.59,0.749,0.22,148.26
06894000,0.004892,421.1,0.88,1.07,21.59,-12.3,49.27,1.93,12.92,13.6,585.8,231.29,0.964166826,1.51697682,122.2093023,0.05,3.668,8.88372093,2.77486911,11.93023256,10.78557505,0,189.38,0.7,0.66,0.49,0.518,0.22,141.994
06897500,0.002157,3426.81,0.59,1.69,15.42,-15.31,28.18,3.09,12.5,16.77,643,195.5,0.648394142,1.929763932,136.7209302,0.01,2.88,10.53488372,3.922737307,8.11627907,22.01432665,0.923272843,1543.7,0.79,0.73,0.54,0.794,0.28,143.302
06898000,0.005067,1833.51,1.02,1.22,23.57,-15.91,39.16,2.23,12.49,15.98,349.46,184.8,0.623448583,2.000157389,138.8604651,0.01,2.69,9.697674419,3.76498801,7.023255814,23.54304636,1.330786374,459.55,0.76,0.69,0.51,0.778,0.26,141.527
06899500,0.004033,4408.37,0.98,1.03,17.95,-15.48,31.34,2.6,12.45,16.9,487.43,188.44,0.672302451,1.94235775,136.1395349,0.02,3,10.04651163,3.631944444,7.395348837,21.88993711,0.120980579,1231.2,0.75,0.68,0.49,0.714,0.28,141.106
06903400,0.002174,377.13,0.78,1.09,15.43,-11.8,27.55,1.82,12.69,11.58,794.97,183.58,0.727169691,2.816420987,144.5581395,0,4.08,11.58139535,4.520080321,10.18604651,22.51369863,17.31295766,143.36,0.86,0.79,0.61,0.703,0.21,141.79
06906800,0.005107,1490.18,1.05,2.02,15.98,-11.16,34.53,2.74,12.65,8.52,684.64,210.93,0.843761503,2.118090922,102.8333333,0.01,2.986,13.58333333,3.370143149,10.83333333,19.29230769,2.26633204,487.78,0.84,0.8,0.65,0.546,0.16,112.858
06908000,0.003521,3047.57,1.05,1.27,13.86,-9.22,30.44,2.24,13.13,10.76,705.37,226.19,0.851805854,2.411757628,119.7142857,0.01,5.061,13.42857143,4.588652482,13.5,15.97707231,3.911597888,1008.71,0.81,0.72,0.48,0.907,0.24,126.611
06910800,0.003675,525.18,1.18,2.85,19.87,-4.27,33.87,4.79,12.46,18.71,1291.65,222.82,0.56133397,2.891643968,124.6046512,0,2.06,11.76744186,4.04743083,8.139534884,26.06857143,17.58675581,102.21,0.86,0.8,0.65,0.324,0.17,129.88
06911900,0.003416,336.65,1.15,2.26,19.79,-6.52,33.79,5.14,12.53,17.93,1213.86,223.29,0.574687042,2.736636324,122.6744186,0,1.878,12.44186047,4.020560748,8.976744186,24.34974093,20.44571792,68.62,0.87,0.82,0.68,0.309,0.17,128.185
06913500,0.003657,3507.87,1.08,1.2,17.37,-5.35,30.98,3.36,12.47,19.67,1002.94,232.8,0.621726839,2.401186938,131.9302326,0.03,2.92,9.906976744,6.995305164,8.139534884,24.1,0,823.35,0.75,0.65,0.39,0.804,0.32,140.234
06914000,0.002729,1029.5,1.23,1.26,13.75,-6.84,28.26,1.42,12.89,21.94,1132.54,246.63,0.830350454,3.03030303,136.76,0,4.09,12.8,4.496875,9.96,22.93172691,21.58580659,284.55,0.87,0.8,0.63,0.63,0.12,132.781
06917000,0.003365,704.31,0.92,1.41,12.33,-5.83,27.71,2.2,12.71,10.65,655.62,253.66,0.827716014,2.939505384,114.9767442,0,3.34,12.25581395,3.559772296,8.441860465,23.7630854,17.50397962,275.25,0.84,0.77,0.61,0.638,0.15,123.054
06918460,0.005619,603.27,0.93,1.04,39.17,-11.37,99.97,4.73,12.6,5.2,228.28,252.64,1.031783508,1.511637892,110.255814,0.08,3.3,3.906976744,2.845238095,3.697674419,26.31446541,0,274.18,0.62,0.57,0.38,0.602,0.27,90.492
06919500,0.002801,756.82,0.71,1.76,33.86,-6.43,81.05,3.96,12.97,4.58,333.61,259.5,0.838045209,2.597977262,108.3023256,0,3.48,11.20930233,3.941908714,7.23255814,26.01607717,12.05348615,366.55,0.81,0.73,0.55,0.74,0.23,97.092
06921070,0.005922,739.59,1.03,1.86,34.09,-13.31,91.63,2.73,12.31,8.02,210.79,222.51,0.998475645,2.027293276,100.8139535,0.03,3.51,10.02325581,2.723897912,7.209302326,21.23225806,0.553963706,292.62,0.75,0.69,0.51,0.494,0.22,82.772
06921200,0.005137,327.07,1,1.75,32.48,-14.82,84.6,2.32,12.94,8.88,270.71,219.7,0.885746578,2.560903152,98.58139535,0,2.888,11.74418605,2.728712871,9.558139535,18.72749392,9.270932824,118.93,0.8,0.74,0.58,0.389,0.18,84.396
06928000,0.008612,3448.63,1.06,1.14,35.02,-16.86,103.31,2.6,12.1,7.41,147.64,217.14,0.950853571,1.615088098,103.6521739,0.07,3.281,6.652173913,3.169934641,5.391304348,25.08870968,0,1263.05,0.7,0.67,0.49,0.732,0.3,93.82
06933500,0.008699,7772.9,1.06,1.02,31.44,-17.5,92.3,2.76,12.06,6.34,147.11,214.19,1.00133015,1.214923825,93.79069767,0.17,3.24,4.046511628,3.235632184,2.906976744,17.048,0,3003.78,0.59,0.61,0.42,0.861,0.33,84.603
06934000,0.008749,8728.16,1.06,1.01,30.33,-17.21,87.99,2.76,12.04,6.28,146.91,212.3,0.994339944,1.205878814,87.72972973,0.16,3.23,3.675675676,3.588235294,2.891891892,15.30841121,0,3358.79,0.58,0.6,0.41,0.888,0.36,88.882
07014500,0.00729,3962.71,1.03,1.3,26.5,-15.93,73.35,2.97,12.17,3.92,180.92,208.24,0.906330468,1.023359952,85.76744186,0.17,2.6,4.093023256,2.3125,2,13.08139535,0,1427.23,0.55,0.6,0.44,0.77,0.31,85.298
07019000,0.007501,10182.67,1.04,1.05,27.08,-15.25,68.9,2.77,12.09,6.12,185.47,202.63,0.952842407,1.17630355,94.18604651,0.14,3.52,4.906976744,3.379146919,4.720930233,15.35960591,0,3822.16,0.61,0.62,0.43,0.891,0.34,85.496
07029500,0.003265,4621.81,1.21,1.18,37.59,-9.59,212.46,5.07,12.97,6.77,370.81,347.57,1.574046077,1.653056035,63.26829268,0.15,5.06,1.341463415,6,5.56097561,15.06578947,0,2465.57,0.57,0.46,0.24,0.954,0.61,59.162
07049000,0.010619,583.86,0.85,1.46,31.08,-24.89,116.87,2.78,11.63,7.46,67.79,274.72,1.238339037,2.033155396,96.625,0.05,4.5225,9.75,2.773504274,7.208333333,21.0982659,0,347.04,0.73,0.66,0.47,0.535,0.28,79.752
07052500,0.007453,2488.9,0.97,1.09,37.2,-13.48,108.42,3.56,12.11,6.95,232.03,230.62,1.078625915,1.381611987,107.1162791,0.11,3.45,4.976744186,2.813084112,5.790697674,15.78313253,0,1132.53,0.62,0.59,0.4,0.705,0.31,86.194
07056000,0.025249,2038.93,0.95,1.29,29.12,-37.68,121.57,2.72,11.31,6.97,40.04,273.91,1.301307692,2.193313903,83.30952381,0.04,4.67,7.928571429,2.984984985,4.523809524,33.33157895,0,1142.49,0.71,0.62,0.42,0.562,0.32,68.908
07057500,0.006687,1526.86,1.05,1.01,44.2,-16.34,149.9,3.44,12.04,5.76,148.89,226.6,1.369510347,0.720264637,89.81395349,0.48,3.29,1.558139535,1.686567164,0,NA,0,814.95,0.41,0.54,0.38,0.457,0.26,89.468
07058000,0.008989,1529.65,1.04,1.42,40.65,-22.12,132.07,2.87,11.9,5.44,87.56,225.2,0.96200308,0.949286218,97.34375,0.22,2.77,3.65625,2.247863248,0.5625,4.111111111,0,579.14,0.54,0.62,0.44,0.568,0.29,88.734
07060710,0.013019,171.29,1.12,1.87,35.01,-28.29,132.94,4,11.81,6.67,35.3,262.37,0.767016755,1.481880236,98.16666667,0.05,2.582,8.976190476,3.188328912,9.476190476,16.09798995,0,47.78,0.74,0.73,0.57,0.287,0.21,75.433
07066000,0.007576,1135.21,1.08,1.06,46.09,-18.84,158.34,3.4,12.02,6.08,122.01,224.93,1.290935371,0.899246054,82.74418605,0.32,3.756,4.139534884,1.870786517,0.186046512,7.875,0,552.1,0.51,0.6,0.42,0.56,0.33,81.984
07067000,0.007731,4594.34,1.06,1.07,41.9,-20.94,143.57,3.31,11.99,5.11,107.2,224.33,1.303464502,0.730769409,86.55813953,0.41,3.38,1.88372093,1.827160494,0,NA,0,2305.12,0.43,0.52,0.36,0.712,0.37,86.707
07068000,0.007523,5550.66,1.05,1.15,44.46,-20.46,156.63,3.49,11.96,4.9,115.28,228.27,1.466341293,0.652626128,87.97674419,0.57,3.418,1.395348837,1.916666667,0,NA,0,3182.22,0.38,0.52,0.37,0.778,0.37,87.909
07069500,0.005867,2974.49,0.99,1.28,50.01,-15.81,186.88,5.42,12.03,8.21,196.25,245.55,1.271228155,1.073055876,89.02941176,0.31,3.302,3.088235294,1.866666667,0.264705882,7,0,1562.26,0.5,0.55,0.38,0.625,0.35,74.535
07071500,0.004694,2004.69,0.99,1.28,51.7,-14.59,189.47,4.99,12.22,6.62,173.35,232.71,1.057875199,0.698330065,91.65116279,0.32,2.34,1.139534884,1.897959184,0,NA,0,879.76,0.39,0.45,0.34,0.612,0.34,94.723
07072000,0.005162,2957.97,1.02,1.03,52.62,-14.63,195.53,5.07,12.17,6.97,182.15,238.17,1.109803012,0.736478935,88.5,0.34,2.5665,1.277777778,1.847826087,0,NA,0,1313.71,0.4,0.47,0.34,0.697,0.37,90.321
07083000,0.035022,34.55,0.53,1.16,67.08,-98.33,313.63,1,9.65,0,5.77,37.39,1.099462592,1.465612491,168.4418605,0.12,4.93,2.581395349,14.3963964,2.581395349,46.62162162,0,29.41,0.65,0.58,0.31,0.946,0.89,180.977
07142300,0.000717,822.41,0.45,1.65,30.56,-10.5,6.41,1.72,13.71,19.15,473.79,141.55,0.013796243,Inf,120.6511628,0,0.04,1.418604651,3.245901639,2.953488372,58.11023622,46.99140401,10.49,0.71,0.59,0.4,0.722,0.17,139.749
07144200,0.000921,3291.07,0.96,1.16,25.51,-4.67,23.25,4.03,13.55,16.82,1623.35,195.23,0.242373533,1.115081168,135.3571429,0.01,1.16,8.023809524,4.93768546,7.904761905,23.31024096,2.353324641,338.37,0.81,0.8,0.64,0.831,0.21,160.548
07144780,0.001199,692.38,0.34,1.01,34.5,-10.87,17.46,3.74,13.43,13.52,355.15,177.1,0.16064056,0.709343049,106.7209302,0.02,0.41,3.093023256,2.609022556,2.860465116,15.73170732,0.305635148,132.69,0.55,0.62,0.54,0.594,0.18,126.142
07145700,0.001261,420.18,1.05,1.72,33.04,-4.8,33.49,0.99,13.53,38.74,1739.76,212.11,0.497121904,1.205878814,132.6666667,0,1.82,11.76190476,2.967611336,11.78571429,19.62828283,5.36505867,81.28,0.87,0.85,0.74,0.505,0.14,146.967
07147070,0.002272,1210.25,1.1,1.65,24.81,-3.85,35.47,1.64,13.24,22.55,2391.65,214.74,0.494597899,1.355024337,146.0930233,0.01,1.78,9.465116279,3.425061425,7.558139535,26.06153846,1.579114932,221.86,0.83,0.82,0.7,0.606,0.16,157.197
07147800,0.003091,5214.62,1.07,1.01,24.01,-3.18,37.32,1.59,13.07,23.06,1963.31,226.15,0.580746896,1.929763932,126.8372093,0.02,2.57,8.372093023,5.175,6.23255814,28.50373134,0.089143585,1155.7,0.77,0.71,0.51,0.842,0.26,146.603
07148400,0.003753,2784.61,1.09,1.28,37.36,-20.89,10.7,0.61,12.38,33.73,406.19,149.99,0.109423039,1.29081434,115.1904762,0,0.37,4.5,2.825396825,5.952380952,18.04,10.45048569,114.45,0.66,0.6,0.45,0.67,0.23,134.476
07149000,0.004673,2796.74,1.22,1.49,38.54,-21.06,14.18,2.11,12.21,30.14,285.7,157.6,0.166667536,0.638949592,101.7142857,0.01,0.46,3.19047619,2.26119403,2.69047619,19.19469027,4.093872229,156.55,0.54,0.55,0.47,0.761,0.21,123.458
07151500,0.002177,2379.48,1.13,1.06,37.63,-12.33,28.58,2.47,13.11,22.46,782.2,195.16,0.322510029,1.205878814,124.3953488,0.02,0.96,6.372093023,2.302919708,5.76744186,14.62903226,0.929640242,278.42,0.67,0.69,0.57,0.554,0.16,135.287
07152000,0.001728,5149.9,1.06,2.06,34.37,-8.87,29.5,1.78,13.19,30.44,1063.55,206.14,0.375362629,1.29081434,130.6341463,0.01,1.41,8.707317073,3.095238095,7.585365854,18.72347267,2.5110191,748.26,0.76,0.76,0.62,0.674,0.17,143.76
07163000,0.002459,73.2,0.93,1.5,14.54,-9.39,16.53,3.54,12.35,25.48,414.32,249.79,0.609869419,1.97943186,103.3846154,0,1.82,13.46153846,3.211428571,12.84615385,20.5988024,20.1137321,19.44,0.91,0.87,0.77,0.309,0.13,90.324
07167500,0.00876,364.14,1.13,1.76,19.51,-4.56,39,1.38,12.26,23.21,926.42,239.35,0.725109201,2.560903152,122.4883721,0,2.34,10.60465116,4.594298246,6.348837209,33.94871795,15.64469914,95.15,0.86,0.82,0.68,0.348,0.13,129.966
07172000,0.007286,1158.33,1.04,1.1,16.2,-4.16,28.11,2.11,12.17,14.98,874.61,248.12,0.708663483,2.560903152,126.2325581,0,3.106,8.558139535,5.383152174,6.348837209,31.11355311,14.83603948,321.48,0.82,0.74,0.56,0.569,0.2,122.963
07177500,0.002727,1569.53,0.66,1.66,11.37,-6.96,18.91,3.4,12.17,13.3,232.69,266.99,0.681090735,0.912212108,121.5581395,0.03,3.418,8.651162791,5.153225806,7.720930233,17.1626506,0.29290035,657.5,0.75,0.71,0.5,0.742,0.31,122.325
07180500,0.003099,303.37,1.1,1.42,24.96,-3.19,41.87,1.96,12.86,20.58,1422.7,217.32,0.581417383,1.445821984,132.7674419,0.01,1.51,9.23255814,2.04534005,5.093023256,28.57534247,2.502387775,65.65,0.77,0.77,0.65,0.299,0.16,144.742
07183000,0.00332,11007.59,1.11,1.03,21.43,-5.26,36.44,3.23,12.64,19.35,1317.1,224.08,0.550109519,2.777133177,149.5116279,0.01,2.576,9.046511628,6.539845758,8.186046512,21.14488636,1.368990767,2171.67,0.72,0.57,0.28,0.865,0.38,152.049
07184000,0.000516,251.99,0.49,1.29,28.17,-6.13,63.44,2.26,13.21,9.66,775.76,264.69,0.934833493,2.736636324,120.6976744,0,4.6,15.86046512,3.714076246,13.09302326,18.93072824,20.5666985,194.87,0.89,0.83,0.67,0.576,0.11,131.671
07186000,0.001923,1934.79,0.64,1.06,43.5,-7.27,106.85,3.83,12.77,5.79,505.89,262.86,0.944662209,1.57622996,114.0697674,0.05,3.75,8.348837209,2.961002786,5.860465116,22.89285714,0,1166.09,0.72,0.68,0.51,0.784,0.21,105.8
07195800,0.004578,34.95,0.9,1.15,44.93,-14.97,135.21,4,11.95,4.22,204.72,276.9,1.004039478,0.806872392,84.1627907,0.18,2.85,2.813953488,2.876033058,3.697674419,7.144654088,0.152817574,15.88,0.55,0.62,0.49,0.498,0.16,73.537
07196500,0.00644,2203.48,0.89,1.03,41.26,-16.75,129.09,3.67,12.07,4.61,203.98,277.54,1.108302451,1.152155278,92.04651163,0.15,3.468,4.23255814,2.472527473,3.441860465,16.75675676,0,1115.67,0.59,0.6,0.43,0.696,0.25,82.47
07196900,0.019051,117.58,1.1,1.1,34.08,-12.98,118.19,2.82,11.94,3.4,133.61,287.96,1.160007171,2.079942052,101.8095238,0.02,3.88,9.952380952,2.418660287,7.119047619,21.71571906,1.153846154,50.54,0.75,0.69,0.53,0.38,0.19,70.13
07197000,0.009796,759.5,0.94,1.22,37.43,-18.14,121.45,2.82,11.8,3.36,189.74,285.8,1.157023241,1.53075751,88.11627907,0.08,3.85,5.627906977,2.76446281,3.906976744,28.85714286,0,381.92,0.66,0.62,0.45,0.557,0.24,78.803
07208500,0.01452,70.25,0.44,1.05,56.43,-81.27,11.49,0,10.18,18.23,227.48,67.58,0.199669492,0.814682765,132.0952381,0.03,0.75,1.261904762,12.75471698,3.523809524,5.351351351,0,13.01,0.58,0.63,0.44,0.879,0.55,139.958
07211500,0.01035,4348.68,0.6,1.07,47.97,-46.3,12.66,0.16,11.1,20.87,338.58,50.5,0.016617001,Inf,164.5581395,0,0.08,9.697674419,15.8177458,9.720930233,21.79186603,58.00063674,50.44,0.81,0.74,0.57,0.763,0.27,155.358
07221000,0.008324,1411.66,0.49,1.54,54.4,-52.79,37.62,0,11.22,25.47,342.84,62.96,0.06432092,1.205878814,148.8,0,0.2615,2.733333333,6.341463415,6.533333333,17.69387755,11.37276378,74.97,0.65,0.59,0.41,0.87,0.33,164.796
07226500,0.004927,1676.4,0.37,2.05,30.52,-56.99,6.31,0,11.86,15.11,338.92,63.46,0.006290212,NA,216.05,0,0.01,7.75,4.003225806,7.775,42.98713826,91.50581793,12,0.97,0.94,0.87,0.532,0.14,215.258
07243500,0.003434,4754.95,0.92,2.38,17.25,-8.59,18.3,3.15,12.5,11.87,253.18,260,0.502483922,1.949856595,118.1627907,0.01,2.51,6.255813953,8.602230483,8.930232558,20.56510417,1.88475008,1066.97,0.76,0.67,0.44,0.953,0.34,116.1
07252000,0.015385,3.25,0.92,1.06,23,-29.38,97.18,2.06,9.25,4,43.12,313.98,1.568152605,2.584196572,80.78947368,0.01,5.81,7.684210526,3.198630137,4.631578947,32.24431818,3.429641905,620.46,0.71,0.59,0.38,0.575,0.36,67.775
07261000,0.008952,559.67,1.23,2.5,26.32,-7.57,139.27,3.74,12.43,4.12,278.24,291.26,1.403677314,2.823439904,73.97619048,0,5.43,9.30952381,3.158567775,4.761904762,33.525,10.05215124,261.12,0.74,0.62,0.42,0.588,0.39,53.296
07263295,0.009011,136.5,1.14,1.01,20.96,-16.56,93.6,3.21,11.2,5,107.68,334.36,1.442134804,3.709135792,113.5588235,0,5.9,12.32352941,4.238663484,8.235294118,23,19.46368175,70.2,0.81,0.71,0.51,0.446,0.3,57.346
07288500,0.000224,2280.77,1.15,2.29,33.31,-2.18,163.35,4.4,14.4,14.74,3231.05,367.05,1.392092004,1.925708324,88.6,0.04,5.67,4.85,8.381443299,12.6,10.27380952,0,1125.94,0.64,0.47,0.18,0.968,0.45,62.673
07290000,0.002891,8582.81,1.21,1.15,23.67,-7.69,110.28,5.6,12.74,9.28,460.4,412.48,1.382068768,1.966070894,67.8372093,0.07,5.26,3.093023256,11.57142857,8.790697674,16.07407407,0,4022.72,0.66,0.52,0.25,0.967,0.62,63.37
07290650,0.004589,2041.82,1.21,1.15,31.86,-9.46,145.95,5.38,12.3,10.27,259.38,505.83,1.247304253,1.469970256,70.13333333,0.07,5.04,13.56666667,2.491400491,13.53333333,11.88669951,0,863.11,0.75,0.74,0.57,0.606,0.29,54.862
07291000,0.003011,474.92,0.99,1.04,32.4,-12.25,156.7,5.21,12.36,10.31,179.63,530.88,1.257115057,0.890812549,62.94594595,0.21,3.803,10.81081081,1.7575,8.621621622,8.012539185,0,247.69,0.68,0.77,0.62,0.375,0.24,45.851
07292500,0.003799,1940.18,0.93,1.18,31.67,-11.84,156.88,5.61,12.27,10.14,176.28,541.3,1.322674379,0.912212108,70.65,0.24,4.45,9.15,1.729508197,4.05,7.518518519,0,1122.8,0.61,0.69,0.52,0.472,0.27,55.078
07295000,0.002865,397.86,0.85,1.35,29.13,-10.95,146.16,5.83,12.23,13.39,212.07,566.08,1.610574959,1.097877735,75,0.16,5.88,13.45945946,1.803212851,14.08108108,8.474088292,0,306.71,0.71,0.74,0.59,0.395,0.22,54.53
07299670,0.000495,323.31,0.39,1.14,26.69,-14.19,5.23,0,12.88,55.57,1983.61,172.6,0.08124419,0.378602232,132.255814,0.01,0.13,3.930232558,2.272189349,3.76744186,12.59876543,0.019102197,27.6,0.67,0.8,0.74,0.462,0.08,179.987
07301410,0.002024,331.01,0.43,1.49,32.87,-37.61,6.99,0,12.29,18.83,336.12,140.14,0.030530372,1.445821984,87.44444444,0,0.08,1.555555556,2.404761905,4.296296296,20.48275862,24.09491938,9.8,0.58,0.45,0.33,0.548,0.3,92.598
07301500,0.002485,2965.61,0.48,1.2,28.28,-28.92,5.82,0.03,12.38,24.39,1010.01,144.84,0.044275072,1.445821984,100.7209302,0,0.13,3.348837209,3.215277778,3.046511628,30.79389313,25.68608723,112.95,0.69,0.6,0.46,0.649,0.2,120.593
07307800,0.003577,3058.32,0.44,1.05,24.02,-29.85,4.8,0,12.28,26.67,1374.89,142.56,0.020232291,Inf,161.4516129,0,0.07,12.80645161,11.52644836,12.83870968,16.94974874,59.58311252,59.8,0.82,0.81,0.7,0.55,0.1,179.142
07315200,0.000715,293.89,0.58,1.11,6.16,-8.7,2.31,0,12.81,23.5,458.08,258.3,0.171446036,NA,126.9767442,0,0.31,6.790697674,14.85273973,7.674418605,40.93636364,72.38459089,35.35,0.97,0.94,0.87,0.583,0.11,120.298
07315700,0.000981,856.52,0.57,1.49,19.4,-8.84,13.6,0.2,12.75,24.58,508.43,275.66,0.351751035,Inf,122.255814,0,1.67,10.09302326,5.958525346,9.813953488,26.93127962,35.21808341,214.59,0.91,0.85,0.71,0.631,0.15,111.841
07335700,0.028984,116.96,1.12,1,19.93,-29.31,97.31,4.18,10.73,6.17,91.61,423.41,2.091973257,2.872001157,98.11627907,0,7.47,10.41860465,2.479910714,6.953488372,22.70568562,13.09773957,89.01,0.76,0.65,0.47,0.401,0.24,56.662
07340000,0.007976,5069.22,0.73,1.51,17.95,-11.8,87.62,4.41,12.12,9.18,478.15,364.06,1.502066858,1.834665854,82.23255814,0.11,5.41,3.720930233,3.125,17.06976744,6.726158038,0,4273.76,0.6,0.44,0.16,0.935,0.5,69.858
07340300,0.002349,136.22,0.54,1.14,22,-26.11,122.77,4.22,11.18,6.54,90.09,387.13,1.870420885,1.661165487,73.86046512,0.12,7.298,11.93023256,2.235867446,9.441860465,14.76847291,0,193.02,0.72,0.68,0.5,0.454,0.23,58.164
07346000,0.000998,981.56,0.42,1.48,25.18,-12.32,71.35,4.76,12.62,10.51,276.39,357.37,0.616046312,2.282811111,93.85714286,0.02,2.87,3.342857143,23.34188034,3.771428571,49.68939394,1.322068372,584.57,0.7,0.53,0.2,0.986,0.52,72.11
07346045,0.000632,411.57,0.43,1.73,30.43,-18.89,88.95,5.66,12.99,6.5,127.05,362.18,0.8367227,2.541966942,84.69767442,0,3.21,3.093023256,6.390977444,4.046511628,34.41954023,13.86819484,328.87,0.69,0.53,0.31,0.932,0.49,61.08
07346050,0.002855,683.09,0.67,1.36,27.4,-12.67,73.56,5.34,12.6,9.64,306.28,356.08,0.763743399,2.79035986,81.35714286,0,3.1,5.535714286,7.935483871,5.964285714,28.06586826,13.49501271,317.76,0.73,0.6,0.36,0.852,0.45,64.213
07346070,0.002238,987.48,0.55,1.32,29.06,-13.7,77.55,5.44,12.42,9.15,252.46,359.2,0.739755492,2.939505384,84.20930233,0,3.1,3.953488372,9.264705882,4.604651163,34.55555556,14.78510029,542.29,0.71,0.56,0.32,0.945,0.5,68.521
07359610,0.007526,354.77,1.04,1.03,23.25,-15.3,123.01,4.6,12.03,6.27,158.63,379.95,1.928528514,1.170648002,66.08571429,0.23,6.439,8.342857143,1.760273973,6.2,12.19815668,0,269.91,0.63,0.64,0.48,0.441,0.25,57.625
07362100,0.002441,1196.28,1.2,1.4,26.22,-5.74,85.24,4.88,12.79,11.75,655.58,375.49,1.080097421,2.513041736,86.88372093,0,4.72,7.837209302,6.673590504,8.348837209,21.25626741,5.272206304,439.61,0.76,0.66,0.43,0.766,0.36,60.861
07362587,0.013585,68.46,0.97,1.02,19.89,-14.65,88.28,3,10.99,5,87.72,361.93,1.750607988,3.341401036,100.5588235,0,6.47,14.35294118,3.961065574,9.529411765,20.69135802,16.87872443,50.6,0.82,0.73,0.54,0.34,0.24,54.122
07363500,0.003413,6920.61,1.28,1.01,25.35,-5.57,110.91,4.49,12.73,9.11,958.49,349.98,1.270007823,2.736636324,80.45238095,0.02,5.01,3.428571429,10.82638889,5.595238095,28.30638298,0.117340287,2813.99,0.68,0.52,0.26,0.961,0.59,65.648
07373000,0.000935,74.89,0.56,1.28,34.51,-8.24,144.22,6.2,12.66,11.83,376.41,494.98,1.185600127,0.859209889,100.1860465,0.18,3.39,7.651162791,1.750759878,4.162790698,8.48603352,0,64.99,0.62,0.71,0.6,0.376,0.19,45.203
07375000,0.001482,236.09,0.95,1.52,38.37,-6.13,216.46,7.84,12.75,11.55,404.4,602.14,1.544782957,0.638949592,73.41463415,0.38,4.98,5.804878049,2.399159664,0.56097561,9.347826087,0,157.34,0.58,0.72,0.58,0.586,0.17,57.822
07375500,0.002384,1707.11,1.02,1.05,37.33,-6.5,205.09,7.8,12.88,11.36,416.14,589.52,1.736839223,0.599425784,73.44186047,0.5,5.51,3.581395349,2.636363636,0.046511628,2,0,1191.29,0.5,0.65,0.5,0.775,0.24,60.48
07376000,0.001951,758.67,1.17,1.78,32.01,-6.68,172.57,8.34,12.99,11.44,464.65,592.94,1.475377989,0.767446103,69.43902439,0.32,6.02,5.195121951,3.840375587,1,10.29268293,0,391.95,0.59,0.69,0.5,0.831,0.29,58.037
07378000,0.001199,842.45,0.93,1.18,24.34,-4.66,124.58,5.01,13.29,14.56,1623.78,596.22,1.318544943,0.884504898,85.22857143,0.14,5.57,11.34285714,2.702770781,14.68571429,9.885214008,0,487.54,0.75,0.79,0.63,0.713,0.22,53.44
07378500,0.001772,3622.49,1.03,1.06,27.66,-5.84,143.61,5.62,13.03,13.41,971.67,585.5,1.540860236,0.927082819,71.62790698,0.25,6.188,5.88372093,3.577075099,4.697674419,10.80693069,0,2224.65,0.63,0.68,0.51,0.832,0.27,58.739
08013000,0.000722,1509.34,1.16,1.49,31.59,-6.87,148.01,5.82,13.08,11.31,444.26,503.98,1.47179412,2.282811111,87.16666667,0.04,6.38,6.404761905,9.750929368,7.142857143,26.45666667,0,781.43,0.76,0.66,0.42,0.853,0.36,44.129
08013500,0.000626,1787.9,0.91,1.35,32.45,-5.43,155.9,5.62,13.2,12.68,1022.03,517.61,1.343140361,2.293824095,84.71428571,0.04,5.58,5.142857143,8.527777778,6.261904762,26.63878327,0,1083.68,0.73,0.63,0.4,0.925,0.35,48.696
08014500,0.00051,744.81,0.56,1.59,33.46,-5.66,161.94,5.83,13.2,12.23,609.34,523.02,1.413565107,0.999015688,86.74418605,0.24,4.82,3.023255814,4.607692308,2.651162791,15.4122807,0,765.47,0.59,0.64,0.46,0.849,0.27,45.506
08015500,0.000516,3156.8,0.71,1.02,31.76,-5.08,152.69,5.55,13.24,12.77,1008.12,523.08,1.345384925,1.460364053,89.23529412,0.13,4.74,3.029411765,6.563106796,6.823529412,15.09913793,0,2455.78,0.65,0.61,0.4,0.937,0.36,43.35
08023080,0,88.75,0.45,1.34,12.86,-6.84,31.98,4.57,12.54,17.66,843.43,405.59,0.954935371,3.803856076,69.86046512,0,5.248,12.90697674,5.207207207,10.44186047,23.46770601,26.34192932,76.73,0.88,0.81,0.64,0.627,0.26,56.009
08025500,0.000919,239.37,0.63,1.37,19.63,-10.58,69.02,5.56,12.67,12.54,325.95,463.91,1.121428571,1.97943186,97.075,0.02,5.11,12.025,3.116424116,10.05,18.50248756,1.129440756,175.48,0.8,0.75,0.58,0.638,0.25,52.236
08029500,0.001548,206.76,0.55,1.81,26.59,-12.31,76.57,5.52,12.76,8.05,261.94,469.56,0.948853231,0.829932575,82.46511628,0.14,3.03,6.651162791,2.003496503,3.418604651,10.79591837,0,146.11,0.6,0.67,0.55,0.497,0.16,45.399
08032000,0.00175,1428.48,0.48,1.85,22.29,-14.15,44.57,1.19,12.5,6.45,247.38,334.02,0.522039898,1.860482469,85.92857143,0.05,2.05,2.571428571,13.29166667,6.25,22.10285714,0,638.08,0.66,0.58,0.33,0.965,0.43,83.225
08033500,0.00174,5684.76,0.6,1.69,21.9,-13.6,43.22,2.58,12.53,10.16,466.74,360.25,0.684167463,2.267236445,76.44186047,0.03,2.89,2.255813953,12.11340206,4.953488372,28.74178404,0,2631.03,0.66,0.52,0.26,0.979,0.52,70.16
08050800,0.001116,53.78,0.49,1.42,11.94,-9.02,13.28,2.88,12.82,19.67,511.9,295.07,0.473964263,Inf,121.7631579,0,1.181,10.92105263,8.85060241,10.94736842,24.53365385,48.310397,21.15,0.93,0.89,0.78,0.375,0.09,96.009
08055500,0.002024,4090.18,0.64,1.14,12.49,-10.83,11.96,1.31,12.39,19.03,593.18,286,0.413636422,1.152155278,114.7906977,0.01,2.09,6.023255814,11.70656371,21.06976744,10.07174393,3.202801656,1078.33,0.74,0.62,0.31,0.954,0.28,121.011
08066200,0.001604,274.31,0.73,1.23,20.63,-11.2,38.44,4.72,12.56,12.24,263.25,392.83,0.763393742,1.904208879,120.6666667,0,2.7205,14.0952381,2.976351351,14,16.52210884,5.391134289,116.82,0.87,0.84,0.71,0.388,0.13,50.693
08066300,0.000577,156.08,0.4,1.56,23.42,-8.85,49.44,5.75,13.06,9.78,341.91,412.53,0.834052803,1.124448067,90.14285714,0.09,3.08,5.261904762,4.158371041,6.357142857,14.43071161,0,131.41,0.67,0.69,0.53,0.794,0.18,55.75
08070000,0.001705,662.69,0.78,1.3,23.95,-12.32,42.19,5.31,12.66,9.45,266.99,370.57,0.722032474,1.445821984,103.3255814,0.03,3.07,8.581395349,4.246612466,10.06976744,17.4665127,0,249.15,0.78,0.77,0.61,0.66,0.1,53.218
08070200,0.001546,730.89,0.72,1.23,24.03,-11.18,43.62,5.25,12.67,9.93,349.03,373.96,0.691324303,1.401206054,92.71052632,0.04,3.19,7.447368421,5.155477032,8.131578947,19.88673139,0,288.09,0.75,0.73,0.54,0.745,0.19,53.581
08079600,0.002472,343.81,0.3,1.1,10.83,-22.29,1.45,0,12.57,20.33,585.37,129.33,0.062824578,NA,172.8139535,0,0.14,13.34883721,4.961672474,12.90697674,24.66306306,81.86564788,29.15,0.97,0.94,0.87,0.221,0.08,198.455
08082700,6.1e-05,165.25,0.6,1.96,10.39,-9.85,1.84,0,12.91,42.83,2277.87,180.69,0.087687361,NA,165.5348837,0,0.09,6.465116279,8.888489209,5.744186047,56.4048583,84.26615727,9.94,0.98,0.96,0.92,0.513,0.07,180.003
08085500,0.00074,4418.09,0.42,1.69,9.98,-16.74,2,0,12.56,25.03,1009.26,173.95,0.047762496,Inf,148.4418605,0,0.18,4.581395349,6.822335025,6.372093023,22.05839416,38.48455906,204.6,0.85,0.81,0.67,0.851,0.12,160.877
08086212,0.001349,860.06,0.54,1.46,7.79,-21.49,3.66,0,12.28,25.57,832.13,196.54,0.085351162,NA,153.4651163,0,0.18,5.953488372,19.9140625,5.744186047,50.17408907,67.53900032,55.68,0.95,0.93,0.85,0.494,0.05,140.749
08086290,0.001333,427.61,0.58,1.35,6.65,-14.39,2.64,0,12.73,20.16,659.95,206.68,0.108401783,NA,140.4186047,0,0.17,8.23255814,9.002824859,7.627906977,42.32621951,79.70709965,32.54,0.98,0.95,0.9,0.394,0.06,159.005
08095000,0.002406,1259.18,0.49,1.13,19.27,-9.63,9.3,0.09,12.11,15.75,470.02,237.48,0.247404648,2.358034092,119.5813953,0,0.83,6.302325581,10.45387454,6.372093023,35.72992701,21.95479147,258.05,0.87,0.82,0.69,0.536,0.11,103.295
08101000,0.001783,521.73,0.44,1.81,24.04,-11.1,12.03,0.02,11.87,16.37,400.85,224.2,0.209440942,Inf,125.744186,0,0.7,6.581395349,13.96466431,6.511627907,36.8,36.17956065,101.64,0.88,0.82,0.68,0.445,0.11,92.392
08103800,0.002159,1032.96,0.49,1.11,25.64,-20.5,12.64,0.01,11.93,16.7,431.04,220.28,0.19287106,1.445821984,111.4418605,0.01,0.68,5.674418605,7.581967213,7.279069767,25.70926518,0.191021968,166.7,0.8,0.8,0.65,0.565,0.13,98.198
08103900,0.003847,62.39,0.72,1.18,35.5,-6.85,33.78,0,11.99,15.99,421.03,227.32,0.266042662,Inf,137.0930233,0,1.11,4.674418605,21.93532338,4.325581395,56.30645161,48.30308819,9.35,0.88,0.79,0.6,0.387,0.12,79.88
08104900,0.002428,181.23,0.52,1.31,36.43,-7.08,43.48,0,12.07,17.56,492.28,237.51,0.348950653,2.736636324,117.8139535,0,1.07,6.325581395,7.75,6.581395349,28.1590106,15.68927093,49.69,0.8,0.73,0.56,0.243,0.07,102.08
08109700,0.001716,384.52,0.62,1.4,25.38,-11.45,26.03,2.04,12.58,13.11,273.67,290.21,0.267446036,1.648691043,135.4651163,0,0.98,6.162790698,5.471698113,8.139534884,27.78,20.79592486,68.21,0.87,0.83,0.71,0.746,0.1,64.116
08146000,0.001994,4021.11,0.51,2,28.87,-8.71,5.76,0,12.31,14.22,1048.01,197.34,0.042587054,0.533609876,100.8974359,0,0.11,2.538461538,3.232323232,1.846153846,11.15277778,5.637461387,137.62,0.6,0.66,0.57,0.557,0.02,55.031
08150000,0.00198,2186.78,0.45,1.6,51.02,-11.56,11.91,0.3,12.17,19.1,916.97,207.7,0.090968369,0.736478935,124.7368421,0.02,0.15,1.605263158,2.295081967,0.210526316,9.875,0,178.87,0.52,0.71,0.66,0.354,0.05,290.608
08150700,0.002333,4213.26,0.5,1.02,49.48,-12.26,11.49,0.23,12.02,16.24,724.01,217.1,0.076078968,0.672268938,121.2894737,0.01,0.16,2.368421053,2.755555556,1.868421053,14.02816901,0.893436127,261.74,0.59,0.71,0.64,0.3,0.03,300.823
08150800,0.003978,341.91,0.61,1.25,48.03,-12.7,10.96,0,11.74,9.84,380,238.24,0.081021968,1.445821984,127.1627907,0,0.2,4.744186047,4.098039216,10.65116279,15.91266376,20.68767908,18.63,0.82,0.81,0.71,0.167,0.01,104.806
08155200,0.002625,133.34,0.55,1.99,31.39,-10.04,39.94,0,11.66,12,264.6,256.7,0.414210526,3.803856076,143.75,0,1.6065,4.722222222,15.9,4.527777778,45.54601227,19.13599026,40.96,0.81,0.72,0.51,0.548,0.1,86.913
08158700,0.001301,138.38,0.43,2.13,40.88,-9.96,52.63,0,11.76,12.47,320.58,274.12,0.381561923,2.891643968,144.8139535,0,1.51,3.860465116,19.56626506,3.255813953,61.65,22.57879656,50.12,0.8,0.69,0.48,0.558,0.12,90.862
08158810,0.003568,19.62,0.58,1.56,34.11,-8.14,45.12,0,11.47,12.82,553.22,264.26,0.515949061,2.736636324,133.3023256,0,1.86,4.720930233,11.23152709,4.279069767,44.29891304,24.35530086,7.2,0.8,0.71,0.53,0.423,0.07,80.357
08164000,0.000784,1160.82,0.55,1.17,16.35,-8.96,20.16,4.23,12.86,20.91,409.07,341.09,0.458876791,1.584481046,139.5813953,0,1.49,8.674418605,4.426273458,8.581395349,27.82655827,9.372811207,399.31,0.88,0.85,0.74,0.701,0.05,133.522
08164300,0.000517,444.88,0.51,1.07,16.88,-11.39,21.66,1.44,12.65,30.96,510.38,330.38,0.356839635,1.648691043,143.3571429,0,0.79,9.666666667,3.15270936,9.095238095,26.87172775,18.18774446,126.63,0.9,0.87,0.78,0.547,0.06,85.207
08164600,0.00066,121.22,0.49,1.41,15.67,-4.17,18.46,3.81,13.85,26.75,1350.01,353.56,0.495759949,1.824424216,179.4418605,0,1.31,7.76744186,7.371257485,8.511627907,33.3579235,29.03533906,50.21,0.93,0.9,0.8,0.594,0.06,141.665
08165300,0.002634,242.98,0.55,1.16,58.81,-9.25,26.82,1,12.17,32.31,822.02,261.7,0.188664756,0.672268938,115.9302326,0.04,0.32,1.162790698,1.68,1.511627907,6.615384615,0.006367399,33.92,0.49,0.65,0.61,0.091,0.02,278.274
08167500,0.003619,1864.96,0.55,1.44,51.31,-12.51,36.03,0.88,11.67,27.34,439.44,269.79,0.298322827,1.31410776,130.1860465,0.01,0.89,2.860465116,4.902439024,3.534883721,27.74342105,4.41260745,415.64,0.69,0.66,0.53,0.657,0.08,142.649
08171000,0.003081,421.95,0.46,1.35,44.02,-10.4,51.47,0,11.62,14.05,300.85,275.07,0.411256288,1.29081434,127.6976744,0.03,1.22,3.186046512,4.897810219,3.418604651,32.66666667,0,154.99,0.69,0.69,0.55,0.312,0.05,122.676
08171300,0.003029,508.49,0.47,1.84,44.21,-10.73,52.02,0,11.57,16.54,376.44,273.79,0.3442617,2.736636324,158.8139535,0,1.12,4.093023256,8.210227273,3.348837209,49.75694444,27.56446991,151.16,0.8,0.72,0.55,0.323,0.05,121.789
08172000,0.001881,1127.07,0.51,2.28,45.9,-10.54,48.06,0.44,11.97,22.91,615,277.56,0.487959249,0.875137998,117.7209302,0.1,1.31,2.697674419,3.181034483,1.162790698,12.22,0,436.7,0.56,0.65,0.5,0.534,0.04,102.646
08175000,0.000661,847.2,0.59,1.08,24.5,-11.43,16.63,2.4,12.85,15.34,695.7,311.51,0.21463483,0.912212108,160.6744186,0,0.67,7.88372093,6.401179941,8.88372093,32.78272251,28.60235594,125.25,0.92,0.9,0.8,0.567,0.05,162.125
08176900,0.001397,694.51,0.75,1.05,16.18,-11.99,10.6,1.06,12.91,24.82,570.23,329.58,0.186032988,1.824424216,147.5714286,0,0.39,6.047619048,5.330708661,5.428571429,43.73245614,26.546711,70.27,0.9,0.88,0.79,0.458,0.04,154.739
08178880,0.005466,589.07,0.69,1.31,50.91,-18.33,48.7,1,11.4,29.16,329.12,266.62,0.374437396,1.445821984,107.7560976,0,1.143,2.341463415,6.8125,3.682926829,33.56953642,5.128547579,131.55,0.73,0.7,0.57,0.554,0.06,158.492
08189500,0.001274,1075.42,0.59,1.85,13.87,-10.52,5.72,0,13.08,33.56,1350.7,322.11,0.167834448,1.445821984,174.3023256,0,0.39,5.418604651,5.369098712,5.860465116,44.36507937,26.24005094,124.2,0.9,0.88,0.79,0.759,0.05,186.83
08190000,0.004356,1118.06,0.58,1.35,45.84,-27.86,16.48,0.54,11.49,23.09,306.18,241.28,0.222888252,1.003009755,145.7906977,0.03,0.61,1.720930233,5.378378378,1.604651163,37.14492754,0,176.74,0.62,0.67,0.55,0.422,0.06,261.441
08190500,0.001232,763.21,0.42,1.18,42.93,-17.05,11.05,0,11.73,10.52,339.8,216.91,0.0412149,NA,237.3023256,0,0.07,2.372093023,28.3627451,2.395348837,124.3883495,81.57911493,30.66,0.97,0.95,0.9,0.238,0.05,238.942
08194200,0.000657,714.92,0.58,1.28,11.77,-12.39,1.94,0,12.83,37.84,734.12,260.46,0.074245075,NA,210.4878049,0,0.11,6.536585366,7.805970149,6.097560976,53.708,86.03005008,37.54,0.98,0.96,0.91,0.623,0.09,209.933
08195000,0.004738,685.88,0.68,1.27,48.9,-22.83,32.87,0.67,11.22,31.32,315.63,257.8,0.313563196,0.970712578,109.7906977,0.03,0.86,1.744186047,4.613333333,2.348837209,26.85148515,1.088825215,129.36,0.6,0.63,0.52,0.289,0.06,191.232
08196000,0.004787,277.81,0.85,1.05,40.78,-23.16,29.51,0.63,11.48,28.26,251.55,254.55,0.255874562,1.355024337,140.5581395,0.01,0.78,2.837209302,7.155737705,3.511627907,38.70860927,2.99904489,34.28,0.73,0.71,0.57,0.253,0.07,185.671
08198500,0.003841,403.52,0.63,1.63,41.54,-21,44.19,0.81,11.76,29.18,351.72,259.27,0.127206601,Inf,218.5945946,0,0.34,4.702702703,38.41954023,2.27027027,136.0952381,50.53278082,33.41,0.94,0.92,0.85,0.396,0.08,176.394
08200000,0.005772,145.54,0.58,1.16,36.21,-20.33,48.19,0.84,11.31,29.11,256.34,269.27,0.392319007,2.816420987,158.1860465,0,1.3,3.581395349,11.21428571,4.209302326,43.80110497,17.79051258,39.9,0.82,0.76,0.61,0.461,0.09,160.483
08202700,0.002334,269.98,0.63,1.65,33.77,-17.22,37.36,0.68,11.77,30.53,460.42,259.3,0.041320599,NA,243.6511628,0,0,1.23255814,6.773584906,1.255813953,284.1851852,97.71410379,7.27,1,1,0.99,0.092,0.05,177.404
08205500,0.002323,5200.1,0.59,1.27,34.95,-15.55,19.38,0.51,12.25,25.02,563.06,259.73,0.029403712,Inf,161,0,0.08,4.111111111,34.91216216,4.111111111,53.92567568,60.70124734,107.55,0.9,0.84,0.72,0.754,0.1,204.999
08267500,0.042435,46.66,0.48,1.06,73.16,-112.21,186.67,0.86,9.25,0,4.36,59.88,0.826325209,0.850989726,144.097561,0.2,2.95,0.658536585,15.62962963,1.731707317,3.605633803,0,32.73,0.5,0.55,0.34,0.976,0.8,163.815
08269000,0.033591,91.69,0.56,1.01,66.17,-88.6,172.5,1,9.77,0,8.54,51.87,0.4002929,0.912212108,128.6744186,0.07,1.718,1.348837209,17.15517241,5.186046512,9.255605381,0,26.75,0.6,0.63,0.41,0.971,0.73,141.024
08271000,0.024412,22.94,0.49,1.03,69.54,-119.68,190.1,1,9.47,0,5.89,57.94,1.032819484,0.895657879,145.1162791,0.23,3.77,0.860465116,11.54054054,1.813953488,5.743589744,0,19.54,0.52,0.54,0.32,0.971,0.83,163.162
08324000,0.025599,999.65,0.82,1.14,54.27,-67.02,12.92,0,10.71,3.14,49.91,73.34,0.137730117,0.618545402,108.0952381,0.02,0.55,1.761904762,10.39189189,4.285714286,5.044444444,0.006518905,68.85,0.58,0.62,0.42,0.956,0.62,115.793
08340500,0.005064,1945.18,0.55,1.39,36.99,-53.4,7.75,0,11.73,6.48,250.93,19.04,0.008270722,NA,202.8888889,0,0.04,16.61111111,4.066889632,16.66666667,17.86333333,81.50570342,12.54,0.91,0.84,0.69,0.489,0.26,226.062
08377900,0.023129,69.61,0.5,1.28,65.37,-72.17,124.55,0,9.67,12.97,18.76,123.17,0.586845502,1.138374588,152.6666667,0.07,2.46,2.023809524,11.17647059,5.404761905,12.92951542,0,33.36,0.62,0.6,0.37,0.963,0.67,157.601
08378500,0.029512,247.36,0.56,1.08,68.17,-74.31,140.48,0,9.97,10.55,18.62,106.78,0.556655842,1.012212896,139.5813953,0.11,2.16,1.325581395,11.57894737,3.255813953,6.785714286,0,101.31,0.55,0.57,0.35,0.964,0.72,156.575
08380500,0.0161,132.92,0.67,1.48,57.91,-61.46,37.2,0,10.67,20.89,105.15,83.97,0.245950971,1.167729944,145,0.03,0.93,2.627906977,6.03539823,4.348837209,10.15508021,0.006367399,20.09,0.6,0.6,0.41,0.763,0.33,160.251
09034900,0.008174,7.34,0.35,1.18,64.42,-113.11,371.94,1,9.68,0,2,45.44,1.18440815,1.849492477,168.6976744,0.08,6.368,1.976744186,29.08235294,2.627906977,67.57522124,0,10.27,0.73,0.65,0.38,0.941,0.83,177.668
09035800,0.074611,9.65,0.42,1.03,64.16,-80.71,224.78,0.78,9.05,0,2.41,38.06,0.985524322,0.887612441,163.1333333,0.18,4.392,1.533333333,19.23913043,1.733333333,17.44230769,0,9.27,0.61,0.65,0.41,0.966,0.77,175.076
09035900,0.076158,46.22,0.64,1.09,66.57,-92.97,264.91,1,9.58,0,3.7,36.6,1.173725554,0.811701916,162.2142857,0.23,5.38,1.476190476,20.14516129,2.30952381,8.432989691,0,34.46,0.6,0.63,0.38,0.952,0.83,173.156
09047700,0.006734,8.91,0.36,1.07,74.13,-74.78,273.76,1,9.39,0,4.23,36.24,0.642297994,0.662106387,149.1860465,0.18,2.43,1,11.51162791,0.302325581,3.384615385,0,6.42,0.51,0.62,0.42,0.968,0.72,170.441
09065500,0.08056,26.44,0.7,1.06,65.57,-96.8,419.69,1,9.73,0,2.4,30.82,1.90820312,1.536619631,161.744186,0.14,9.89,2.209302326,22.84210526,3.11627907,52.39552239,0,29.32,0.7,0.63,0.37,0.931,0.85,168.369
09066000,0.057423,21.42,0.65,1.02,65.72,-74.39,399.06,1,9.67,0,7.88,33.76,1.247838905,0.938273235,155.0465116,0.15,6.84,1.534883721,27.09090909,4.88372093,23,0,16.73,0.69,0.69,0.46,0.962,0.74,160.856
09066200,0.101347,14.11,0.87,1.08,61.14,-121.4,390.73,1,8.78,0,3.18,32.22,1.749146769,1.703917771,157.8372093,0.1,9.33,2.209302326,26.16842105,4.209302326,43.1160221,0,11.47,0.73,0.66,0.39,0.933,0.81,163.509
09066300,0.013614,8.08,0.51,1.31,61.05,-47.05,399.68,1,9.04,0,5.11,32.59,0.829783508,1.69487276,162.1162791,0.02,4.97,1.511627907,38.50769231,4.627906977,42.21105528,0.986946832,5.35,0.77,0.69,0.44,0.951,0.76,168.147
09081600,0.037441,211.8,0.48,1.04,63.26,-86.8,322.13,0,9.63,9.4,16.48,30.33,1.653691181,1.233297387,158.1627907,0.23,7.45,2.23255814,16.9375,6.813953488,13.64163823,0,295.14,0.63,0.59,0.31,0.951,0.9,166.333
09107000,0.029743,239.05,0.72,1.03,68.77,-57.21,312.32,0,10.23,8.83,12.93,25.07,0.77847669,0.773553046,152.1666667,0.21,2.97,1.111111111,12.8,0.194444444,2,0,105.5,0.52,0.59,0.35,0.961,0.84,167.324
09132500,0.033577,815.13,0.6,1.14,61.24,-69.24,247.6,0,10.13,15.31,66.56,23.4,0.823971347,1.47474719,142.7906977,0.08,3.76,2.348837209,12.03960396,4.093023256,32.28409091,0,458.32,0.65,0.59,0.33,0.965,0.85,149.693
09210500,0.019605,317.77,0.8,1.22,72.29,-40.54,160.51,0,11.44,1.46,37.93,25.06,0.428582617,0.702875989,136.9534884,0.1,1.62,1.325581395,10.54385965,0.930232558,5.075,0,69.74,0.53,0.6,0.38,0.969,0.77,150.11
09223000,0.022583,267.02,0.8,2.19,73.02,-37.15,285.99,0,10.81,4.34,78.81,39.59,0.647413563,1.067219752,143.8604651,0.06,3.068,2.186046512,20.08510638,6.162790698,20.96226415,0,88.41,0.7,0.67,0.43,0.97,0.74,151.031
09251000,0.019158,7133.68,0.81,1.11,60.11,-55.47,121.99,2.76,11.08,0.89,180.22,28.03,0.426011461,1.205878814,139.8372093,0.03,2.04,2.441860465,21.47619048,5.465116279,25.71489362,0.388411334,1525.59,0.68,0.61,0.33,0.962,0.86,143.751
09292500,0.041806,230.35,0.68,1.13,68.66,-72.39,279.81,0,10.01,0.04,6.77,46.85,0.989467049,0.763066585,154.7674419,0.29,3.22,1.348837209,7.344827586,0.023255814,1,0,136.88,0.49,0.59,0.38,0.958,0.71,179.379
09299500,0.049014,178.93,0.59,1.12,65.73,-85.85,247.74,0,10.08,0,8.35,48.56,0.880515759,1.272407832,155.9069767,0.17,2.98,1.209302326,10.76923077,3.558139535,6.300653595,0,109.35,0.55,0.56,0.35,0.963,0.74,178.451
09306242,0.013722,71.42,0.81,1.06,57.89,-48.32,12.44,0,10.64,0.53,33.61,11.73,0.040408787,0.912212108,133.3953488,0,0.15,1.11627907,24.47916667,2.348837209,23.69306931,15.23718561,1.46,0.69,0.7,0.55,0.902,0.34,150.401
09312600,0.022229,105.72,0.53,1.07,68.37,-36.95,98.16,0.01,10.43,2.47,27.27,24.25,0.285785419,1.331311193,123.3023256,0.01,1.49,1.604651163,25,4.88372093,31.84285714,2.731614136,23.21,0.75,0.72,0.53,0.98,0.6,134.25
09352900,0.079982,108.4,0.58,1.09,63.65,-79.2,340.18,0.55,9.44,0.82,10.1,37.44,1.841533906,1.578485392,152.5813953,0.2,7.41,3.11627907,6.417910448,3.837209302,25.16969697,0,141.49,0.6,0.52,0.26,0.923,0.86,168.261
09378170,0.037394,16.58,0.76,1.03,49.33,-32.15,47.36,0,10.02,0.65,35.26,32.15,0.165136537,1.445821984,129.2631579,0,0.82,2.973684211,19.30088496,6.368421053,38.45041322,23.01318539,1.46,0.85,0.78,0.59,0.973,0.49,130.767
09378630,0.017131,9.34,0.81,1.05,48.33,-45.27,38.53,0,9.51,1.03,21.54,28.24,0.194974212,Inf,122.9302326,0,1.21,4.581395349,34.47715736,3,92.23255814,56.75262655,0.92,0.9,0.82,0.62,0.966,0.52,120.916
09386900,0.009036,132.8,0.71,1.3,36.04,-18.72,7.84,0,11.77,3.89,357.18,41.1,0.052624642,NA,113.8604651,0,0.2,7.837209302,11.37091988,6.395348837,48.48363636,75.60012735,4.07,0.94,0.9,0.79,0.845,0.28,82.375
09404450,0.018319,96.62,0.49,1.07,77.93,-49.19,39.49,0,10.52,3.6,84.02,21.58,0.19722425,0.604764712,71.64285714,0.06,0.42,0.357142857,9.266666667,0.047619048,1,0,15.72,0.38,0.45,0.37,0.908,0.43,76.14
09430500,0.014451,3887.52,0.81,3.21,53.99,-42.54,16.35,0.03,11.01,4.92,290.06,54.66,0.091691818,0.912212108,97.6744186,0.01,0.3,2.558139535,4.709090909,1.720930233,13.44594595,0.006367399,180.38,0.59,0.66,0.5,0.655,0.15,30.431
09430600,0.024174,110.45,0.58,1.08,53.11,-118.7,31.68,0,9.94,0.54,14.34,63.91,0.391046284,1.97943186,111.9047619,0,1.59,5.285714286,9.238738739,7.857142857,22.22424242,11.64276402,30.49,0.78,0.69,0.49,0.436,0.15,42.919
09431500,0.014219,5959.48,0.81,1.04,51.74,-48.48,15.3,0.02,10.98,3.8,253.89,52.43,0.079030384,1.205878814,94.29268293,0.01,0.28,2.902439024,6.386554622,4.585365854,13.39893617,3.171953255,236.4,0.63,0.63,0.48,0.69,0.19,30.698
09442692,0.005176,141.03,0.57,1.14,59.67,-85.55,14.28,0.11,11.37,16.89,437.82,43.54,0.035597194,0,82.5,0.02,0.05,0.8125,2.384615385,0,NA,0,3.62,0.2,0.7,0.69,0.535,0.18,67.528
09444500,0.027114,5663.82,0.79,1.07,55.51,-72.58,13.74,0.21,10.62,5.56,114.03,50.42,0.073947151,0.912212108,102.9302326,0.01,0.26,2.930232558,5.642857143,4.697674419,15.05445545,2.731614136,216.47,0.66,0.68,0.52,0.724,0.15,35.269
09447800,0.031011,989.33,1.27,1.31,52.73,-61.53,11.03,0,11.02,20.23,640.48,44.08,0.026438722,0,94,0,0.0305,2.738095238,2.808695652,2.857142857,21.45,16.77966102,8.4,0.7,0.82,0.77,0.383,0.06,15.895
09480000,0.003529,187.03,0.86,1.08,23.73,-39.84,5,0,11.72,4.73,762.02,81.39,0.039353263,Inf,176.8648649,0,0.09,3.891891892,4.381944444,5.783783784,30.8411215,48.83824182,3.54,0.88,0.88,0.8,0.436,0.08,246.152
09484000,0.050903,73.67,0.8,1.11,9.58,-89.85,3.88,0,9.22,0.72,14.42,88.97,0.438929779,Inf,99.29411765,0,1.94,7.441176471,12.46245059,6.647058824,35.51327434,39.94201965,16.55,0.88,0.8,0.62,0.597,0.15,36.604
09484600,0.007515,914.13,0.77,1.11,16.45,-63.04,3.36,0,11.1,8.33,598.48,88.06,0.009258335,NA,192.1176471,0,0.02,8.764705882,5.010067114,8.794117647,36.53846154,87.97712997,5.05,0.87,0.89,0.81,0.281,0.13,220.146
09492400,0.035112,51.55,0.92,1.07,62.52,-76.86,143.46,0,9.78,24,415,82.92,0.625188793,0.939347995,115.2790698,0.13,2.26,1.558139535,6.417910448,2.255813953,4.896907216,0,30.96,0.52,0.54,0.32,0.925,0.57,122.469
09494000,0.020936,1351.24,0.83,1.35,56.05,-51.44,103.27,0,10.59,16.9,282.5,81.85,0.249623687,1.167729944,101.744186,0.02,0.97,2.581395349,8.306306306,5.930232558,9.82745098,0.725883477,165.98,0.61,0.56,0.34,0.855,0.53,98.005
09497500,0.017763,6276.93,0.86,1.72,52.07,-45.72,58.87,0.03,10.81,13.41,511.11,64.99,0.200606813,0.912212108,100.8837209,0.03,0.76,3.069767442,6.356060606,4.372093023,13.93085106,0,601.29,0.61,0.64,0.43,0.734,0.38,73.398
09497800,0.02145,626.58,0.83,1.06,37.11,-39.03,36.73,0,10.42,8.58,44.83,63.84,0.119589961,0.442812229,98.21428571,0.02,0.38,3.857142857,2.574074074,1.380952381,13.67241379,0,36.7,0.57,0.7,0.56,0.536,0.19,42.723
09497980,0.019113,357.35,0.69,1.21,36.31,-51.42,33.94,0,10.57,1.26,23.89,62.57,0.133716014,0.912212108,84.93023256,0.01,0.47,4.139534884,7.084269663,6.465116279,19.77338129,0,28.3,0.76,0.82,0.69,0.564,0.25,39.729
09505200,0.011685,190.84,0.67,1.08,33.34,-45.29,43.51,0,11.5,10.6,389.64,65.62,0.240856606,0.202869059,72.97142857,0.05,1.01,4.6,6.02484472,0.114285714,16.25,0,27.98,0.72,0.88,0.76,0.571,0.26,54.26
09505350,0.014164,268.99,0.72,1.07,32.15,-44.24,42.84,0.15,11.22,14.98,438.38,62.27,0.242848138,NA,94.20930233,0,1.31,6.325581395,13.84191176,5.558139535,53.54393305,76.02674308,36.97,0.93,0.87,0.72,0.558,0.29,53.505
09505800,0.014788,464.56,0.74,1.06,34.83,-44.73,45.48,0,11.3,8.18,380.29,71.55,0.202794015,0.202869059,78.8372093,0.05,0.71,3.418604651,5.823129252,0.162790698,4.142857143,0,51.94,0.66,0.86,0.75,0.529,0.25,52.812
09508300,0.012678,69.41,0.71,1.28,35.82,-72.36,27.62,0,10.03,0.86,12.97,56.73,0.32913085,Inf,98.20930233,0,1.2,4.860465116,15.16267943,4.88372093,57.17619048,35.37090099,13.14,0.93,0.88,0.76,0.468,0.21,31.258
09510200,0.03201,445.48,1.05,1.1,30.05,-48.95,12.14,0,10.21,0.39,18.25,54.32,0.123390003,Inf,94.55813953,0,0.45,5.069767442,27.9266055,5.209302326,53.44642857,61.23527539,21.53,0.93,0.88,0.75,0.543,0.22,40.953
09512280,0.025174,185.51,0.97,1.19,22.62,-53.98,4.24,0,10.43,0.91,13.45,51.84,0.072006367,Inf,99.81395349,0,0.12,4.465116279,29.640625,5.860465116,47.24603175,63.76313276,5.62,0.95,0.92,0.84,0.417,0.11,28.249
09513780,0.038773,160.42,0.84,1.26,21.64,-59.89,3.86,0,10.23,10.08,397.11,51.05,0.119922954,NA,121.9534884,0,0.27,3.697674419,30.62264151,3.88372093,75.25748503,68.99713467,9.39,0.96,0.93,0.84,0.403,0.13,32.978
10023000,0.01741,89.03,0.61,1.3,72.42,-36.88,93.57,0,10.98,1.24,55.62,32.7,0.205904987,0.983366944,108.8378378,0.04,0.62,0.216216216,21.125,1.972972973,13.57534247,0.236791476,12.22,0.48,0.47,0.28,0.993,0.41,160.517
10166430,0.024172,30.2,0.43,1.02,69.83,-57.73,78.07,0,9.15,0.99,14.11,45.83,0.097655024,2.118090922,145.7297297,0,0.5135,2.081081081,24.20779221,2.675675676,52.87878788,19.78688767,2.79,0.74,0.65,0.42,0.98,0.65,158.027
10172700,0.0246,52.44,0.76,1.07,78.97,-38.4,21.04,0,10.72,1,18.99,23.47,0.137658409,0.638949592,91.95238095,0.04,0.33,0.357142857,6.933333333,0.142857143,2.333333333,0,3.92,0.39,0.45,0.31,0.961,0.3,132.276
10172800,0.017518,6.85,0.41,1.2,75.55,-65.06,258.17,0,9.06,0,6.08,34.59,0.932312639,0.827276582,141.0465116,0.25,3.06,1.139534884,6.653061224,0,NA,0,6.4,0.48,0.54,0.33,0.967,0.77,158.893
10173450,0.017739,110.49,0.41,1.22,76.93,-45.35,124.14,0.08,10.79,4.84,74.1,39.36,0.453365278,0.965935644,138.3095238,0.05,1.98,1.023809524,23.25581395,3.142857143,24.60606061,0.123867266,49.91,0.65,0.67,0.48,0.986,0.61,159.052
10205030,0.034352,71.32,0.47,1.17,64.59,-49.21,93.94,0,10.61,3.97,23.72,35.72,0.249053168,0.648120667,135.0930233,0.07,0.81,1.046511628,8.6,0.348837209,5,0,15.36,0.49,0.61,0.45,0.978,0.57,157.095
10234500,0.041198,200.01,0.84,1.06,69.98,-78.04,112.26,0,9.82,2.3,27.42,39.06,0.522571156,0.736478935,140.4186047,0.15,1.72,0.906976744,12.76923077,0.023255814,1,0,50.89,0.51,0.61,0.39,0.976,0.71,159.175
10242000,0.058723,141,0.67,1.1,75.38,-55.26,155.12,0,9.72,14.42,78.76,33.16,0.404424706,0.750862072,127.9069767,0.08,1.58,2.069767442,9.97752809,3.511627907,6.01986755,0,34.94,0.6,0.68,0.49,0.958,0.59,140.228
10244950,0.064334,28.29,0.98,1.14,76.3,-56.49,95.24,0,9.63,1.84,17.03,31.64,0.497760586,0.581471292,124.1162791,0.17,1.39,0.162790698,19.71428571,0,NA,0,5.93,0.41,0.52,0.35,0.995,0.58,171.265
10249300,0.066893,35.28,0.7,1.2,65.54,-93.73,80.46,0,9.49,7.72,8.41,23.8,0.299391786,0.912212108,126.1428571,0.04,1.1805,1.19047619,17.4,2.714285714,18.70175439,0,6.14,0.63,0.64,0.46,0.976,0.57,140.974
10258000,0.071778,38.87,0.88,1.42,49.68,-76.77,23.51,0,8.25,0,2.41,54.49,0.251638731,3.15573541,91.24390244,0,1.22,2.219512195,25.8021978,3.268292683,59.67164179,28.24040067,4.53,0.8,0.7,0.48,0.706,0.34,91.246
10258500,0.041493,234.5,0.96,1.06,43.96,-46.4,9.04,0,9.9,0,11.51,27.59,0.045330786,NA,97.46511628,0,0.14,3.860465116,26.4939759,3.860465116,68.11445783,71.99617956,4.55,0.94,0.89,0.77,0.489,0.18,50.443
10259000,0.105142,21.78,0.94,1.19,49.45,-88.46,14.89,0,9.2,0,3.03,41.04,0.297768863,0.806872392,59.34883721,0.05,0.8,1.209302326,5.442307692,2.069767442,10.15730337,0.006367399,2.85,0.52,0.57,0.45,0.641,0.32,56.274
10259200,0.045961,79.85,0.98,1.22,46.01,-47.47,9.83,0,9.33,0,7.6,28.46,0.053829354,NA,109.9534884,0,0.16,2.465116279,47.43396226,2.813953488,102.0826446,67.98471824,1.8,0.93,0.89,0.77,0.485,0.15,44.595
10263500,0.10724,51.38,0.86,1.1,51.85,-106.37,141.26,0,8.95,0.04,1.34,87.57,0.657087552,1.172559468,78.86046512,0.05,2.63,1.837209302,11.56962025,2.604651163,36.53571429,0,16.01,0.66,0.65,0.47,0.81,0.34,87.641
10296000,0.054784,358.5,0.77,1.17,71.53,-56.27,599.96,2.83,10.05,1.23,13.65,95.85,1.463278574,1.445821984,146.372093,0.12,6.53,2.813953488,13.60330579,4.720930233,26.55665025,0,279.96,0.66,0.59,0.33,0.943,0.8,154.949
10296500,0.052609,457.91,0.73,1.07,71.9,-57.18,473.62,2.91,9.94,1.27,12.51,83.1,1.115305317,1.392098448,145.5813953,0.11,4.8,2.441860465,13.56190476,5.348837209,19.16956522,0,287.84,0.64,0.58,0.33,0.943,0.8,155.132
10301500,0.029623,2914.96,0.53,1.29,69.46,-35.65,126.07,1.68,10.52,0.73,86.2,32.68,0.080031837,1.824424216,112.0232558,0,0.43,1.837209302,23.02531646,12.25581395,10.39468691,7.933779051,181.4,0.72,0.68,0.46,0.991,0.39,147.862
10309000,0.060865,750.68,0.81,1.76,68.64,-55.36,280.29,2.2,9.84,0.73,12.81,93.08,0.990711875,1.355024337,130.2325581,0.12,4.02,2.465116279,9.962264151,5.441860465,14.48290598,0,375.05,0.61,0.56,0.32,0.897,0.72,135.51
10310500,0.042455,28.03,0.59,1.15,69.81,-56.53,169.73,2.47,9.67,0.42,95.58,30.77,0.267077906,0.814682765,75.48484848,0.06,0.77,0.393939394,2.461538462,1.454545455,10.66666667,0,5.19,0.43,0.41,0.28,0.873,0.55,79.529
10312000,0.038276,1918.42,0.69,1.53,66.92,-40.05,150.11,2.02,10.7,0.76,104.86,50.12,0.349586756,1.824424216,102.6744186,0,1.53,2.348837209,10.56435644,2.441860465,49.83809524,19.92359121,397.42,0.69,0.55,0.33,0.932,0.55,116.386
10316500,0.0443,30.7,0.49,1.13,66,-143.23,26.62,0,9.38,0.08,8.96,20.17,1.753738937,1.59104487,153.5116279,0.11,9.17,1.720930233,36.32432432,3.209302326,60.91304348,0,44.77,0.74,0.66,0.39,0.955,0.8,158.177
10329500,0.026583,480.39,1.05,1.1,64.69,-29.77,32.59,0,10.64,0.84,106.3,20,0.199923591,0.912212108,109.5116279,0.03,0.89,2.139534884,15.89130435,3.302325581,18.78169014,0,37.29,0.66,0.67,0.44,0.851,0.59,111.76
10336645,0.034949,17.74,0.89,1.12,65.06,-30.22,639.48,2.68,10.12,0.55,14.37,125.23,2.050287806,2.380922389,118.8372093,0.08,10.076,4.604651163,13.17676768,2.790697674,66.05833333,0,16.68,0.73,0.63,0.36,0.849,0.63,119.417
10336660,0.052952,21.34,0.7,1.19,64.71,-47.05,668.52,2.38,10.39,0.23,21.98,127.16,2.870471824,2.350939499,126.3488372,0.11,12.57,4.209302326,11.50276243,2.604651163,64.5,0,35.64,0.7,0.58,0.32,0.819,0.64,129.138
10336740,0.062753,4.94,0.86,1.11,73.65,-35.5,404.37,3,9.34,0,10,39.24,0.233302576,1.584481046,101.6666667,0.01,0.8895,1.148148148,11.5483871,3.666666667,27.22222222,3.559115798,0.55,0.61,0.5,0.31,0.965,0.51,117.591
10343500,0.032683,22.03,0.8,1.04,65.25,-36.46,549.3,2.64,9.99,2.27,39.35,101.45,1.024036294,1.061357631,112.9767442,0.12,4.51,2.279069767,13.14285714,2.674418605,34.43478261,0,11.58,0.65,0.65,0.43,0.883,0.54,123.679
10348850,0.033938,17.09,0.81,1.06,75.28,-48.01,207.88,0.3,9.02,0.15,13.51,70.19,1.333886492,0.611046556,125.6060606,0.42,3.96,0.636363636,6.523809524,0.212121212,14.14285714,0,11.47,0.45,0.58,0.42,0.91,0.38,154.259
10396000,0.025923,431.27,0.81,1.53,68.29,-29.1,82.06,0,11.08,0.44,129.37,24.42,0.579097103,0.976422105,126.2093023,0.13,2.01,2.953488372,4.37007874,2.372093023,3.098039216,0,126.47,0.54,0.55,0.3,0.862,0.77,129.876
11025500,0.032714,245.46,0.84,1.19,32.21,-47.27,8.02,0.92,10.46,1.39,24.78,71.18,0.076172557,Inf,73.3255814,0,0.27,3.627906977,39.77564103,3.558139535,71.83006536,60.49028972,9.08,0.91,0.86,0.72,0.621,0.25,64.752
11098000,0.073362,48.39,1.14,1.52,37.99,-64.23,57.16,0,9.63,0.65,6.51,140.82,0.516818211,1.97943186,80.34883721,0.01,2.07,3.906976744,10.2202381,3.790697674,51.01840491,4.043298313,9,0.82,0.78,0.63,0.739,0.27,56.308
11124500,0.085298,221.46,1.15,1.04,23.36,-52.83,19.89,1,9.71,8.81,26.46,125.74,0.271197708,Inf,80.51162791,0,1.17,3.069767442,22.74242424,3.325581395,71.34265734,42.9162687,21.36,0.88,0.81,0.63,0.678,0.34,62.393
11138500,0.077137,849.92,1.17,1.55,28.22,-63.45,16.22,0.78,9.81,6.97,31.11,88.9,0.158526762,Inf,90.4516129,0,0.75,2.838709677,26.56818182,2.225806452,110.173913,41.05281752,47.43,0.87,0.8,0.62,0.773,0.38,64.854
11141280,0.032066,38.67,0.69,1.43,40.2,-60.87,23.96,0,10.15,2,48.29,86.34,0.393486788,0.912212108,65.1627907,0.04,1.44,2.651162791,7.789473684,3.093023256,23.87969925,0,9.04,0.68,0.72,0.58,0.652,0.38,58.234
11143000,0.095246,118.43,0.98,1.08,40.28,-75.85,221.58,1.78,10.3,0.05,8.33,192.66,2.039607768,1.278098841,78.20930233,0.16,8.886,3.651162791,8.949044586,3.76744186,34.16049383,0,100.74,0.7,0.68,0.48,0.856,0.54,52.308
11148900,0.031754,401.84,1,1.2,31.22,-41.28,161.13,0.54,11.36,0.92,52.44,67.24,0.945164597,Inf,76.76744186,0,4.05,3.372093023,30.13793103,2.860465116,86.16260163,42.41961159,163.18,0.9,0.83,0.66,0.579,0.36,42.161
11151300,0.039854,579.87,0.96,2.5,32.7,-35.43,6.34,0.07,10.77,12.02,269.87,37.48,0.056522164,Inf,70.71428571,0,0.17,3.833333333,46.61490683,4.595238095,59.62176166,51.0756193,14.02,0.9,0.87,0.75,0.431,0.21,52.47
11160000,0.031073,95.26,0.89,1.14,38.48,-40.52,60.95,1,10.5,1.06,5.09,135.94,0.999137854,1.53075751,70.13953488,0.01,4.26,5.558139535,7.841004184,5.697674419,34.60816327,1.394460363,43.59,0.81,0.77,0.6,0.611,0.4,45.16
11162500,0.059227,121.06,1.01,1.32,35.74,-41.37,83.6,1,10.38,1.61,15.53,110.46,0.853873289,1.600829628,79.06976744,0.02,3.73,4.325581395,11.19892473,5.511627907,37.85232068,0.974212034,41.67,0.81,0.77,0.6,0.644,0.41,47.063
11176400,0.042787,343.33,1.02,1.08,31.32,-49.12,6.26,0,10.82,0.3,30.19,42.65,0.268377587,Inf,89.20930233,0,1.03,3.906976744,19.25595238,3.860465116,68.78915663,47.30977396,36.94,0.92,0.86,0.72,0.641,0.31,44.503
11180500,0.031688,27.14,1,1.15,21.75,-19.01,26.16,0,9.73,5.05,834.1,36,0.248223496,Inf,78.34883721,0,1.168,7.069767442,18.39144737,5.534883721,48.3907563,64.39987265,2.76,0.92,0.85,0.69,0.584,0.34,45.029
11180960,0.0166,15.06,0.93,1.05,27.81,-40.3,37.6,0.89,10.32,4.59,700.64,43.67,0.440204394,Inf,89.02325581,0,1.83,5.279069767,21.08810573,5.418604651,46.10729614,42.9544731,2.93,0.9,0.83,0.67,0.518,0.31,45.628
11224500,0.055309,297.06,1.19,2.12,28.97,-37.92,6.22,0,10.37,2.48,78.19,35.41,0.058760904,NA,90.72093023,0,0.22,2.651162791,40.23684211,2.860465116,102.0243902,70.79274117,5.99,0.94,0.89,0.77,0.57,0.21,58.308
11230500,0.070695,84.73,0.62,1.08,70.25,-77.35,377.81,2.16,9.68,0.57,1.85,114.21,1.720511302,1.396154056,151.0232558,0.1,7.79,3.069767442,11.04545455,4.441860465,25.91623037,0,95.62,0.66,0.58,0.33,0.945,0.81,160.042
11237500,0.029563,33.15,0.51,1.11,58.61,-52.89,331.21,0.08,10.04,0,5.32,119.39,1.706225406,3.251839692,123.5813953,0.01,8.802,2.76744186,26.94957983,2.88372093,72.28225806,2.043935053,45.71,0.79,0.67,0.41,0.91,0.67,129.611
11253310,0.045824,151.45,1.22,1.66,31,-34.67,6.44,0,10.29,0.46,43.03,32.15,0.054524037,Inf,94.02325581,0,0.22,2.744186047,46.1440678,2.720930233,99.60683761,65.32951289,2.76,0.91,0.85,0.7,0.522,0.24,61.764
11264500,0.056744,362.68,0.77,1.13,59.64,-67.67,435.84,2.5,9.61,0.5,3.59,125.8,1.948080229,2.006236124,138.2790698,0.03,8.95,3.697674419,10.54716981,3.465116279,41.10738255,0,374.41,0.69,0.57,0.31,0.945,0.81,143.975
11266500,0.073323,614.68,0.74,1.09,59.57,-73.03,453.51,2.74,9.63,0.71,5.11,125.49,1.97420312,2.157974092,132.1162791,0.05,8.79,3.279069767,11.68085106,3.395348837,43.76712329,0,674.16,0.69,0.56,0.3,0.937,0.8,136.594
11274500,0.037644,360.22,1.02,1.05,30.06,-51.45,7.22,0.06,10.78,1.99,88.34,22.85,0.135717287,NA,120.8139535,0,0.44,1.790697674,47.76623377,2,148.7790698,76.58070678,19.57,0.95,0.92,0.81,0.606,0.26,46.402
11274630,0.043054,207.88,1.09,1.17,30.97,-57.28,6.16,0,10.34,0.82,47.63,26.19,0.102131682,Inf,85.95238095,0,0.39,1.571428571,101.3787879,2.904761905,90.20491803,56.38200782,7.95,0.91,0.84,0.69,0.641,0.3,52.35
11281000,0.027585,134.13,0.59,1.16,60.23,-53.01,403.95,3.1,10.37,2.38,17.46,98.5,1.119691004,1.988005466,96.23809524,0.04,4.56,4.285714286,8.488888889,4.238095238,35.15730337,0,103.91,0.68,0.57,0.32,0.793,0.58,96.411
11284400,0.020205,37.12,0.89,1.07,48.5,-16.17,231.4,4.61,10.64,4.92,129.58,103.05,0.566068768,Inf,78.88372093,0,2.05,4.76744186,18.90731707,4.697674419,54.31188119,45.56510665,9.67,0.91,0.85,0.71,0.569,0.29,47.537
11299600,0.023738,46.34,1.23,1.1,40.1,-28.79,102.32,3.42,10.42,2.89,346.63,63.37,0.577216975,Inf,72.225,0,2.1555,4.025,27.94409938,4.25,61.42352941,44.17522245,8.91,0.91,0.86,0.71,0.543,0.32,41.686
11342000,0.040235,576.37,0.53,1.2,71.66,-41.12,611.9,2.71,9.67,0.27,18.65,181.72,2.601446673,1.533366121,68.39534884,0.41,9.34,4.930232558,3.683962264,3.186046512,24.18978102,0,1155.82,0.6,0.57,0.33,0.829,0.59,68.453
11355500,0.021676,99.19,0.23,1.51,71,-30.33,233.83,0.08,10.78,0.21,156.94,77.95,0.819046812,0.320101762,99.47619048,0.54,1.26,0,NA,0,NA,0,142,0.15,0.22,0.15,0.939,0.4,135.789
11381500,0.046824,206.52,0.61,1.05,65.05,-39.64,406.59,2.7,10.3,3.15,89.15,142.89,2.164881885,0.953994788,73.34883721,0.6,5.948,2.651162791,1.850877193,0,NA,0,301.41,0.47,0.52,0.33,0.74,0.5,71.906
11383500,0.029259,333.23,0.61,1.37,64.26,-45.38,446.16,3.08,10.3,4.3,36.58,135.56,1.448522127,0.92530718,61.6744186,0.312,4.87,4.023255814,3.213872832,0.604651163,14.03846154,0,321.12,0.56,0.61,0.41,0.8,0.51,60.503
11401500,0.034965,1548.99,0.81,1.1,64.52,-41.91,156.92,1.78,10.63,2.37,47.29,55.89,0.645025274,1.69487276,69.07692308,0.01,2.98,3.846153846,13.64,4.076923077,41.54716981,0.50547599,504.24,0.75,0.66,0.43,0.893,0.49,73.774
11413000,0.089319,545.91,0.84,1.42,58.81,-48.01,703.41,4.95,9.79,5.38,15.58,183.05,2.827325056,1.627633892,94.90697674,0.37,9.87,3.209302326,4.688405797,3.069767442,24.93939394,0,753.29,0.58,0.51,0.27,0.851,0.6,94.22
11427000,0.071604,790.32,0.89,1.15,57.29,-55.53,610.66,5.07,9.87,6.85,40.72,161.98,2.266992677,2.619730549,76.86046512,0.09,8.28,5.76744186,5.633064516,3.11627907,51.1119403,0.019102197,821.53,0.68,0.56,0.32,0.783,0.53,75.767
11451100,0.061336,136.95,0.88,1.24,40.68,-57.28,211.54,3.35,10.16,5.29,25.98,89.43,1.648654498,3.03030303,78.47619048,0,7.61,4.904761905,14.00485437,3.571428571,58.56,9.237288136,104.67,0.82,0.73,0.52,0.776,0.48,43.029
11468500,0.0322,206.21,0.75,1.02,29.12,-43.36,207.65,4.17,10.25,6.61,28.27,120.29,1.668932824,2.317537239,75.6744186,0.03,8.29,5.651162791,10.74485597,3.76744186,53.40740741,0.29290035,186.57,0.79,0.71,0.49,0.75,0.51,41.014
11473900,0.065141,1691.11,0.88,1.38,32.55,-29.52,267.08,2.64,10.14,4.29,38.02,166,1.798975486,3.628122903,81.90697674,0.01,7.288,7.279069767,7.511182109,3.325581395,53.62937063,1.426297358,1418.74,0.74,0.6,0.34,0.764,0.59,48.597
11475560,0.063538,13.85,0.82,1.11,28.61,-23.6,299.64,3.21,9.88,2.03,20.69,301.77,3.393080548,2.40316659,66.02325581,0.09,15.17,5.302325581,9.609649123,3.488372093,50.57333333,0,23.27,0.74,0.64,0.41,0.814,0.57,40.017
11476600,0.071218,60.94,0.84,1.14,33.2,-37.62,406.54,1.89,10.06,0.02,32.68,203.9,3.601268198,2.913397255,63.51219512,0.02,16.64,5.073170732,11.97596154,3.512195122,53.30555556,0.707893682,106.46,0.77,0.65,0.41,0.842,0.61,35.838
11478500,0.059292,493.32,0.86,1.05,36.69,-25.74,420.94,2.8,10.39,1.8,33.89,167.05,3.32153327,3.337064808,79.44186047,0.03,14.582,8.418604651,6.649171271,3.697674419,49.4591195,0,780.94,0.76,0.63,0.39,0.738,0.59,37.21
11480390,0.036905,182.9,0.75,1.01,33.35,-26.52,278.04,4.39,10.97,2.53,38.88,174.8,2.202397962,4.275082525,73.25581395,0,10.17,5.581395349,13.39166667,3.441860465,58.04054054,21.08245782,218.81,0.8,0.67,0.42,0.789,0.56,39.722
11481200,0.041076,76.93,0.72,1.15,40.01,-39.32,313.76,1.51,10.39,0.83,65.21,153.41,2.866836039,2.236024456,70.95348837,0.09,12.366,9.720930233,4.198564593,5.348837209,30.42608696,0,125.16,0.72,0.61,0.38,0.676,0.6,35.542
11482500,0.073581,519.97,0.72,1.63,42.74,-40.82,456.07,2.64,10.38,1.51,27.77,199.56,3.055756765,2.736636324,58.6744186,0.04,12.99,6.88372093,5.114864865,3.418604651,46.68027211,0.063673989,905.48,0.7,0.56,0.31,0.807,0.7,40.502
11497500,0.015347,959.13,0.7,1.63,67.34,-34.21,146.52,0,11.34,0.08,142.08,23.4,0.530632313,0.631139219,96.54545455,0.16,1.71,0.909090909,3.1,0.272727273,4,0,295.67,0.44,0.52,0.3,0.933,0.72,98.176
11501000,0.010906,2265.75,0.55,1.26,72.56,-37.13,108.37,0.3,11.78,0.23,374.74,23.17,0.319587393,0.672268938,87.81395349,0.07,1.09,0.581395349,6.16,1.279069767,7.763636364,0,538.25,0.47,0.51,0.32,0.981,0.71,90.466
11522500,0.075172,1397.86,0.72,1.21,58.05,-77.27,449.72,3.32,9.43,0.38,7.33,138.11,2.190625279,1.982412708,73.69767442,0.17,6.998,2.255813953,2.494845361,3.372093023,32.51724138,0,1742.14,0.57,0.44,0.21,0.872,0.69,70.595
11523200,0.047993,230.66,0.6,1.03,68.32,-47.14,460.6,2.6,9.68,0.18,12.6,89.64,2.510477555,2.130276601,94.79069767,0.17,9.41,4.209302326,5.116022099,3.697674419,36.77358491,0,395.04,0.64,0.52,0.26,0.842,0.68,96.428
11528700,0.049335,1496.92,0.75,1.11,47.5,-41.57,307.31,4.28,10.2,1.72,32.76,122.76,1.534395415,2.282811111,61.34883721,0.04,6.18,4.488372093,8.419689119,2.790697674,56.70833333,0,1243.55,0.71,0.6,0.36,0.855,0.62,52.503
11530000,0.060273,5370.54,0.73,1.14,55.53,-56.47,442.08,3.72,9.87,1.24,19.91,137.84,1.559337154,1.73948869,63.25581395,0.2,5.43,2.720930233,4.427350427,3.76744186,26.9382716,0,4712.08,0.59,0.51,0.28,0.905,0.7,61.518
11532500,0.051412,1196.21,0.75,1.13,46.31,-38.12,937.82,4.84,9.9,4.12,26.28,359,5.4734454,2.082916163,55.41860465,0.36,20.77,6.860465116,2.871186441,3.11627907,42.80597015,0,3557.72,0.65,0.55,0.32,0.741,0.65,35.991
12010000,0.020815,123.95,0.87,2.72,44.19,-35.86,1069.37,4.63,10.75,2.56,63.27,309.11,7.364128621,1.661165487,47.11627907,0.46,26.86,5.581395349,2.208333333,4,26.76162791,0,430.48,0.61,0.5,0.29,0.754,0.68,15.996
12013500,0.013816,278.66,0.82,1.64,45.47,-30.96,856.91,4.07,11.49,1.87,244.39,236.56,4.652427889,2.03501203,49.44186047,0.19,17.586,5.534883721,2.680672269,4.093023256,31.05113636,0,647.64,0.64,0.51,0.29,0.781,0.72,20.656
12020000,0.014555,232.22,0.78,1.29,43.39,-51.39,677.97,2.16,11.09,1.02,80.36,187.92,4.766003184,2.000389611,39.30232558,0.21,17.91,6.255813953,2.620817844,3.720930233,34.425,0,577.32,0.65,0.53,0.32,0.664,0.64,19.819
12025000,0.010788,261.4,0.64,1.54,52.43,-25.19,844.76,3.02,12.09,1.06,1701.27,79.78,3.13353781,1.797836567,31.97619048,0.22,10.84,4.166666667,2.091428571,4.214285714,25.78531073,0,520.52,0.59,0.47,0.26,0.766,0.72,26.409
12025700,0.045601,77.63,0.74,1.32,56.53,-38.84,1005.68,1.94,10.09,0.9,16.85,113.14,4.677251831,1.56539032,33.93023256,0.45,16.1,3.465116279,1.986577181,3.744186047,24.83229814,0,201.94,0.57,0.47,0.27,0.751,0.69,27.671
12027500,0.013063,1677.26,0.72,1.24,49.31,-29.45,724.69,2.62,11.8,0.98,661.02,103.54,2.995360713,1.924934408,38.27906977,0.21,11.05,4.046511628,3.362068966,3.279069767,35.64539007,0,2845.8,0.61,0.49,0.26,0.875,0.77,26.019
12035000,0.006437,570.12,0.74,1.08,51.2,-28.11,1269.14,5.88,12.38,1.36,696.82,282.61,6.703554282,1.547960943,25.51162791,0.76,21.95,4.162790698,1.94972067,2.76744186,32.02521008,0,2101.54,0.56,0.48,0.27,0.744,0.72,19.464
12040500,0.018797,735.23,0.64,1.4,51.72,-21.86,1601.85,5.31,10.33,0.42,57.3,381.66,9.562285896,1.108692592,51.62790698,1.03,31.36,4.697674419,1.613861386,3.76744186,16.95679012,0,4512.38,0.55,0.49,0.32,0.67,0.59,13.614
12041200,0.040281,369.65,0.56,1.68,55.83,-29.93,1700.67,3.85,9.85,0.18,28.94,436.75,9.477673989,0.686447309,46.90697674,2.37,25.532,2.093023256,1.377777778,1.418604651,6.393442623,0,2568,0.42,0.46,0.34,0.693,0.48,10.82
12043000,0.021284,219.41,0.63,1.77,50.58,-42.76,1385.45,5.62,10.64,1.2,38.8,271.21,7.490435973,1.607345951,67.82051282,0.43,26.1,6.179487179,1.676348548,4.230769231,24.12727273,0,1058.86,0.6,0.5,0.3,0.644,0.63,14.863
12048000,0.058128,229.15,0.56,1.29,59.76,-59.08,653.66,1.03,9.64,0.25,19.68,162.75,2.326702961,0.811539972,96.62790698,0.62,5.7,0.744186047,1.21875,0.302325581,6.692307692,0,387.78,0.39,0.37,0.22,0.796,0.29,103.816
12054000,0.071843,93.12,0.52,1.23,54.33,-73.2,1348.58,2.13,9.44,0.75,37.21,192.99,5.769444763,0.946999434,67.48837209,0.89,15.87,1.860465116,1.3875,2.511627907,15.12962963,0,421.75,0.46,0.4,0.27,0.749,0.36,43.559
12056500,0.050383,79.59,0.54,1.04,52.99,-73.78,1827.77,2.32,9.26,0.8,11.17,411.29,8.871615409,0.972258138,53.1627907,0.96,26.09,2.441860465,1.514285714,3.069767442,18.26515152,0,533.93,0.5,0.43,0.3,0.715,0.44,29.328
12073500,0.001675,5.97,0.35,1.39,54.23,-10.6,396.4,5,12.13,0,31,78.56,1.614948106,0.675596485,43.97674419,0.54,4.63,2.581395349,2.108108108,0,NA,0,11.16,0.44,0.58,0.4,0.704,0.56,29.371
12082500,0.067215,266.46,0.74,1.09,61.82,-75.12,1231.43,2.08,9.83,0.02,6.34,180.63,5.278157911,0.614622765,84.8372093,1.76,11.39,0.674418605,1.448275862,0.372093023,3.6875,0,778.52,0.34,0.37,0.28,0.771,0.28,75.597
12092000,0.078779,151.69,0.64,1.04,61.46,-99.31,1334.36,1.56,9.49,0.03,2.43,172.25,5.558935371,0.596792115,102.1395349,1.98,11.61,0.441860465,1.368421053,0.186046512,2.5,0,541.22,0.32,0.35,0.27,0.713,0.12,151.464
12095000,0.031817,160.92,0.68,1.43,59.9,-58.94,824.98,3.63,10.75,0.26,46.71,99.45,2.37190889,1.083984869,54.63888889,0.36,6.556,1.666666667,1.666666667,4.388888889,11.46202532,0,228.24,0.48,0.41,0.27,0.719,0.53,44.334
12098500,0.061455,754.53,0.73,1.4,63.73,-73.19,1129.06,2.63,9.58,0.75,12.23,135.38,3.299253571,0.730769409,92.17391304,0.94,7.52,0.304347826,1.285714286,0.652173913,4.733333333,0,1403.88,0.36,0.33,0.21,0.867,0.46,93.593
12114500,0.06417,53.14,0.8,1.02,57.68,-68.76,1307.62,3.18,10.1,1.95,5.62,214.92,5.877910856,1.24794267,76.55813953,0.74,17.142,1.604651163,1.536231884,3.186046512,20.08759124,0,158.72,0.5,0.39,0.22,0.773,0.46,74.606
12115000,0.056096,78.08,0.71,1.2,57.1,-67.37,1349.71,3.46,10.17,2.08,5.78,206.9,5.558439987,1.189783684,69.09302326,0.67,15.6,1.697674419,1.561643836,3.279069767,19.87234043,0,250.51,0.49,0.39,0.23,0.771,0.46,63.906
12115500,0.036503,23.56,0.54,1.19,54.93,-51.68,1337.71,3.71,9.6,2.69,7.81,190.77,5.483574658,1.338767553,53.69767442,0.43,16.59,3,1.705426357,4.744186047,16.82843137,0,97.18,0.55,0.44,0.27,0.689,0.42,45.371
12117000,0.050915,34.96,0.78,1.18,60.42,-31.79,1238.36,6.22,10.18,1.95,18.19,173.51,5.186539955,0.962974914,54.46511628,1.15,12.92,0.581395349,1.52,1.279069767,6.509090909,0,94.34,0.41,0.34,0.21,0.793,0.71,43.761
12134500,0.091664,990.25,0.71,1.27,56.35,-104.28,1513.41,2.13,9.57,0.87,4.52,221.92,7.093517351,1.017454245,77.34883721,0.95,19.026,1.697674419,1.506849315,2.953488372,14.30708661,0,4018.92,0.47,0.39,0.25,0.73,0.3,74.485
12141300,0.115568,280.96,0.7,1.17,58.44,-104.96,1508.43,2.59,9.69,1.33,3.14,236.35,7.409203286,0.968542128,69.51219512,1,20.22,2.390243902,1.43877551,3.097560976,13.70866142,0,1220.29,0.48,0.42,0.29,0.679,0.29,60.996
12143600,0.067813,115.17,0.7,1.06,57.44,-95.78,1446.64,2.79,9.41,1.04,3.63,219.55,6.404918549,1.144796206,70,0.89,18.1,1.95,1.564102564,2.975,18.35294118,0,431.76,0.49,0.41,0.25,0.697,0.38,62.857
12144000,0.06148,148.34,0.69,1.36,59.13,-82.63,1415.08,3.67,9.78,1.44,11.09,203.45,6.213163437,0.946927458,71.25641026,1.3,15.44,1.256410256,1.346938776,1.282051282,10.78,0,543.19,0.42,0.36,0.23,0.73,0.44,63.311
12144500,0.08171,683.39,0.7,1.1,58.34,-95.75,1386.91,3.76,9.78,1.57,12.63,209.51,6.638638013,0.912212108,63.72093023,1.06,17.21,1.558139535,1.402985075,2.581395349,13.47747748,0,2650.67,0.45,0.38,0.26,0.713,0.38,53.134
12145500,0.047343,72.45,0.86,1.15,61.84,-46.05,758.44,6.88,10.36,3.31,59.94,154.07,3.773211716,1.569353939,30.97674419,0.29,12.78,4,1.912790698,5.255813953,18.51769912,0,129.62,0.58,0.48,0.28,0.724,0.64,24.67
12147500,0.038862,72.05,0.69,1.3,55.4,-99.58,1279.59,4.81,9.77,2.04,11.47,180.44,8.212636314,0.849128379,52.57142857,1.38,21.11,1.514285714,1.188679245,2.657142857,11.87096774,0,350.99,0.43,0.38,0.28,0.602,0.48,38.211
12147600,0.007289,6.86,0.42,1.08,53.25,-112.01,1553.01,3.19,8.84,0.59,2.27,209.88,8.500782553,1.277587657,52.97674419,0.65,27.07,5.76744186,1.572580645,6.046511628,12.32692308,0,56.21,0.58,0.52,0.35,0.555,0.26,36.741
12149000,0.061809,1073.14,0.69,1.07,57.93,-81.12,1172.56,4.68,10.21,1.8,28.26,180.46,5.688678765,0.857687165,57.02325581,0.99,14.206,1,1.325581395,2.069767442,13.70786517,0,3620.03,0.43,0.36,0.25,0.768,0.48,45.485
12167000,0.035915,412.64,0.59,1.33,52.83,-67.89,1337.7,2.94,10.18,0.97,25.1,204.37,6.652595989,1.015891201,40.27906977,0.81,18.27,2.697674419,1.379310345,3.906976744,14.21428571,0,1904.42,0.49,0.42,0.29,0.649,0.51,26.342
12175500,0.113348,154.48,0.56,1.05,64.12,-111.59,1324.76,1,9.19,0.47,5.34,167.62,5.674181471,1.301827324,159.255814,1.11,14.81,0.418604651,1.333333333,2.069767442,9.898876404,0,636.14,0.44,0.33,0.12,0.758,0.85,194.851
12178100,0.101753,41.08,0.57,1.08,63.84,-110.49,1006.81,1,9.2,0.01,6.75,188.68,6.047795306,0.986028308,113.4285714,1.3,16.38,1.19047619,1.46,1.904761905,6.925,0,179.84,0.44,0.41,0.24,0.724,0.3,153.065
12186000,0.086038,242.45,0.61,1.24,57.29,-115.51,1511.51,1.33,9.79,0.5,5.7,276.08,6.854587711,0.986455525,97.18604651,1.28,17.9,0.976744186,1.404761905,2.441860465,9.723809524,0,1118.11,0.44,0.37,0.22,0.698,0.25,114.021
12189500,0.072278,1051.35,0.57,1.04,59.24,-100.85,1348.9,1.35,9.46,0.5,6.83,243.67,5.750764088,0.80653386,97.93023256,1.55,13.82,0.558139535,1.375,0.627906977,5.703703704,0,4369.03,0.38,0.36,0.22,0.762,0.26,116.192
12340000,0.046358,5385.24,0.92,1.03,72.27,-64.17,203.84,0.01,10.73,7.62,57.24,22.58,0.632592805,0.682755399,138.744186,0.17,2.24,1.069767442,11.02173913,0.674418605,4,0,1513.95,0.51,0.57,0.31,0.969,0.87,146.433
12358500,0.068839,2070.35,0.71,1.16,68.13,-92.74,734.65,0.02,9.98,4.86,18.8,43.45,2.358839223,1.296110299,144.7674419,0.32,9.57,3.162790698,7.970588235,3.511627907,21.15231788,0,2810.81,0.59,0.53,0.26,0.932,0.88,153.287
12374250,0.08582,43.23,0.85,1.05,75.93,-69.99,153.79,1.65,9.6,0.08,16.19,21.33,0.459557637,1.055923168,123.7631579,0.09,1.8805,1.789473684,13.66176471,4.263157895,6.783950617,0,9.57,0.6,0.62,0.39,0.955,0.71,125.044
12375900,0.063556,12.43,0.63,1.17,77,-102.08,155.09,0,8.81,0,7.58,38.05,2.566303314,0.724917714,155.5263158,0.71,9.53,2.315789474,5.681818182,0.263157895,1.5,0,20.98,0.52,0.58,0.32,0.888,0.87,166.405
12377150,0.146987,24.56,0.75,1.08,75.12,-93.97,150.67,0,8.89,0.35,11.39,44.92,3.844452755,1.247040927,164.3414634,0.63,15.084,4,4.987804878,3.975609756,14.61349693,0,51.05,0.58,0.54,0.27,0.874,0.93,177.353
12381400,0.03265,93.11,0.62,1.09,76.01,-84.93,166.01,0,10.52,0.8,26.86,41.35,1.027934292,1.082260417,149.15,0.13,4.38,1.6,17,4.825,13.9119171,0,62.64,0.61,0.58,0.33,0.952,0.87,158.609
12383500,0.051282,12.09,0.68,1.18,77.28,-121,148.4,0,8.51,0.27,13.6,32.89,1.414006287,0.721936866,156.037037,0.53,3.8095,0.037037037,1,0.111111111,2,0,10.35,0.37,0.42,0.22,0.95,0.96,187.445
12388400,0.032755,35.72,0.53,1.05,76.01,-72.95,196.69,0,9.43,0.1,15.31,21.18,0.649541675,0.773553046,142.3333333,0.14,2.53,2.444444444,8.757575758,1.296296296,3.6,0,17.98,0.58,0.63,0.38,0.94,0.77,148.832
12390700,0.028327,243.23,0.52,1.09,69.56,-87.48,483.3,1.87,9.96,0.14,9.72,42.71,1.109933142,1.311871492,125.1627907,0.19,4.11,2.674418605,6.313043478,1.813953488,27.98717949,0,213.56,0.57,0.52,0.25,0.933,0.85,126.99
12411000,0.049107,747.15,0.86,1.02,65.78,-80.95,488.74,1.9,10.41,0,8.08,44.24,1.867547278,1.597258272,101.7674419,0.22,7.4,4.209302326,5.834254144,5.162790698,20.70720721,0,661.54,0.61,0.54,0.28,0.898,0.77,101.821
12413000,0.043006,1788.6,0.77,1.06,66.1,-81.57,519.81,1.84,10.29,0.12,10.84,42.43,1.898648838,1.677616249,97.48837209,0.23,6.92,3.372093023,4.296551724,4.279069767,22.63043478,0,1797.07,0.59,0.5,0.25,0.894,0.77,97.27
12413500,0.042929,2323.61,0.74,1.45,65.95,-81.47,550.7,1.82,10.26,0.31,12.33,42.5,1.856911351,1.54468403,100.1891892,0.24,6.7935,3.324324324,4.243902439,3.702702703,23.94890511,0,2375.54,0.58,0.51,0.25,0.904,0.77,100.066
12414500,0.047071,1869.5,0.7,1.23,67.31,-84.04,619.28,1.67,10.09,0.19,9.4,50.08,2.051987265,1.46139665,120.5813953,0.31,7.33,2.720930233,5.418803419,6.627906977,10.71929825,0,2232.49,0.57,0.49,0.22,0.919,0.87,122.521
12447390,0.091327,43.47,0.75,1.08,66.48,-86.96,350.48,0,9.85,0.97,13.37,39.75,1.385640242,1.227632101,147.8837209,0.12,7.09,1.651162791,30.25352113,4.534883721,32.46666667,0,32.82,0.7,0.65,0.39,0.947,0.79,154.148
12449500,0.079776,2587.13,0.76,1.34,67.47,-87.64,337.88,0.19,9.58,0.87,11.98,45.41,1.035231862,1.152155278,142.59375,0.16,4.5465,2.34375,14.09333333,3.5625,20.47368421,0,1444.15,0.62,0.6,0.33,0.949,0.84,148.576
12449950,0.076242,3520.89,0.77,1.05,68.12,-84.56,270.93,0.15,9.58,0.76,11.46,40.51,0.837265839,1.048007091,144.255814,0.15,3.49,1.906976744,15.43902439,2.372093023,15.71568627,0,1568.52,0.6,0.59,0.32,0.954,0.84,149.971
12451000,0.131645,550.95,0.66,1.05,64.25,-112.08,1086.23,0.99,9.18,0,7.09,114.71,4.17217383,1.22002996,147.255814,0.64,13.81,1.348837209,2.879310345,2.581395349,14.98198198,0,1416.75,0.52,0.44,0.2,0.895,0.89,162.431
12459000,0.077492,1783.67,0.69,1.06,68.31,-95.37,900.51,2.29,9.82,0.61,13.67,106.6,2.799917861,1.210835671,131.9767442,0.46,8.868,0.744186047,3.34375,2.093023256,17.45555556,0,2964.21,0.5,0.42,0.19,0.934,0.79,141.897
12462500,0.072905,2392.28,0.71,1.06,68.69,-92.3,734.19,1.98,9.82,0.63,15.08,89,2.293865648,1.220919479,129.3023256,0.33,7.25,0.76744186,3.303030303,2.093023256,21.03333333,0,3161.96,0.5,0.42,0.19,0.933,0.78,138.641
12488500,0.059879,157.65,0.76,1.13,66.24,-103.84,976,0.32,10.54,0,5.14,101.04,2.726008914,1.261662991,124.6976744,0.44,9.01,1.395348837,3.266666667,2.348837209,18.94059406,0,229.85,0.52,0.44,0.21,0.917,0.74,130.695
13011500,0.017166,198.07,0.46,1.29,73.39,-36.79,464.49,2.9,10.67,0,19.64,28.19,1.465777778,0.839751025,148.3488372,0.18,7.73,1.88372093,25.77777778,7.418604651,17.26645768,0,258.05,0.69,0.69,0.44,0.952,0.77,154.643
13011900,0.035819,532.95,0.63,1.65,70.05,-59.63,429.68,2.06,10.11,0.48,15.94,30.34,1.538028683,0.808063921,161.6428571,0.3,6.72,2.785714286,10.5042735,4.642857143,4.692307692,0,533.07,0.59,0.61,0.35,0.947,0.87,171.947
13018300,0.005605,8.92,0.3,1.07,77.8,-63.39,309.56,1.87,9.12,0.7,5.88,24.34,1.023368354,0.79478002,155.0697674,0.27,3.61,0.976744186,9.238095238,0.744186047,7.03125,0,12.27,0.51,0.56,0.34,0.97,0.83,172.456
13023000,0.033987,664.07,0.57,1.11,77.07,-62.19,369.88,0.29,10.06,0.7,18.14,26.57,1.327234002,0.861588794,147.1860465,0.34,4.54,0.930232558,7.2,0.930232558,2.05,0,631.05,0.49,0.52,0.27,0.962,0.93,160.835
13083000,0.041167,119.27,0.87,1.11,76.97,-55.01,51.61,0,10.39,8.26,96.58,16.94,0.255186441,0.251437076,106.0952381,0.14,0.57,0.071428571,8,0.095238095,6.75,0,14.33,0.26,0.48,0.36,0.962,0.65,122.268
13161500,0.026403,852.94,0.86,1.45,66.76,-36.94,86.97,0,11.01,1.01,121.54,17.92,0.23659322,1.5511617,117.4285714,0.01,1.11,2,20.17857143,4.238095238,29.1741573,0.117340287,95.84,0.68,0.61,0.36,0.974,0.78,121.875
13186000,0.06158,1453.06,0.87,1.03,72.71,-73.91,303.05,0,10.1,0.04,5.97,32.46,1.035100923,0.808533016,136.372093,0.22,4.23,2.046511628,11.70454545,2.488372093,4.91588785,0,704.62,0.57,0.6,0.34,0.966,0.84,142.385
13200000,0.035986,815.88,0.79,1.04,68.79,-76.73,193.29,0,10.18,0.06,5.76,31.98,0.597803247,1.355024337,105.0930233,0.05,2.45,2.093023256,13.38888889,4.093023256,21.01704545,0,251.25,0.62,0.54,0.29,0.959,0.84,108.221
13235000,0.064556,862.51,0.75,1.34,74.62,-106.39,504.31,0,9.68,0,17.18,36.32,1.732957657,0.757204464,142.4186047,0.51,6.07,1.162790698,7.06,0.255813953,1.818181818,0,819.39,0.48,0.55,0.3,0.961,0.89,151.566
13240000,0.079132,94.02,0.75,1.33,63.84,-69.48,525.11,1.08,9.98,0,1.2,51.41,2.616730798,1.359018404,143.6486486,0.21,12.55,3.432432432,14.01574803,6.135135135,22.22907489,0,135.1,0.68,0.62,0.35,0.906,0.8,146.968
13302500,0.05953,6231.33,0.71,1.03,76.02,-81.9,205.4,0,10.25,0.13,32.3,19.29,0.52078128,0.411098794,135.7906977,0.2,1.64,0.465116279,6.25,0.162790698,1.571428571,0,1858.11,0.39,0.55,0.38,0.971,0.72,156.796
13310700,0.065284,729.58,0.85,1.13,68.78,-86.1,429.82,1.28,9.9,0,1.42,32.54,1.47541223,1.015195433,137.8888889,0.29,5.92,2.416666667,10.10344828,3.75,5.844444444,0,515.83,0.58,0.58,0.31,0.947,0.85,140.484
13313000,0.040026,417.23,0.74,1.17,70.79,-76.93,440.71,1.27,10.5,0,1.37,31.87,1.48915632,0.857747347,144.255814,0.24,6.89,2.186046512,17.55319149,6.023255814,8.791505792,0,343.89,0.63,0.65,0.39,0.952,0.81,149.611
13331500,0.052344,390.3,0.63,1.22,68.58,-59.18,437.23,0.03,10.07,0.09,32.94,58.43,1.762046482,1.417518874,141.6046512,0.23,6.752,3.209302326,6.413043478,6.534883721,11.75088968,0,445.64,0.58,0.51,0.24,0.93,0.91,143.036
13336500,0.079829,3903.6,0.79,1.08,69.67,-84.12,522.52,0,9.67,0,5.72,43.56,1.802098695,1.25960235,136.627907,0.25,7.25,2.744186047,9.5,6.418604651,11.22826087,0,3655.03,0.59,0.54,0.26,0.94,0.9,138.013
13337000,0.054996,2203.42,0.72,1.4,67.75,-81.02,601.46,0.02,9.69,0,8.53,63.78,2.167983703,1.327179184,133.5952381,0.29,8.42,2.952380952,7.64516129,6.452380952,11.02583026,0,2704.06,0.59,0.52,0.26,0.941,0.89,135.558
13338500,0.043024,2655.99,0.88,1,69.22,-49.91,253.89,1.46,10.71,0.28,55.31,27.92,0.76109965,1.298270699,127.3255814,0.11,2.78,2.441860465,7.447619048,6.720930233,8.339100346,0,941.04,0.57,0.5,0.23,0.927,0.93,130.181
13340000,0.057392,11449.67,0.8,1,68.03,-68.29,426.75,0.63,10.18,0.1,59.34,42.34,1.474769182,1.392533576,131.1395349,0.2,5.47,2.465116279,6.41509434,5.534883721,11.36134454,0,8602.14,0.57,0.49,0.22,0.939,0.93,131.632
13340600,0.046114,2407.29,0.72,1.07,68.76,-76.88,652.46,1.24,10.03,0.06,7.82,69.8,2.411182529,1.173382252,126.7857143,0.48,8.3,1.5,5.698412698,3.142857143,5.848484848,0,3309.82,0.52,0.48,0.22,0.94,0.9,129.811
13351000,0.008154,4335.31,0.7,1.06,46.57,-33.16,39.15,1.36,12.07,1.04,519.49,15.18,0.227514804,1.824424216,70.23255814,0.01,0.93,4.139534884,8.308988764,3.046511628,45.16030534,1.088825215,578.4,0.67,0.57,0.33,0.887,0.74,70.099
14020000,0.041909,221.91,0.65,1.14,64.22,-62.72,324.5,0,10.06,3.54,27.28,52.36,1.672159822,1.678946258,86.55813953,0.29,5.55,3.302325581,3.098591549,3.953488372,17.98235294,0,234.55,0.56,0.49,0.23,0.832,0.76,83.044
14080500,0.011105,3898.35,0.61,1.78,61.02,-20.79,30.11,0,11.62,0.01,270.01,9.95,0.173359803,0.533609876,108,0.01,0.74,0.9,12.55555556,1.9,35.78947368,2.73822563,455.33,0.56,0.52,0.37,0.973,0.62,98.468
14092750,0.049556,52.87,0.81,1.19,78.73,-90.76,1073.18,2.27,9.69,0,12.97,104.11,2.93614424,0.747756159,96.29268293,0.92,7.07,0.829268293,1.647058824,0,NA,0,78.13,0.37,0.41,0.26,0.816,0.46,97.113
14096850,0.010547,285.39,0.74,1.08,80.4,-19.65,420.91,2.78,11.19,0.94,185.18,27.45,0.491654346,0.651041964,74.125,0.21,1.3,1.35,2.796296296,0.025,7,0,77.45,0.41,0.58,0.36,0.842,0.56,65.45
14101500,0.022492,957.23,0.93,1.07,78.33,-30.17,553.51,0.89,10.87,1.08,129.81,37.13,0.919654519,1.205878814,81.38461538,0.23,2.43,0.692307692,3.111111111,0.307692308,4,0,386.18,0.45,0.42,0.21,0.912,0.81,75.453
14113000,0.026902,2473.81,0.75,1.31,72.51,-38.78,402.19,0.69,10.78,0.32,200.11,43.51,1.135989175,0.836989127,89.25581395,0.43,2.59,0.255813953,2.090909091,0,NA,0,1533.53,0.35,0.38,0.19,0.913,0.75,86.671
14137000,0.059338,573.66,0.85,1.33,68.13,-56.25,1653.66,2.89,9.92,0.37,35.67,188.89,4.652415791,1.055090229,60.90697674,1,11.92,1.11627907,1.458333333,1.395348837,7.366666667,0,1303.23,0.44,0.38,0.24,0.752,0.61,49.761
14138800,0.043636,19.25,0.89,1.09,55.03,-24.63,1562.01,2.98,10.19,0.02,21.34,287.59,6.33339255,1.709141326,44.11627907,0.23,22.21,6.093023256,1.866412214,4.651162791,23.475,0,55.6,0.61,0.49,0.29,0.694,0.51,37.81
14138870,0.040187,10.7,0.71,1.32,48.1,-57.3,1011.5,2.02,9.16,0.02,13.75,249.74,5.560676855,1.448298079,39.79069767,0.4,18.7,3.418604651,1.707482993,4,22.45930233,0,34.5,0.56,0.44,0.26,0.711,0.59,33.655
14138900,0.040436,15.58,0.74,1.04,48.03,-26.79,829.11,3.18,9.32,0.52,36.09,267.96,7.977773321,1.208534807,42.30232558,1.22,25.35,3.488372093,1.606666667,3.88372093,13.85628743,0,71.74,0.52,0.47,0.3,0.703,0.56,31.76
14139800,0.037048,33.47,0.82,1.06,49.45,-34.89,973.43,2.81,10.12,0.44,37.74,223.06,6.730965298,1.435859454,41.37209302,0.63,21.3,2.76744186,1.638655462,3.976744186,20.8245614,0,112.52,0.54,0.44,0.25,0.717,0.6,33.551
14141500,0.027096,39.12,0.65,1.04,51.36,-40.72,1000.7,2.92,10.07,0.68,52.22,196.53,5.532914995,1.408904276,45.39534884,0.53,17.23,2.23255814,1.541666667,4.441860465,18.86387435,0,136.14,0.53,0.41,0.24,0.731,0.63,37.51
14154500,0.042284,370.59,0.67,1.1,53.23,-67.64,514.79,1.93,10.1,1.97,44.11,99.75,2.506005094,2.369527998,63.76744186,0.09,8.99,5.953488372,2.29296875,4.627906977,29.20100503,0,562.8,0.64,0.49,0.27,0.732,0.63,41.941
14158500,0.028703,78.04,0.33,1.08,69.33,-27.3,1352.56,6.16,10.57,5.33,23.32,147.37,4.55869532,0.623928002,89.90697674,1.79,9.47,0,NA,0,NA,0,429.82,0.29,0.26,0.15,0.967,0.78,85.542
14158790,0.022819,22.35,0.53,1.3,64.12,-39.6,1305.37,5.55,10.34,6,10.53,195.74,4.957398281,2.049227848,71.81395349,0.21,16.87,3.720930233,2.125,2.837209302,42.21311475,0,86.41,0.61,0.45,0.24,0.803,0.61,56.685
14166500,0.006916,137.37,0.58,1.4,39.62,-28.82,423.74,2.51,11.69,3.16,506.15,101.99,2.218310729,1.968688585,55.46511628,0.12,8.57,4.837209302,4.028846154,3.860465116,33.05421687,0,216.19,0.64,0.53,0.31,0.834,0.73,36.038
14182500,0.047079,194.78,0.67,1.21,56.7,-60.31,1175.46,2.43,10.16,0.58,47.81,184.28,5.901465138,1.776244184,47.79069767,0.25,19,3.441860465,1.635135135,3,36.09302326,0,704.89,0.58,0.43,0.25,0.7,0.61,34.883
14185000,0.04708,310.96,0.69,1,53.78,-44.78,961.57,2.59,9.87,1.77,26.5,139.88,4.358663483,1.842576833,56,0.23,14.3,3,1.829457364,3.255813953,33.85714286,0,798.48,0.58,0.43,0.24,0.761,0.66,42.647
14185900,0.044424,175.13,0.68,1.09,54.62,-79.37,1102.28,2.01,10,0.65,11.76,183.26,6.034776823,2.006494959,50.02325581,0.24,21.45,5.372093023,1.80952381,3.534883721,33.71710526,0,635.83,0.61,0.47,0.27,0.74,0.65,35.867
14187000,0.04732,87.49,0.63,1.17,50.19,-60.97,716.95,2.14,10.26,1.4,37.01,111,3.374023312,2.169707102,44.54285714,0.11,12.439,4.685714286,2.652439024,3.8,32.93233083,0,190.63,0.63,0.47,0.25,0.804,0.71,40.489
14216500,0.054628,284.65,0.81,1.5,69.49,-60.06,1496.42,0.53,10.13,0,8.12,203.53,6.005522245,1.502187624,61.775,0.86,16.77,1.025,1.512195122,2.925,21.72649573,0,859.68,0.49,0.36,0.17,0.864,0.71,52.9
14222500,0.02604,223.89,0.68,1.03,55.12,-41.98,1166.75,1.97,10.43,0.31,50.44,270.18,5.326774912,1.682325799,37.23255814,0.36,17.38,2.488372093,1.672897196,3.930232558,25.98816568,0,717.06,0.56,0.42,0.22,0.786,0.74,32.283
14232500,0.068612,647.55,0.78,1.11,70.4,-72.26,1077.07,0.53,9.91,0,14.36,155.82,3.549388463,0.947308692,84.26666667,0.91,8.763,0.466666667,1.571428571,0.133333333,2.5,0,1204.03,0.4,0.35,0.2,0.866,0.67,83.766
14233400,0.074658,2039.69,0.77,1.38,67.45,-79.13,1127.67,1.19,9.78,0.08,7.14,148.93,4.072066133,0.948106439,80.53846154,0.87,9.76,0.384615385,1.4,1.615384615,9.095238095,0,4423.44,0.4,0.31,0.18,0.868,0.62,80.377
14236200,0.031137,210.68,0.58,1.15,54.54,-64.47,1126.88,1.95,10.24,1.18,23.66,135.81,5.45907609,1.535079497,37.06976744,0.44,17.33,2.372093023,1.774509804,3.534883721,26.13815789,0,815.65,0.55,0.42,0.24,0.771,0.69,31.37
14301000,0.011841,1214.46,0.7,1.06,49.46,-21.73,762.17,2.69,11.02,0.68,154.21,207.72,3.612487479,2.200235262,52.48780488,0.13,14.02,4.365853659,3.849162011,2.926829268,44.99166667,0,2577.48,0.64,0.5,0.26,0.884,0.78,24.622
14303200,0.028146,6.04,0.75,1.27,46.91,-18.73,982.36,2.81,10.13,1.2,33.87,291.5,5.408857349,1.910753119,57.63157895,0.35,18.9915,3.815789474,2.675862069,3.631578947,31.72463768,0,17.6,0.6,0.48,0.26,0.82,0.72,25.079
14305500,0.03101,509.51,0.97,1.05,42.64,-27.95,1018.66,1.07,10.73,0,30.23,366.79,6.624850048,1.885123591,35.65116279,0.34,23.87,4.76744186,2.204878049,3.348837209,34.65972222,0,1426.29,0.61,0.48,0.26,0.777,0.73,24.488
14306340,0.01248,6.41,0.43,1.22,43.44,-57.76,918.38,1,10.06,0,13.73,307.66,4.201202601,2.414733982,76.05,0.11,17.17,7.4,3.344594595,3.975,35.95597484,0,25.2,0.68,0.55,0.32,0.757,0.65,28.208
14306500,0.015635,581.4,0.68,2.33,43.31,-33.72,795.53,1,11.02,0,26.05,209.65,3.937619866,2.040107826,51.23255814,0.22,15.01,5.069767442,2.871559633,3.325581395,37.48251748,0,1384.87,0.63,0.5,0.26,0.822,0.78,31.345
14308000,0.04112,809.09,0.69,1.02,58.62,-49.13,469.94,1.34,10.42,0.11,14.71,74.15,2.066485833,2.335509564,59.69767442,0.09,7.19,4.279069767,2.75,4.023255814,33.04624277,0,986.18,0.63,0.49,0.27,0.778,0.67,45.803
14308990,0.030772,128.04,0.75,1.17,46.71,-48.01,307.78,1,10.43,0.03,12.86,88.09,1.164140151,1.808663023,51.21621622,0.09,4.16,5.405405405,3.85,5.135135135,25.39473684,0,81.44,0.66,0.59,0.37,0.749,0.58,45.294
14309500,0.02464,150.57,0.67,1.33,36.64,-49.5,380.04,0.85,10.87,0,10.98,178.81,2.517651703,2.536149245,60.34883721,0.06,10.82,8.162790698,5.293447293,4.093023256,40.50568182,0,232.71,0.73,0.61,0.37,0.739,0.64,32.287
14316700,0.040592,404.51,0.69,1.09,60.99,-77.14,622.9,2.01,10.25,0.87,12.25,91.63,2.930080229,2.246066382,62.46511628,0.14,10.85,6.511627907,2.485714286,4.139534884,32.24157303,0,704.76,0.64,0.51,0.28,0.739,0.66,40.728
14321000,0.030019,6020.25,0.64,1.15,49.25,-47.22,401.3,1.84,10.75,0.24,48.08,76.86,1.780827125,1.731488399,48.62790698,0.25,5.93,3.558139535,2.522875817,3.325581395,26.72727273,0,6873.18,0.57,0.5,0.28,0.805,0.7,41.882
14325000,0.035551,287.19,0.65,1.66,36.77,-32.22,580.53,0.85,10.21,0.2,13.55,265.78,4.17280866,2.73914069,67.27906977,0.1,17.09,7.953488372,3.640350877,4,39.0755814,0,759.44,0.69,0.55,0.31,0.741,0.68,31.169
14359000,0.024528,3222.81,0.61,1.01,69.93,-28.62,426.64,1.56,10.47,1.26,182.9,56.36,1.28124228,0.549757856,87.81395349,0.54,2.95,0.441860465,2.052631579,0,NA,0,2782.02,0.33,0.44,0.3,0.876,0.44,71.39
14362250,0.063869,32.88,0.75,1.03,58.64,-73.47,280.72,0.85,9.14,0.32,11.1,44.5,0.266947296,1.648691043,47.6,0,1.1155,3.65,9.808219178,4.5,33.50555556,14.24366872,4.79,0.75,0.66,0.48,0.834,0.46,46.296
14400000,0.040026,429.72,0.61,1.35,43.63,-39.24,996.01,1.09,10.25,1.13,16.49,365.43,7.723315505,2.416137146,64.37209302,0.25,31.86,7.930232558,3.390029326,3.441860465,42.79054054,0,2218.29,0.68,0.54,0.3,0.79,0.69,29.669
