SITENO,MNTH,DTR,TXx8110,TNx8110,TXn8110,TNn8110,TXx9120,TNx9120,TXn9120,TNn9120
01013500,1,11.38758798,11.15,1.72,-24.96,-38.56,11.15,1.72,-25.57,-38.56
01013500,2,12.71211585,13.82,2.94,-22.49,-36.15,13.82,1.91,-22.49,-36.15
01013500,3,12.04515396,17.7,2.78,-17.83,-33.92,23.56,4.19,-17.98,-33.92
01013500,4,11.00259848,27.49,7.68,-10.31,-19.58,25.88,5.53,-10.31,-21.57
01013500,5,13.13318915,33.11,13.73,2.18,-5.64,33.11,18.67,1.31,-5.35
01013500,6,12.78837879,33.09,18.08,8.45,-1.36,33.83,18.08,8.45,-1.73
01013500,7,12.25704545,33.52,20.47,13.32,2.57,33.6,20.73,13.46,3.36
01013500,8,12.37674487,32.42,19.52,12.85,0.32,32.42,18.78,13.15,0.32
01013500,9,12.12940152,32.23,18.47,4.47,-5.31,32.23,18.47,4.47,-5.31
01013500,10,10.14806452,25.98,13.4,0.26,-8.93,26.06,12.98,0.26,-10.42
01013500,11,8.103037879,18.1,12.64,-9.85,-23.31,22.09,12.64,-10.66,-23.31
01013500,12,9.303940616,12.38,1.92,-24.42,-35.65,13.97,5.02,-24.42,-33.6
01022500,1,10.90071848,12.68,6,-20.67,-30.84,12.68,6,-20.67,-29.16
01022500,2,11.63510861,15.66,3.56,-16.18,-29.43,15.66,3.56,-16.18,-29.43
01022500,3,10.95361437,25.14,5.68,-10.56,-25.91,28.3,5.68,-11.62,-23.93
01022500,4,11.28686364,27.58,8.31,-4.15,-12.65,27.58,8.74,-4.15,-12.65
01022500,5,12.53859238,34.13,13.85,6.35,-3.02,34.13,15.71,5.07,-2.57
01022500,6,12.18143939,33.69,18.16,9.49,2.2,33.4,18.16,8.21,1.21
01022500,7,11.9143695,34.71,19.78,14.07,5.87,34.71,20.33,14.07,6.86
01022500,8,11.9248607,34.06,19.61,13.75,3.61,34.06,19.8,14.3,5.78
01022500,9,11.85568182,34.27,19.12,10.31,-2.77,34.27,19.12,10.33,-2.77
01022500,10,10.71664956,26.36,14.78,2.2,-6.06,28.26,15.35,2.2,-6.06
01022500,11,9.1965,20.34,11.85,-6.68,-16.96,20.97,10.42,-8.24,-15.18
01022500,12,9.602822581,16.52,4.45,-16.11,-28.1,14.99,5.59,-17.19,-25.32
01030500,1,11.28703079,12.25,2.01,-22.33,-35.16,12.25,2.01,-22.33,-35.16
01030500,2,12.50431215,17.01,2.84,-19.14,-32.99,17.01,2.84,-19.14,-32.99
01030500,3,11.81269795,19.19,3.49,-14.43,-31.04,26.01,4.22,-14.75,-31.04
01030500,4,11.66705303,28.5,8.96,-7.79,-16.22,28.45,7.57,-7.79,-18.66
01030500,5,13.46689883,33.7,13.85,4.74,-3.97,33.7,16.74,3.03,-3.97
01030500,6,12.90834848,34.13,18.55,8.78,0.16,34.34,18.55,8.68,-1
01030500,7,12.44386364,34.44,20.16,13.64,3.16,34.44,20.74,13.64,4.21
01030500,8,12.55101173,34.02,19.91,12.92,1.42,34.02,19.77,12.92,3.08
01030500,9,12.47368939,33.13,19.63,7.37,-3.78,33.13,19.63,7.37,-3.78
01030500,10,10.88618768,25.37,14.66,1.34,-8,26.68,14.42,1.34,-8
01030500,11,8.811462121,19.52,11.93,-7.79,-20.78,22.25,11.93,-9.82,-18.54
01030500,12,9.500458211,14.28,2.78,-20.88,-34.92,14.77,4.57,-20.88,-29.15
01031500,1,11.53796188,12.81,3.14,-23.87,-36.26,12.81,3.14,-23.87,-36.26
01031500,2,12.88061947,15.06,2.43,-20.52,-35.19,15.06,2.15,-20.52,-35.19
01031500,3,12.24767595,23.34,4.07,-15.83,-30.4,26.08,2.81,-15.83,-29.45
01031500,4,11.78497727,28.69,7.81,-9.4,-16.96,28.69,9.34,-9.4,-16.96
01031500,5,13.283761,32.17,14.46,2.16,-4.52,32.17,17.7,2.16,-4.52
01031500,6,12.45181818,33.51,18.79,8.66,-0.02,33.64,18.79,7.35,-0.79
01031500,7,12.13005132,33.45,20.63,12.63,3.83,33.45,20.63,12.63,4.11
01031500,8,12.33492669,33.29,20.09,11.79,1.36,33.29,19.2,11.79,3.45
01031500,9,12.3732197,34.09,19.55,5.72,-3.56,34.09,19.55,5.72,-3.56
01031500,10,10.87208944,26.01,14.08,0.26,-7.66,26.98,13.76,0.26,-7.86
01031500,11,8.940856061,18.65,11.35,-8.11,-20.38,21.73,11.35,-9.86,-18.8
01031500,12,9.459380499,14.93,2.88,-19.76,-32.33,14.24,2.88,-20.21,-28.6
01047000,1,11.55576979,12.79,2.98,-24.79,-36.65,12.79,2.98,-24.79,-36.65
01047000,2,12.89659694,14.79,2.84,-22,-35.24,14.79,1.48,-22,-35.24
01047000,3,12.44835044,23.4,4,-18.56,-31.04,25.33,2.92,-18.56,-28.37
01047000,4,11.85074242,28.58,8.63,-9.4,-17.2,27.95,8.35,-9.4,-17.2
01047000,5,13.31863636,31.85,14.21,1.23,-5.11,31.85,16.64,1.23,-5.11
01047000,6,12.52020455,32.95,18.47,8.16,-0.53,32.95,18.52,7.41,-1.5
01047000,7,12.26180352,33.36,20.76,12.6,3.2,33.36,20.76,12.6,3.83
01047000,8,12.4640176,32.95,19.69,10.88,0.57,32.95,18.95,12.78,3.25
01047000,9,12.42278788,33.87,19.34,4.52,-4.24,33.87,19.34,4.52,-4.24
01047000,10,10.85557918,26.18,14.29,-0.19,-8.49,25.61,13.8,-0.19,-8.49
01047000,11,9.038136364,18.91,11.61,-9.45,-22.25,21.28,11.61,-11.35,-19.26
01047000,12,9.543925953,15.44,3.53,-18.8,-31.95,15.44,3.53,-20.76,-29.36
01048000,1,11.43585777,13.38,4.22,-23.18,-36.18,13.38,4.22,-23.18,-36.18
01048000,2,12.65890587,14.6,3.47,-20.36,-33.69,14.6,1.38,-20.36,-33.69
01048000,3,12.14566716,24.87,4.48,-17.58,-29.63,26.09,3.97,-17.58,-27.84
01048000,4,11.85059091,29.67,9.02,-8,-15.85,28.01,8.58,-8,-15.85
01048000,5,13.16201613,32.42,14.25,2.54,-4.59,32.42,16.76,2.54,-4.37
01048000,6,12.40436364,33.51,18.44,9.39,-0.06,33.51,18.44,8.04,-1.3
01048000,7,12.17464809,33.88,20.53,13.16,3.88,33.88,20.53,13.16,4.66
01048000,8,12.34888563,33.14,19.81,11.3,0.93,33.14,19.15,13.81,3.67
01048000,9,12.36130303,33.83,19.67,6.01,-3.72,33.83,19.67,6.01,-3.72
01048000,10,11.02387097,26.57,14.51,0.17,-8.08,26.15,13.84,0.17,-8.08
01048000,11,9.255583333,20.01,11.02,-7.54,-21.27,21.57,11.02,-10.5,-18.47
01048000,12,9.602426686,16.22,4.18,-17.5,-29.9,16.22,4.18,-18.87,-28.69
01052500,1,11.44038856,14.8,4.69,-27.18,-37.1,14.8,4.69,-27.18,-37.1
01052500,2,12.65484312,14.29,4.27,-25.34,-37.82,17.85,1.56,-25.34,-37.82
01052500,3,12.47272727,22.03,4.22,-21.78,-31.45,23.97,4.22,-21.78,-30.99
01052500,4,11.56870455,27.38,8.95,-11.77,-19.76,27.22,7.95,-11.77,-19.76
01052500,5,12.87906158,29.43,15.86,0.53,-7.02,32.2,17.65,0.53,-6.22
01052500,6,12.12255303,32.05,18.87,7.53,-2.31,32.05,18.87,7.53,-2.32
01052500,7,11.78252199,31.68,19.97,11.42,1.75,32,20.43,11.85,1.93
01052500,8,11.7911437,30.65,18.95,9.84,-0.78,30.65,18.95,11.93,2.41
01052500,9,11.70512121,31.45,18.48,1.19,-5.5,31.45,18.48,1.19,-5.5
01052500,10,10.27780059,24.94,12.68,-1.69,-10.3,24.91,14.24,-1.69,-10.3
01052500,11,8.766681818,19.54,10.68,-10.58,-23.42,20.94,10.68,-13.51,-22.1
01052500,12,9.550267595,14.97,4.46,-20.72,-33.58,14.97,4.46,-23.72,-32.06
01054200,1,11.34788123,14.6,6.78,-22.78,-33.05,14.6,6.78,-22.78,-33.05
01054200,2,12.2834111,14.42,3.99,-20.76,-31.49,16.19,0.46,-20.76,-31.49
01054200,3,11.83230205,25.52,3.8,-18.14,-28.27,25.52,3.8,-18.14,-28.27
01054200,4,11.90126515,29.36,8.44,-9.92,-15.99,29.36,8.3,-9.92,-15.99
01054200,5,12.98024927,31.06,14.96,2.37,-5.71,31.06,17.28,2.37,-4.67
01054200,6,12.20490909,32.85,18.48,9.28,-0.61,32.85,18.48,8.37,-1.11
01054200,7,11.97819648,32.57,19.58,13.31,3.2,32.57,19.67,13.31,3.28
01054200,8,12.07802786,32.69,19.24,10.68,1.31,32.69,19.05,13.05,2.86
01054200,9,12.14065152,32.33,18.19,6.39,-4.57,32.33,18.19,6.39,-4.57
01054200,10,11.14479472,25.76,14.09,-1.03,-8.9,25.46,13.21,-1.03,-9.06
01054200,11,9.572439394,19.51,10.25,-8.01,-20.16,21.74,10.25,-11.41,-20.28
01054200,12,9.814879032,17.93,3.55,-16.35,-27.79,17.93,3.55,-17.52,-27.32
01055000,1,11.46880499,13.03,4.32,-25.02,-36.51,13.03,4.32,-25.02,-36.51
01055000,2,12.78909895,13.98,3.23,-22.06,-34.58,16.08,1.22,-22.06,-34.58
01055000,3,12.44106305,23.66,3.45,-19.66,-30.77,24.61,3.04,-19.66,-29.17
01055000,4,11.78955303,28.92,8.54,-10.38,-17.5,27.71,7.54,-10.38,-17.5
01055000,5,13.10904692,30.91,15.13,0.96,-6.13,31.38,16.3,0.96,-5.14
01055000,6,12.33676515,32.91,17.56,8.85,-1.06,32.91,18.15,7.61,-1.85
01055000,7,12.09019795,32.75,19.53,12.28,2.84,32.75,19.88,12.28,3.77
01055000,8,12.21653226,32.27,18.8,9.6,0.36,32.27,18.72,14.23,2.83
01055000,9,12.17979545,33.02,18.87,3.61,-4.66,33.02,18.87,3.61,-4.66
01055000,10,10.7998827,25.76,14.2,-0.94,-8.92,25.04,13.52,-0.94,-8.92
01055000,11,9.12575,18.94,11.08,-9.24,-22.31,21.11,11.08,-12.46,-20.02
01055000,12,9.635964076,16.04,4.54,-18.37,-30.85,16.04,4.54,-20.66,-28.22
01055500,1,10.99798387,14.83,6.31,-21.08,-33.83,14.83,6.31,-21.08,-33.83
01055500,2,12.00339501,15.08,4.63,-17.32,-30.96,15.08,1.92,-17.32,-30.96
01055500,3,11.48665689,27.63,5.39,-15.85,-26.4,27.66,6.44,-15.85,-26.4
01055500,4,11.79341667,31.31,9.89,-6.4,-13.07,29.47,9.38,-6.4,-13.07
01055500,5,12.92616569,33.76,15.49,4.9,-3.65,33.76,17.47,4.9,-2.85
01055500,6,12.17797727,35.42,19.33,10.81,1.06,35.42,19.33,8.7,-0.29
01055500,7,11.97747067,35.13,21.19,14.16,5.36,35.13,21.61,14.16,5.83
01055500,8,12.11789589,34.43,20.64,12.32,2.21,34.43,20.29,13.94,4.93
01055500,9,12.20707576,34.24,20.3,8.82,-2.77,34.24,20.3,8.82,-2.77
01055500,10,11.16543988,27.38,14.79,0.61,-6.71,27.65,14.39,0.61,-7.07
01055500,11,9.426742424,21.71,11.36,-5.76,-19.2,22.5,11.36,-8.66,-17.06
01055500,12,9.442840909,18.48,5.25,-15.33,-27.27,18.48,5.25,-17.06,-26.96
01057000,1,11.02874633,15.08,6.57,-21.84,-33.99,15.08,6.57,-21.84,-33.99
01057000,2,12.04901046,15.1,4.48,-18.04,-31.18,15.1,1.56,-18.04,-31.18
01057000,3,11.60499267,27.13,4.78,-16.98,-27.3,27.15,5.81,-16.98,-27.3
01057000,4,11.84844697,31.01,9.62,-7.56,-13.78,30.19,9.16,-7.56,-13.78
01057000,5,13.02576246,33.25,15.35,4.15,-4.16,33.25,17.69,4.15,-3.23
01057000,6,12.25140152,35.03,19.42,10.55,0.5,35.03,19.42,8.42,-0.51
01057000,7,12.05870235,34.66,20.89,13.87,4.75,34.66,21.27,13.87,5.15
01057000,8,12.18472874,34.02,20.23,11.65,2.02,34.02,19.85,13.52,4.54
01057000,9,12.2687803,33.73,19.83,8.01,-3.28,33.73,19.83,8.01,-3.28
01057000,10,11.19241935,27.17,14.79,0.14,-7.04,27.33,13.98,0.14,-7.33
01057000,11,9.412871212,21.24,11.24,-6.08,-19.56,22.73,11.24,-9.02,-17.83
01057000,12,9.468489736,18.5,5.24,-15.56,-27.4,18.5,5.24,-17.34,-26.1
01060000,1,10.5696261,17.11,6.49,-18.69,-31.15,17.11,6.49,-18.69,-29.73
01060000,2,11.36152051,15.77,4.91,-15.09,-28.33,14.95,2.8,-15.09,-28.33
01060000,3,10.88692815,29.51,6.84,-11.63,-22.9,29.51,8.61,-11.63,-22.43
01060000,4,11.52281818,31.48,9.99,-5.08,-10.12,31.48,9.99,-3.96,-10.12
01060000,5,12.28280059,33.44,15.6,6.03,-3.11,33.44,16.48,6.03,-2.06
01060000,6,11.71156818,35,20.02,9.91,2.25,35,20.02,9.39,1.65
01060000,7,11.48384164,35.5,21.68,13.7,7.04,36.35,22.46,13.7,7.33
01060000,8,11.57404692,35.16,21.56,12.86,3.24,35.16,21.44,14.24,6.27
01060000,9,11.58325,34.7,20.1,10.39,-1.91,34.7,20.1,10.39,-1.91
01060000,10,10.92604839,26.93,14.58,1.83,-5.85,28.04,15.88,1.83,-6.04
01060000,11,9.552204545,22.21,11.4,-5.67,-17.51,22.55,11.4,-7.24,-15.77
01060000,12,9.383771994,20.02,5.62,-13.15,-25.97,20.02,5.62,-15.95,-25.34
01064500,1,11.34256598,15.26,6.46,-21.7,-32.52,15.26,6.46,-21.7,-32.52
01064500,2,12.26264682,13.91,4.1,-20.29,-31.11,16.01,0.34,-20.29,-31.11
01064500,3,11.84280792,25.95,4.24,-17.18,-27.31,25.95,4.24,-17.18,-27.31
01064500,4,12.16200758,29.33,9.26,-8.91,-15.44,29.2,9.26,-8.9,-15.44
01064500,5,13.07656158,30.85,14.69,3.21,-5.9,30.85,16.99,3.21,-4.79
01064500,6,12.3274697,32.6,18.3,8.76,-1.2,32.6,18.4,8.53,-0.65
01064500,7,12.08284457,32.77,20,13.56,3.14,32.78,20,13.56,3.14
01064500,8,12.19171554,32.99,19.34,11.45,0.72,32.99,19.34,13.28,3.15
01064500,9,12.21791667,32.56,18.3,6.19,-4.76,32.56,18.3,6.19,-4.76
01064500,10,11.3172654,25.36,14.05,-0.75,-8.79,25.07,14.49,-0.75,-9.02
01064500,11,9.763621212,19.49,10.1,-7.49,-19.65,21.45,10.1,-11.18,-19.94
01064500,12,9.85622434,17.56,4.16,-16.07,-28.04,17.56,4.16,-16.74,-27.38
01073000,1,10.65868768,19.44,9.14,-16.51,-32.01,19.44,9.14,-16.51,-29.29
01073000,2,11.45302494,20.46,6.45,-12.95,-27.15,22.95,4.99,-13.32,-27.15
01073000,3,11.50602639,31.38,11.03,-7.15,-22.02,31.38,11.03,-8.52,-21.14
01073000,4,12.68412879,33.61,12.32,-4.5,-10.19,33.61,13.53,-3.77,-10.34
01073000,5,13.41936217,33.82,18.12,7.6,-4.16,33.73,20.62,7.6,-2.97
01073000,6,12.94762121,35.48,21.46,11.83,1.47,35.48,21.46,9.96,1.81
01073000,7,12.78239003,36.77,22.84,15.85,5.75,37.48,23.69,15.85,5.99
01073000,8,12.89214076,36.07,23.1,14.01,2.08,36.07,23.1,16.39,4.74
01073000,9,12.84417424,34.71,20.23,12.54,-2.3,34.71,20.52,12.54,-2.3
01073000,10,12.34646628,28.36,17.36,3.22,-6.99,28.35,16.97,3.22,-7.94
01073000,11,10.67620455,24.07,13.11,-3.03,-19.84,24.16,12.84,-7.84,-14.5
01073000,12,9.787247067,23.31,9.15,-11.5,-26.77,23.31,6.01,-14.41,-24.41
01076500,1,11.15936217,16.06,7.14,-21.87,-33.16,16.06,7.14,-21.87,-33.16
01076500,2,12.24096541,15.09,5.5,-19.86,-32.11,16.11,0.7,-19.86,-32.11
01076500,3,11.93725073,26.88,4.92,-15.78,-26.68,26.88,4.8,-15.78,-26.68
01076500,4,12.45833333,29.84,10.14,-8.2,-14.88,29.84,10.28,-5.77,-14.88
01076500,5,13.45087243,30.72,15.47,4.33,-5.46,31.13,17.08,4.41,-4.24
01076500,6,12.71356818,33.04,19.19,10.02,-1.4,33.04,19.19,9.48,-0.04
01076500,7,12.43458944,33.62,20.97,14.2,3.08,33.62,20.97,14.93,3.08
01076500,8,12.5093915,33.49,19.52,12.54,0.39,33.49,19.47,14.49,3.95
01076500,9,12.45251515,32.87,18.51,5.7,-4.85,32.87,18.51,5.7,-4.85
01076500,10,11.49960411,25.45,14.34,-0.28,-8.61,25.13,15.37,-0.28,-8.7
01076500,11,9.720674242,20.26,10.33,-7.1,-19.2,21.57,10.33,-10.21,-19.3
01076500,12,9.663046188,17.65,5.27,-15.89,-28.89,17.65,5.27,-16.78,-27.05
01078000,1,10.77320381,16.23,6.97,-20.75,-33.19,16.23,6.97,-20.75,-33.19
01078000,2,11.91242156,16.36,6.72,-18.02,-31.04,17.4,1.3,-18.02,-31.04
01078000,3,11.72865836,27.87,6.22,-12.43,-24.62,27.87,6.88,-12.43,-24.62
01078000,4,12.63658333,31.49,9.78,-5.64,-14.1,31.49,10.27,-4.43,-13.85
01078000,5,13.6254912,32,16.51,5.54,-4.55,32,17.69,5.21,-3.91
01078000,6,12.78630303,33.69,20.56,11.37,-1.01,33.69,20.56,9.37,-0.49
01078000,7,12.48963343,34.52,21.68,13.55,3.53,34.19,21.68,15.33,3.7
01078000,8,12.62138563,34.19,20.29,12.3,0.57,34.19,20.29,15.46,4.51
01078000,9,12.50354545,32.65,19.22,6.98,-4.69,32.65,19.22,6.98,-4.69
01078000,10,11.67840176,26.2,16.07,0.79,-8.14,26.2,16.29,0.79,-8.46
01078000,11,9.786939394,21.42,11.44,-5.45,-17.87,22.59,11.44,-9.25,-18.86
01078000,12,9.382646628,19.28,6.92,-14.99,-27.93,19.28,6.92,-16.64,-26.12
01118300,1,9.281884164,16.22,10.21,-11.95,-23.27,17.28,10.21,-11.3,-21.88
01118300,2,9.657345133,16.83,6.44,-9.2,-21.67,17.38,8.09,-9.93,-23.3
01118300,3,9.924332845,24.91,10.4,-5.45,-16.3,24.91,11.76,-5.45,-16.3
01118300,4,10.52811364,31.24,12.94,-3.87,-9.32,31.24,13.3,0.58,-7.59
01118300,5,10.90780792,32.29,17.89,7.48,-1.93,32.29,17.25,8.39,-1.93
01118300,6,10.35737121,32.86,20.76,11.82,3.87,33.25,20.76,11.04,3.87
01118300,7,9.949545455,35.65,22.8,16.64,7.93,35.65,22.93,17.04,9
01118300,8,9.932609971,34.43,22.73,16.35,5.96,34.43,23.08,17.71,8.2
01118300,9,10.22551515,32.75,21.49,12.68,0.87,31.99,21.54,12.68,0.87
01118300,10,10.44021261,26.82,19.53,5.44,-4.82,28.47,19.55,5.37,-4.82
01118300,11,9.78094697,22.62,13.68,-1.45,-12.95,22.84,15.2,-3.09,-11.8
01118300,12,8.91098607,21.51,13.42,-11.37,-18.04,21.51,13.42,-10.15,-16.07
01121000,1,10.06932551,19.03,11.55,-15.54,-28.53,19.03,11.55,-14.14,-24.21
01121000,2,10.72355591,20.01,8.17,-11.27,-25.3,20.76,8.25,-13,-25.42
01121000,3,11.09959677,28.4,10.35,-8.13,-19.65,28.4,11.94,-8.13,-19.65
01121000,4,11.99775758,33.56,14.99,-4.49,-10.58,33.56,15.9,-3.28,-9.38
01121000,5,12.60239003,33.56,18.04,6.47,-2.41,33.56,18.6,7.1,-2.08
01121000,6,11.74743939,34.27,21.26,10.25,2.01,34.27,21.26,9.83,3.19
01121000,7,11.22209677,35.47,22.99,15.7,5.58,35.76,22.99,15.88,8.62
01121000,8,11.08539589,35.67,22.76,14.83,3.39,35.67,22.76,15.96,7.07
01121000,9,11.392,34.76,21.33,10,-0.84,33.14,21.33,10,-0.84
01121000,10,11.51157625,27.99,17.89,4.45,-6.73,27.99,19.54,4.11,-6.16
01121000,11,10.36875758,25.47,15.26,-4.14,-16.37,24.58,12.91,-5.52,-13.79
01121000,12,9.294930352,22.07,11.98,-12.86,-22.74,22.07,11.98,-12.3,-18.35
01123000,1,10.02628299,18.2,11.2,-13.92,-26.86,19.07,11.2,-13.29,-22.76
01123000,2,10.60246983,19.11,8.52,-10.42,-24.66,20.41,8.38,-11.59,-24.66
01123000,3,10.97927419,27.98,10,-6.64,-18.42,27.98,11.95,-6.64,-18.42
01123000,4,11.80904545,32.97,14.55,-3.91,-9.93,32.97,15.2,-1.83,-8.58
01123000,5,12.37062317,33.45,18.09,7.26,-1.9,33.45,18.33,8.07,-1.78
01123000,6,11.59669697,34.24,21.23,11.06,2.59,34,21.23,10.71,3.7
01123000,7,11.09626833,36.14,22.97,16.6,6,36.14,23.28,16.86,9.02
01123000,8,11.03097507,35.77,23.22,15.77,3.95,35.77,22.72,17.48,7.59
01123000,9,11.39150758,35,21.55,11.16,-0.25,33.24,21.55,11.16,-0.25
01123000,10,11.55332845,27.66,18.3,5.25,-6.2,27.98,19.77,4.71,-5.55
01123000,11,10.52026515,24.92,14.99,-2.9,-15.53,24.33,13.46,-4.6,-13.03
01123000,12,9.419714076,22.74,12.57,-11.81,-21.66,22.74,12.57,-11.68,-17.73
01127000,1,10.04216276,18.17,10.9,-14.07,-27.22,18.98,10.9,-12.65,-23.24
01127000,2,10.67901046,18.88,7.91,-10.68,-24.44,20.47,8.12,-11.72,-24.53
01127000,3,11.04013196,28.08,9.88,-7.38,-19.08,28.08,11.61,-7.38,-19.08
01127000,4,11.89964394,32.97,12.98,-4,-10.16,32.97,15.16,-1.82,-8.77
01127000,5,12.44615103,33.78,18.2,7.4,-1.88,33.78,18.38,8.37,-1.88
01127000,6,11.77033333,34.33,21.19,11.91,2.83,34.33,21.19,10.48,3.62
01127000,7,11.36898827,36.07,22.54,16.54,6.02,36.42,22.9,17.43,8.53
01127000,8,11.27675953,35.47,22.76,15.93,4.05,35.47,22.7,17.13,7.51
01127000,9,11.5292803,34.14,21.35,10.99,-0.43,33.46,21.35,10.99,-0.43
01127000,10,11.53524194,28.01,18.15,4.73,-5.97,28.06,19.63,4.73,-5.91
01127000,11,10.45978788,24.36,14.65,-2.7,-15.58,23.79,12.78,-4.01,-13.07
01127000,12,9.415725806,22.26,12.17,-12.14,-21.16,22.26,12.17,-11.05,-17.71
01134500,1,11.63017595,14.84,8.94,-24.18,-36.67,14.84,8.94,-24.18,-36.04
01134500,2,12.97753821,13.67,5.22,-23.42,-37.06,17.83,0.67,-23.42,-37.06
01134500,3,12.54508798,24.85,6.4,-17.98,-31.06,25.13,3.98,-17.98,-31.06
01134500,4,12.43325758,28.87,9.77,-8.89,-16.66,28.76,10.6,-8.1,-16.66
01134500,5,13.75859238,30.17,16.23,2.2,-6.2,32.17,17.76,2.62,-5.14
01134500,6,12.97769697,32.54,19.26,9.92,-2.66,32.54,19.26,9.41,-0.74
01134500,7,12.67204545,32.81,20.95,12.11,1.32,32.51,20.95,13.78,1.32
01134500,8,12.65655425,32.93,19.63,12.55,0.14,32.93,19.63,14.31,2.12
01134500,9,12.54668182,32.12,17.94,2.95,-5.57,32.12,17.94,2.95,-5.57
01134500,10,11.19908358,25.21,13.33,-1.08,-9.74,25.34,14.97,-1.08,-10.14
01134500,11,9.319727273,20.33,11.72,-7.97,-21.39,20.48,11.72,-10.96,-22.16
01134500,12,9.757291056,16.24,5.19,-18.98,-32.11,16.24,4.55,-20.32,-30.85
01137500,1,11.19129032,14.36,7.43,-24.05,-34.24,14.36,7.43,-24.05,-33.84
01137500,2,12.10386967,12.97,4.24,-22.94,-32.6,15.63,0.09,-22.94,-32.6
01137500,3,11.68002199,24.51,4.24,-18.43,-29.11,24.51,3.82,-18.43,-29.11
01137500,4,11.77782576,27.45,9.44,-10.75,-17.49,27.29,9.44,-10.38,-17.49
01137500,5,12.72134164,28.73,14.98,1.14,-7.13,29.36,16,1.24,-5.72
01137500,6,12.05040152,31.2,17.88,8.59,-2.57,31.2,17.88,8.59,-1.39
01137500,7,11.72984604,31.24,19.41,11.52,2.02,31.24,19.41,12.84,2.02
01137500,8,11.76891496,31.45,18.53,11.37,-0.25,31.45,18.33,13.12,2.34
01137500,9,11.81315909,30.91,17.34,3.6,-5.43,30.91,17.34,3.6,-5.43
01137500,10,10.85767595,23.81,12.99,-2.46,-9.58,23.77,14.46,-2.46,-9.76
01137500,11,9.420560606,18.73,9.17,-9.56,-20.29,20.02,9.17,-12.78,-21.35
01137500,12,9.727774927,15.84,3.7,-17.8,-29.7,15.84,3.7,-18.46,-28.82
01139000,1,11.0563783,16.01,8.65,-23.35,-35.24,16.01,8.65,-23.02,-35.24
01139000,2,12.23625101,14.31,6.22,-21.21,-34.54,16.35,1.1,-21.21,-34.54
01139000,3,11.97791056,26.73,6.01,-15.96,-28.15,26.73,4.51,-15.96,-28.15
01139000,4,12.35167424,29.93,10.76,-8.73,-15.08,29.93,11.4,-5.77,-15.08
01139000,5,13.5783651,30.58,16.21,3.49,-5.47,32.32,17.87,3.25,-4.14
01139000,6,12.86132576,33.46,19.63,11.29,-1.71,33.46,19.63,9.97,0.08
01139000,7,12.55922287,34.04,21.71,12.88,2.41,33.92,21.71,14.63,2.41
01139000,8,12.53387097,33.72,20.35,12.86,0.7,33.72,20.35,14.68,3.63
01139000,9,12.42481818,33.12,19.11,4.07,-5.12,33.12,19.11,4.07,-5.12
01139000,10,11.24002933,25.53,15.1,-0.34,-8.89,25.46,15.55,-0.34,-8.98
01139000,11,9.308916667,20.54,11.06,-7.64,-19.58,21.32,11.06,-10.9,-20.05
01139000,12,9.444182551,17.88,5.49,-17.31,-30.49,17.88,5.14,-18.6,-28.66
01139800,1,10.54604839,15.36,8.43,-23.73,-35.24,15.36,8.43,-23.73,-35.24
01139800,2,11.53613837,14.76,6.14,-22.43,-33.86,14.76,1.54,-22.43,-33.86
01139800,3,11.23997067,25.7,6.82,-18.21,-27.63,25.7,5.08,-18.21,-27.63
01139800,4,11.49106061,29.47,11.01,-9.71,-16.79,29.47,11.26,-7.06,-16.32
01139800,5,12.65542522,29.57,15.86,2.57,-6.03,31.14,17.38,1.44,-4.88
01139800,6,11.91781061,32.28,19.14,9.5,-2.18,32.28,19.14,8.78,-0.04
01139800,7,11.56618035,33.1,21.25,12,2.61,32.58,21.25,13.21,2.61
01139800,8,11.56494135,32.03,20.27,12.02,-0.1,32.03,20.27,12.85,3.79
01139800,9,11.57344697,31.93,18.51,3.19,-4.87,31.93,18.51,3.19,-4.87
01139800,10,10.60728006,24.56,15.44,-0.37,-9.06,24.55,15.22,-0.37,-9.46
01139800,11,8.994606061,20.43,11.26,-9.34,-19.23,20.72,9.96,-12.12,-19.67
01139800,12,9.198951613,17.16,5.59,-17.75,-30.12,17.16,5.59,-19.48,-29.26
01142500,1,10.81082111,15.92,8.88,-22.75,-35.93,15.92,8.88,-22.75,-35.93
01142500,2,11.89506034,15.46,6.23,-21,-33.54,18.24,2.76,-21,-33.54
01142500,3,11.69867302,26.58,7.61,-16.86,-28.21,26.58,5.92,-16.86,-28.21
01142500,4,12.05866667,30.22,11.26,-8.1,-16.09,29.95,11.81,-5.46,-16.31
01142500,5,13.24639296,30.53,15.96,4.07,-4.95,31.65,18.45,2.13,-4.72
01142500,6,12.49089394,32.71,19.24,11.61,-1.9,32.71,19.24,9.19,0.36
01142500,7,12.23353372,33.79,21.5,12.97,2.29,33.67,21.5,14.81,2.29
01142500,8,12.12506598,32.65,20.66,12.49,0.14,32.25,20.66,14.02,3.98
01142500,9,12.13081818,32.36,18.55,4.23,-4.71,32.36,18.55,4.23,-4.71
01142500,10,11.12680352,25.51,15.31,-0.13,-9.15,25.67,16.33,-0.13,-8.96
01142500,11,9.433893939,20.74,11.49,-8.55,-18.57,20.97,10.19,-11.87,-19.67
01142500,12,9.440802786,17.87,5.86,-16.92,-29.8,17.87,5.16,-17.96,-28.51
01144000,1,10.91162757,16.09,8.61,-22.17,-35.63,16.09,8.61,-22.17,-35.63
01144000,2,12.01387772,15.42,6.16,-20.36,-33.16,17.55,2.4,-20.36,-33.16
01144000,3,11.84866569,26.88,6.98,-15.58,-27.71,26.88,5.92,-15.58,-27.71
01144000,4,12.34152273,30.28,11,-7.3,-15.57,30.26,11.18,-4.62,-15.89
01144000,5,13.47272727,30.97,16.16,4.71,-4.83,31.38,17.97,3.59,-4.09
01144000,6,12.69904545,32.76,19.69,12.27,-1.91,32.76,19.69,9.89,0.22
01144000,7,12.4523827,33.96,21.47,13.41,2.59,33.9,21.47,15.65,2.59
01144000,8,12.3813783,32.74,20.54,12.77,0.09,32.74,20.54,14.98,4.12
01144000,9,12.39025758,32.64,18.63,5.05,-4.93,32.64,18.63,5.05,-4.93
01144000,10,11.41239736,25.84,15.21,0.38,-9.05,25.84,16.09,0.38,-9.05
01144000,11,9.628734848,20.69,11.49,-7.68,-18.25,21.16,10.41,-10.17,-19.77
01144000,12,9.499604106,17.83,6.14,-16.48,-29.66,17.83,5.19,-17.4,-27.66
01162500,1,10.74266129,17.97,6.3,-17.89,-31.05,17.97,6.3,-17.89,-30.39
01162500,2,11.75527755,17.35,7.74,-15.44,-26.8,18.65,3.7,-15.44,-27.48
01162500,3,11.94758065,29.9,8.65,-10.95,-23.59,29.9,10.33,-10.95,-23.59
01162500,4,12.88456818,32.04,12.19,-6.34,-13.01,32.04,13.8,-3.9,-12.97
01162500,5,13.71632698,33.22,16.59,5.58,-4.66,33.22,18.24,5.58,-3.59
01162500,6,12.95330303,34.57,21.21,10.72,-0.31,34.57,21.21,9.51,1.1
01162500,7,12.67832111,35.15,21.44,14.45,2.81,35.15,21.44,15.58,5.41
01162500,8,12.65071114,34.1,21.85,12.13,1.12,34.1,21.85,14.57,4.88
01162500,9,12.68959091,32.94,19.43,8.99,-3.75,32.94,19.43,8.99,-3.75
01162500,10,12.07765396,27.42,15.57,2.68,-8,27.42,17.21,1.28,-9.45
01162500,11,10.30516667,23.17,14.49,-5.44,-16.37,23.17,11.99,-6.98,-18.29
01162500,12,9.60454912,20.1,7.98,-14.39,-26.3,20.1,7.98,-14.81,-23.65
01169000,1,10.42857038,18.34,8.78,-18.59,-32.74,18.34,8.78,-18.59,-32.74
01169000,2,11.52607401,17.21,7.49,-16.97,-27.01,18.98,3.48,-16.97,-27.55
01169000,3,11.68443548,29.17,6.63,-12.58,-23.1,29.17,9.7,-12.58,-23.46
01169000,4,12.57825,31.09,13.4,-6.99,-13.56,31.09,13.4,-4.79,-12.83
01169000,5,13.41616569,32.89,16.92,6.27,-3.96,32.89,17.29,6.36,-3.96
01169000,6,12.77609091,34.1,20.07,10.34,-0.46,34.1,20.07,9.41,0.6
01169000,7,12.66697214,34.88,20.85,13.8,4.75,34.88,20.85,15.06,5.29
01169000,8,12.61692082,33.55,21.45,13.52,0.6,33.55,21.45,14.07,4.77
01169000,9,12.58997727,32.75,18.67,7.72,-4.03,32.75,18.67,7.72,-4.03
01169000,10,11.90932551,28.29,15.52,0.87,-8.94,28.29,15.89,0.85,-7.92
01169000,11,10.1194697,24.06,12.13,-7.25,-16.02,23.77,11.79,-6.69,-18.07
01169000,12,9.309039589,18.78,7.99,-15.98,-26.11,18.78,7.99,-14.8,-24.82
01170100,1,10.43937683,18.31,8.3,-18.8,-33.04,18.31,8.3,-18.8,-33.04
01170100,2,11.55101368,16.82,7.4,-17.2,-27.58,18.75,3.4,-17.2,-27.65
01170100,3,11.70050587,29.19,6.43,-12.82,-23.42,29.19,9.62,-12.82,-23.59
01170100,4,12.55202273,30.96,13.17,-7.17,-13.68,30.96,13.17,-4.79,-12.95
01170100,5,13.4188783,32.8,16.7,6.13,-3.94,32.8,17.14,6.17,-3.94
01170100,6,12.77353788,34.22,20.06,10.15,-0.5,34.22,20.06,9.25,0.52
01170100,7,12.65846774,35.03,20.65,13.49,4.49,35.03,20.65,14.82,5.14
01170100,8,12.61138563,33.51,21.52,13.21,0.64,33.51,21.52,13.86,4.65
01170100,9,12.58218939,32.71,18.58,7.58,-4.27,32.71,18.58,7.58,-4.27
01170100,10,11.88445748,28.27,15.37,0.85,-9.1,28.27,15.96,0.74,-7.86
01170100,11,10.07126515,23.83,12.11,-7.49,-16.19,23.72,11.78,-6.61,-18.18
01170100,12,9.301975806,18.8,7.68,-16.14,-26.39,18.8,7.68,-15.15,-24.79
01181000,1,10.15729472,16.3,11.05,-18.28,-31.59,16.67,11.05,-17.5,-31.59
01181000,2,11.21377313,19.23,8.01,-14.93,-25.41,20.37,3.96,-15.61,-28.31
01181000,3,11.55843842,27.4,9.13,-12.19,-24,27.4,9.54,-12.19,-24
01181000,4,12.55836364,31.16,14.15,-6.98,-13.81,31.16,14.42,-4.63,-12.15
01181000,5,13.15674487,32.56,17.38,6.18,-4.13,32.56,17.84,5.82,-4.13
01181000,6,12.40859091,32.63,19.73,10.61,0.2,32.63,19.73,8.97,0.7
01181000,7,12.26827713,34.06,21.05,14.95,5.02,34.06,21.05,15.36,5.02
01181000,8,12.16395161,32.9,21.31,13.32,-0.04,32.9,21.31,14.55,3.82
01181000,9,12.15769697,32.47,19.08,7.91,-3.31,32.47,19.24,7.91,-3.31
01181000,10,11.63354106,28.34,16.45,0.41,-8.21,28.34,16.4,0.41,-8.22
01181000,11,10.05334848,24.35,13.19,-6.35,-15.68,23.58,11.1,-6.94,-18.21
01181000,12,9.082342375,17.83,9.13,-16.41,-24.66,18.87,9.13,-13.59,-22.75
01187300,1,10.00148094,16.04,10.87,-18.31,-29.35,17.03,10.87,-16.2,-29.35
01187300,2,10.97589702,19.72,8.02,-12.39,-24.29,21.05,4.87,-15.49,-28.51
01187300,3,11.52807185,27.48,9.93,-11.38,-22.86,27.48,9.96,-11.38,-22.86
01187300,4,12.54389394,31.59,14.7,-6.02,-13.19,31.59,15.93,-4.33,-11.39
01187300,5,12.9938783,32.57,18.17,6.17,-3.68,32.57,18.07,5.41,-3.68
01187300,6,12.19418182,33.54,20.06,10.62,1.17,33.05,20.06,9.48,1.75
01187300,7,11.95084311,34.42,21.32,14.84,4.47,34.63,21.74,16.36,4.47
01187300,8,11.7601173,33.52,22.56,13.77,0.94,33.52,22.56,14.59,4
01187300,9,11.73118939,32.37,19.67,8.33,-2.7,32.37,20.4,8.33,-2.7
01187300,10,11.31730938,27.84,16.7,1.4,-7.63,27.84,17.74,1.37,-7.39
01187300,11,9.957621212,24.58,13.92,-5.33,-16.05,23.38,12.04,-6.49,-16.99
01187300,12,8.975157625,18.36,9.36,-15.13,-24.2,18.69,9.2,-13.57,-21.46
01195100,1,9.168321114,18.14,10.52,-12.18,-24.07,18.32,10.52,-12.18,-21.27
01195100,2,9.656621078,17.82,7.15,-8.94,-19.8,18.29,7.13,-8.94,-22.35
01195100,3,10.14222874,26.15,10.22,-5.66,-15.63,26.15,11.79,-5.66,-15.63
01195100,4,10.96767424,32.31,14.77,-2.46,-9.11,32.31,14.77,2.69,-7.36
01195100,5,11.47895161,34,18.66,9.11,-1.19,34,18.08,8.47,-1.19
01195100,6,10.92130303,34.54,21.66,13.19,4.83,34.13,21.66,12.48,4.83
01195100,7,10.45819648,36.62,23.67,18.91,7.86,36.62,23.91,18.93,8.64
01195100,8,10.29379765,36.15,24.04,17.81,5.42,36.15,24.04,18.16,7.98
01195100,9,10.52268182,33.99,21.68,13.12,1.63,32.9,21.8,13.12,1.7
01195100,10,10.58610704,27.91,20.01,6.52,-4.7,29.23,20.5,5.39,-4.7
01195100,11,9.833537879,23.62,14.92,-0.63,-11.19,24.32,14.19,-1.42,-11.61
01195100,12,8.7725,22.42,12.63,-10.29,-18.17,22.42,12.63,-9.12,-15.79
01197500,1,10.08197947,16.61,11.01,-17.47,-32.67,16.67,11.01,-17.47,-32.67
01197500,2,11.11518101,18.83,7.69,-15.27,-25.73,20.78,3.53,-15.65,-28.26
01197500,3,11.46959677,27.56,9.55,-12.12,-23.46,27.56,9.18,-12.12,-23.46
01197500,4,12.52175,31.06,14.04,-6.62,-13.79,31.06,14.04,-4.4,-12.24
01197500,5,13.15796921,32.33,17.17,6.59,-4.41,32.33,18.03,5.64,-4.41
01197500,6,12.41598485,32.64,19.82,10.8,0.23,32.56,19.82,9.53,0.63
01197500,7,12.30764663,34.01,21.26,15.29,5.05,34.01,21.26,16.08,5.05
01197500,8,12.13152493,33.07,21.29,13.7,0.22,33.07,21.29,15.25,4.69
01197500,9,12.10021212,32.42,18.93,8.65,-3.27,32.42,18.93,8.65,-3.27
01197500,10,11.51947947,28.17,16.23,0.7,-8,28.17,15.84,0.7,-7.83
01197500,11,9.963189394,24.49,13.07,-5.94,-14.76,23.53,10.98,-6.88,-18.29
01197500,12,9.000454545,18.09,8.49,-16.12,-25.07,19.06,8.49,-13.73,-22.51
01200000,1,10.16634897,18.64,10.05,-14.11,-30.2,18.64,10.05,-14.1,-30.2
01200000,2,11.08502011,21.38,8.03,-12.19,-24.57,22.97,5.26,-12.2,-25.41
01200000,3,11.71815982,28.94,12.11,-8.73,-21.7,28.94,10.7,-8.73,-21.7
01200000,4,12.93025,33.25,14.99,-2.23,-10.95,33.25,15.39,-1.52,-9.8
01200000,5,13.24389296,33.29,17.65,7.93,-3.03,33.29,18.56,6.5,-3.03
01200000,6,12.50111364,34.25,21.19,13.31,2.09,33.97,21.19,12.06,2.09
01200000,7,12.26314516,36.27,22.11,17.51,5.79,36.27,22.21,17.77,5.79
01200000,8,11.89827713,36.58,23.75,15.09,2.5,36.58,23.75,15.97,6.2
01200000,9,11.96348485,33.91,20.26,11.13,-1.24,33.22,20.3,11.13,-1.24
01200000,10,11.76791056,28.27,18.23,3.89,-5.47,28.27,19.68,3.46,-6.31
01200000,11,10.48656818,25.74,12.88,-2.86,-14.34,23.84,12.43,-3.73,-15.4
01200000,12,9.288559384,20.31,10,-12.95,-23.13,20.05,10,-11.68,-20.23
01321000,1,10.79201613,14.1,5.44,-21.49,-34.3,14.1,5.44,-21.49,-34.3
01321000,2,11.90479485,13.29,4.39,-20.74,-32.29,14.75,0.95,-20.74,-32.29
01321000,3,12.07066716,25.34,6.44,-12.84,-29.21,25.34,4.85,-12.84,-29.21
01321000,4,12.25177273,29.8,11.96,-7.43,-18.12,29.8,11.96,-5.51,-17.78
01321000,5,13.21244135,30.09,16.34,3.36,-5.46,30.09,16.74,3.17,-5.37
01321000,6,12.17047727,31.5,19.8,9.39,-2.13,31.5,19.8,9.39,-0.47
01321000,7,11.8677346,32.3,21.92,15.49,3.51,32.3,21.92,15.78,4.01
01321000,8,11.64079912,31.73,21.95,13.15,-0.51,31.73,21.95,14.25,2.96
01321000,9,11.63687121,31.33,18.03,4.8,-4.61,31.33,18.05,4.8,-4.61
01321000,10,10.91203812,26.66,13.47,-0.29,-9.28,26.66,14.94,-0.29,-9.41
01321000,11,9.205280303,19.89,9.17,-6.86,-18.98,19.6,9.17,-8.97,-24.1
01321000,12,9.140087977,16.36,6.26,-17.37,-29.29,16.36,6.26,-17.31,-28.18
01333000,1,9.902675953,17.25,10.89,-19.11,-33.72,17.25,10.89,-19.11,-33.72
01333000,2,10.87384553,17.16,7.51,-17.73,-27.52,19.47,3.06,-17.73,-28.34
01333000,3,11.12188416,27.47,9.13,-12.24,-23.79,27.47,9.2,-12.24,-23.79
01333000,4,12.18474242,30.63,14.6,-6.44,-14.35,30.63,14.6,-4.82,-13.77
01333000,5,13.0061217,32.31,16.97,5.47,-5.08,32.31,18.26,5.27,-5.08
01333000,6,12.3082197,32.51,20.19,10.63,-0.53,33.01,20.19,10.02,0.02
01333000,7,12.23182551,33.83,21.4,14.6,5.37,33.83,21.4,15.63,5.37
01333000,8,12.08597507,33.1,20.98,13.46,-0.08,33.1,20.98,15.02,4.82
01333000,9,12.04954545,32.29,18.37,7.68,-3.58,32.29,18.37,7.68,-3.58
01333000,10,11.33072581,27.95,16.23,0.03,-8.64,27.95,16.49,0.03,-8.87
01333000,11,9.727007576,24.17,12.65,-6.59,-15.53,23.21,11.22,-6.59,-18.7
01333000,12,8.824963343,18.1,8.26,-16.2,-25.67,18.96,8.26,-14.38,-23.43
01334500,1,10.12002199,17.76,10.13,-17.86,-33.99,17.76,10.13,-17.86,-33.99
01334500,2,11.15001609,16.61,7.14,-17.45,-27.82,19.41,3.14,-17.45,-28.09
01334500,3,11.38616569,28.37,8.2,-12.38,-23.58,28.37,9.3,-12.38,-23.58
01334500,4,12.37474242,30.7,14.22,-6.06,-14.07,30.64,14.22,-4.35,-13.51
01334500,5,13.19228739,32.5,16.74,5.98,-4.38,32.5,18.14,6.79,-4.38
01334500,6,12.47742424,33.18,19.95,10.59,-0.41,33.18,19.95,10.57,0.52
01334500,7,12.37464809,34.38,21.4,14.62,5.38,34.38,21.4,16.08,5.38
01334500,8,12.24764663,33.41,21.11,13.63,0.24,33.41,21.11,15.42,4.76
01334500,9,12.24910606,32.23,18.67,7.85,-3.94,32.23,18.67,7.85,-3.94
01334500,10,11.51673021,28.08,15.8,0.57,-8.72,28.08,15.49,0.57,-7.91
01334500,11,9.835106061,24.06,12.07,-5.92,-15.31,22.83,11.2,-5.97,-18.39
01334500,12,8.973973607,18.34,8.13,-15.65,-26.29,18.34,8.13,-14.45,-23.53
01348000,1,10.17973607,15.8,6.59,-20.08,-32.56,15.8,6.59,-20.08,-32.56
01348000,2,11.21250201,14.16,5.46,-18.92,-30.36,16.66,1.82,-18.92,-30.73
01348000,3,11.46751466,27.22,9.06,-11.41,-26.44,27.22,6.67,-11.41,-26.44
01348000,4,12.08821212,30.89,13.3,-5.85,-16.36,30.89,13.3,-4.72,-15.98
01348000,5,12.93857038,31.09,17.07,4.65,-4.13,31.09,17.33,5.15,-4.32
01348000,6,12.079,32,19.92,10.17,-0.83,32,19.92,10.17,0.49
01348000,7,11.81067449,32.61,22.66,15.41,4.92,33.29,22.66,16.39,6.11
01348000,8,11.6248827,33.39,22.38,13.78,0.75,33.39,22.38,15.5,4.25
01348000,9,11.66352273,31.82,19.14,6.15,-3.79,31.82,18.5,6.15,-3.79
01348000,10,10.86501466,27.1,13.91,1.16,-8.4,27.1,15.65,1.16,-8.26
01348000,11,9.185007576,22.24,10.21,-7.8,-17.11,20.55,10.21,-6.47,-21.16
01348000,12,8.744255865,17.35,6.97,-15.95,-27.33,17.35,6.97,-15.3,-25.98
01350000,1,10.24509531,17.61,9.05,-18.62,-30.97,17.61,9.05,-16.45,-30.97
01350000,2,11.30915527,17.04,5.78,-14.43,-26.5,22.81,3.35,-14.9,-28
01350000,3,11.81490469,27.76,9.9,-13.44,-23.71,27.76,7.91,-13.44,-23.71
01350000,4,12.63612879,31.45,13.18,-7.13,-14.53,31.45,14.06,-4.34,-14.57
01350000,5,13.26257331,32.89,16.58,5.04,-3.72,32.89,17.67,3.73,-4.56
01350000,6,12.61554545,32.77,19.38,9.26,-0.53,32.77,19.38,9.26,0.31
01350000,7,12.47992669,34.23,20.42,14.51,4.45,34.38,20.43,15.94,4.5
01350000,8,12.26187683,34.36,22.13,13.22,1.93,34.36,22.13,13.51,4.5
01350000,9,12.21629545,31.46,18.93,8.23,-3.62,32.84,18.56,8.23,-3.62
01350000,10,11.61202346,27.46,17.3,1.54,-7.46,27.46,16.85,0.81,-7.1
01350000,11,9.979356061,24.33,12.01,-8.36,-15.09,23.07,10.25,-8.25,-21.39
01350000,12,9.078464076,19.27,9.21,-15.37,-26.5,19.27,9.21,-15.53,-22.79
01350080,1,10.3586217,17.32,8.41,-18.39,-31.49,17.32,8.41,-17.49,-31.49
01350080,2,11.42225261,16.03,5.87,-15.56,-26.85,22.87,3.62,-15.5,-28.82
01350080,3,11.86781525,27.37,9.5,-14.4,-24.59,27.37,7.8,-14.4,-24.59
01350080,4,12.58908333,30.83,12.96,-7.7,-15.22,30.83,14.01,-5.55,-15.5
01350080,5,13.28145894,32.52,16.55,3.83,-4.06,32.52,17.37,3.61,-5.2
01350080,6,12.66854545,32.41,19.54,8.95,-1.29,32.46,19.54,8.95,-0.29
01350080,7,12.52185484,33.87,20.71,14.23,4.15,34.36,20.71,15.3,4.33
01350080,8,12.37282991,33.65,22.05,12.43,1.45,33.65,22.05,13.19,4.12
01350080,9,12.36102273,31.21,19.19,7.72,-4.17,32.98,18.43,7.72,-4.17
01350080,10,11.65710411,27.31,16.59,0.73,-7.89,27.31,16.55,0.34,-7.8
01350080,11,9.988045455,23.95,11.95,-9.48,-15.43,22.98,11.27,-9.23,-22.33
01350080,12,9.146539589,19.29,8.43,-15.92,-26.92,19.29,8.43,-16.28,-23.62
01350140,1,10.22130499,16.42,8.16,-18.15,-31.55,16.42,8.16,-17.54,-31.55
01350140,2,11.2275543,16.18,5.9,-15.6,-27.63,22.33,3.83,-15.8,-29.11
01350140,3,11.68983871,27.52,10.84,-13.07,-25.22,27.52,8.15,-13.07,-25.22
01350140,4,12.45549242,31.2,13.39,-7.83,-15.67,31.2,13.39,-5.7,-14.85
01350140,5,13.19216276,31.87,16.67,3.88,-3.96,31.87,17.5,3.74,-5.36
01350140,6,12.52194697,32.07,19.47,9.38,-1.22,32.07,19.47,9.38,-0.37
01350140,7,12.34717742,34.1,20.74,14.22,4.31,33.9,20.81,15.98,4.51
01350140,8,12.18763196,33.1,22.23,13.26,1.39,33.1,22.23,14.22,4.18
01350140,9,12.20918939,30.89,19.62,7.75,-4.19,32.4,18.61,7.75,-4.19
01350140,10,11.51027859,27.12,15.89,0.74,-8.03,27.12,15.8,0.7,-7.78
01350140,11,9.813090909,24.03,12.15,-9.12,-15.99,22.85,12.15,-9.38,-22.76
01350140,12,8.993544721,19.04,8.6,-16,-27.5,19.04,8.6,-16.29,-24.31
01365000,1,9.497375367,16.59,9.6,-18.64,-29.01,16.59,9.6,-17.31,-29.01
01365000,2,10.56940467,16.86,6.32,-15.1,-24.8,21.62,5.38,-15.1,-26.88
01365000,3,11.19196481,26.97,10.66,-11.72,-21.85,26.97,8.58,-11.72,-21.85
01365000,4,12.02678788,30.91,14.33,-6.92,-15.04,30.91,14.33,-3.74,-12.51
01365000,5,12.42622434,32.26,17.07,5.3,-3.19,32.26,17.73,2.91,-5.17
01365000,6,11.68525758,31.95,19.75,9.6,0.15,31.95,19.75,9.6,0.77
01365000,7,11.52032258,34.23,21.04,13.6,4.99,34.36,21.04,15.8,5.11
01365000,8,11.28898094,34.48,22.32,12.98,2.55,34.48,22.32,12.98,5.37
01365000,9,11.24779545,30.63,19,7.81,-2.57,32.24,18.96,7.81,-2.57
01365000,10,10.82837243,27.1,17.72,0.89,-7.01,27.1,16.84,0.77,-6.95
01365000,11,9.4015,23.92,13.17,-7.23,-14.79,22.41,9.93,-7.35,-20.37
01365000,12,8.418170821,19.3,10.02,-15.77,-25.28,19.3,10.02,-15.04,-21.67
01371500,1,9.743966276,18.79,9.93,-14.49,-27.1,18.79,9.93,-14.49,-27.1
01371500,2,10.81213998,21.6,7.83,-10.71,-21.95,23.01,5.38,-10.71,-24.5
01371500,3,11.51534457,29.66,11.7,-7.67,-19.6,29.66,11.7,-7.67,-19.6
01371500,4,12.62802273,33.16,16.59,-2.65,-10.59,33.16,16.59,0.42,-8.16
01371500,5,12.99931085,33.72,18.86,8.44,-2,33.72,18.83,6.46,-2
01371500,6,12.37103788,34.23,21.32,13.18,2.39,34.23,21.32,12.69,2.72
01371500,7,12.10101906,36.98,22.64,16.04,6.79,36.98,22.9,18.73,7.18
01371500,8,11.88785924,36.19,23.28,15.01,3.43,36.19,23.28,15.42,7.21
01371500,9,11.98766667,34.47,20.55,10.63,-0.43,33.32,20.51,11.21,-0.43
01371500,10,11.81553519,29.18,18.85,4.77,-5.94,29.57,19.33,4.6,-4.98
01371500,11,10.42653788,25.57,14.17,-2.32,-12.43,24.12,11.52,-3.18,-15.09
01371500,12,8.94736437,21.77,10.13,-12.92,-22.53,21.77,9.69,-10.53,-19.7
01372500,1,10.35262463,19.93,10.57,-13.93,-30.51,19.93,10.57,-13.58,-30.51
01372500,2,11.28300885,22.13,7.96,-12.56,-24.8,23.05,5.22,-12.56,-24.98
01372500,3,11.91966276,30.25,12.15,-7.72,-21.71,30.25,11.13,-7.72,-21.71
01372500,4,13.18685606,33.75,15.09,-1.83,-10.38,33.75,15.21,-1.14,-9.2
01372500,5,13.51568915,33.83,18.11,8.68,-2.99,33.83,19.04,6.92,-2.99
01372500,6,12.86143939,34.79,21.34,12.8,2.1,34.9,21.34,12.76,2.1
01372500,7,12.64790323,37.36,22.53,17.79,6.24,37.36,22.54,18.47,6.24
01372500,8,12.28669355,37.17,23.93,15.64,2.6,37.17,23.93,16.27,6.28
01372500,9,12.36971212,34.71,20.54,11.03,-1.1,33.86,20.26,11.03,-1.1
01372500,10,12.14381232,28.84,18.28,4.5,-5.59,28.84,19.66,4.19,-5.89
01372500,11,10.77301515,26.4,12.96,-2.65,-14.14,24.26,12.51,-2.72,-15.23
01372500,12,9.498695015,21.1,10.45,-12.36,-23.52,21.02,10.45,-10.78,-20.15
01411300,1,9.718922287,22.13,13.61,-12.51,-21.36,22.13,13.61,-12.51,-19.96
01411300,2,10.31066774,22.94,9.73,-6.66,-19.55,23.7,11.68,-8.39,-19.55
01411300,3,10.99746334,29.42,15.02,-2.93,-15.19,29.42,15.02,-2.95,-15.19
01411300,4,11.79193939,33.2,17.17,2.86,-7.14,33.2,17.42,4.58,-4.69
01411300,5,11.54250733,34.45,22.31,10.45,-0.17,34.45,22.31,10.28,-0.17
01411300,6,11.10499242,36.37,24.76,14.67,5.22,37.03,24.76,14.67,5.22
01411300,7,10.57259531,38.03,25.85,20.57,7.97,38.41,26.69,20.57,9.46
01411300,8,10.42676686,36.76,26.21,19.38,6.15,36.76,26.47,19.38,10.05
01411300,9,10.8427803,35.62,24.26,13.68,2.91,34.77,24.4,13.68,3.29
01411300,10,11.27821114,31.16,20.84,8.59,-4.61,33.41,22.21,7.96,-2.62
01411300,11,10.89415152,26.41,16.4,-0.34,-10.63,26.7,16.4,-0.34,-8.63
01411300,12,9.821239003,24.78,13.61,-10.51,-16.74,24.78,15.72,-5.34,-14.07
01413500,1,9.948233138,15.48,8.71,-19.63,-30.17,15.81,8.71,-17.95,-30.17
01413500,2,11.01287208,15.31,5.44,-15.81,-27.47,21.73,3.04,-16.21,-29.2
01413500,3,11.56016129,26.47,10.35,-13.64,-24.68,26.47,7.48,-13.64,-24.68
01413500,4,12.27357576,30.58,12.76,-8.51,-15.68,30.58,13.78,-6.05,-15.44
01413500,5,12.94740469,31.59,16.37,4.18,-4.07,31.59,17.12,2.3,-6
01413500,6,12.26281818,31.55,19.38,8.68,-1.45,31.55,19.38,8.68,-1.28
01413500,7,12.11819648,33.26,19.76,13.14,3.68,33.37,19.76,14.92,3.94
01413500,8,11.92574047,33.62,21.61,12.4,1.48,33.62,21.61,12.93,3.78
01413500,9,11.87390909,30.29,18.66,7.03,-4.05,32.51,18.12,7.03,-4.05
01413500,10,11.25638563,26.56,16.6,0.27,-8.15,26.8,16.58,-0.18,-8.11
01413500,11,9.60719697,23.53,12,-9.84,-16.1,22.28,10.5,-9.52,-23.17
01413500,12,8.741902493,18.67,9.09,-16.72,-27.03,18.67,9.09,-16.83,-24.03
01414500,1,9.721627566,14.81,9.1,-20.23,-30.32,15.83,9.1,-18.64,-30.32
01414500,2,10.78905873,15.14,5.18,-16.56,-27.55,20.98,3.62,-16.56,-29.3
01414500,3,11.39118035,26.19,10.65,-13.42,-24.31,26.19,7.34,-13.42,-24.31
01414500,4,12.11725,30.3,12.76,-8.68,-15.69,30.3,13.65,-6.2,-15.35
01414500,5,12.77311584,31.03,16.42,3.81,-4.04,31.03,17.21,1.85,-6.34
01414500,6,12.03677273,31.35,19.36,8.57,-1.53,31.35,19.36,8.57,-1.64
01414500,7,11.92404692,33.02,19.78,12.67,3.43,33.01,19.78,13.81,3.82
01414500,8,11.71625367,33.78,21.31,12.11,1.6,33.78,21.31,12.26,3.7
01414500,9,11.63924242,29.85,18.43,6.38,-3.95,32.46,18.43,6.38,-3.95
01414500,10,11.08865103,26.25,16.7,-0.58,-8.37,26.9,16.97,-0.58,-8.5
01414500,11,9.436045455,23.5,12.44,-9.93,-16.22,22.27,10.41,-9.47,-23.31
01414500,12,8.524219208,18.31,9.46,-17.03,-26.8,18.31,9.46,-16.9,-24.08
01415000,1,10.01381965,14.74,8.98,-18.23,-31.5,16.08,8.98,-18.15,-31.5
01415000,2,11.10641995,15.81,5.32,-16.18,-28.71,20.49,3.39,-16.18,-29.38
01415000,3,11.72521261,27.15,10.99,-12.46,-25.51,27.15,8.34,-12.46,-25.51
01415000,4,12.59280303,31.12,12.44,-7.91,-15.15,31.12,13.34,-5.45,-15.05
01415000,5,13.41728739,31.17,16.79,4.81,-4.56,31.17,17.42,3.01,-5.92
01415000,6,12.64418939,31.7,19.53,9.11,-1.59,31.7,19.53,9.11,-1.4
01415000,7,12.4890176,33.77,19.87,13.48,3.44,33.33,19.87,14.14,3.78
01415000,8,12.25342375,34.11,21.28,13.32,1.06,34.11,21.28,13.18,3.97
01415000,9,12.17802273,30.31,18.64,6.91,-4.07,32.31,18.59,6.91,-4.07
01415000,10,11.61141496,26.78,16.33,0.58,-8.64,27.06,16.41,0.58,-8.27
01415000,11,9.777651515,24.18,11.87,-9.17,-16.34,22.87,10.64,-8.81,-22.92
01415000,12,8.771030059,18.3,9.12,-16.61,-27.92,18.3,9.12,-16.2,-24.89
01421000,1,9.879831378,15.81,8.76,-17.79,-30.35,15.81,8.76,-17.79,-30.35
01421000,2,10.97128721,16.69,5.68,-15.33,-27.18,21.22,3.18,-15.33,-28.28
01421000,3,11.57697947,27.7,10.85,-12.06,-24.43,27.7,9.16,-12.06,-24.43
01421000,4,12.50380303,31.16,13.1,-6.8,-14.58,31.16,13.1,-3.84,-13.62
01421000,5,13.20634164,31.57,16.98,5.53,-4.1,31.57,17.51,3.41,-4.85
01421000,6,12.43481061,32.04,19.42,9.9,-0.87,32.04,19.42,9.9,-0.04
01421000,7,12.28866569,33.87,20.15,14.47,4.4,33.72,20.53,15.51,4.53
01421000,8,12.06647361,34.15,21.8,13.66,1.61,34.15,21.8,13.84,4.72
01421000,9,12.01265152,30.74,18.95,7.51,-3.53,32.11,18.67,7.51,-3.53
01421000,10,11.47846774,27.13,16.53,1.47,-8.24,27.13,15.95,1.21,-7.02
01421000,11,9.7555,24.55,11.6,-7.83,-15.3,22.64,10.66,-8.11,-21.54
01421000,12,8.703211144,18.62,8.99,-15.85,-27.34,18.62,8.99,-15.39,-23.58
01423000,1,9.93398827,15.14,8.76,-18.05,-30.61,15.58,8.76,-18.05,-30.61
01423000,2,11.00452132,15.63,5.36,-16.11,-28.69,21.14,3.52,-16.11,-29.48
01423000,3,11.56849707,27.51,10.76,-12.29,-25.61,27.51,8.83,-12.29,-25.61
01423000,4,12.44997727,31.24,12.82,-7.57,-15.23,31.24,12.92,-4.8,-14.34
01423000,5,13.25340909,31.17,16.65,4.69,-4.35,31.17,17.48,2.93,-5.39
01423000,6,12.47072727,31.69,19.28,9.52,-1.28,31.69,19.28,9.52,-0.5
01423000,7,12.3168695,33.73,20.19,13.88,3.74,33.15,20.4,15.07,4.35
01423000,8,12.10245601,33.65,21.63,13.65,1.3,33.65,21.63,14.07,4.34
01423000,9,12.05993182,30.45,19.11,7.08,-4.06,32.1,18.39,7.08,-4.06
01423000,10,11.4302346,26.91,15.71,1.14,-8.68,26.91,15.58,1.08,-7.54
01423000,11,9.654068182,24.3,11.4,-8.33,-16.25,22.63,11.4,-9.18,-22.77
01423000,12,8.694937683,18.16,8.8,-16.18,-28.2,18.16,8.8,-16.23,-24.71
01426500,1,9.804406158,15.66,8.86,-18.1,-30.26,15.66,8.86,-18.1,-30.26
01426500,2,10.89027353,16.45,5.66,-15.57,-27.76,20.99,3.17,-15.57,-28.59
01426500,3,11.50131232,27.92,10.92,-11.99,-24.88,27.92,9.5,-11.99,-24.88
01426500,4,12.46864394,31.37,13.12,-6.57,-14.46,31.37,13.12,-3.43,-13.51
01426500,5,13.24593842,31.34,16.89,5.4,-4.11,31.34,17.35,3.38,-4.69
01426500,6,12.45439394,32.06,19.21,10.15,-0.87,32.06,19.21,10.15,-0.01
01426500,7,12.31305718,34.02,20.38,14.7,4.7,33.71,20.93,15.63,4.78
01426500,8,12.0841349,34.06,21.76,13.98,1.46,34.06,21.76,14.27,4.77
01426500,9,12.02513636,30.93,19.09,7.39,-3.56,32.04,18.6,7.39,-3.56
01426500,10,11.43170088,27.25,15.89,1.41,-8.47,27.25,15.29,1.41,-6.59
01426500,11,9.671136364,24.72,11.14,-7.5,-15.34,22.68,11.14,-8.32,-21.46
01426500,12,8.613123167,18.17,8.45,-15.71,-27.57,18.17,8.45,-15.31,-23.9
01434025,1,9.182983871,14.93,9.33,-22.27,-30.01,15.86,9.33,-19.59,-31.1
01434025,2,10.24851167,14.2,5.32,-17.72,-26.68,21.84,4.9,-17.72,-29.71
01434025,3,10.81545455,25.47,9.87,-15.03,-24.03,24.38,7.89,-15.03,-24.44
01434025,4,11.3360303,29.35,13.45,-10.07,-17.87,29.35,13.72,-7.56,-15.51
01434025,5,11.75652493,30.83,17.01,2.49,-4.93,30.83,17.6,-0.09,-7.81
01434025,6,11.03667424,30.55,19.13,7.7,-1.41,30.67,19.13,7.7,-1.72
01434025,7,10.90618035,31.77,20.14,11.02,3.46,33.18,20.34,13.35,4.07
01434025,8,10.73821848,33.02,21.39,10.76,1.3,33.02,21.39,10.76,3.5
01434025,9,10.66094697,29.02,18.12,5.41,-3.82,32.63,18.12,5.55,-3.82
01434025,10,10.10353372,25.69,16.92,-2.26,-7.9,26.33,16.99,-2.26,-8.79
01434025,11,8.754318182,22.17,12.58,-11.11,-17.41,22.48,10.53,-10.91,-24.39
01434025,12,8.024967009,18.03,9.92,-17.95,-25.64,18.03,9.92,-18.28,-23.59
01435000,1,9.496158358,16.11,9.5,-19.23,-28.97,16.11,9.5,-17.81,-28.97
01435000,2,10.57039421,16.27,6.02,-15.6,-25.41,21.47,5.07,-15.6,-27.55
01435000,3,11.1885044,26.63,10.6,-12.3,-22.4,26.63,8.33,-12.3,-22.4
01435000,4,11.97834091,30.57,13.97,-7.48,-15.46,30.57,13.97,-4.51,-13.27
01435000,5,12.4255132,31.83,16.85,4.76,-3.44,31.83,17.58,2.43,-5.63
01435000,6,11.68146212,31.69,19.6,9.34,-0.33,31.69,19.6,9.34,0.13
01435000,7,11.53854839,33.61,20.73,13.28,4.53,33.93,20.73,15.18,4.77
01435000,8,11.32372434,34.18,22.03,12.55,2.25,34.18,22.03,12.55,5.08
01435000,9,11.27021212,30.34,18.78,7.28,-2.94,32.25,18.78,7.28,-2.94
01435000,10,10.82019795,26.8,17.47,0.35,-7.39,26.8,16.97,0.27,-7.42
01435000,11,9.354780303,23.74,13.03,-8.09,-15.24,22.37,10.08,-8.06,-21.24
01435000,12,8.39252566,19.03,9.86,-16.18,-25.6,19.03,9.86,-15.66,-22.07
01439500,1,9.757331378,17.24,8.53,-16.99,-30.06,17.24,8.53,-16.99,-30.06
01439500,2,10.87141593,20.87,7.42,-10.74,-23.78,22.34,3.95,-11.49,-26.04
01439500,3,11.56990469,28.76,12.3,-9.72,-21.27,28.76,11.81,-9.72,-21.27
01439500,4,12.8352803,31.94,15.99,-3.6,-11.92,31.94,15.99,-0.69,-9.15
01439500,5,13.24818182,33.49,18.1,7.48,-2.89,33.49,18.31,5.53,-3.4
01439500,6,12.56973485,33.07,20.89,13.24,0.9,33.07,20.89,12.99,1.44
01439500,7,12.32156158,35.53,22.48,14.77,4.42,35.66,22.48,17.8,5.61
01439500,8,12.05954545,34.63,21.78,13.78,2.31,34.63,21.78,13.78,5.22
01439500,9,12.13342424,33.39,20.3,9.16,-1.87,32.52,20.3,9.72,-1.87
01439500,10,11.94928152,28.87,17.73,2.94,-7.98,29.1,18.52,2.57,-5.82
01439500,11,10.46125758,25.35,12.75,-4.38,-13.47,23.79,11.19,-4.22,-16.8
01439500,12,8.928922287,20.27,10.14,-14.99,-25.94,20.27,8.2,-12,-21.86
01440000,1,9.931165689,17.86,9.14,-15.25,-29.14,17.86,9.14,-15.25,-29.14
01440000,2,11.07221239,21.67,7.89,-10.61,-23.91,23.03,4.65,-10.61,-25.42
01440000,3,11.78696481,29.46,12.03,-8.38,-19.98,29.46,11.6,-8.38,-19.98
01440000,4,13.01161364,32.73,16.46,-2.83,-10.86,32.73,16.46,-0.22,-8.14
01440000,5,13.38396628,33.96,18.55,8.47,-2.32,33.96,18.55,5.84,-2.3
01440000,6,12.69193182,34,21.18,13.74,1.71,34,21.18,12.74,2.25
01440000,7,12.40860704,36.52,22.53,15.53,5.49,36.61,22.63,18.17,6.73
01440000,8,12.20619501,35.48,22.36,14.79,3.25,35.48,22.03,14.79,6.46
01440000,9,12.33334091,34.6,20.66,9.89,-1.01,33.09,20.66,10.46,-1.01
01440000,10,12.23941349,29.34,18.5,4.58,-7.08,30.32,19.32,4.09,-5.23
01440000,11,10.76123485,25.51,14,-3.95,-13,24.7,11.71,-3.48,-15.37
01440000,12,9.126554252,21.71,10.68,-13.66,-23.95,21.71,8.29,-11.12,-21.08
01440400,1,9.63813783,16.97,8.36,-17.88,-30.09,16.97,8.36,-17.88,-30.09
01440400,2,10.71597747,20.61,7.3,-11.3,-23.71,22.06,4.04,-11.68,-26.4
01440400,3,11.40085044,28.45,12.1,-10.36,-22.17,28.45,12.06,-10.36,-22.17
01440400,4,12.69312879,31.51,16.31,-3.64,-12.51,31.51,16.31,-0.8,-9.61
01440400,5,13.11016862,33.14,17.85,7.08,-2.74,33.14,18.26,5.57,-4.14
01440400,6,12.47098485,32.54,20.8,12.57,0.44,32.81,20.8,12.57,1.07
01440400,7,12.22291056,35.01,22.74,14.26,3.73,35.26,22.74,17.42,4.94
01440400,8,11.93254399,34.2,21.72,13.23,1.59,34.2,21.72,13.23,4.44
01440400,9,11.97515152,32.47,20.17,8.64,-2.39,32.2,20.17,9.28,-2.39
01440400,10,11.74446481,28.69,17.21,2.03,-8.52,28.69,18.24,1.91,-6.26
01440400,11,10.27805303,24.94,12.4,-4.54,-14.24,23.58,11.59,-4.53,-17.53
01440400,12,8.806741202,19.76,9.9,-15.75,-26.83,19.76,8.32,-12.34,-22.17
01445000,1,10.04719941,18.71,10.45,-14.7,-28.42,18.71,10.45,-14.7,-28.42
01445000,2,11.12164924,22.43,8.1,-10.62,-23.35,23.4,5.3,-10.62,-24.72
01445000,3,11.85620235,29.52,11.62,-7.98,-18.88,29.52,11.26,-7.98,-18.88
01445000,4,12.99123485,33.27,17.31,-2.24,-10.2,33.27,17.31,0.01,-8.23
01445000,5,13.29908358,34.01,18.36,8.88,-2.24,34.01,19.2,6.69,-1.84
01445000,6,12.67954545,34.75,21.66,12.68,1.96,34.75,21.66,12.65,2.41
01445000,7,12.35242669,37.06,23.21,15.9,5.37,37.51,23.34,16.98,7.48
01445000,8,12.17397361,35.78,22.82,14.65,3.03,35.78,22.82,14.65,6.64
01445000,9,12.42875,35.08,20.82,10.25,-0.69,33.53,20.9,10.57,-0.58
01445000,10,12.42754399,30.24,18.81,4.42,-6.78,31.36,19.65,4.42,-5.29
01445000,11,11.02358333,25.48,14.38,-4.19,-13.42,24.7,12.37,-2.3,-14.25
01445000,12,9.327195748,22.08,10.77,-13.15,-21.78,22.08,8.98,-10.03,-19.56
01445500,1,10.0082478,19.27,10.54,-14.91,-28.07,19.27,10.54,-14.91,-28.07
01445500,2,11.09709574,22.43,7.77,-10.07,-22.61,23.73,5.74,-10.07,-23.96
01445500,3,11.90825513,29.48,11.57,-7.28,-18.42,29.48,11.37,-7.28,-18.03
01445500,4,13.0859697,33.27,16.96,-1.91,-10.06,33.27,16.96,0.59,-8.14
01445500,5,13.3177566,34.03,18.36,8.93,-1.91,34.03,19.19,7.24,-1.79
01445500,6,12.69593182,34.68,21.71,12.99,2.18,34.68,21.71,12.7,2.58
01445500,7,12.35020528,37,23.54,16.18,5.57,37.52,23.54,17.28,7.46
01445500,8,12.12978739,35.9,23.04,14.78,2.91,35.9,23.04,14.78,6.82
01445500,9,12.41002273,35.12,20.93,10.29,-0.59,33.95,20.93,10.89,-0.2
01445500,10,12.43923754,30.46,18.67,4.4,-6.66,31.52,19.66,4.4,-5.11
01445500,11,11.12520455,25.77,13.9,-3.75,-13.34,24.58,12.41,-2.12,-14.04
01445500,12,9.381081378,22.05,11.04,-13.1,-21.12,22.05,9.86,-10,-19.14
01451800,1,9.606297654,20.21,10.45,-16.09,-28.65,20.21,10.45,-16.09,-28.65
01451800,2,10.63246983,21.13,7.76,-8.62,-22.14,24.53,7.84,-10.33,-22.14
01451800,3,11.63223607,29.63,12.09,-5.58,-17.34,29.63,12.73,-5.58,-17.42
01451800,4,12.93497727,32.64,15.74,1.05,-9.31,32.59,16,1.5,-7.34
01451800,5,13.07064516,34.38,19.36,9.91,-1.28,34.38,19.65,8.51,-1.28
01451800,6,12.47319697,34.37,21.58,15.14,3.54,34.37,21.58,13.86,4.29
01451800,7,12.20155425,37.45,23.99,17.03,7.1,38.06,24.34,19.48,8.28
01451800,8,12.02503666,36.32,23.26,15.53,4.87,36.32,23.26,15.53,7.52
01451800,9,12.2787197,34.86,21.23,10.82,0.03,34.86,21.48,12.23,0.03
01451800,10,12.2325,31.05,18.16,3.55,-6.4,31.28,20.99,3.55,-4.15
01451800,11,10.9095,25.27,12.36,-1.19,-10.5,25.24,12.63,-0.94,-12.82
01451800,12,9.206370968,21.33,11.08,-13.04,-20.02,21.33,9.91,-10.23,-17.79
01466500,1,9.906715543,20.73,12.74,-13.28,-23.61,20.73,12.74,-13.28,-20.24
01466500,2,10.58681416,23.25,9.69,-6.8,-20.08,24.09,11.4,-7.62,-20.08
01466500,3,11.2965176,30.01,14.97,-4.17,-16.92,30.01,14.97,-4.17,-14.42
01466500,4,12.19474242,33.25,16.72,1.92,-8.03,33.25,16.72,3.47,-5.67
01466500,5,12.19398094,35.8,21.3,9.99,-1.12,35.8,21.57,9.67,-1.12
01466500,6,11.88775758,36.44,23.26,14.16,4.32,36.34,23.26,14.16,4.44
01466500,7,11.45608504,38.35,24.95,20.3,7.45,38.35,25.63,20.37,8.74
01466500,8,11.28096774,37.92,25.49,17.77,4.87,37.92,25.49,17.77,9.4
01466500,9,11.59016667,36.92,23.38,13.76,2.18,35.67,23.38,13.76,2.18
01466500,10,11.92538123,30.98,20.64,7.74,-5.54,33.45,21.64,7,-3.46
01466500,11,11.30926515,27.09,15.94,0.11,-11.33,26.81,15.59,0.83,-10.31
01466500,12,9.878236804,23.85,12.72,-10.76,-17.25,23.66,14.86,-6.24,-13.58
01484100,1,9.472346041,23.5,15.24,-11.5,-20.86,23.5,15.24,-11.5,-19.21
01484100,2,10.22004023,24.03,11.37,-7.44,-18.05,24.71,13.71,-7.44,-18.05
01484100,3,11.06299853,30.11,16.97,-3.42,-13.66,30.11,16.94,-3.42,-13.66
01484100,4,12.05406061,33.7,18.92,4.39,-6.22,33.7,19.52,4.86,-3.02
01484100,5,11.69420821,34.93,22.78,11.43,1.19,34.93,22.78,11.43,1.96
01484100,6,11.26134848,37.51,24.96,14.68,6.74,36.79,24.96,14.68,6.74
01484100,7,10.77306452,38.49,26.74,21.65,10.68,38.62,27.35,21.65,11.51
01484100,8,10.62473607,37.22,25.93,20.23,6.43,37.22,26.62,21.41,10.24
01484100,9,10.95450758,36.37,25.16,14.78,3.68,34.54,25.16,14.78,4.9
01484100,10,11.36652493,32.44,21.45,8.72,-2.4,34.93,22.6,8.72,-1.9
01484100,11,10.87662879,27.12,17.12,0.29,-9.09,27.12,17.85,0.36,-6.96
01484100,12,9.652701613,24.44,15.53,-9.97,-16.43,24.44,16.74,-3.93,-12.48
01485500,1,9.674706745,23.98,14.16,-10.04,-18.98,23.98,14.16,-10.04,-18.13
01485500,2,10.21339501,23.21,11.55,-6.69,-16.7,23.28,12.97,-6.7,-17.53
01485500,3,10.84710411,28.57,15.35,-3.26,-11.4,28.21,15.35,-3.26,-11.6
01485500,4,11.59597727,33.32,18.4,5.27,-4.31,33.13,18.94,6.24,-3.01
01485500,5,11.14392229,35.01,22.96,10.47,1.96,35.01,22.96,10.47,1.67
01485500,6,10.70000758,35.91,24.48,14.64,5.85,36.84,24.48,14.64,7.56
01485500,7,10.25071848,38.05,26.45,21.65,9.33,38.16,26.9,21.65,11.04
01485500,8,10.13790323,37.48,25.71,21.06,7.05,37.48,26.25,21.78,10.49
01485500,9,10.44870455,35.49,24.85,15.69,4.9,34.63,24.85,15.69,5.54
01485500,10,11.12054985,33.42,21.3,10.28,-2.26,34.34,22.57,9.41,-2.26
01485500,11,10.86683333,26.23,17.57,1.58,-8.11,27.4,18.64,1.9,-7.21
01485500,12,9.905278592,24.9,13.6,-9.23,-14.98,24.9,17,-3.34,-13.96
01486000,1,9.662631965,24.62,14.08,-9.79,-18.8,24.62,14.08,-9.79,-17.83
01486000,2,10.24053902,23.42,11.84,-6.3,-16.45,23.69,13.13,-6.47,-17
01486000,3,10.93022727,28.58,15.66,-3.28,-11.56,28.26,15.65,-3.28,-11.56
01486000,4,11.68534848,33.44,18.66,5.44,-3.72,32.86,19.37,6.45,-2.93
01486000,5,11.17418622,35.34,23.38,11.26,2.23,35.34,23.38,11.26,1.52
01486000,6,10.69531061,36.12,24.98,14.96,6.05,36.84,24.98,14.96,7.23
01486000,7,10.24019795,38.11,26.7,22.1,9.96,38.2,26.87,22.1,11.6
01486000,8,10.12072581,37.26,25.87,21.5,7.72,37.26,26.34,21.86,10.86
01486000,9,10.4584697,35.47,24.61,15.86,5.31,34.77,24.61,16.19,5.61
01486000,10,11.06997801,33.62,21.62,9.99,-1.98,34.52,22.7,9.11,-1.98
01486000,11,10.83253788,26.88,17.77,1.58,-7.6,27.3,18.34,2.28,-7.06
01486000,12,9.885282258,24.87,13.11,-8.81,-14.83,24.87,17.15,-3.17,-13.88
01487000,1,9.512243402,23.94,15.29,-11.23,-20.56,23.94,15.29,-11.23,-18.89
01487000,2,10.24134352,23.95,11.55,-7.37,-18.01,24.64,13.74,-7.37,-18.01
01487000,3,11.07927419,29.98,16.99,-3.49,-13.42,29.98,16.99,-3.49,-13.42
01487000,4,12.05152273,33.67,19.12,4.62,-5.89,33.67,19.59,5.37,-3.01
01487000,5,11.67109238,34.94,22.81,11.22,1.29,34.94,22.81,11.22,2.05
01487000,6,11.22909848,37.43,25.01,14.68,6.78,36.8,25.01,14.68,6.78
01487000,7,10.75266862,38.42,26.81,21.73,10.59,38.61,27.41,21.73,11.47
01487000,8,10.60571114,37.32,25.96,20.36,6.45,37.32,26.62,21.5,10.23
01487000,9,10.93557576,36.29,25.14,15.03,3.75,34.59,25.14,15.32,4.95
01487000,10,11.37089443,32.65,21.48,9.36,-2.24,34.91,22.68,9.36,-1.89
01487000,11,10.89418939,27.03,17.17,0.5,-9.12,27.19,18,0.63,-6.95
01487000,12,9.709101906,24.57,15.41,-9.85,-16.21,24.57,16.87,-3.79,-12.52
01491000,1,9.34308651,22.4,14.96,-12,-21.07,22.4,14.96,-12,-19.82
01491000,2,10.14781175,24.11,10.75,-7.45,-17.61,25.04,12.83,-7.74,-17.61
01491000,3,11.04282258,30.57,17.27,-3.11,-13.52,30.57,16.83,-3.11,-13.52
01491000,4,12.07525758,34.06,18.42,4.43,-6.5,34.06,19.36,4.45,-3.05
01491000,5,11.73390762,35.05,22.7,12.03,1.48,35.05,22.7,10.89,1.87
01491000,6,11.3220303,37.54,24.95,14.91,6.99,36.62,24.81,14.91,6.99
01491000,7,10.825,38.54,26.7,20.9,10.87,38.61,27.29,20.9,11.61
01491000,8,10.69280792,37.21,25.98,20.24,6.44,37.11,26.59,20.98,10.14
01491000,9,11.00611364,36.88,25.47,13.56,3.85,34.48,25.47,13.56,4.97
01491000,10,11.3376173,32.27,21.28,7.14,-2.41,34.73,22.54,7.14,-2.06
01491000,11,10.79431818,27.13,16.67,0.16,-8.92,26.66,17.08,0.18,-7.02
01491000,12,9.454318182,24.21,15.01,-10.24,-17.14,24.21,16.14,-4.39,-12.42
01500500,1,9.892360704,16.18,8.32,-17.86,-30.22,16.18,8.32,-17.59,-30.22
01500500,2,10.93334674,15.13,5.87,-16.31,-28.57,20.84,3.56,-16.31,-29.51
01500500,3,11.42121701,28.13,10.56,-11.32,-25.22,28.13,9.11,-11.32,-25.22
01500500,4,12.35825,31.55,13.41,-6.61,-14.9,31.55,13.41,-4.07,-13.79
01500500,5,13.19622434,31.46,16.65,5.1,-3.9,31.46,17.48,3.88,-4.79
01500500,6,12.41457576,32.33,19.35,10.19,-0.83,32.33,19.35,10.19,0.39
01500500,7,12.24070381,33.71,21.41,14.8,4.33,33.91,21.41,16.19,5.21
01500500,8,12.03277859,33.53,21.95,14.16,1.53,33.53,21.95,15.81,4.79
01500500,9,12.02259091,30.85,19.66,7.46,-3.84,31.85,18.44,7.46,-3.84
01500500,10,11.28493402,27.23,14.99,1.61,-8.39,27.23,15.51,1.61,-7.17
01500500,11,9.526310606,24.48,11.96,-7.26,-15.42,22.31,11.96,-8.42,-21.64
01500500,12,8.639002933,18.14,8.43,-15.34,-27.68,18.14,8.43,-15.44,-24.18
01503000,1,9.667280059,16.08,8.56,-17.75,-28.96,16.08,8.56,-17.75,-28.96
01503000,2,10.72501207,16.2,6.31,-15.43,-27.06,20.88,3.34,-15.43,-28.14
01503000,3,11.31894428,28.36,10.56,-11.43,-24.29,28.36,9.61,-11.43,-24.29
01503000,4,12.35156061,31.6,13.75,-5.39,-13.75,31.6,13.75,-2.26,-13.06
01503000,5,13.15730205,31.51,17.24,6.05,-3.54,31.51,17.62,4.14,-3.96
01503000,6,12.38834848,32.51,19.67,10.91,-0.31,32.51,19.67,10.91,0.8
01503000,7,12.24252199,34.19,21.42,15.9,5.69,34.56,21.42,16.84,5.78
01503000,8,12.01429619,34.33,21.78,14.64,1.8,34.33,21.78,15.43,5.37
01503000,9,11.97005303,31.52,19.47,8.14,-3.15,32.03,18.73,8.14,-3.15
01503000,10,11.28475073,27.57,15.45,1.84,-7.91,27.57,15.91,1.84,-6.13
01503000,11,9.540242424,24.79,11.31,-6.75,-14.42,22.56,11.31,-7.49,-20.15
01503000,12,8.493706012,18.26,8.13,-15.05,-26.7,18.26,7.64,-14.4,-23.57
01510000,1,9.284860704,16.3,10.07,-19.56,-29.23,16.3,10.07,-19.56,-29.23
01510000,2,10.30579244,15.62,6.61,-17.08,-29.6,20.54,5.11,-17.08,-31.64
01510000,3,10.84746334,27.8,12.19,-13.34,-25.42,27.8,12.19,-13.34,-25.42
01510000,4,11.71515909,31.23,14.39,-5.92,-13.99,31.23,14.39,-3.83,-15.41
01510000,5,12.69271994,31.38,18.06,3.55,-3.7,31.38,18.32,1.08,-4.97
01510000,6,11.94578788,32.08,19.72,10.35,-0.67,32.08,19.72,10.35,-0.04
01510000,7,11.86098974,34.13,22.37,15.8,5.04,35.57,22.37,16.27,5.88
01510000,8,11.59747067,33.97,22.15,14.86,1.56,33.97,22.15,14.86,4.79
01510000,9,11.5107197,31.38,19.52,6.98,-3.36,32.55,18.94,6.98,-3.36
01510000,10,10.58998534,27.32,14.67,0.27,-8.43,27.79,17.34,0.27,-6.39
01510000,11,8.901242424,24.18,12.57,-5.82,-15.17,22.91,12.57,-9.21,-21.67
01510000,12,8.075359238,17.61,8.47,-14.72,-28.01,17.65,8.09,-15.57,-25.34
01512500,1,9.314486804,16.81,9.53,-18.21,-27.99,16.81,9.53,-18.21,-27.99
01512500,2,10.31596943,16.27,7.09,-16.1,-27.95,20.84,4.56,-16.1,-29.21
01512500,3,10.95176686,28.45,11.05,-12.16,-25.1,28.45,11.05,-12.16,-25.1
01512500,4,12.01168182,31.88,14.08,-5.07,-13.21,31.88,14.08,-2.44,-14.57
01512500,5,13.0102566,31.69,17.98,4.79,-3.02,31.69,18.35,2.92,-4.05
01512500,6,12.25938636,32.75,20.05,11.23,-0.12,32.75,20.05,11.23,0.6
01512500,7,12.12209677,34.28,22.37,16.46,6.02,35.58,22.37,17.17,6.21
01512500,8,11.88008065,34.76,22.25,15.51,1.99,34.76,22.25,15.9,5.46
01512500,9,11.79325,31.93,19.79,8.24,-3.08,32.15,19.16,8.24,-3.08
01512500,10,10.88043255,27.79,14.16,1.42,-7.63,27.79,17.04,1.42,-5.85
01512500,11,9.114007576,24.68,12.4,-5.69,-14.08,22.91,12.29,-8.11,-20.42
01512500,12,8.128874633,18.37,8.55,-14.51,-26.45,18.37,8.08,-14.5,-24.61
01516500,1,9.368695015,16.22,7.37,-18.4,-30.69,16.22,7.37,-18.4,-30.69
01516500,2,10.60358005,17.41,6.71,-13.36,-25.32,20.66,5.78,-17.26,-25.8
01516500,3,11.55536657,27.54,11.73,-10.5,-25.56,27.54,9.36,-10.5,-25.56
01516500,4,12.76067424,30.76,13.52,-4.11,-13.56,30.76,13.52,-2.38,-12.34
01516500,5,13.44780059,31.27,17.43,4.41,-4.05,31.27,17.43,4.36,-6.67
01516500,6,12.53287879,32.88,19.37,10.62,-1,32.88,19.37,10.62,0.59
01516500,7,12.49827713,36.24,21.3,17.41,4.16,36.18,21.3,17.41,4.16
01516500,8,12.26072581,33.95,21.53,13.67,0.19,33.95,21.53,13.67,3.28
01516500,9,12.14192424,32.81,18.85,8.3,-4.32,32.81,18.85,8.3,-4.32
01516500,10,11.58400293,28.24,15.28,0.09,-9.13,28.24,17.03,-0.01,-6.93
01516500,11,9.580128788,23.84,12.2,-9.09,-14.84,23.2,11.29,-7.58,-18.36
01516500,12,8.269211877,18.34,8.64,-16.76,-25.96,18.34,9.6,-14.01,-25.96
01518000,1,9.364780059,16.43,7.06,-18.01,-30.08,16.43,7.06,-18.01,-30.08
01518000,2,10.62189863,17.35,6.51,-12.86,-24.42,21.18,5.86,-16.62,-25.93
01518000,3,11.62722874,27.77,11.38,-9.95,-24.93,27.77,9.66,-9.95,-24.93
01518000,4,12.88171212,31.2,13.3,-3.53,-13.21,31.2,13.3,-1.8,-11.71
01518000,5,13.59178152,31.79,17.18,5.19,-3.8,31.79,17.18,4.71,-6.02
01518000,6,12.70411364,33,19.28,11.08,-0.42,33,19.28,11.08,0.87
01518000,7,12.64453812,36.23,21.09,17.5,4.58,36.72,21.47,17.99,4.58
01518000,8,12.39494868,34.18,21.71,13.96,0.21,34.18,21.71,13.96,3.62
01518000,9,12.25961364,32.7,18.94,8.81,-3.89,32.7,18.99,8.81,-3.89
01518000,10,11.68316716,28.51,15.25,0.76,-8.76,28.51,16.92,0.5,-6.47
01518000,11,9.685909091,24.23,12.04,-8.31,-14.22,23.03,11.17,-7.14,-17.87
01518000,12,8.295036657,18.46,8.75,-16.42,-25.09,18.46,9.51,-13.63,-25.09
01518862,1,9.48079912,15.93,6.33,-18.14,-31.51,15.93,6.33,-18.37,-31.51
01518862,2,10.80234111,15.44,5.88,-13.65,-26.24,21.96,6.05,-17.53,-28.23
01518862,3,11.88783724,26.68,10.24,-10.33,-25.45,26.68,8.88,-10.33,-25.45
01518862,4,13.18313636,29.39,12.9,-4.9,-14.33,29.39,11.68,-3.04,-12.56
01518862,5,13.97752199,31.54,17.07,4.97,-5.02,31.54,17.07,2.49,-6.2
01518862,6,13.07087121,32.13,19.13,10.89,-1.25,32.13,18.85,10.89,0.54
01518862,7,12.91239003,35.17,20.68,16.3,4.1,37.1,20.74,17.76,4.1
01518862,8,12.72517595,34.14,21.09,13.99,-0.71,34.14,21.09,13.99,2.56
01518862,9,12.53081818,31.88,19.1,8.43,-4.77,31.88,18.88,9.06,-4.77
01518862,10,11.83697947,27.68,14.49,0.77,-9.52,27.76,16.09,-0.06,-7.21
01518862,11,9.81430303,23.69,11.14,-8.79,-15.87,23.19,10.39,-8.5,-18.77
01518862,12,8.417811584,18.46,8.66,-17.63,-25.67,18.86,9.19,-13.66,-25.43
01520000,1,9.547881232,16.1,6.14,-17.68,-30.44,16.1,6.14,-17.83,-30.44
01520000,2,10.86232502,15.53,5.99,-13.03,-25.5,21.99,5.72,-17.13,-27.3
01520000,3,11.94675953,26.94,10.22,-9.84,-25.27,26.94,8.73,-9.84,-25.27
01520000,4,13.2400303,29.98,12.88,-4.31,-13.79,29.98,12.03,-2.29,-12.75
01520000,5,14.06239736,31.7,17.17,5.67,-4.25,31.7,17.17,3.36,-5.99
01520000,6,13.16313636,32.58,19.11,11.51,-0.72,32.58,18.96,11.51,0.78
01520000,7,13.02347507,35.46,20.82,17.19,4.49,37.28,20.95,18.08,4.49
01520000,8,12.79302053,34.45,21.34,14.54,-0.47,34.45,21.34,14.54,3.1
01520000,9,12.59960606,32.44,19.06,9,-4.28,32.44,18.95,9.3,-4.28
01520000,10,11.90538856,27.83,14.54,1.04,-9,27.83,16.03,0.34,-6.82
01520000,11,9.885969697,24.04,11.13,-7.86,-14.96,23.13,10.53,-7.83,-18.55
01520000,12,8.462646628,18.36,8.79,-16.9,-25.11,18.61,9.13,-13.63,-25.11
01520500,1,9.420630499,16.13,6.56,-17.97,-29.87,16.13,6.56,-17.97,-29.87
01520500,2,10.70810941,16.11,6.05,-12.91,-24.75,21.8,5.82,-16.8,-26.63
01520500,3,11.77701613,27.28,9.71,-9.79,-24.85,27.28,9.05,-9.79,-24.85
01520500,4,13.07422727,30.49,13.02,-3.91,-13.46,30.49,12.61,-2.01,-12.2
01520500,5,13.84846041,31.54,17.27,5.72,-3.88,31.54,17.27,3.84,-5.81
01520500,6,12.95776515,32.62,19.05,11.77,-0.46,32.62,19.05,11.77,0.81
01520500,7,12.84119501,35.76,20.82,17.63,4.65,37,21.23,18.12,4.65
01520500,8,12.60095308,34.12,21.43,14.56,-0.16,34.12,21.43,14.56,3.44
01520500,9,12.4287197,32.47,18.96,9.25,-3.87,32.47,19.01,9.25,-3.87
01520500,10,11.78277126,27.75,14.82,1.19,-8.81,27.75,16.39,0.56,-6.46
01520500,11,9.78194697,24.2,11.43,-7.64,-14.2,22.97,10.68,-7.51,-18.12
01520500,12,8.357672287,18.43,8.87,-16.66,-24.86,18.43,9.18,-13.51,-24.86
01531000,1,9.238870968,16.64,6.77,-17.91,-28.5,16.64,6.77,-17.91,-28.5
01531000,2,10.42045857,15.67,6.26,-12.59,-23.49,21.97,5.08,-16.21,-26.58
01531000,3,11.43782991,27.37,10.33,-10.66,-24.44,27.19,9.63,-10.66,-24.44
01531000,4,12.68387121,30.36,13.43,-3.9,-13.08,30.36,13.29,-2.02,-13.02
01531000,5,13.51592375,31.92,17.97,5.79,-2.69,31.92,17.97,3.83,-4.99
01531000,6,12.67519697,32.47,19.37,12.15,0.31,32.47,19.37,12.15,1.4
01531000,7,12.50987537,35.27,21.62,17.66,5.61,36.17,21.62,18.43,5.61
01531000,8,12.26637097,34.37,22.24,15.45,0.51,34.37,22.24,15.45,4.2
01531000,9,12.1325,32.57,19.47,9.47,-3.18,32.57,19.24,9.47,-3.18
01531000,10,11.36052053,28.12,14.5,1.72,-8.11,28.12,16.69,1.72,-5.99
01531000,11,9.476106061,24.43,11.78,-6.08,-13.48,23.48,11.19,-7.39,-17.8
01531000,12,8.174424487,18.78,9.62,-15.62,-24.66,18.78,8.52,-13.37,-24.22
01532000,1,9.267543988,16.57,8.52,-18.59,-30.02,16.57,8.52,-18.59,-30.02
01532000,2,10.45058729,18.24,7.22,-13.04,-23.83,21.23,6.23,-16.45,-25.52
01532000,3,11.40057918,27.93,12.07,-9.88,-24.31,27.93,10.2,-9.88,-24.31
01532000,4,12.62415152,31.14,14.17,-2.87,-12.78,31.14,14.17,-1.42,-11.27
01532000,5,13.28711877,32.33,17.31,5.28,-2.93,32.33,17.31,5.2,-5.73
01532000,6,12.40891667,32.8,19.54,11.07,0.13,32.8,19.54,11.07,1.35
01532000,7,12.36125367,36.28,22.18,16.32,4.78,35.57,22.18,17.97,4.9
01532000,8,12.08691349,34.26,21.51,14.27,0.9,34.26,21.51,14.27,4.1
01532000,9,11.97914394,32.64,19.2,8.83,-3.58,32.64,19.2,8.88,-3.58
01532000,10,11.46271261,28.45,15.45,1.33,-8.78,28.45,17.26,0.9,-6.3
01532000,11,9.537856061,24.38,12.66,-8.14,-14.12,23.39,11.44,-7.32,-17.4
01532000,12,8.222844575,18.6,9.04,-16.17,-25.17,18.6,9.63,-13.06,-24.39
01534000,1,9.387170088,16.54,8.62,-18.92,-30.03,16.54,8.62,-18.92,-30.03
01534000,2,10.49803701,19.22,6.67,-13.37,-24.68,21.24,3.53,-14.62,-26.61
01534000,3,11.29637097,28.34,11.82,-11.7,-23.47,28.34,11.06,-11.7,-23.47
01534000,4,12.49414394,31.46,14.33,-4.08,-12.94,31.46,14.33,-1.64,-10.77
01534000,5,13.14603372,32.54,18,6.71,-3.79,32.54,18,5.67,-3.79
01534000,6,12.39670455,32.87,19.82,11.24,-0.11,32.87,19.82,11.24,0.59
01534000,7,12.30252933,35.76,21.94,15.08,5.41,35.76,22.53,17.08,5.41
01534000,8,12.04359971,34.76,21.54,13.98,1.81,34.76,21.54,13.98,4.58
01534000,9,11.97423485,32.5,19.35,8.11,-3.19,32.21,19.35,8.11,-3.19
01534000,10,11.51004399,28.21,16.78,2,-8.29,28.21,16.69,1.8,-5.54
01534000,11,9.735590909,25.55,11.53,-7.34,-14.32,23.16,10.51,-6.34,-18.29
01534000,12,8.399596774,18.73,9.43,-15.76,-26.07,18.73,9.43,-13.03,-23.3
01539000,1,9.125117302,17.48,10.14,-18.75,-29.67,17.48,10.14,-18.75,-29.67
01539000,2,10.23481094,20.08,6.9,-11.82,-22.39,22.1,6.64,-13.87,-23.63
01539000,3,11.28403226,28.39,12.1,-8.97,-21.64,28.39,11.7,-8.97,-21.64
01539000,4,12.59258333,31.77,15.64,-1.17,-11.69,31.77,15.64,-0.75,-9.89
01539000,5,13.0457478,33.18,17.7,7.19,-2.1,33.18,18.13,6.71,-4.12
01539000,6,12.29510606,32.85,20.61,12.14,1.05,32.85,20.61,12.14,2.3
01539000,7,12.18377566,36.57,23.22,14.59,5.47,35.7,23.31,18.2,6.28
01539000,8,11.86489003,34.68,21.78,14.49,2.3,34.68,21.78,14.49,5.62
01539000,9,11.80004545,32.88,20.4,8.55,-2.23,32.88,20.4,9.55,-2.23
01539000,10,11.4425,29.38,16,1.25,-8.25,29.38,18.77,1.25,-5.42
01539000,11,9.720818182,24.68,12.44,-5.28,-12.07,23.7,10.89,-5.5,-15.46
01539000,12,8.298064516,19.31,9.53,-15.64,-24.93,19.31,9.81,-11.72,-20.3
01541000,1,9.166546921,18.52,7.7,-18.57,-31.41,18.52,7.7,-18.57,-31.41
01541000,2,10.43617056,19.52,5.52,-13.33,-23.38,22.66,7.21,-13.94,-26.81
01541000,3,11.7915176,27.9,11.62,-8.47,-20.66,27.9,11.62,-8.47,-21.51
01541000,4,13.38675758,29.64,13.83,-1.38,-11.14,29.64,13.83,-1.38,-10.05
01541000,5,13.44901026,31.83,18.6,7.64,-4.16,31.83,18.86,3.55,-4.6
01541000,6,12.80049242,32.58,19.83,13,0.49,32.58,19.83,13,0.95
01541000,7,12.49535191,35.82,21.49,16.26,3.39,36.76,22.19,18.42,5.76
01541000,8,12.38782258,33.67,21.45,16,0.42,33.54,21.45,16.24,4.1
01541000,9,12.33965909,32.29,19.87,8.08,-1.07,32.29,20.16,10.74,-1.07
01541000,10,11.91317449,28.69,17.39,0.99,-8.92,29.12,18.09,0.99,-5.79
01541000,11,10.21993182,24.93,12.63,-5.56,-13.45,24.18,12.05,-6.25,-13.07
01541000,12,8.549329179,21.03,10.39,-18.79,-25.58,21.03,10.39,-10.78,-19.66
01541500,1,9.045381232,18.51,8.14,-18.67,-31.09,18.51,8.14,-18.67,-31.09
01541500,2,10.27069187,19.35,5.01,-13.42,-22.62,22.51,7.01,-13.93,-26.43
01541500,3,11.59305718,27.96,11.89,-8.25,-20.33,27.96,11.89,-8.25,-21.12
01541500,4,13.15135606,29.9,13.96,-1.15,-11.01,29.9,13.96,-1.15,-9.84
01541500,5,13.26107038,32.03,18.81,7.75,-4.05,32.03,18.82,3.61,-4.63
01541500,6,12.64613636,32.33,19.76,12.84,0.29,32.53,19.76,12.84,1.26
01541500,7,12.41282258,35.74,21.98,16.08,3.68,37.12,22.58,17.56,5.69
01541500,8,12.30244135,33.62,21.74,15.73,0.27,33.62,21.74,15.73,4.22
01541500,9,12.2494697,32.21,20.03,7.79,-1.02,32.21,20.21,10.88,-1.02
01541500,10,11.79526393,28.79,17.5,0.62,-9.26,29.22,18.16,0.62,-5.66
01541500,11,10.0837803,25.05,12.31,-5.61,-13.14,24.5,12.16,-6.22,-12.65
01541500,12,8.414486804,21.22,10.69,-18.69,-25.35,21.22,10.69,-10.87,-19.33
01542810,1,9.111517595,17.17,7.75,-20.23,-32.81,17.17,7.75,-20.23,-32.81
01542810,2,10.59055511,16.95,4.39,-14.39,-25.53,21.72,6.59,-17.17,-30.33
01542810,3,11.86916422,27.02,9.6,-10.09,-22.91,26.25,9.6,-10.09,-24.68
01542810,4,13.47053788,29.4,12.15,-3.44,-13.63,29.4,12.15,-2.95,-12.04
01542810,5,14.18256598,31.68,17.99,5.88,-5.33,31.68,17.99,2.65,-5.92
01542810,6,13.29547727,31.61,19.37,11.18,-1.42,31.61,18.85,11.18,-0.67
01542810,7,12.99939883,35.6,20.6,16.19,2.36,37.54,20.6,17.1,3.45
01542810,8,12.73063783,33.81,20.8,13.99,-1.94,33.81,20.8,13.99,2.79
01542810,9,12.42894697,31.18,19.61,7.87,-2.88,32,19.5,9.61,-2.88
01542810,10,11.85805718,27.59,15.98,1.1,-10.03,28.02,17.3,0.62,-6.69
01542810,11,9.717795455,24.33,12.54,-6.88,-15.02,23.19,10.14,-8.07,-15.29
01542810,12,8.129897361,18.92,10.39,-17.43,-26.7,18.76,10.39,-12.08,-25.02
01543000,1,9.110461877,17.45,7.63,-20.13,-32.65,17.45,7.63,-20.13,-32.65
01543000,2,10.55222043,16.81,4.27,-14.46,-24.81,21.91,6.22,-17.01,-29.77
01543000,3,11.84099707,26.88,9.62,-9.79,-22.63,26.35,9.62,-9.79,-24.38
01543000,4,13.42243939,29.54,12.38,-3.18,-13.19,29.54,12.38,-2.61,-11.82
01543000,5,14.08947214,31.6,18,6.02,-5.07,31.6,18,2.91,-5.75
01543000,6,13.24216667,31.5,19.41,11.69,-1.21,31.5,18.76,11.69,-0.56
01543000,7,12.97274194,35.4,20.69,16.28,2.57,37.56,20.69,17.42,3.67
01543000,8,12.71207478,33.79,20.87,14.15,-1.81,33.79,20.87,14.15,2.99
01543000,9,12.45300758,31.33,19.57,7.98,-2.72,32,19.5,10.05,-2.72
01543000,10,11.84998534,27.74,16.01,1.1,-9.83,28.13,17.16,0.77,-6.44
01543000,11,9.74555303,24.07,12.38,-6.69,-14.57,23.28,10,-8.05,-14.77
01543000,12,8.134395161,18.71,10.2,-17.65,-26.37,18.79,10.2,-12.11,-24.14
01543500,1,9.073673021,17.88,7.67,-20.03,-32.33,17.88,7.67,-20.03,-32.33
01543500,2,10.46709574,17.18,4.27,-14.41,-23.77,22.25,6.29,-16.45,-28.69
01543500,3,11.78694282,26.85,9.86,-9.33,-21.97,26.72,9.86,-9.33,-23.86
01543500,4,13.37004545,29.77,12.88,-2.68,-12.72,29.77,12.88,-2.32,-11.32
01543500,5,13.91644428,31.76,18.21,6.41,-4.61,31.76,18.21,3.31,-5.46
01543500,6,13.12897727,31.4,19.5,12.08,-0.88,31.51,18.82,12.32,-0.32
01543500,7,12.88584311,35.39,20.86,16.44,2.86,37.78,20.86,17.54,4.15
01543500,8,12.64704545,33.97,21.13,14.46,-1.39,33.97,21.13,14.46,3.39
01543500,9,12.44429545,31.64,19.67,7.88,-2.32,32.08,19.64,10.31,-2.32
01543500,10,11.83461144,28.25,16.35,1.03,-9.6,28.49,17.09,0.97,-5.96
01543500,11,9.802212121,24.31,12.26,-6.44,-13.93,23.51,10.03,-7.96,-14.03
01543500,12,8.151535924,19.18,10.13,-17.94,-25.64,19.18,10.13,-11.89,-22.64
01544500,1,9.060894428,16.91,7.56,-19.26,-31.01,16.91,7.56,-19.26,-31.01
01544500,2,10.44190668,16.72,4.02,-13.65,-24.48,21.85,7.47,-16.3,-26.98
01544500,3,11.65480938,27.25,10.12,-10.27,-22.66,27.25,9.43,-10.27,-23.57
01544500,4,13.11989394,30.38,13.51,-3.68,-13.69,30.38,13.08,-2.54,-11.88
01544500,5,13.70118035,31.49,17.54,5.67,-5.09,31.49,17.54,3.35,-5.53
01544500,6,12.84456061,31.65,19.08,10.78,-0.84,31.65,19.43,10.78,-0.37
01544500,7,12.71120968,35.22,21.09,15.79,3.64,37.73,21.09,17.09,3.93
01544500,8,12.52860704,33.12,21.51,13.87,-0.69,33.12,21.51,13.87,3.25
01544500,9,12.34562121,31.96,19.18,8.52,-3.22,31.96,19.82,9.2,-3.22
01544500,10,11.79115836,28.03,15.52,1.05,-9.24,28.03,17.09,0.05,-7.17
01544500,11,9.751098485,24.24,10.84,-7.41,-14.71,22.99,10.48,-7.68,-16.72
01544500,12,8.135091642,18.37,9.05,-17.75,-24.6,18.47,9.11,-13.01,-23.67
01545600,1,9.133343109,17.18,8.12,-18.94,-30.48,17.18,8.12,-18.94,-30.48
01545600,2,10.49507643,17.25,4.3,-13.44,-23.49,22.11,7.06,-15.73,-26.33
01545600,3,11.75131232,27.53,10.41,-9.7,-22.16,27.53,9.4,-9.7,-22.81
01545600,4,13.23043182,30.82,13.68,-2.94,-13.2,30.82,13.43,-1.8,-11.36
01545600,5,13.75968475,31.82,17.67,6.12,-4.51,31.82,17.67,4.4,-5.18
01545600,6,12.92649242,31.76,19.26,11.05,-0.52,32.04,19.45,11.05,-0.06
01545600,7,12.81571114,35.65,21.41,16.41,4.25,38.02,21.41,17.26,4.57
01545600,8,12.61211877,33.47,21.66,14.21,-0.32,33.47,21.66,14.21,3.72
01545600,9,12.46180303,32.32,19.26,8.56,-2.85,32.32,19.85,9.6,-2.85
01545600,10,11.92854106,28.62,15.75,1.33,-8.96,28.62,17.22,0.39,-6.79
01545600,11,9.928348485,24.64,10.67,-6.5,-14.03,23.13,10.67,-7.21,-16
01545600,12,8.227782258,18.64,8.98,-17.43,-23.97,18.64,8.84,-12.76,-22.59
01547700,1,9.136026393,18.54,9.24,-18.6,-29.4,18.54,9.24,-18.6,-29.4
01547700,2,10.50097345,20.48,5.11,-12.79,-21.52,23.28,6.93,-14.2,-25.62
01547700,3,11.9589956,29.3,10.98,-7.25,-19.52,29.3,10.98,-7.52,-21.42
01547700,4,13.55458333,31.89,14.23,-0.2,-11.1,31.89,14.23,0.33,-8.79
01547700,5,13.90687683,33.82,18.85,7.86,-3.13,33.82,18.85,6.42,-3.97
01547700,6,13.14120455,33.69,20.07,13.31,0.33,33.3,20.07,13.31,1.22
01547700,7,12.97749267,37.12,22.59,16.72,5.54,39.23,22.61,17.45,5.85
01547700,8,12.72181085,35.33,22.06,15.12,0.96,35.33,22.06,15.12,4.93
01547700,9,12.52690152,33.44,20.24,8.58,-1.02,33.44,20.33,11.78,-1.02
01547700,10,12.1206305,30.29,17.05,1.54,-8.39,30.29,18.01,1.54,-5.19
01547700,11,10.29513636,26.2,11.4,-3.25,-11.44,24.56,11.4,-6.46,-13.19
01547700,12,8.334853372,20.83,10.52,-16.67,-23.38,20.83,10.52,-11.33,-20.22
01548500,1,9.25914956,16.46,7.06,-18.51,-30.64,16.46,7.06,-18.51,-30.64
01548500,2,10.59540628,16.02,5.15,-13.39,-24.88,21.71,6.51,-16.56,-26.83
01548500,3,11.73584311,27.23,9.82,-10.07,-24,27.23,9.5,-10.07,-24
01548500,4,13.10804545,30.4,13.24,-3.74,-13.6,30.4,12.66,-2.28,-11.81
01548500,5,13.78178152,31.39,17.13,5.95,-4.5,31.39,17.13,3.67,-5.78
01548500,6,12.9025303,32,18.96,11.45,-0.82,32,18.96,11.45,0.31
01548500,7,12.77815982,35.68,20.76,16.77,4.25,37.46,21.16,17.85,4.25
01548500,8,12.56965543,33.61,21.44,14.23,-0.37,33.61,21.44,14.23,3.31
01548500,9,12.38753788,31.99,19.01,9.12,-3.56,31.99,19.36,9.12,-3.56
01548500,10,11.80612903,27.96,15.23,0.96,-9.16,27.96,16.7,0.22,-6.71
01548500,11,9.776825758,24.16,11.13,-7.8,-14.52,23.05,10.69,-7.14,-17.36
01548500,12,8.258793988,18.32,8.89,-17.24,-24.47,18.38,9.29,-13.26,-24.41
01549500,1,9.125293255,16.57,8.66,-18.52,-30.89,16.57,8.66,-18.52,-30.89
01549500,2,10.39713596,17.83,5.71,-13.25,-24.15,21.1,6.15,-15.91,-24.86
01549500,3,11.47489736,27.48,11.85,-10.15,-24.47,27.48,10.4,-10.15,-24.47
01549500,4,12.76675758,30.89,13.85,-3.23,-13.38,30.89,13.85,-1.78,-11.67
01549500,5,13.33725073,31.57,17.66,5.6,-4.2,31.57,17.66,4.61,-6.16
01549500,6,12.44279545,32.47,19.63,10.86,-0.73,32.47,19.63,10.86,0.66
01549500,7,12.37804252,36.47,21.28,16.83,4.2,36.88,22.05,17.41,4.75
01549500,8,12.15329912,33.36,21.69,13.41,0.6,33.36,21.69,13.41,3.15
01549500,9,12.03611364,33.05,19.43,8.37,-3.56,33.05,19.43,8.37,-3.56
01549500,10,11.57164223,28.98,15.76,0.49,-8.9,28.98,17.49,-0.06,-7.19
01549500,11,9.593159091,23.97,11.88,-7.94,-14.37,23,11.45,-6.8,-17.08
01549500,12,8.129343842,18.59,8.8,-17.02,-24.31,18.59,9.9,-13.38,-24.31
01550000,1,9.147829912,16.6,9.16,-18.65,-30.55,16.6,9.16,-18.65,-30.55
01550000,2,10.37230893,18.27,6.39,-12.99,-24.05,21.2,6.02,-16,-24.63
01550000,3,11.41428152,27.81,12.07,-9.75,-24.22,27.81,10.25,-9.75,-24.22
01550000,4,12.68425758,31.01,14.34,-2.55,-12.9,31.01,14.34,-1.41,-11.29
01550000,5,13.26181818,32.14,17.48,5.58,-3.45,32.14,17.48,5.07,-5.92
01550000,6,12.37190152,32.5,19.76,11.23,-0.25,32.5,19.76,11.23,1.27
01550000,7,12.30739736,36.63,22.07,16.89,4.42,36.28,22.26,17.63,5.09
01550000,8,12.04348974,33.7,21.6,13.78,0.91,33.7,21.6,13.78,3.71
01550000,9,11.93084091,32.81,19.52,8.48,-3.44,32.81,19.52,8.7,-3.44
01550000,10,11.48166422,28.85,15.71,1.04,-8.78,28.85,17.42,0.42,-6.91
01550000,11,9.557075758,24.18,12.3,-7.79,-13.89,23.31,11.36,-6.98,-16.82
01550000,12,8.157991202,18.53,8.8,-16.58,-24.38,18.53,9.87,-13.13,-23.95
01552000,1,9.17026393,17.02,9.52,-18.68,-29.9,17.02,9.52,-18.68,-29.9
01552000,2,10.33841512,19.08,6.89,-12.4,-23.06,21.7,6.24,-15.16,-24.49
01552000,3,11.36546921,28.24,12.1,-9.15,-23.11,28.24,10.97,-9.15,-23.11
01552000,4,12.6480303,31.5,14.9,-1.79,-12.25,31.5,14.9,-0.75,-10.5
01552000,5,13.20964076,32.82,17.44,6.15,-2.62,32.82,17.49,5.94,-4.94
01552000,6,12.38504545,32.62,20.1,11.65,0.83,32.62,20.1,11.65,1.77
01552000,7,12.30914223,36.5,22.74,15.46,5.13,35.79,22.74,18.19,5.63
01552000,8,12.00580645,34.35,21.63,14.35,1.5,34.35,21.63,14.35,4.88
01552000,9,11.89817424,32.82,19.82,8.67,-2.93,32.82,19.82,9.19,-2.93
01552000,10,11.46417889,29.04,15.69,1.42,-8.57,29.04,17.84,1.35,-5.95
01552000,11,9.624833333,24.63,12.51,-6.56,-12.97,23.46,11.25,-6.5,-16.25
01552000,12,8.230791789,18.96,9.11,-15.96,-25.06,18.96,9.78,-12.32,-22.44
01552500,1,8.915439883,16,10.41,-20.01,-30.29,16,10.41,-20.01,-30.29
01552500,2,10.00881738,18.61,7.39,-14.3,-24.82,20.4,6.87,-16.68,-24.82
01552500,3,10.9159824,27.07,12.43,-11.19,-24.71,27.07,11.7,-11.19,-24.71
01552500,4,12.04831061,30.26,15.65,-2.97,-13.29,30.26,15.65,-2.47,-12.16
01552500,5,12.51221408,31.69,17.38,4.6,-4.41,31.69,17.38,4.31,-6.53
01552500,6,11.67839394,31.28,20.22,9.19,-0.27,31.28,20.22,9.19,0.57
01552500,7,11.59994135,34.52,23.13,13.12,3.56,34.08,23.13,16.26,5.23
01552500,8,11.27736804,32.67,21.42,13.12,1.56,32.67,21.42,13.56,3.23
01552500,9,11.19818939,31.47,19.85,6.98,-4.85,31.47,19.85,7.21,-4.85
01552500,10,10.77896628,27.41,15.42,-0.33,-9.93,27.41,17.72,-0.33,-7.33
01552500,11,9.009265152,23.55,12.91,-6.41,-14.53,23.55,11.1,-8.24,-17.53
01552500,12,7.943266129,17.95,9.78,-17.08,-26.59,17.95,10.23,-13.56,-23.53
01556000,1,8.890542522,18.52,9.11,-18.18,-30.07,18.52,9.11,-18.18,-30.07
01556000,2,10.06635559,21.63,4.86,-12.78,-21.73,22.94,7.46,-12.78,-23.72
01556000,3,11.34454545,28.61,13.39,-8.26,-18.85,28.61,13.39,-8.26,-18.85
01556000,4,12.79701515,30.23,14.74,-0.59,-10.65,30.23,14.74,-0.44,-8.85
01556000,5,12.80148094,32.51,19.55,8.35,-3.56,32.51,19.55,4,-3.76
01556000,6,12.26842424,32.63,20.74,12.61,1.26,33.43,20.74,12.61,2.42
01556000,7,12.10770528,36.31,22.96,16.25,4.99,36.98,23.22,17.27,6.97
01556000,8,12.04779326,33.85,22.25,16.02,1.35,33.85,22.25,16.02,5.26
01556000,9,12.00656061,32.49,20.31,8.26,-0.19,32.49,20.99,11,-0.13
01556000,10,11.67622434,28.73,17.54,1.13,-8.38,29.88,18.81,1.13,-5.59
01556000,11,10.0895303,25.35,12.66,-4.76,-12.33,24.34,11.86,-5.01,-11.73
01556000,12,8.42356305,22.21,12.8,-17.63,-24.31,22.21,12.8,-10.3,-18.75
01557500,1,8.918929619,18.81,9.07,-18.24,-30.23,18.81,9.07,-18.24,-30.23
01557500,2,10.11350764,20.01,4.64,-13.48,-21.99,22.6,6.4,-13.82,-25.55
01557500,3,11.45316716,28.51,12.36,-7.49,-19.91,28.51,12.36,-7.6,-20.55
01557500,4,12.95319697,30.57,14.67,-0.55,-10.52,30.57,14.67,-0.55,-9.11
01557500,5,13.09544721,32.77,19.19,8.16,-3.37,32.77,19.19,4.24,-4.36
01557500,6,12.51168939,32.6,20,12.44,0.28,32.78,20,12.44,1.75
01557500,7,12.38291789,36.01,22.69,16.04,4.29,38.09,23.09,16.88,5.76
01557500,8,12.24938416,34.23,22.33,15.63,0.25,34.23,22.33,15.63,4.71
01557500,9,12.19736364,32.66,20.15,7.84,-1.03,32.66,20.32,11.32,-0.75
01557500,10,11.6876393,29.33,17.74,0.51,-9.54,29.34,18.38,0.51,-5.21
01557500,11,9.972590909,25.57,12.39,-5.28,-12.46,25.15,12.39,-6.41,-12.46
01557500,12,8.247327713,21.34,11.35,-18.29,-24.72,21.34,11.35,-10.96,-19.73
01558000,1,8.938093842,18.85,9.01,-17.95,-30.11,18.85,9.01,-17.95,-30.11
01558000,2,10.13744972,20.33,4.76,-13,-21.65,22.41,6.73,-13.41,-25.03
01558000,3,11.47048387,28.54,12.61,-7.82,-19.34,28.54,12.61,-7.82,-19.77
01558000,4,12.96906061,30.56,14.57,-0.35,-10.45,30.56,14.57,-0.35,-8.88
01558000,5,13.08834311,32.53,19.29,8.36,-3.36,32.53,19.29,4.24,-4.05
01558000,6,12.51743939,32.68,20.09,12.75,0.7,33.08,20.09,12.75,2.15
01558000,7,12.36693548,36.23,22.64,16.2,4.45,37.81,23.21,17.34,6.19
01558000,8,12.25144428,34.02,22.26,15.78,0.65,34.02,22.26,15.78,4.95
01558000,9,12.188,32.62,20.22,8.15,-0.5,32.62,20.56,11.43,-0.45
01558000,10,11.73660557,29.21,17.75,0.81,-9.07,29.61,18.56,0.81,-5.24
01558000,11,10.04554545,25.58,12.3,-5.14,-12.14,24.87,12.3,-5.77,-12.09
01558000,12,8.326202346,21.67,11.34,-17.97,-24.49,21.67,11.34,-10.53,-19.4
01559000,1,8.913335777,18.77,9.35,-18.13,-29.96,18.77,9.35,-18.13,-29.96
01559000,2,10.10740949,21.56,4.64,-12.81,-21.55,23.02,6.83,-13.16,-23.95
01559000,3,11.43616569,28.67,12.98,-7.57,-18.45,28.67,12.98,-7.57,-19.23
01559000,4,12.893,30.63,14.97,-0.38,-10.64,30.63,14.97,-0.13,-8.6
01559000,5,12.95081378,32.69,19.31,8.49,-3.19,32.69,19.31,4.52,-3.72
01559000,6,12.39662121,32.74,20.52,13.12,1.19,33.48,20.52,13.12,2.61
01559000,7,12.24527859,36.62,22.96,16.45,5.12,37.69,23.12,17.18,6.89
01559000,8,12.14159091,34.04,22.35,16.06,1.34,34.04,22.35,16.06,5.37
01559000,9,12.08785606,32.83,20.26,8.43,-0.09,32.83,20.68,11.39,-0.09
01559000,10,11.72799853,29.27,17.67,1.08,-8.32,30,18.79,1.08,-5.31
01559000,11,10.12004545,25.58,12.11,-4.51,-12,24.81,11.8,-5.43,-11.68
01559000,12,8.387617302,21.97,11.57,-17.23,-24.05,21.97,11.57,-10.43,-18.84
01560000,1,8.961290323,19.42,9.01,-18.75,-30.24,19.42,9.01,-18.75,-30.24
01560000,2,10.13807723,22.46,4.99,-13.27,-22.09,23.26,7.95,-13.27,-22.93
01560000,3,11.38374633,28.78,13.54,-9.13,-18.98,28.78,13.54,-9.13,-18.98
01560000,4,12.8105,30.1,14.44,-0.98,-10.89,30.1,14.44,-0.53,-9.22
01560000,5,12.67363636,32.37,19.46,7.63,-3.85,32.37,19.46,3.83,-3.85
01560000,6,12.14484091,32.44,21.1,11.34,1.44,33.42,21.1,11.34,2.57
01560000,7,11.97008065,35.91,23.24,16.32,5.62,35.82,23.24,17.04,6.62
01560000,8,11.95490469,33.65,22.06,16.14,1.75,33.65,22.06,16.29,5.51
01560000,9,11.92813636,32.46,20.28,8.29,-0.21,32.46,20.91,10.18,-0.18
01560000,10,11.7381085,28.15,16.96,1.62,-7.96,29.9,18.67,1.62,-6
01560000,11,10.22396212,25.14,12.99,-4.28,-12.76,23.9,11,-4.98,-12.11
01560000,12,8.580494868,22.59,13.53,-17.46,-24.46,22.59,13.53,-10.36,-18.22
01562000,1,9.067602639,19.13,9.93,-17.92,-29.71,19.13,9.93,-17.92,-29.71
01562000,2,10.26646018,22.95,5.23,-12.37,-21.32,24.12,7.96,-12.37,-22.16
01562000,3,11.56155425,29.15,13.35,-7.83,-17.69,29.15,13.33,-7.83,-18.3
01562000,4,12.95675758,30.67,14.82,-0.35,-10.16,30.67,14.82,0.35,-8.31
01562000,5,12.77240469,32.87,19.5,7.68,-3.11,32.87,19.5,4.62,-3.29
01562000,6,12.27655303,32.84,21.29,11.77,1.98,34.11,21.29,11.77,3.41
01562000,7,12.09063783,36.66,23.45,16.54,6.16,36.09,23.45,17.38,7.58
01562000,8,12.06323314,34.15,22.35,16.62,2.28,33.97,22.35,16.72,6.23
01562000,9,12.04774242,33.15,20.3,8.82,0.09,33.15,21.07,10.68,0.42
01562000,10,11.90204545,28.79,17.4,2.35,-7.46,30.32,19.05,2.35,-5.68
01562000,11,10.45038636,25.57,12.31,-3.98,-12.14,24.53,10.56,-4.66,-11.48
01562000,12,8.720241935,22.89,13.56,-16.39,-23.89,22.89,13.56,-10.03,-17.7
01567000,1,9.137478006,18.83,10.59,-17.5,-28.99,18.83,10.59,-17.5,-28.99
01567000,2,10.34785197,22.38,5.46,-11.65,-21.54,24,6.75,-12.33,-22.55
01567000,3,11.69428152,29.2,13.03,-6.48,-17.8,29.2,12.68,-6.48,-19.16
01567000,4,13.09177273,31.42,15.15,0.44,-10.03,31.42,15.15,1.13,-7.6
01567000,5,13.05160557,33.27,19.31,9.31,-2.45,33.27,19.31,5.81,-2.83
01567000,6,12.49897727,33.75,20.77,13.46,2.04,34.31,20.77,13.46,3.49
01567000,7,12.30582845,37.37,23.01,17.67,6.3,37.49,23.1,17.67,7.91
01567000,8,12.16844575,34.52,22.53,16.92,2.42,34.5,22.53,16.92,6.51
01567000,9,12.14820455,33.58,20.29,9.31,0.46,33.43,20.78,11.9,0.62
01567000,10,11.94219208,29.94,17.98,2,-7.03,30.65,19.21,2,-5.06
01567000,11,10.47239394,26.01,11.75,-2.93,-11.29,25.1,10.92,-4.28,-11.18
01567000,12,8.693782991,22.33,11.07,-15.68,-23.02,22.33,11.07,-9.95,-17.65
01567500,1,8.914508798,19.98,10.53,-17.06,-28.39,19.98,10.53,-17.06,-28.39
01567500,2,10.10447305,24.08,6.64,-11.66,-21.04,24.69,6.09,-12.41,-21.04
01567500,3,11.48353372,29.37,13.65,-6.23,-17.1,29.37,13.65,-6.23,-17.73
01567500,4,12.75324242,32.36,16.64,1.04,-10.56,32.15,16.64,1.49,-6.68
01567500,5,12.83388563,34.11,20.42,9.07,-1.35,34.11,20.42,6.86,-2.03
01567500,6,12.31272727,34.42,21.76,13.09,2.73,34.66,21.76,13.09,4.22
01567500,7,12.18426686,38.24,22.91,16.99,7.92,38.65,24.26,16.99,8.36
01567500,8,11.93176686,36.17,22.8,15.38,3.31,36.17,22.68,15.38,7.18
01567500,9,11.87487121,35.16,20.74,9.68,1.11,34.21,21.11,12.23,1.5
01567500,10,11.67141496,30.73,18.35,1.88,-5.84,31.22,19.57,1.88,-4.56
01567500,11,10.31838636,26.64,11.53,-2.25,-10.18,25.47,11.53,-4.26,-10.79
01567500,12,8.457327713,22.54,11.54,-14.59,-21.27,22.54,11.54,-9.78,-16.89
01568000,1,8.89436217,20.12,10.61,-16.91,-27.92,20.12,10.61,-16.91,-27.92
01568000,2,10.07051488,24.31,6.78,-11.03,-20.79,25.16,6.53,-11.79,-20.79
01568000,3,11.40719208,29.63,13.83,-6.28,-16.61,29.63,13.83,-6.28,-17.6
01568000,4,12.7017803,32.37,16.82,1.21,-10.07,32.37,16.82,1.42,-6.23
01568000,5,12.73892229,34.29,20.47,9.76,-1.17,34.29,20.47,6.76,-1.67
01568000,6,12.25106061,34.76,22,13.08,3.14,35.11,22,13.08,4.86
01568000,7,12.11641496,38.4,23.48,16.99,7.91,38.78,24.58,16.99,8.69
01568000,8,11.89428886,36.32,23.03,15.59,3.64,36.32,23.03,15.59,7.89
01568000,9,11.87432576,35.29,20.82,9.87,1.34,34.29,21.44,12.01,1.55
01568000,10,11.70711144,30.97,18.68,1.86,-5.68,31.77,19.77,1.86,-4.27
01568000,11,10.36143182,26.61,12.16,-2.17,-9.68,25.9,12.16,-3.49,-10.49
01568000,12,8.496407625,22.63,11.4,-14.19,-21.01,22.63,11.4,-9.36,-16.49
01574000,1,9.139618768,20.86,13.31,-16.5,-26.73,20.86,13.31,-16.5,-26.73
01574000,2,10.24991955,24.41,8.11,-9.78,-21.68,25.99,7.85,-9.81,-21.68
01574000,3,11.49445015,30.04,15.06,-5.4,-16.02,30.04,14.69,-5.4,-18.36
01574000,4,12.75713636,32.85,16.67,1.6,-9.19,32.85,17.22,1.6,-5.66
01574000,5,12.58831378,33.99,21.21,10.73,-0.71,33.99,21.21,7.64,-0.83
01574000,6,12.12990909,35.66,22.17,13.62,3.64,35.81,22.17,13.62,5.57
01574000,7,11.91909824,38.54,23.78,17.37,8.11,38.51,24.7,17.37,9.49
01574000,8,11.77038123,37.52,23.56,16.41,4.56,36.46,23.56,16.41,8.37
01574000,9,11.87359848,35.78,21.93,10.61,1.46,34.6,22.03,12.37,2.15
01574000,10,11.83120968,31.67,19.27,2.37,-5.07,32.58,20.43,2.37,-3.88
01574000,11,10.66984091,26.78,13.45,-1.27,-9.56,26.49,13.96,-1.27,-9.69
01574000,12,8.927298387,23.34,11.47,-12.98,-20.38,23.34,11.47,-8.72,-15.78
01580000,1,9.336326979,21.17,13.53,-15.21,-23.73,21.17,13.53,-15.21,-23.73
01580000,2,10.33489139,24.09,9.18,-8.95,-21.4,25.9,8.98,-9.94,-21.4
01580000,3,11.52623167,30.53,15.24,-4.76,-15.71,30.53,13.81,-4.76,-15.71
01580000,4,12.76163636,33.16,16.81,2.29,-8.81,33.16,19.24,2.29,-5.38
01580000,5,12.50998534,34.01,22.3,10.59,-0.18,34.01,22.3,8.95,-0.61
01580000,6,12.02702273,35.88,22.62,14.3,3.72,35.55,22.62,14.3,6.37
01580000,7,11.71105572,37.64,24.49,17.91,9.12,38.69,25.5,17.91,9.76
01580000,8,11.58942082,37.81,23.84,16.96,5.1,36.73,23.95,16.96,8.38
01580000,9,11.77862879,36.15,23.42,10.83,1.98,34.08,23.42,12.43,2.87
01580000,10,11.74945015,31.88,19.31,3.01,-4.48,32.77,21.26,3.01,-3.49
01580000,11,10.79904545,26.52,14.72,-0.88,-9.49,26.52,15.33,-1.34,-9
01580000,12,9.221286657,23.83,12.04,-12,-19.54,23.83,13.37,-7.4,-14.86
01583500,1,9.224215543,21.34,14.32,-15.11,-23.65,21.34,14.32,-15.11,-23.21
01583500,2,10.25736122,24.99,9.9,-9.01,-21.27,26.12,10.18,-9.52,-21.27
01583500,3,11.45471408,31.1,16.31,-4.33,-14.34,31.1,15.22,-4.33,-15.43
01583500,4,12.59600758,33.38,17.34,2.85,-8.5,33.38,19.38,2.85,-4.71
01583500,5,12.28426686,34.43,22.79,10.74,-0.16,34.43,22.79,9.71,-0.14
01583500,6,11.80481818,36.62,23.39,14.42,3.9,36.54,23.39,14.42,6.66
01583500,7,11.47912023,38.21,24.81,18.37,8.45,38.8,25.96,18.37,10.88
01583500,8,11.28220674,38.29,24.41,17.72,5.58,37.09,24.41,17.72,9.36
01583500,9,11.44600758,36.51,24.05,11.05,2.48,34.16,24.05,12.15,3.31
01583500,10,11.51271261,32,20.15,3.53,-3.82,32.67,21.44,3.53,-2.78
01583500,11,10.62799242,26.72,15.87,-0.48,-9.6,26.59,15.87,-0.9,-8.64
01583500,12,9.144699413,24.45,12.74,-11.81,-19.48,24.45,14.17,-6.84,-14.28
01586610,1,9.267434018,21.42,14.94,-15.68,-24.61,21.42,14.94,-15.68,-24.61
01586610,2,10.34434433,24.76,9.99,-9.61,-22.88,26.09,11.01,-9.81,-22.88
01586610,3,11.58483138,30.77,16.66,-4.56,-15.55,30.77,15.17,-4.96,-16.77
01586610,4,12.77110606,33.2,17.33,2.57,-8.55,33.2,19.31,2.57,-5.06
01586610,5,12.37303519,34.34,22.57,10.94,-0.52,34.34,22.57,8.99,-0.46
01586610,6,11.86646212,36.35,23.23,14.18,3.73,36.51,23.23,14.18,5.88
01586610,7,11.53916422,38.4,24.69,18.04,7.87,38.3,25.65,18.04,10.57
01586610,8,11.34384164,38.17,24.38,17.89,5.09,36.9,24.38,17.89,8.95
01586610,9,11.5110303,35.94,23.47,11.45,2.09,34.21,23.47,12.15,2.91
01586610,10,11.6166349,31.8,20.02,3.23,-3.84,32.7,21.24,3.23,-3.24
01586610,11,10.70205303,26.92,16.17,-0.65,-9.95,26.68,16.17,-1.01,-8.88
01586610,12,9.180439883,24.22,13.04,-12.27,-20.24,24.22,13.89,-7.49,-14.98
01591400,1,9.283753666,21.84,15.1,-14.94,-23.86,21.84,15.1,-14.94,-23.86
01591400,2,10.33842317,25.75,9.98,-9.18,-22.17,26.12,11.31,-9.67,-22.17
01591400,3,11.57153226,31.04,17.06,-3.77,-15.23,31.04,15.41,-4.65,-15.83
01591400,4,12.71998485,33.54,17.61,3.25,-7.58,33.54,19.52,3.25,-4.94
01591400,5,12.24535924,34.61,22.56,11.59,-0.04,34.61,22.56,9.63,-0.04
01591400,6,11.76484091,36.62,23.53,14.39,4.45,36.73,23.53,14.39,5.42
01591400,7,11.43173021,38.51,24.98,18.6,7.89,38.16,25.98,18.6,10.95
01591400,8,11.19247067,38.55,24.65,18.81,5.22,37.36,24.65,18.81,8.91
01591400,9,11.36040152,36.3,23.65,11.24,2.82,34.65,23.65,13.36,3.08
01591400,10,11.5686437,31.64,20.36,3.88,-3.31,32.83,21.42,3.88,-3.31
01591400,11,10.73956818,27.28,15.92,-0.22,-9.76,26.19,15.92,-0.74,-8.54
01591400,12,9.219486804,24.65,13.88,-12.49,-19.83,24.55,14.21,-7.08,-14.64
01594950,1,9.61861437,20.12,10.75,-18.8,-31.48,20.12,10.75,-18.36,-30.65
01594950,2,10.76132743,19.66,6.36,-16.88,-24.67,22.76,7.92,-17.54,-24.67
01594950,3,12.08532991,26.81,12.7,-11.26,-22.87,26.81,12.25,-11.26,-21.17
01594950,4,13.39021212,29.73,14.21,-3.81,-15.77,29.73,14.21,-3.81,-13.69
01594950,5,12.81860704,30.11,18.12,5.49,-4.82,30.11,18.12,3.06,-5.46
01594950,6,12.21440909,30.7,19.32,10.94,-0.3,32.18,19.2,11.87,-0.3
01594950,7,11.66577713,34.91,21.42,16.23,0.58,32.98,21.42,16.23,4.55
01594950,8,11.8273607,33.65,20.12,15.51,-0.49,33.09,20.12,15.51,4.22
01594950,9,12.09916667,31.07,18.86,7.78,-3.31,31.07,18.49,7.78,-2.55
01594950,10,12.31632698,26.45,17.62,-0.01,-9.7,28.01,18.03,-0.15,-9.7
01594950,11,11.02692424,24.67,12.24,-6.32,-16.92,24.67,12.24,-10.08,-15.74
01594950,12,9.414299853,20.77,11.68,-21.47,-28.34,20.77,10.71,-13.23,-22.07
01595000,1,9.603599707,19.79,10.63,-19.02,-31.88,19.79,10.63,-18.26,-30.77
01595000,2,10.7136605,19.36,6.38,-17.25,-24.73,22.58,7.91,-17.79,-24.73
01595000,3,12.00578446,26.51,12.4,-11.4,-22.89,26.51,12.31,-11.4,-21.57
01595000,4,13.28968939,29.48,14.24,-4.16,-16.09,29.48,14.24,-4.16,-13.84
01595000,5,12.73254399,29.96,18,5.19,-5.05,29.96,18,2.73,-5.69
01595000,6,12.14504545,30.39,19.26,10.63,-0.75,32.01,19.17,11.71,-0.75
01595000,7,11.62365103,34.79,21.35,16.04,0.36,32.79,21.33,16.04,4.19
01595000,8,11.79483138,33.31,20.03,15.52,-0.89,33.15,20.01,15.52,3.81
01595000,9,12.06364394,30.76,18.71,7.7,-3.76,30.76,18.48,7.7,-3.01
01595000,10,12.25244868,26.19,17.43,-0.32,-10.14,27.8,17.9,-0.49,-10.14
01595000,11,10.95222727,24.36,12.08,-6.66,-17.3,24.36,12.08,-10.31,-16.11
01595000,12,9.398170821,20.41,11.48,-21.83,-28.65,20.41,10.64,-13.53,-22.2
01596500,1,8.904860704,18.12,10.5,-19.14,-30.45,18.43,10.5,-19.14,-30.44
01596500,2,10.22258246,20.85,5.53,-15.31,-23.08,23.71,7.75,-16.19,-24.48
01596500,3,11.53900293,27.53,13.32,-10.19,-19.51,27.53,12.04,-10.19,-22.62
01596500,4,12.80015909,30.45,13.68,-2.14,-11.26,30.45,13.68,-2.14,-10.77
01596500,5,12.21584311,31.05,17.95,4.21,-3.04,31.05,18.39,3.77,-5.15
01596500,6,11.61685606,30.91,20.3,10.53,2.18,31.77,20.3,10.53,2.18
01596500,7,11.26176686,34.61,22.06,15.79,5.31,33.29,22.06,16.2,6.15
01596500,8,11.29140762,33.36,21.33,14.91,2.12,32.11,21.33,15.8,6.01
01596500,9,11.26012879,31.75,19.38,8.32,-0.13,31.75,19.24,8.79,-0.13
01596500,10,11.26377566,27.2,16.68,1.99,-6.33,28.72,18.71,0.89,-6.33
01596500,11,10.10616667,25.46,11.13,-6.91,-14.03,25.46,11.82,-9.5,-14.03
01596500,12,8.574428152,21.82,12.44,-20.58,-26.77,21.82,12.44,-12.69,-20.5
01605500,1,10.48092375,19.37,11.95,-17.88,-31.21,19.37,11.95,-14.88,-30.02
01605500,2,11.41592116,19.95,7.95,-12.3,-26.73,20.71,8.37,-16.63,-26.73
01605500,3,12.46104839,25.93,11.6,-8.6,-18.78,25.39,11.15,-8.6,-20.68
01605500,4,13.62474242,28.5,12.99,-2.24,-14.24,28.5,14.35,-2.24,-10.69
01605500,5,12.95346774,31.09,17.41,4.21,-4.11,31.09,17.41,4.03,-4.35
01605500,6,12.28551515,31.05,18.14,11.48,0.93,33.33,18.14,13.99,0.93
01605500,7,11.86187683,34.92,20.28,16.93,2.55,33.37,18.59,16.93,5.37
01605500,8,11.88529326,33.76,19.91,16.51,0.94,31.07,19.09,16.51,4.98
01605500,9,12.1537197,30.43,17.98,7.47,-3.32,30.43,18.12,10.99,-1.67
01605500,10,12.74510997,27.65,16.69,2.3,-8.28,29.55,16.75,2.15,-8.28
01605500,11,11.80465909,24.75,12.06,-4.29,-15.3,24.75,12.06,-8.38,-14.91
01605500,12,10.36313416,20.83,10.3,-17.97,-28,19.71,10.06,-11.48,-20.66
01606500,1,10.51668622,19.6,11.27,-16.73,-30.3,19.6,11.27,-14.36,-29.53
01606500,2,11.52693484,20.52,7.5,-13.34,-26.1,22.01,8.31,-15.36,-26.1
01606500,3,12.67625367,26.43,12.04,-8.24,-18.99,26.43,11.46,-8.24,-20.97
01606500,4,13.89963636,29.21,13.05,-1.84,-14.17,29.21,14.39,-1.84,-10.4
01606500,5,13.23436217,31.33,17.85,5.27,-4.01,31.33,17.85,4.62,-4.04
01606500,6,12.60039394,31.51,18.36,11.88,0.67,33.78,18.36,12.91,0.67
01606500,7,12.16561584,35.79,20.21,17.43,2,33.47,19.37,17.43,5.51
01606500,8,12.21340176,34.17,19.79,17.07,1.09,31.59,19.55,17.59,5.28
01606500,9,12.53178788,31.15,18.09,7.96,-3.18,31.15,18.41,11.24,-1.69
01606500,10,13.04046188,27.93,17.03,2.67,-8.81,29.88,17.34,1.79,-8.81
01606500,11,11.95859091,25.27,12.16,-3.73,-15.25,25.27,12.16,-7.59,-14.31
01606500,12,10.39016862,20.57,10.18,-18.28,-27.45,20.22,9.71,-11.27,-20.54
01608500,1,10.37263196,18.61,10.09,-15.59,-28.74,19.1,10.09,-14.09,-28.54
01608500,2,11.49746581,21.72,6.47,-12.64,-24.42,23.36,8.01,-13.73,-24.42
01608500,3,12.72682551,27.71,12.66,-6.93,-18.07,27.71,11.45,-6.93,-19.78
01608500,4,13.97499242,30.3,12.85,-0.01,-12.1,30.3,14.82,-0.01,-8.99
01608500,5,13.29632698,32.14,18.59,6.72,-2.99,32.14,18.59,6.11,-3.2
01608500,6,12.70787879,32.78,19.26,12.99,2.13,34.65,19.26,12.99,2.13
01608500,7,12.30232405,36.53,20.47,18.33,3.52,34.57,20.39,18.33,6.75
01608500,8,12.32360704,35.4,20.09,18.07,2.19,32.86,20.52,18.12,6.63
01608500,9,12.57845455,32.48,18.79,8.63,-1.63,32.48,19.2,11.04,-0.45
01608500,10,12.97758798,28.9,17.17,3.93,-7.65,30.61,18.33,2.51,-7.65
01608500,11,11.89802273,26.02,12.2,-2.54,-14.01,26.02,12.2,-6.2,-12.94
01608500,12,10.22574413,21.78,9.69,-17.21,-25.05,21.78,9.69,-10.23,-18.34
01610000,1,10.15791789,19.07,10.34,-15.16,-28.5,19.07,10.34,-14.7,-28.5
01610000,2,11.30292035,21.78,6.16,-12.14,-23.65,23.73,7.97,-12.75,-23.65
01610000,3,12.56307185,28.3,13.09,-6.42,-17.73,28.3,11.98,-6.42,-19.18
01610000,4,13.81625758,30.52,13.33,0.5,-10.94,30.52,14.87,0.5,-8.42
01610000,5,13.19458944,32.46,18.8,7.26,-2.67,32.46,18.8,6.44,-2.91
01610000,6,12.61202273,33.12,19.74,13.16,2.95,34.87,19.74,13.16,2.95
01610000,7,12.22407625,36.66,21.05,18.9,4.49,35,21.05,18.9,7.47
01610000,8,12.22565982,35.3,20.9,18.41,2.62,33.18,21.02,18.66,7.03
01610000,9,12.44004545,32.76,19.15,9.11,-0.84,32.76,19.59,11.55,0.3
01610000,10,12.76549853,29.14,17.02,3.99,-6.94,30.42,18.7,3.07,-6.94
01610000,11,11.66539394,25.84,12.13,-1.99,-13.32,25.84,12.13,-5.33,-12.26
01610000,12,9.973101173,22.27,10.22,-16.55,-24.3,22.27,10.22,-9.8,-17.23
01611500,1,10.5033651,20.68,10.94,-13.69,-27.09,20.68,10.94,-13.63,-27.09
01611500,2,11.71479485,24.16,6.78,-10.83,-22.66,26.01,8.1,-10.83,-22.66
01611500,3,13.00673021,29.64,13.99,-4.89,-16.33,29.64,12.98,-5.47,-18.59
01611500,4,14.32107576,32.26,14.05,2.09,-9.17,32.26,15.74,2.02,-7.09
01611500,5,13.69603372,34.33,19.79,8.9,-2.1,34.33,19.79,7.92,-2.1
01611500,6,13.25066667,34.98,20.44,12.61,3.22,36.54,20.44,12.61,3.4
01611500,7,12.98571848,38.56,22.32,18.42,5.62,36.33,22.32,18.42,7.92
01611500,8,12.96375367,37.48,21.78,18.84,2.81,35.55,21.78,17.93,7.46
01611500,9,13.14810606,34.8,20.1,8.95,-0.06,34.8,20.46,11.93,0.71
01611500,10,13.39249267,30.73,17.8,4.83,-6.39,31.84,19.55,3.05,-6.33
01611500,11,12.19992424,27.12,12.2,-1.18,-12.37,27.12,12.2,-3.91,-11.16
01611500,12,10.3661437,24.19,10.71,-14.79,-22.12,24.19,10.71,-8.46,-16.24
01613050,1,9.155227273,19.82,11.98,-16.47,-28.99,19.82,11.98,-16.47,-28.99
01613050,2,10.31973451,24.41,5.56,-11.2,-20.67,25.63,8.1,-11.2,-20.58
01613050,3,11.63473607,29.84,14.33,-6.8,-17.33,29.84,13.52,-6.8,-17.83
01613050,4,13.01629545,31.48,15.64,0.7,-9.35,31.48,15.64,1.44,-7.35
01613050,5,12.81609971,33.99,20.35,8.35,-2.12,33.99,20.35,5.63,-2.23
01613050,6,12.3827197,34.3,22.16,12.3,2.63,35.45,22.16,12.3,4.71
01613050,7,12.25678152,38.45,24.3,17.06,6.53,36.83,24.3,17.15,7.81
01613050,8,12.2438783,36.1,22.73,16.09,2.96,35.14,22.73,16.09,7.13
01613050,9,12.28892424,34.35,20.55,9.53,0.13,34.35,22,11.53,0.68
01613050,10,12.20031525,29.63,17.91,3.02,-7.07,31.63,19.7,3.02,-5.13
01613050,11,10.80493939,26.18,11.48,-3.3,-10.98,25.3,11.36,-2.99,-10.7
01613050,12,8.922056452,24.14,14.61,-13.39,-22.67,24.14,14.61,-9.2,-17.62
01620500,1,10.8083871,20.92,12.32,-15.66,-29.4,20.92,12.32,-12.04,-28.06
01620500,2,11.82591311,20.94,8.84,-11.05,-26.33,21.59,8.41,-14.46,-26.33
01620500,3,12.89759531,26.8,12.71,-7.39,-17.45,26.28,11.27,-7.39,-20.6
01620500,4,14.03977273,29.94,12.79,0.31,-12.3,29.94,14.56,0.31,-9.3
01620500,5,13.23778592,31.55,18.28,6.02,-3.15,31.82,18.37,7.47,-3.28
01620500,6,12.59238636,32.74,19.24,12.28,2.78,35.47,19.24,13.69,2.89
01620500,7,12.18949413,35.81,20.78,17.22,4.09,35.81,19.39,17.22,6.62
01620500,8,12.16535924,35.22,20.91,17.63,2.04,32.91,19.91,17.63,6.05
01620500,9,12.30316667,32.21,19.06,7.72,-2.3,32.21,19.06,11.3,0.29
01620500,10,12.97768328,28.97,17.58,4.31,-7.42,31.36,17.03,3.41,-7.42
01620500,11,12.30971212,25.62,12.56,-2.38,-13.68,25.62,12.56,-6.31,-13.4
01620500,12,10.81348974,20.91,10.71,-16.19,-26.26,20.96,10.56,-10.41,-18.59
01628500,1,11.01265396,22.18,12.12,-13.09,-26.25,22.18,12.12,-9.79,-25.21
01628500,2,12.11944489,23.25,8.66,-9.17,-24.47,23.91,8.85,-11.96,-24.47
01628500,3,13.25361437,28.58,14.21,-4.09,-16.39,28.58,11.41,-4.09,-18.54
01628500,4,14.30611364,31.1,13.76,3.27,-10.36,31.1,16.23,2.73,-7.13
01628500,5,13.41276393,32.91,19.42,9.4,-1.8,32.91,19.42,9.91,-1.8
01628500,6,12.8247803,33.73,19.9,14.73,4.4,36.06,20.18,14.73,4.4
01628500,7,12.42066716,36.47,20.91,18.17,5.39,35.91,20.89,18.17,8.35
01628500,8,12.36390029,36.51,20.66,18.6,3.66,34.66,20.89,17.88,7.72
01628500,9,12.56234848,33.8,19.78,8.95,-1.04,33.11,19.8,12.9,1.16
01628500,10,13.27927419,30.41,17.69,5.71,-6.85,32.81,18.74,4.11,-6.85
01628500,11,12.58359091,26.73,13.87,-0.24,-12.16,26.73,13.87,-2.98,-11.6
01628500,12,10.97188416,22.68,11.11,-13.52,-23.12,22.04,11.32,-7.5,-16.4
01631000,1,10.96964076,21.7,12.17,-12.38,-25.55,21.7,12.17,-10.62,-24.98
01631000,2,12.05966211,23.72,8.19,-9.48,-24.21,24.77,9.17,-10.79,-24.21
01631000,3,13.20989003,28.97,14.14,-3.51,-15.99,28.97,11.99,-3.51,-18.23
01631000,4,14.29756818,31.48,13.99,3.41,-10.08,31.48,16.74,3.02,-6.73
01631000,5,13.4189956,33.41,19.84,9.76,-1.49,33.41,19.84,9.88,-1.63
01631000,6,12.85729545,34.21,20.21,14.51,4.54,36.36,20.23,14.51,4.54
01631000,7,12.47816716,37.22,21.45,19.18,5.46,36.19,21.49,19.18,8.75
01631000,8,12.4298607,36.8,20.83,19.22,3.76,35.03,21.42,18.3,7.77
01631000,9,12.67472727,34.13,20.07,9.39,-0.56,33.51,20.11,13.51,1.13
01631000,10,13.31788123,30.67,17.98,5.71,-6.46,32.49,19.37,4.57,-6.46
01631000,11,12.54191667,26.92,14.05,0.57,-12.18,26.92,14.05,-2.42,-11.31
01631000,12,10.91747434,23.22,11.11,-13.26,-22.17,23.22,11.53,-7.39,-16.08
01632000,1,11.06134897,20.43,11.7,-13.49,-26.98,20.78,11.7,-11.27,-26.98
01632000,2,12.14352373,22.8,7.81,-10.49,-26.05,23.99,9.41,-12.76,-26.05
01632000,3,13.28728006,28.1,13.36,-5.46,-17.09,28.1,11.46,-5.46,-21.12
01632000,4,14.47157576,30.9,13.91,1.9,-11.5,30.9,15.56,2.16,-8.56
01632000,5,13.73806452,32.93,18.82,8.54,-2.64,32.93,18.82,7.96,-2.64
01632000,6,13.20891667,33.96,19.41,12.88,2.27,35.99,19.96,13.27,2.27
01632000,7,12.90403226,37.67,20.73,18.59,3.22,35.73,20.36,18.59,6.81
01632000,8,12.89392229,36.67,20.44,18.3,1.94,33.72,20.66,17.88,6.5
01632000,9,13.17428788,33.48,19.4,8.11,-1.91,33.48,19.4,12.05,-0.22
01632000,10,13.64937683,30.04,18.43,4.93,-8.14,31.88,18.06,3.44,-8.14
01632000,11,12.65081061,26.83,12.82,-1.43,-13.17,26.83,12.82,-4.47,-12.65
01632000,12,11.03340176,22.38,10.73,-14.91,-24.81,21.58,10.64,-8.84,-18.67
01632900,1,11.22437683,22.45,11.92,-11.82,-24.89,22.45,11.92,-9.92,-24.89
01632900,2,12.31635559,23.9,8.64,-9.16,-25,25.19,9.81,-10.61,-25
01632900,3,13.43859971,29.09,14.39,-3.67,-16.71,29.09,13.34,-3.67,-19.88
01632900,4,14.54761364,31.89,14.34,4.2,-9.74,31.89,16.52,3.43,-7.08
01632900,5,13.73346041,33.67,19.77,9.67,-1.89,33.67,19.77,10.26,-1.89
01632900,6,13.25431818,35.38,20.35,13.84,4.12,37.23,20.99,13.84,4.12
01632900,7,12.97099707,38.09,21.52,18.86,4.78,37.24,21.46,18.86,8.45
01632900,8,12.91004399,37.94,21.13,19.37,3.34,35.69,21.6,18.02,7.51
01632900,9,13.15194697,34.75,20.18,8.87,-0.76,34.75,20.31,12.27,1.15
01632900,10,13.6978739,31.38,18.9,5.04,-6.86,33.29,18.88,4.83,-6.86
01632900,11,12.83085606,27.57,13.94,0.16,-11.69,27.57,13.94,-2.26,-11.19
01632900,12,11.21082478,23.31,11.12,-12.41,-22.64,23.18,11.12,-6.78,-16.4
01634000,1,10.9796261,20.68,11.26,-13.13,-26.09,21.08,11.26,-11.33,-26.09
01634000,2,12.07004023,23.48,7.59,-10.31,-24.77,25.04,9.47,-11.07,-24.77
01634000,3,13.21821848,28.81,13.82,-4.32,-16.81,28.81,12.03,-4.42,-19.61
01634000,4,14.39283333,31.46,13.7,2.84,-10.26,31.46,16.15,2.71,-7.32
01634000,5,13.61881965,33.51,19.55,9.23,-1.71,33.51,19.55,9.23,-1.9
01634000,6,13.13371212,34.66,19.74,13.18,3.33,36.59,20.02,13.18,3.33
01634000,7,12.84725073,37.98,21.31,18.88,4.35,36.17,21.13,18.88,7.94
01634000,8,12.79743402,37.28,20.59,18.97,2.76,34.7,21.45,17.85,7.15
01634000,9,13.03640152,34.07,19.83,8.65,-0.8,34.07,19.99,11.86,0.66
01634000,10,13.49954545,30.67,18.25,4.95,-7.07,32.31,19.02,3.84,-7.07
01634000,11,12.55728788,27.07,13.13,-0.38,-12.51,27.07,13.13,-3.32,-11.66
01634000,12,10.91716642,23.11,10.38,-13.99,-22.89,23.11,10.38,-7.94,-17.03
01634500,1,10.84440616,21.36,11.54,-13.42,-26.34,21.36,11.54,-12.51,-26.34
01634500,2,11.96572003,24.74,7.98,-10.44,-23.45,26.42,9.5,-10.44,-23.45
01634500,3,13.12915689,29.6,14.45,-3.99,-17.07,29.6,13.53,-5.24,-18.46
01634500,4,14.35673485,32.25,14.57,2.88,-8.76,32.25,16.41,2.26,-6.66
01634500,5,13.62087977,34.88,20.41,9.32,-1.82,34.88,20.41,9.24,-1.82
01634500,6,13.18024242,35.5,20.88,12.37,3.27,37,20.88,12.37,3.54
01634500,7,12.97069648,39.29,23.09,17.47,5.58,36.43,23.09,17.47,8.42
01634500,8,12.93526393,38.18,21.51,18.47,2.85,35.84,22.23,17.88,7.5
01634500,9,13.14188636,35,20.24,8.77,0.11,35,20.58,11.56,0.74
01634500,10,13.48210411,31.43,17.91,4.91,-6.31,32.33,19.68,3.01,-6.03
01634500,11,12.4645303,27.38,12.8,-0.74,-12.2,27.38,12.8,-2.68,-10.91
01634500,12,10.74853739,24.89,10.47,-13.89,-21.3,24.89,10.47,-7.73,-16.38
01638480,1,9.96431085,22.45,15.1,-12.84,-24.59,22.45,15.1,-12.84,-24.59
01638480,2,11.0627675,26.31,9.47,-8.54,-20.99,27.21,11.08,-9.63,-20.99
01638480,3,12.34642962,31,16.96,-3.69,-15.99,31,15.27,-3.69,-16.05
01638480,4,13.43534091,33.59,17.11,4.33,-6.53,33.59,18.34,4.35,-5.81
01638480,5,12.85396628,35.22,22.1,10.93,-0.45,35.22,22.1,9.18,-0.45
01638480,6,12.45697727,36.72,22.9,14.12,4.27,37.13,22.9,14.12,5.24
01638480,7,12.25664956,39.98,24.69,19.3,8.05,37.76,24.69,19.3,9.93
01638480,8,12.18439883,38.81,23.24,19.71,5.2,37.37,23.86,19.4,8.89
01638480,9,12.3347197,36.37,21.96,10.66,1.76,35.72,21.96,13.39,2.51
01638480,10,12.54222141,32.3,19.63,3.57,-4.17,33.56,21.16,3.57,-3.44
01638480,11,11.61656818,27.74,14.94,0.59,-10.04,27.5,14.94,-0.55,-9.61
01638480,12,9.947118768,25.27,12.52,-12.52,-20.16,25.23,12.72,-7.12,-14.9
01639500,1,9.406891496,21.32,15.08,-15.91,-25.74,21.32,15.08,-15.91,-25.74
01639500,2,10.51160097,24.54,9.55,-9.58,-23.16,26.46,10.35,-9.58,-23.16
01639500,3,11.7686437,30.29,16.32,-4.84,-15.97,30.29,15.3,-5.11,-18.12
01639500,4,12.96004545,32.99,17,2.29,-8.81,32.99,19.19,2.29,-5.68
01639500,5,12.62921554,34.1,22.42,11,-0.49,34.1,22.42,8.66,-0.52
01639500,6,12.19079545,36.45,22.85,14.25,3.46,36.18,22.85,14.25,5.63
01639500,7,11.93340176,38.74,24.25,17.78,7.94,38.32,25.07,17.78,9.75
01639500,8,11.81510997,38.42,23.93,17.38,4.77,36.72,23.93,17.38,8.47
01639500,9,11.95046212,36.08,22.82,11.18,1.55,34.48,22.82,12.74,2.61
01639500,10,11.95150293,32.04,19.94,2.93,-4.43,32.93,21.11,2.93,-3.59
01639500,11,10.91781061,26.99,15.57,-0.98,-9.97,26.99,15.57,-0.98,-8.83
01639500,12,9.305912757,24.13,12.68,-12.19,-20.25,24.13,13.1,-7.79,-16.04
01643000,1,9.293130499,21.43,14.49,-15.45,-25.85,21.43,14.49,-15.45,-25.85
01643000,2,10.38671762,24.32,9.08,-9.45,-21.95,26.38,9.96,-9.73,-21.95
01643000,3,11.66247067,30.44,16.08,-4.47,-15.81,30.44,15.2,-4.82,-17.86
01643000,4,12.86255303,33.13,16.89,2.49,-8.6,33.13,18.28,2.49,-5.6
01643000,5,12.51201613,34.27,21.85,11.1,-0.49,34.27,21.85,8.27,-0.61
01643000,6,12.06457576,36.17,22.63,14.12,3.87,36.28,22.63,14.12,5.62
01643000,7,11.81417889,38.6,24,17.9,8.19,38.13,24.79,17.9,10.14
01643000,8,11.67213343,38.18,23.81,17.57,4.94,36.58,23.81,17.57,8.94
01643000,9,11.79922727,35.88,22.47,11.16,1.68,34.6,22.47,12.96,2.58
01643000,10,11.84151026,31.67,19.69,2.89,-4.37,32.82,21.01,2.89,-3.65
01643000,11,10.81415909,26.92,14.45,-0.56,-9.79,26.76,14.45,-1.06,-9.02
01643000,12,9.165810117,24.01,12.24,-12.73,-20.59,23.88,12.6,-8.17,-15.11
01644000,1,10.37518328,22.38,14.67,-12.2,-23.84,22.38,14.67,-12.2,-23.84
01644000,2,11.41627514,25.95,9.15,-8.9,-21.48,27.14,10.96,-9.1,-21.48
01644000,3,12.57043255,30.8,16.46,-3.11,-16.2,30.8,15.17,-2.91,-16.2
01644000,4,13.63890909,33.26,16.23,4.68,-6.86,33.26,18.3,4.51,-5.39
01644000,5,12.91744135,34.7,21.66,11.1,0,34.7,21.66,10.31,-0.11
01644000,6,12.49752273,36.49,22.32,14.19,4.37,37.52,22.32,14.19,5.55
01644000,7,12.27142962,39.7,24.35,19.28,7.32,37.88,24.35,19.28,9.93
01644000,8,12.21431085,38.68,23.12,19.55,5.06,37.23,24.01,19.24,8.94
01644000,9,12.41825758,36.38,21.59,10.06,1.8,35.66,21.72,12.92,2.28
01644000,10,12.7893695,32.54,19.02,4.29,-4.31,33.31,21.01,4.21,-3.85
01644000,11,11.93997727,27.89,15.09,1.45,-10.44,27.39,15.09,-0.31,-9.99
01644000,12,10.36313783,25.27,12.48,-11.7,-19.53,25.27,13.26,-6.67,-14.33
01649500,1,9.549054252,22.55,14.89,-13.01,-22.11,22.55,14.89,-13.01,-21.27
01649500,2,10.53346742,26.58,10.72,-7.72,-19.37,26.74,11.21,-8.56,-19.37
01649500,3,11.57067449,31.97,17.18,-2.49,-13.47,31.97,17.18,-2.39,-13.7
01649500,4,12.55965909,34.26,18.02,4.42,-5.72,34.26,19.65,4.42,-3.58
01649500,5,12.00085044,35.53,22.73,12.17,0.99,35.53,22.73,10.86,0.99
01649500,6,11.54131061,37.38,24.04,14.72,6.67,38.24,24.04,14.72,6.74
01649500,7,11.15502199,38.68,25.45,20.23,8.36,38.68,26.65,20.23,11.64
01649500,8,10.9680132,38.7,25.28,20.3,6.46,37.97,25.63,20.13,9.7
01649500,9,11.13953788,36.96,24.38,11.1,3.41,35.43,24.38,12.45,3.89
01649500,10,11.57195015,32.41,20.22,5.42,-3.56,33.85,22.29,4.82,-2.94
01649500,11,10.97387121,27.88,16.07,1.25,-8.95,27.3,16.07,0,-7.65
01649500,12,9.558500733,25.74,13.95,-11,-17.79,25.74,15.78,-6.17,-13.17
01658500,1,10.28031525,24.75,15.03,-11.78,-22.08,24.75,15.03,-11.78,-21.49
01658500,2,11.21781175,26.58,10.91,-8.61,-21.41,25.69,11.42,-8.61,-21.41
01658500,3,12.30470674,30.77,16.97,-3.08,-13.81,30.65,15.89,-1.59,-14.52
01658500,4,13.25820455,33.76,16.95,4.71,-5.76,33.12,20.51,4.71,-4.15
01658500,5,12.31005865,35.02,21.73,11.3,0,35.02,21.73,11.3,0.08
01658500,6,11.71890152,36.62,23.41,14.07,6.16,38.09,23.41,14.07,6.97
01658500,7,11.33347507,38.73,24.11,21.07,7.91,38.51,25.14,21.07,11.22
01658500,8,11.18597507,38.42,24.37,19.94,6.53,37.92,25,19.94,10.3
01658500,9,11.48675,37.04,22.33,10.39,2.59,35.18,23.14,13.32,3.41
01658500,10,12.14461144,32.28,19.77,4.99,-3.31,33.66,21.95,4.99,-3.31
01658500,11,11.73992424,27.61,17.08,1.88,-9.6,27.2,17.08,0.32,-8.56
01658500,12,10.28100073,25.95,14.22,-10.38,-18.18,25.95,15.87,-5.92,-15.02
01663500,1,10.97130499,23.45,13.84,-10.06,-23.16,23.45,13.84,-10.06,-23.16
01663500,2,11.96127112,24.22,9.09,-8.78,-23.76,26.46,10.68,-8.78,-23.76
01663500,3,13.02422287,30.13,15.63,-3.29,-16.09,30.13,14.09,-3.29,-17.48
01663500,4,14.05022727,32.76,16.37,4.52,-8.25,32.76,18.45,4.12,-5.6
01663500,5,13.15433284,34.39,20.79,9.99,-0.48,34.39,20.79,11.31,-1.26
01663500,6,12.70184848,36.07,21.78,14.14,5.02,37.68,21.78,14.14,5.99
01663500,7,12.41568182,38.43,22.98,19.02,6.24,37.67,22.84,19.02,9.36
01663500,8,12.28985337,38.28,22.48,18.87,4.54,36.93,22.96,18.42,8.33
01663500,9,12.53471212,35.75,20.96,9.4,0.98,34.62,21.25,13.24,2.22
01663500,10,13.14670088,32.26,18.58,4.8,-5.06,33.26,20.84,4.23,-5.06
01663500,11,12.41170455,27.47,15.32,0.43,-11.03,27.35,15.32,-0.57,-10.82
01663500,12,10.91803886,24.93,12.53,-10.93,-19.74,24.93,13.48,-5.95,-14.57
01664000,1,10.86602639,23.06,14.07,-10.56,-23.07,23.06,14.07,-10.56,-23.07
01664000,2,11.86209171,24.97,9.05,-8.71,-23.23,26.64,10.81,-8.71,-23.23
01664000,3,12.94694282,30.35,15.87,-2.86,-15.87,30.35,14.4,-2.65,-17.08
01664000,4,13.98333333,32.96,16.21,4.62,-7.79,32.96,18.62,4.51,-5.27
01664000,5,13.11235337,34.49,21.06,10.36,-0.17,34.49,21.06,11.6,-0.85
01664000,6,12.65064394,36.28,22.09,14.27,5.07,37.79,22.09,14.27,6.11
01664000,7,12.36094575,38.83,23.19,19.39,6.62,37.57,23.24,19.39,9.61
01664000,8,12.2625,38.54,22.64,19.21,4.86,37.33,23.34,18.94,8.62
01664000,9,12.52090909,36.12,21.24,9.63,1.17,34.98,21.5,13.4,2.41
01664000,10,13.10290323,32.28,18.73,4.77,-4.64,33.36,20.94,4.47,-4.64
01664000,11,12.35422727,27.68,15.45,0.88,-10.73,27.33,15.45,-0.37,-10.49
01664000,12,10.83349707,24.99,12.72,-10.92,-19.39,24.99,13.65,-6.08,-14.3
01666500,1,11.03228006,24.71,13.85,-9.99,-22.56,24.71,13.85,-9.68,-22.41
01666500,2,12.03071601,24.83,9.69,-8.52,-24.41,26.26,10.56,-8.52,-24.41
01666500,3,13.10266862,30.21,15.68,-3.01,-15.49,30.21,13.94,-3.1,-17.48
01666500,4,14.08326515,32.92,16.25,4.52,-8.4,32.92,18.59,4.35,-5.96
01666500,5,13.10901026,34.39,20.92,9.95,-0.51,34.39,20.92,11.36,-1.18
01666500,6,12.63953788,35.97,21.89,13.83,5.42,37.87,21.89,13.83,5.67
01666500,7,12.33128299,37.98,22.67,18.92,6.41,37.91,22.8,18.92,9.37
01666500,8,12.19543255,37.92,22.55,18.84,4.79,36.99,22.84,18.49,8.52
01666500,9,12.43818182,35.78,20.92,9.57,0.98,34.65,21.22,13.46,2.42
01666500,10,13.12442082,32.44,18.69,4.92,-5.23,33.64,20.83,4.65,-5.23
01666500,11,12.46829545,27.36,15.55,0.31,-10.81,27.36,15.55,-0.35,-10.76
01666500,12,10.9781305,24.99,12.63,-10.75,-19.84,24.99,13.86,-5.75,-14.78
01667500,1,11.08089443,25.2,14.1,-9.58,-22.41,25.2,14.1,-9.57,-21.78
01667500,2,12.10160901,25.2,10.39,-7.99,-24.14,26.28,10.7,-7.99,-24.14
01667500,3,13.20192082,30.48,15.88,-2.18,-14.89,30.48,13.71,-2.39,-17.08
01667500,4,14.16150758,33.31,16.22,4.71,-8.17,33.31,18.9,4.71,-5.49
01667500,5,13.13524927,34.49,21.18,10.2,-0.32,34.49,21.18,11.46,-0.9
01667500,6,12.62056061,36.09,22.26,14.26,5.67,37.79,22.26,14.26,5.71
01667500,7,12.27706012,37.97,22.79,19.4,7.01,38.01,23.19,19.4,9.49
01667500,8,12.16131965,37.88,22.72,19.42,5.3,37.29,22.92,19.07,8.85
01667500,9,12.4302803,36.23,21.09,10.16,1.05,34.85,21.38,14.07,2.63
01667500,10,13.16711144,32.56,18.85,5.09,-4.99,33.91,20.87,5.09,-4.99
01667500,11,12.56636364,27.55,15.9,0.79,-10.45,27.54,15.9,0.29,-10.46
01667500,12,11.04854839,25.23,12.85,-10.29,-19.32,25.23,14.3,-5.38,-14.63
01668000,1,10.87642229,24.22,14.29,-10.46,-22.26,24.22,14.29,-10.46,-22.03
01668000,2,11.893572,25.65,9.9,-8.23,-23.07,26.2,11.23,-8.23,-23.07
01668000,3,13.00827713,30.64,16.22,-2.46,-14.79,30.64,14.58,-1.56,-16.37
01668000,4,13.99944697,33.39,16.29,4.81,-7.34,33.39,19.17,4.81,-4.82
01668000,5,13.03164956,34.56,21.34,10.65,0.2,34.56,21.34,11.95,-0.58
01668000,6,12.49336364,36.35,22.46,14.33,5.81,37.77,22.46,14.33,6.29
01668000,7,12.1472654,38.49,23.32,19.92,7.27,37.87,23.54,19.92,9.83
01668000,8,12.03264663,38.11,23,19.71,5.52,37.46,23.59,19.71,9.25
01668000,9,12.31125758,36.48,21.48,10.27,1.55,35,21.86,13.82,2.87
01668000,10,12.98264663,32.45,19.13,5.15,-4.55,33.76,21.15,5.15,-4.55
01668000,11,12.40801515,27.54,16.01,1.33,-9.98,27.32,16.01,0.46,-9.93
01668000,12,10.87405425,25.29,13.09,-10.59,-18.71,25.29,14.47,-5.54,-14.55
01669000,1,10.71148094,27.13,14.09,-9.25,-21.24,27.13,14.09,-9.25,-19.16
01669000,2,11.65800483,26.83,12.96,-6.27,-20.29,26.18,14.96,-6.27,-20.29
01669000,3,12.73333578,31.65,18.07,-1.6,-12.37,31.65,18.07,-1.4,-12.37
01669000,4,13.59582576,34.63,18.91,6.1,-4.29,34.63,21.3,6.1,-4.12
01669000,5,12.49066716,35.99,23.11,12.07,1.26,35.99,23.11,12.5,0.12
01669000,6,11.8567803,37.68,24.96,15.85,5.24,38.69,24.96,15.85,6.28
01669000,7,11.42379765,39.01,25.39,22.22,9.83,39.27,25.39,22.22,10.06
01669000,8,11.20217009,38.84,25.04,20.74,7.54,38.15,25.52,21.43,10.57
01669000,9,11.52978788,37.81,23.72,12.79,3.23,35.74,23.72,14.36,5.11
01669000,10,12.27695015,34.07,21.46,8.07,-3,35.79,22.87,8.07,-3
01669000,11,12.10475758,28.51,17.88,1.76,-9.29,28.51,17.91,3.02,-8.08
01669000,12,10.82210044,27.36,14.9,-9.51,-17.24,27.36,17.89,-2.99,-14.41
01669520,1,10.6730132,26.89,14.22,-9.32,-21.06,26.89,14.22,-8.74,-18.67
01669520,2,11.59406275,26.65,14.03,-5.88,-18.93,26.36,14.86,-5.88,-18.93
01669520,3,12.60945748,31.25,18.94,-1.52,-12,31.25,18.94,-1.52,-12
01669520,4,13.41789394,34.62,19.29,6.35,-3.75,34.62,21.79,6.35,-3.69
01669520,5,12.3303739,36.22,23.35,12.53,2.14,36.22,23.35,12.53,0.36
01669520,6,11.69809848,37.76,24.77,16.47,5.62,38.79,24.77,16.47,6.61
01669520,7,11.2586217,39.56,25.66,22.35,10.4,39.56,25.78,22.35,10.52
01669520,8,11.02410557,38.7,25.31,21.09,7.99,38.26,25.72,21.77,11.13
01669520,9,11.33174242,37.79,23.88,13.38,3.58,35.65,23.88,15.34,5.76
01669520,10,12.11420821,34.06,21.61,9.06,-2.54,36.14,23.08,8.88,-2.47
01669520,11,12.00206061,28.91,18.18,1.76,-8.54,28.91,18.52,3.3,-7.5
01669520,12,10.81677786,27.17,14.94,-9.25,-16.83,27.17,18.17,-2.45,-13.87
01672500,1,11.39777859,26.61,15.37,-9.33,-21.84,26.61,15.37,-9.33,-19.83
01672500,2,12.46949316,26.66,11.92,-6.74,-23.41,26.17,12.62,-6.74,-23.41
01672500,3,13.62641496,31.27,16.95,-1.35,-14.07,31.27,16.01,-0.24,-15.29
01672500,4,14.52831818,34.72,17.09,5.44,-7.3,34.72,20.27,5.44,-4.53
01672500,5,13.2977346,34.99,21.84,10.7,0.43,34.99,21.84,11.66,-0.69
01672500,6,12.60504545,36.63,23.31,15.97,5.68,38.12,23.31,15.97,5.68
01672500,7,12.16013196,38.23,23.9,20.64,8.77,38.57,24,20.64,9.5
01672500,8,12.01752199,38.76,23.41,20.08,6.45,38.11,23.65,20.53,9.6
01672500,9,12.38234091,37.74,21.86,11.87,2.05,35.7,22.49,15.42,3.71
01672500,10,13.30675953,33.56,19.99,6.13,-4.06,34.83,21.74,6.13,-4.06
01672500,11,13.03660606,28.02,17.21,1.96,-9.18,28.02,17.21,2.74,-9.88
01672500,12,11.4777346,26.79,14.17,-8.85,-17.77,26.79,16.68,-3.68,-14.66
01674500,1,10.97299853,27.12,14.99,-9.91,-21.3,27.12,14.99,-9.91,-19.85
01674500,2,11.95554304,26.9,12.09,-7.09,-22.7,25.89,13.48,-7.09,-22.7
01674500,3,13.08267595,31.57,17.31,-1.43,-12.65,31.57,16.43,-0.13,-14.3
01674500,4,13.99840152,34.54,17.74,5.67,-5.96,34.54,20.91,5.67,-4.21
01674500,5,12.87418622,35.49,22.21,11.37,0.43,35.49,22.21,11.95,-0.27
01674500,6,12.20784848,37,24.13,15.03,5.5,38.14,24.13,15.03,6.32
01674500,7,11.76660557,38.37,24.26,21.39,8.77,38.79,24.78,21.39,9.98
01674500,8,11.58490469,38.89,24.13,20.48,6.82,38.27,24.63,20.73,10.58
01674500,9,11.93372727,37.71,22.38,11.64,2.48,35.59,23.34,14.46,4.1
01674500,10,12.76294721,33.63,20.36,6.13,-3.75,34.77,22.3,6.13,-3.75
01674500,11,12.50425758,27.66,17.73,2.42,-9.66,27.66,17.73,2.87,-9.11
01674500,12,11.042489,27.06,14.77,-9.47,-17.62,27.06,16.87,-3.78,-14.86
02011400,1,10.69742669,20.42,11.5,-17.14,-30.7,20.42,11.5,-13.09,-28.96
02011400,2,11.74147224,21.21,7.59,-10.82,-25.8,21.46,8.38,-15.61,-25.8
02011400,3,12.91553519,27.61,12.24,-6.8,-17.96,26.81,11.27,-6.8,-18.95
02011400,4,14.13738636,29.56,13.89,-1.54,-12.92,29.56,14.53,-1.54,-8.69
02011400,5,13.37164956,31.73,17.45,5.05,-3.41,31.73,17.69,5.92,-3.65
02011400,6,12.61185606,31.99,18.47,14.74,2.29,34.27,18.47,14.96,2.29
02011400,7,12.03795455,34.91,19.66,16.72,3.36,34.36,19.23,16.72,6.57
02011400,8,11.98951613,34.75,19.5,16.3,2.2,32.67,19.85,16.3,5.85
02011400,9,12.23459848,31.94,18.41,9.01,-2.33,31.12,18.86,11.14,-0.54
02011400,10,13.04829912,28.18,16.26,2.55,-7.58,30.87,17.48,2.41,-7.58
02011400,11,12.25892424,25.31,11.84,-3.42,-14.37,25.31,12.13,-6.76,-13.29
02011400,12,10.57916056,22.17,9.46,-16.17,-27.18,20.8,10.57,-9.91,-18.92
02011460,1,10.60145894,19.41,11.38,-18.46,-31.65,19.41,11.38,-14.22,-30.02
02011460,2,11.5825181,20.29,7.04,-11.46,-26.21,20.99,8.38,-16.51,-26.21
02011460,3,12.71244868,27.08,11.52,-7.7,-18.46,26.49,11.1,-7.7,-19.78
02011460,4,13.93449242,28.85,13.59,-2.69,-13.74,28.85,14.17,-2.69,-9.5
02011460,5,13.19432551,31.37,17.13,3.82,-3.76,31.37,17.29,4.64,-4.34
02011460,6,12.42036364,31.41,17.96,13.89,1.7,33.64,17.96,14.69,1.7
02011460,7,11.8426393,34.57,19.51,16.43,2.76,33.66,18.9,16.43,5.96
02011460,8,11.79969941,34.08,19.09,15.79,1.69,31.66,19.35,15.79,5.35
02011460,9,12.07577273,31.21,17.97,8.68,-2.76,30.57,18.43,11.12,-0.79
02011460,10,12.87890762,27.41,15.81,1.51,-7.87,30.08,17.03,1.51,-7.87
02011460,11,12.07143939,24.74,11.53,-4.45,-15.05,24.74,11.58,-7.91,-14.09
02011460,12,10.45546188,21.66,9.24,-17.23,-27.99,20.26,10.28,-11.01,-19.57
02013000,1,10.59466276,22.49,11.98,-13.43,-29.4,22.49,11.98,-11.66,-26.81
02013000,2,11.78663717,22.64,8.01,-11.78,-23.71,24.73,9.83,-14.23,-23.71
02013000,3,13.17395894,27.92,14,-6.79,-17.53,28.65,12.51,-6.79,-17.53
02013000,4,14.44253788,30.69,14.71,-0.35,-11.16,30.55,14.98,-0.35,-7.28
02013000,5,13.661261,32.71,17.6,8.13,-2.75,32.71,18.28,7.55,-2.75
02013000,6,12.80887121,32.78,19.9,13.97,2.32,35.56,19.9,13.97,2.47
02013000,7,12.29871701,35.31,20.22,16.24,4.28,35.16,20.64,16.24,7.85
02013000,8,12.25447214,35.57,20.55,17.21,2.96,35.27,21.14,17.21,6.22
02013000,9,12.54611364,33.07,19.09,10.49,-1.83,32.92,19.6,11.42,-0.65
02013000,10,13.39321848,29.77,17.27,2.78,-7.72,32.55,18.48,2.09,-7.72
02013000,11,12.59812879,26.44,12.23,-2.42,-13.05,26.44,13.39,-5.3,-12.14
02013000,12,10.57173021,23.02,10.42,-13.81,-25.69,23.02,11.45,-8.59,-19.01
02014000,1,10.60821848,22.97,12.01,-13.41,-28.74,22.97,12.01,-11.1,-25.73
02014000,2,11.77320193,22.8,8.27,-11.71,-23.29,25.06,10.15,-13.8,-23.29
02014000,3,13.12054252,27.78,14.43,-6.68,-17.02,28.55,12.52,-6.68,-17.02
02014000,4,14.31864394,30.75,15.16,0.19,-10.56,30.44,15.55,0.19,-6.91
02014000,5,13.55745601,32.73,17.92,8.58,-2.59,32.73,18.34,8.5,-2.59
02014000,6,12.72718939,32.9,20.11,14.17,2.46,35.59,20.11,14.17,2.84
02014000,7,12.24432551,35.32,20.58,15.93,4.83,35.03,20.74,15.93,8.16
02014000,8,12.2106085,35.75,20.81,17.27,3.25,35.6,21.25,17.27,6.11
02014000,9,12.50690152,33.1,19.19,10.09,-1.75,33.17,19.68,11.89,-0.38
02014000,10,13.36480938,30.22,17.46,2.92,-7.26,32.86,18.47,2.31,-7.26
02014000,11,12.64265909,26.57,12.81,-1.83,-12.67,26.57,13.86,-4.64,-11.79
02014000,12,10.61978372,23.42,10.92,-13.36,-24.77,23.42,11.63,-8.39,-18.32
02015700,1,10.67129032,19.75,11.68,-17.12,-30.53,19.75,11.68,-13.34,-28.9
02015700,2,11.65411907,20.86,8.01,-10.84,-26.26,21.02,8.06,-15.8,-26.26
02015700,3,12.7119868,27.14,12.35,-7.26,-17.82,25.89,11.02,-7.26,-19.72
02015700,4,13.8550303,29.32,13.3,-1.21,-13.01,29.32,14.6,-1.21,-9.16
02015700,5,13.11613636,31.5,17.7,5.06,-3.52,31.5,17.71,5.79,-3.68
02015700,6,12.43126515,31.8,18.47,13.47,2.38,34.05,18.47,15.23,2.38
02015700,7,11.9301173,34.69,20.29,16.94,3.53,34.18,19.06,16.94,6.23
02015700,8,11.92019062,34.63,19.65,16.4,1.9,31.89,19.49,16.4,5.69
02015700,9,12.14622727,31.47,18.6,8.27,-2.53,31.05,18.65,10.79,-0.31
02015700,10,12.87234604,28.27,16.68,2.91,-7.47,30.62,17.14,2.53,-7.47
02015700,11,12.09309848,25.33,12.28,-3.4,-14.41,25.33,12.28,-6.75,-13.84
02015700,12,10.58846774,21.61,10.08,-16.3,-27.04,20.47,10.34,-10.06,-19.08
02016000,1,10.82677419,21.62,11.65,-14.92,-29.04,21.62,11.65,-11.44,-27.22
02016000,2,11.93551891,22.33,8.51,-9.98,-25.08,22.36,8.54,-13.94,-25.08
02016000,3,13.12764663,28.18,13.22,-5.55,-17.28,26.89,11.59,-5.55,-17.98
02016000,4,14.29682576,30.44,14.09,0.48,-11.65,30.44,15.25,0.48,-7.6
02016000,5,13.46509531,32.32,18.22,6.95,-2.63,32.32,18.4,8.01,-2.63
02016000,6,12.73993939,32.48,19.24,15.26,3.36,35.19,19.24,15.74,3.36
02016000,7,12.19673754,35.43,20.2,17.39,4.58,35.07,19.85,17.39,7.52
02016000,8,12.15239003,35.54,19.94,17.26,2.97,33.65,20.44,17.26,6.68
02016000,9,12.36429545,32.78,19.23,9.11,-1.68,31.87,19.44,11.71,0.27
02016000,10,13.20065249,29.3,16.89,4.33,-7.06,31.96,18.1,3.13,-7.06
02016000,11,12.48533333,26.06,12.77,-1.6,-13.36,26.06,13.16,-5.12,-12.29
02016000,12,10.7581415,22.51,10.23,-14.75,-25.46,21.44,10.89,-8.59,-17.8
02017500,1,10.54959677,22.62,11.9,-14.18,-28.98,22.62,11.9,-11.44,-25.53
02017500,2,11.65265487,22.31,8.41,-12.34,-23.25,24.79,10.7,-14.28,-23.25
02017500,3,12.94204545,27.42,14.44,-7.37,-16.76,28.37,12.11,-7.37,-16.76
02017500,4,14.07412121,30.2,15.19,-0.23,-10.72,30.14,15.61,-0.23,-7.2
02017500,5,13.36406891,32.46,17.8,7.98,-3.01,32.46,18.07,8.59,-3.01
02017500,6,12.54341667,32.53,19.99,13.93,2.18,34.99,19.99,13.93,2.71
02017500,7,12.08218475,34.9,20.76,15.36,4.77,34.51,20.76,15.36,7.87
02017500,8,12.06674487,35.44,20.77,16.93,3.02,35.29,20.98,16.93,5.6
02017500,9,12.38812879,32.66,18.95,9.62,-2.15,32.94,19.4,11.32,-0.6
02017500,10,13.23903226,29.9,17.34,2.59,-7.22,32.55,18.16,1.79,-7.22
02017500,11,12.56426515,26.25,13.22,-2.03,-12.85,26.25,13.86,-4.87,-12.07
02017500,12,10.58937683,23.53,11.28,-13.76,-24.62,23.53,11.59,-8.76,-18.65
02018000,1,10.65825513,23.26,12.09,-13.18,-28.16,23.26,12.09,-10.58,-25.12
02018000,2,11.81941271,23.02,8.54,-11.26,-23.11,25.26,10.2,-13.3,-23.11
02018000,3,13.14032258,27.93,14.33,-5.88,-16.75,28.46,12.51,-5.88,-16.75
02018000,4,14.30774242,30.88,15.39,0.84,-10.06,30.54,15.93,0.84,-6.55
02018000,5,13.53728739,32.77,18.07,8.99,-2.31,32.77,18.48,9.1,-2.21
02018000,6,12.72328788,33.12,20.2,14.45,2.74,35.84,20.2,14.45,3.25
02018000,7,12.23228739,35.5,20.78,16.08,5.29,35.28,21.03,16.08,8.39
02018000,8,12.19285924,36.06,21,17.27,3.59,35.86,21.34,17.27,6.28
02018000,9,12.47686364,33.34,19.38,9.94,-1.53,33.32,19.85,12.36,0.05
02018000,10,13.37041789,30.56,17.52,3.48,-6.89,33.16,18.55,2.85,-6.89
02018000,11,12.69565152,26.57,13.31,-1.3,-12.47,26.57,14.14,-4.15,-11.34
02018000,12,10.6811217,23.48,11.09,-12.83,-24.07,23.48,11.73,-8.11,-17.79
02027000,1,11.22197214,23.74,12.25,-12.37,-24.91,23.74,12.25,-9.1,-23.18
02027000,2,12.43394208,25.79,10.8,-6.5,-23.08,25.79,8.66,-9.93,-23.08
02027000,3,13.6552566,30.36,14.73,-2.01,-16.59,30.23,11.87,-2.53,-16.59
02027000,4,14.64883333,33.35,14.34,4.34,-8.15,33.35,17.52,3.4,-5.64
02027000,5,13.53852639,33.66,20.75,9.45,-0.45,33.66,20.75,9.98,-0.89
02027000,6,12.84331061,34.67,21.16,16.1,5.02,36.63,21.16,15.33,5.02
02027000,7,12.31601173,36.79,22.05,16.59,8.3,36.82,22.05,16.59,9.48
02027000,8,12.21115836,37.03,21.95,19.29,4.96,36.01,21.95,17.47,8.16
02027000,9,12.35391667,35.89,20.79,9.51,0.48,34.04,20.79,14.12,1.99
02027000,10,13.3583651,31.18,18.58,6.69,-5.3,33.91,19.84,4.26,-5.3
02027000,11,13.00040909,27.5,15.06,1.67,-11.34,27.25,15.61,-2.43,-10.62
02027000,12,11.19505865,24.6,12.4,-12.73,-20.71,24.6,13.79,-7.26,-15.21
02027500,1,11.22501466,23.62,12.08,-12.83,-25.03,23.62,12.08,-9.17,-23.3
02027500,2,12.44246179,25.87,10.71,-6.4,-23.19,25.87,8.6,-9.84,-23.19
02027500,3,13.67564516,30.55,14.64,-1.85,-16.67,29.88,11.87,-2.46,-16.67
02027500,4,14.68046212,33.37,14.58,4.2,-8.09,33.37,17.59,3.45,-5.71
02027500,5,13.5748607,33.71,20.73,9.37,-0.47,33.71,20.73,9.97,-0.95
02027500,6,12.86822727,34.61,21.11,15.92,4.83,36.66,21.11,15.27,4.83
02027500,7,12.32497067,36.79,21.95,16.33,8.42,36.79,21.95,16.33,9.42
02027500,8,12.21152493,37.08,21.97,19.12,4.92,35.89,21.97,17.47,8.04
02027500,9,12.361,35.99,20.78,9.65,0.6,34.12,20.78,14.18,1.94
02027500,10,13.39434751,31.12,18.53,6.65,-5.1,33.92,19.87,4.2,-5.1
02027500,11,13.02428788,27.55,15.11,1.03,-11.44,27.09,15.76,-2.63,-10.65
02027500,12,11.20403592,24.54,12.49,-12.88,-20.8,24.54,13.85,-7.32,-15.74
02028500,1,11.15303519,24,13.29,-10.69,-24.19,24,13.29,-8.23,-22.31
02028500,2,12.32332261,25.42,11.02,-7.01,-22.14,25.42,9.45,-9.95,-22.14
02028500,3,13.49195748,30.64,15.51,-2.04,-15.51,30.64,12.34,-2.48,-15.83
02028500,4,14.39772727,33.29,14.9,4.78,-8.27,33.29,17.59,3.51,-5.06
02028500,5,13.2746261,33.83,20.79,9.94,-0.24,33.83,20.79,10.24,-0.36
02028500,6,12.64941667,34.76,21.31,15.82,5.63,36.74,21.31,15.82,5.63
02028500,7,12.1959824,37.17,22.65,17.67,7.99,37.48,22.65,17.67,9.81
02028500,8,12.10321114,37.21,22.01,19.21,5.37,36.47,22.01,17.82,9.08
02028500,9,12.2655,35.69,20.69,9.89,0.41,34.14,20.88,13.81,2.63
02028500,10,13.17830645,32.13,19.06,6.76,-5.62,34.22,20.04,5.27,-5.62
02028500,11,12.77781061,27.56,15.39,2.04,-10.6,27.56,15.39,-0.75,-10.23
02028500,12,11.10579179,25.43,12.14,-11.61,-20.21,25.43,13.73,-5.96,-14.44
02030500,1,11.74508065,25.26,15.3,-8.67,-22.61,25.26,15.3,-6.41,-20.41
02030500,2,12.93298471,26.42,12.18,-5.54,-22.02,26.63,12.52,-6.79,-22.02
02030500,3,14.0705132,31.02,16.56,-0.77,-15.07,30.52,15.01,-1.25,-15.07
02030500,4,14.90515909,34.32,16.54,5.53,-7.73,34.06,19.37,5.53,-4.89
02030500,5,13.6031085,34.33,21.08,10.76,0.4,34.33,21.25,12.02,-0.58
02030500,6,12.8717197,36.03,22.5,17.82,5.43,38.48,22.73,16.64,5.43
02030500,7,12.37741935,38.1,23.37,20.37,9.52,39.74,23.55,20.37,9.52
02030500,8,12.23428886,38.94,23.1,19.58,6.76,37.62,23.1,20.1,9.82
02030500,9,12.56668939,37.24,21.4,12.29,1.73,35.36,21.64,15.97,3.42
02030500,10,13.7235044,33.29,20.2,8.18,-4.42,35.89,21.51,8.18,-4.42
02030500,11,13.50294697,28.13,16.68,2.33,-9.34,28.13,16.68,2.02,-9.83
02030500,12,11.79607771,26.13,13.42,-8.74,-18.21,26.13,16.3,-3.92,-14.56
02038850,1,11.67509531,25.38,15.01,-9.26,-22.65,25.38,15.01,-7.13,-20.8
02038850,2,12.85888978,26.14,11.91,-5.52,-21.5,26.63,12.32,-7.44,-21.5
02038850,3,13.97647361,30.9,16.2,-1.06,-15.05,30.3,14.7,-1.38,-15.05
02038850,4,14.81112121,33.83,15.75,5.5,-7.53,33.83,19.24,5.5,-5.03
02038850,5,13.51219941,33.99,20.78,11,0.68,33.99,21.17,12.12,-0.58
02038850,6,12.743,35.75,22.02,17.54,5.48,38.15,22.14,16.34,5.48
02038850,7,12.22706012,37.94,23.31,19.89,9.62,39.35,23.52,19.89,9.62
02038850,8,12.05736804,38.64,22.93,19.58,6.85,37.72,22.93,19.93,9.71
02038850,9,12.38680303,37.02,21.41,11.45,1.96,35.29,21.54,15.79,3.63
02038850,10,13.62426686,33.49,19.84,8.42,-4.37,35.98,21.59,7.88,-4.37
02038850,11,13.43565152,27.82,16.75,2.73,-9.16,27.82,16.75,1.5,-9.67
02038850,12,11.71398827,25.96,13.58,-9.21,-18.56,25.96,16.57,-3.7,-14.45
02046000,1,12.01021994,26.96,15.34,-9.13,-22.67,26.96,15.34,-8.17,-21.2
02046000,2,13.12652454,26.46,12.24,-6.16,-19.26,26.62,11.79,-6.16,-19.26
02046000,3,14.05953812,31.37,16.64,-1.53,-13.14,30.58,16.64,-0.71,-13.14
02046000,4,14.86715152,34.44,17.26,6.38,-7.68,34.44,20.37,6.38,-3.79
02046000,5,13.57851906,36.26,21.59,11.36,0.91,36.26,21.59,11.36,-0.14
02046000,6,12.73748485,37.44,23.22,17.17,4.96,39.17,23.22,17.17,7.03
02046000,7,12.18263196,39.46,25.65,21.27,8.91,39.46,25.65,21.27,10.53
02046000,8,12.0356085,39.2,24.04,20.96,7.03,38.64,24.23,20.96,10.56
02046000,9,12.47160606,38.33,22.63,12.22,2.48,36.36,22.99,15.13,4.8
02046000,10,13.63980938,33.66,20.64,7.47,-3.9,35.96,22.73,7.47,-3.39
02046000,11,13.70373485,28.21,17.51,2.02,-8.86,28.21,17.51,3.73,-8.86
02046000,12,12.14970674,26.97,14.61,-8.94,-16.65,26.97,18.26,-2.8,-12.08
02051000,1,12.00153959,25.55,15.35,-9.27,-22.6,25.55,15.35,-7.64,-19.76
02051000,2,13.13384553,25.56,11.24,-5.1,-19.77,26.21,13.5,-5.54,-19.77
02051000,3,14.09808651,30.7,16.19,-0.97,-13.74,29.94,15.41,-0.02,-13.74
02051000,4,14.88026515,33.98,16.48,5.57,-7.89,33.83,20.37,5.57,-4.41
02051000,5,13.52960411,35.16,21.53,12.33,0.77,35.16,21.57,12.33,-0.56
02051000,6,12.72499242,36.47,22.45,17.04,5.54,38.48,23.05,16.59,6
02051000,7,12.1814956,38.38,24.64,20.2,8.76,39.31,24.64,20.2,10.2
02051000,8,12.05156158,38.65,23.52,20.4,6.83,38.65,23.74,20.4,9.98
02051000,9,12.47331818,37.34,22.21,11.66,2.25,35.5,22.34,15.95,3.54
02051000,10,13.76104106,33.62,19.78,7.6,-4.04,36.47,22.34,7.6,-4.04
02051000,11,13.69387121,27.29,16.83,2.66,-8.54,27.29,18.2,3.64,-8.64
02051000,12,12.08081378,26.38,14,-7.99,-17.66,26.38,18.11,-2.08,-14.01
02051500,1,12.09582111,26.18,15.02,-8.76,-22.21,26.18,15.02,-6.38,-19.13
02051500,2,13.21369268,25.93,11.21,-5.34,-18.83,25.83,13.46,-5.34,-18.83
02051500,3,14.13863636,30.97,16.6,-0.76,-12.44,30.02,15.69,0.04,-12.44
02051500,4,14.91270455,34.12,16.4,5.93,-7.52,33.92,20.45,5.93,-3.61
02051500,5,13.58613636,35.86,21.93,11.72,1.1,35.86,21.93,11.72,0
02051500,6,12.75816667,36.8,22.96,16.91,5.7,38.5,22.98,16.91,6.55
02051500,7,12.17445748,38.6,25.26,20.73,9.15,39.02,25.26,20.73,11.24
02051500,8,12.07061584,39.12,23.71,20.88,6.94,39.12,24.15,20.88,10.55
02051500,9,12.49281818,37.71,22.42,11.99,2.59,35.82,22.82,15.92,4.36
02051500,10,13.77233138,33.68,20.26,7.74,-3.67,36.5,22.73,7.74,-3.67
02051500,11,13.76768182,27.59,16.82,3,-8.42,27.59,17.54,4.29,-8.42
02051500,12,12.20217375,26.56,14.45,-7.69,-16.9,26.56,18.48,-1.71,-12.62
02053200,1,11.6397434,26.3,15.79,-6.62,-20.93,26.3,15.79,-4.52,-18.13
02053200,2,12.65767498,26.45,13.91,-6.1,-16.63,26.86,15.21,-6.1,-16.63
02053200,3,13.53121701,31.51,16.34,-0.04,-9.67,30.53,16.34,-0.04,-9.67
02053200,4,14.21560606,34.93,17.95,7.38,-4.75,33.54,21.19,7.38,-2.81
02053200,5,13.08811584,36.34,22.47,11.83,2.58,36.34,22.47,11.83,3.24
02053200,6,12.29779545,37.87,23.96,17.53,7.78,39.22,23.75,17.53,7.78
02053200,7,11.64656891,38.96,25.42,21.1,11.11,38.96,25.42,21.1,12.45
02053200,8,11.49919355,39.3,24.85,20.89,8.01,39.3,24.85,21.92,11.73
02053200,9,11.82048485,37.86,22.95,14.9,3.96,36.35,23.74,17.41,7.14
02053200,10,13.08164223,34.64,21.35,10.29,-3,36.19,23.4,9.44,-2.11
02053200,11,13.16305303,27.96,18.52,5.12,-6.22,27.96,18.52,5.11,-7.54
02053200,12,11.85826613,26.52,16.7,-7.15,-15.15,26.52,19.12,-2.16,-10.02
02053800,1,10.74229472,22.59,12.88,-12.33,-27.56,22.59,12.88,-9.62,-23.81
02053800,2,11.83527755,22.28,9.37,-10.73,-22.94,24.8,12.3,-12.87,-22.94
02053800,3,12.9620088,28.32,14.52,-4.39,-16.45,27.51,12.63,-4.39,-16.45
02053800,4,14.00209091,30.78,15.69,2.26,-10.07,30.78,16.32,2.26,-6.22
02053800,5,13.22792522,32.35,17.95,8.94,-2.46,32.35,18.39,8.45,-2.15
02053800,6,12.42569697,33.14,20.52,14.29,2.44,35.37,20.52,14.29,3.68
02053800,7,11.94321848,34.79,21.55,15.65,5.56,34.91,21.55,15.65,7.94
02053800,8,11.87606305,36.09,21.43,16.45,3.33,35.74,21.43,16.45,5.52
02053800,9,12.13556061,33.37,19.99,9.31,-1.93,32.82,19.99,11.4,0.39
02053800,10,13.15370235,30.51,17.18,5.35,-6.11,32.76,18.99,2.81,-6.11
02053800,11,12.65646212,26.25,14.64,-0.63,-12.47,26.25,14.81,-3.63,-10.85
02053800,12,10.79079179,23.33,11.99,-11.16,-22.77,23.33,12.91,-8.12,-17.11
02055000,1,10.82323314,23.4,12.79,-12.34,-26.95,23.4,12.79,-9.26,-23.49
02055000,2,11.95895414,23.15,9.6,-10.16,-22.27,25.3,11.59,-12.29,-22.27
02055000,3,13.14093109,28.37,14.73,-3.94,-16.17,27.9,12.58,-3.94,-16.17
02055000,4,14.19820455,30.95,15.76,2.4,-9.26,30.77,16.62,2.4,-6
02055000,5,13.3817522,32.76,18.28,9.75,-1.97,32.76,18.77,9.31,-1.71
02055000,6,12.58819697,33.49,20.42,14.83,3.04,35.99,20.42,14.83,4.13
02055000,7,12.08311584,35.43,21.38,16.17,6,35.54,21.56,16.17,8.67
02055000,8,12.01796188,36.58,21.34,17.04,3.97,36.14,21.34,17.04,6.47
02055000,9,12.27521212,33.81,19.85,9.62,-1.26,33.3,20.08,12.13,0.85
02055000,10,13.29382698,30.7,17.64,5.12,-5.97,33.44,18.98,3.94,-5.97
02055000,11,12.79604545,26.64,14.16,0.2,-12,26.64,14.76,-3.03,-10.53
02055000,12,10.87035191,23.7,11.48,-11.22,-22.34,23.7,12.92,-7.57,-16.58
02055100,1,10.80359238,24.86,12.95,-12.04,-25.84,24.86,12.95,-9.34,-22.89
02055100,2,12.01362832,24.99,10.47,-8.73,-21.75,26.39,10.38,-10.94,-21.75
02055100,3,13.27667155,29.44,15.54,-2.75,-15.91,28.64,13.65,-2.75,-15.91
02055100,4,14.39591667,32.37,16.15,3.02,-8.23,32.05,17.28,3.28,-5.22
02055100,5,13.53753666,33.64,19.11,10.96,-1.47,33.81,19.48,10.68,-1.05
02055100,6,12.80413636,34.77,21.21,15.79,4.04,37.43,21.07,15.79,4.87
02055100,7,12.29720674,36.68,21.8,17.19,6.57,37.17,22.6,17.19,9.86
02055100,8,12.20014663,37.66,21.94,17.58,4.8,37.21,22.23,17.58,7.74
02055100,9,12.38136364,34.76,20.37,9.89,-0.08,34.14,20.81,13.01,1.72
02055100,10,13.33675953,31.83,18.37,5.7,-5.6,34.45,19.62,5.13,-5.6
02055100,11,12.81215909,27.34,14.47,0.81,-11.28,27.34,15.68,-1.88,-9.7
02055100,12,10.80610704,23.96,12.05,-10.58,-21.53,23.96,12.81,-6.73,-15.13
02056900,1,11.1233651,23.72,13.29,-11.8,-25.5,23.72,13.29,-8.45,-22.15
02056900,2,12.30491553,23.95,10.69,-8.35,-21.15,25.44,12.04,-10.91,-21.15
02056900,3,13.39670088,29.17,15,-2.39,-15.62,28.44,13.17,-2.39,-15.62
02056900,4,14.40176515,31.67,16.13,4.23,-8.35,31.26,17.47,4.23,-5.4
02056900,5,13.42374633,33,18.82,9.65,-1.58,33.12,19.45,9.65,-1.54
02056900,6,12.60393182,34.24,20.94,15.3,3.67,36.61,20.79,15.07,5.35
02056900,7,12.04774194,36.01,21.88,17.02,6.76,36.31,21.91,17.02,9.36
02056900,8,11.94846774,37.31,22.06,17.24,4.46,36.63,22.06,17.24,7.6
02056900,9,12.16446212,34.62,20.28,9.79,-0.54,33.77,20.67,12.48,1.98
02056900,10,13.33593109,31.68,18.04,6.87,-5.06,34.14,19.92,4.89,-5.06
02056900,11,13.02193939,26.99,13.81,1.49,-11.1,26.99,15.32,-1.63,-10.19
02056900,12,11.15239736,24.56,12.13,-9.25,-20.99,24.56,14.49,-6.57,-14.88
02058400,1,11.60225806,24.75,13.62,-11.21,-23.94,24.75,13.62,-8.02,-20.84
02058400,2,12.81589702,24.95,11.32,-6.93,-19.93,26,12.07,-9.32,-19.93
02058400,3,13.93378299,29.96,15.36,-1.17,-14.98,29.43,13.8,-1.44,-14.98
02058400,4,14.89560606,32.53,16.3,5.13,-7.07,32.16,18.28,5.13,-4.85
02058400,5,13.76111437,33.45,19.22,9.95,-0.85,33.56,20.2,9.95,-1.43
02058400,6,12.89664394,35.23,21.34,15.48,4.64,37.39,21.09,15.48,6.22
02058400,7,12.24604839,36.9,22.25,18.01,7.83,36.97,22.25,18.01,10.26
02058400,8,12.1409824,38.16,22.3,18.68,5.33,37.42,22.3,18.68,9.25
02058400,9,12.4042803,35.5,20.71,10.41,0.36,34.19,21.21,13.96,2.91
02058400,10,13.76204545,32.42,18.9,7.93,-4.49,35.27,20.38,6.45,-4.49
02058400,11,13.59872727,27.33,14.55,2.47,-10.01,27.33,15.7,0,-10.23
02058400,12,11.69252566,25.02,13.08,-8.52,-19.62,25.02,15.54,-5.08,-14.13
02059500,1,11.15201613,25.44,13.29,-11.31,-24.28,25.44,13.29,-8.57,-21.59
02059500,2,12.38112631,25.75,10.81,-7.16,-20.95,26.11,10.38,-9.72,-20.95
02059500,3,13.59193548,30.12,15.6,-1.3,-15.07,29.28,13.59,-1.3,-15.07
02059500,4,14.59590152,32.94,16.14,4.28,-7.36,32.42,18.27,4.59,-4.98
02059500,5,13.54077713,33.69,19.52,11.26,-0.66,33.9,20.19,11.32,-0.93
02059500,6,12.77993939,35.15,21.78,16.48,4.87,37.9,21.34,16.23,5.97
02059500,7,12.20098974,36.96,22.32,18.04,7.64,37.5,22.89,18.04,10.53
02059500,8,12.09972141,38.26,22.45,18.09,5.62,37.34,22.45,18.09,9.21
02059500,9,12.30679545,35.47,20.7,9.83,0.83,34.55,21.26,14.29,3.11
02059500,10,13.44664956,32.29,19,7.1,-4.93,35.4,20.3,6.75,-4.93
02059500,11,13.13068182,27.13,14.47,2.18,-10.32,27.21,15.87,-0.51,-9.78
02059500,12,11.19573314,24.93,12.51,-9.02,-20.16,24.93,14.17,-5.47,-14.07
02064000,1,11.7063563,25.65,14.5,-10.08,-22.62,25.65,14.5,-7.09,-20.64
02064000,2,12.90460981,26.28,11.22,-5.6,-20.53,26.86,11.42,-8.05,-20.53
02064000,3,14.04696481,30.79,15.92,-1.16,-14.12,30.36,13.85,-0.96,-14.12
02064000,4,14.91658333,33.67,15.81,5.65,-7.34,33.33,18.96,5.65,-5.26
02064000,5,13.64239003,34.13,20.7,11.25,0.58,34.13,20.96,12.22,-0.9
02064000,6,12.84646212,36.03,21.99,17.06,5.7,38.28,21.84,16.58,5.7
02064000,7,12.24609238,37.57,22.97,19.84,9.18,38.55,23.23,19.84,10.12
02064000,8,12.11297654,38.75,22.91,19.56,6.92,38.15,22.91,19.67,9.47
02064000,9,12.43959848,36.62,21.58,10.54,1.78,35.28,21.6,15.73,3.24
02064000,10,13.75077713,33.44,19.6,8.96,-4.48,36.23,21.43,7.8,-4.48
02064000,11,13.59006061,27.1,15.29,3.3,-9.13,27.33,15.52,1.2,-9.74
02064000,12,11.78414956,25.7,13.27,-8.52,-18.87,25.7,15.96,-3.58,-14.41
02065500,1,11.83792522,25.3,14.89,-9.67,-22.41,25.3,14.89,-7.45,-20.43
02065500,2,13.01883347,26.15,11.26,-5.37,-20.34,26.97,12.3,-7.18,-20.34
02065500,3,14.11694282,30.77,15.96,-1.08,-14.19,30.35,14.18,-0.98,-14.19
02065500,4,14.95441667,33.87,15.78,5.41,-7.42,33.41,19.32,5.41,-5.19
02065500,5,13.64847507,34.36,21.16,11.42,0.68,34.36,21.18,12.47,-0.88
02065500,6,12.84462121,36.29,21.97,17.52,5.66,38.08,22.23,16.55,5.66
02065500,7,12.25610704,37.86,23.5,19.91,9.34,39.01,23.6,19.91,9.86
02065500,8,12.11549853,38.53,23.09,19.62,6.97,38.4,23.09,20.24,9.54
02065500,9,12.47164394,36.99,21.74,11.07,1.99,35.25,21.77,16.11,3.27
02065500,10,13.79616569,33.52,19.68,8.6,-4.75,36.4,21.76,7.99,-4.75
02065500,11,13.66358333,27.18,15.8,3.16,-8.89,27.18,16.31,1.73,-9.53
02065500,12,11.91827713,25.84,13.39,-8.49,-18.51,25.84,16.73,-3.15,-14.48
02069700,1,11.6451173,24.66,13.57,-10.15,-24.64,24.66,13.57,-7.72,-20.64
02069700,2,12.79880129,24.5,11.73,-6.85,-20.74,26.12,13.28,-9.37,-20.74
02069700,3,13.8996261,29.62,15.73,-1.97,-15.42,28.89,13.42,-1.97,-15.42
02069700,4,14.91818939,31.66,16.21,4.58,-7.04,31.66,18.23,4.58,-5.56
02069700,5,13.78934751,33.64,19.56,8.36,-0.94,33.64,20.2,8.36,-1.27
02069700,6,12.85917424,35.21,20.96,15.65,4.07,37.21,21.07,15.62,5.67
02069700,7,12.19035191,36.07,22.05,17.5,7.69,36.11,22.05,17.5,9.94
02069700,8,12.01509531,37.7,22.13,19.04,4.68,36.72,22.13,18.9,8.67
02069700,9,12.30443939,35.21,20.88,11.39,0.33,33.29,21.04,13.08,2.36
02069700,10,13.79859971,31.86,18.76,7.72,-4.52,34.06,20.56,6.47,-4.5
02069700,11,13.57974242,27.24,15.12,2.19,-10.33,27.24,16.63,-0.5,-10.54
02069700,12,11.71480205,24.14,13.48,-8.27,-19.72,24.14,15.78,-5.01,-14.54
02070000,1,11.84322581,25.49,13.84,-10.62,-23.54,25.49,13.84,-7.51,-20.08
02070000,2,13.0326066,25.51,11.36,-6.36,-19.49,26.73,13.81,-8.64,-19.49
02070000,3,14.13790323,30.09,15.8,-1.16,-14.59,29.61,14.12,-1.16,-14.59
02070000,4,15.11679545,32.39,16.46,5.01,-5.97,32.39,18.77,5.01,-4.9
02070000,5,13.95118768,33.99,19.93,9.15,-0.4,33.99,20.64,9.15,-1.26
02070000,6,13.0340303,35.69,21.25,15.75,5.04,37.73,21.61,15.75,6.21
02070000,7,12.33373167,36.85,22.3,18,8.51,36.89,22.3,18,10.54
02070000,8,12.17079179,38.38,22.4,19.21,5.69,37.31,22.49,19.21,9.68
02070000,9,12.44846212,35.84,21.33,11.59,0.88,34,21.5,13.85,3.2
02070000,10,13.96332845,32.32,19.21,7.91,-4.01,35.18,20.93,7.26,-4.01
02070000,11,13.82169697,27.84,14.81,2.66,-9.45,27.84,16.97,0.58,-10.44
02070000,12,11.92418255,24.78,14.33,-7.92,-18.87,24.78,16.5,-4.45,-13.66
02074500,1,12.07266862,25.51,14.1,-10.74,-22.54,25.51,14.1,-7.42,-19.71
02074500,2,13.28269509,25.83,11.97,-5.88,-18.6,27.47,12.34,-7.79,-19
02074500,3,14.40233138,30.74,15.92,-1.09,-14.25,30.55,14.59,-0.9,-14.25
02074500,4,15.29904545,33.28,16.47,5.51,-5.99,32.94,18.99,6.32,-4.68
02074500,5,14.03160557,34.07,20.59,10.17,-0.38,34.07,20.87,10.17,-1.42
02074500,6,13.12709848,36.42,21.68,15.45,5.48,38.03,21.93,15.45,6.16
02074500,7,12.39989003,37.78,23.36,18.87,8.64,37.78,23.36,18.87,10.78
02074500,8,12.28904692,38.83,22.87,19.76,6.08,38.28,22.87,19.27,9.95
02074500,9,12.61007576,36.34,21.58,10.86,1.02,34.77,21.77,15.11,3.59
02074500,10,14.1341349,33.02,19.67,8.39,-4.01,36.21,21.41,7.63,-4.01
02074500,11,14.14190909,27.61,15.17,2.27,-8.93,27.79,15.67,1.59,-10.31
02074500,12,12.23902493,25.41,13.62,-8.05,-18.4,25.41,16.83,-3.63,-13.63
02077200,1,11.97711877,26.04,15.19,-8.05,-22,26.04,15.19,-7.41,-19.08
02077200,2,13.05500402,26.5,12.44,-5.91,-17.41,27.97,14.46,-6.67,-17.41
02077200,3,14.02450147,31.13,16.49,-1.05,-11.66,31.15,16.53,0.47,-11.66
02077200,4,14.82270455,33.78,16.8,6.29,-4.88,33.16,19.4,6.29,-3.98
02077200,5,13.63475806,34.74,21.82,10.06,1.01,34.8,21.82,10.06,-0.58
02077200,6,12.85746212,37.19,22.69,15.93,6.54,39.26,22.69,15.93,6.71
02077200,7,12.24990469,38.28,24.13,18.93,9.91,38.87,24.13,18.93,12.2
02077200,8,12.12682551,39.13,23.83,19.89,6.55,39.13,23.83,20.06,11.05
02077200,9,12.47205303,37.21,21.84,10.93,3.04,35.55,22.64,15.26,4.84
02077200,10,13.89293988,33.52,20.2,8.33,-3.23,36.09,22.44,9,-3.23
02077200,11,13.91161364,27.82,17.12,2.04,-8.27,28.52,17.12,2.86,-9.36
02077200,12,12.21133065,25.57,14.75,-6.99,-17.36,25.57,17.9,-1.51,-11.64
02081500,1,12.12619501,26.06,15.31,-8.01,-22.01,26.06,15.31,-7.43,-18.45
02081500,2,13.26537409,26.35,12.58,-5.66,-17.56,27.19,14.28,-5.66,-17.56
02081500,3,14.18532258,30.99,17.09,-0.45,-11.19,30.83,15.96,0.45,-11.19
02081500,4,14.90490909,33.88,17.8,6.48,-5.54,33.3,20.04,6.16,-3.82
02081500,5,13.51320381,35.17,22.21,10.86,1.46,35.17,22.21,10.86,0.5
02081500,6,12.67754545,36.86,23.08,16.32,6.44,38.95,23.08,16.32,6.44
02081500,7,12.05496334,38.45,24.73,19.61,10.04,38.53,24.73,19.61,12.84
02081500,8,11.92369501,39.29,23.71,20.05,6.83,39.29,23.75,20.05,10.94
02081500,9,12.28475758,37.43,22.66,11.4,3.11,35.73,22.93,15.14,5.08
02081500,10,13.72549853,33.38,19.74,8.93,-3.3,35.79,22.56,8.93,-3.3
02081500,11,13.82047727,27.76,17.62,2.6,-8.25,27.76,17.62,3.7,-8.55
02081500,12,12.31938783,25.96,16.24,-5.54,-16.8,25.96,18.64,-1.24,-11.26
02082950,1,12.15859971,26.51,14.18,-7.5,-21.49,26.51,14.3,-5.03,-17.34
02082950,2,13.24410298,26.31,11.33,-5.58,-17.83,26.59,13.66,-5.58,-17.83
02082950,3,14.1245088,31.23,17.29,-0.46,-10,30.61,15.41,-0.31,-10.21
02082950,4,14.8965303,34.35,17.44,6.71,-6.22,33.69,20.52,6.71,-3.07
02082950,5,13.64725073,35.99,22.02,11.45,2.7,35.99,22.24,11.45,1.61
02082950,6,12.76795455,37.41,23.5,16.82,6.92,39.84,23.5,16.82,6.92
02082950,7,12.14131232,38.83,24.99,20.95,9.97,38.83,24.99,20.95,13.07
02082950,8,11.99969208,39.82,23.72,20.35,7.18,39.82,24.5,20.72,11.36
02082950,9,12.3497803,37.69,22.49,13.16,3.33,36.31,23.33,16.45,5.52
02082950,10,13.66955279,33.56,20.42,8.58,-3.55,36.24,23.41,8.58,-3.55
02082950,11,13.71048485,28.28,18.12,4.1,-7.99,28.28,18.12,4.14,-7.99
02082950,12,12.26870601,26.26,16.45,-6.49,-15.8,26.26,19.16,-2.14,-10.4
02083500,1,11.9056085,26.25,15.12,-7.42,-21.3,26.25,15.12,-5.23,-17.16
02083500,2,12.97974256,26.16,13.14,-5.75,-16.99,26.56,14.21,-5.75,-16.99
02083500,3,13.86129032,31.11,16.88,-0.04,-9.73,30.42,15.59,0.65,-9.73
02083500,4,14.55426515,34.17,17.42,7.12,-5.18,33.42,20.58,7.12,-2.92
02083500,5,13.33002199,35.74,22.05,11.87,2.22,35.74,22.11,11.87,2.13
02083500,6,12.46928788,37.39,23.52,17.3,7.33,39.05,23.52,17.3,7.33
02083500,7,11.8241349,38.58,25.28,21.04,10.42,38.58,25.28,21.04,13.1
02083500,8,11.64895894,39.52,24.11,20.86,8.13,39.52,24.31,21.44,11.53
02083500,9,11.99073485,37.5,22.51,13.55,3.83,35.91,23.22,16.62,6.31
02083500,10,13.39164223,33.64,20.47,9.63,-2.8,35.95,23.1,9.63,-2.76
02083500,11,13.50177273,28.1,18.17,4.82,-7.2,28.1,18.17,4.77,-7.71
02083500,12,12.11357771,26.23,16.76,-6.02,-15.8,26.23,18.81,-0.81,-10.22
02092500,1,12.08394428,26.04,16.57,-4.46,-18.45,26.04,16.65,-2.82,-15.15
02092500,2,12.92574417,28.21,17.1,-5.06,-14.23,27.63,15.95,-5.06,-14.23
02092500,3,13.74807185,31.71,17.51,1.34,-9.06,31.52,17.78,0.49,-9.06
02092500,4,14.08926515,34.71,20.08,9.31,-4.4,33.06,21.95,9.48,-4.4
02092500,5,12.90176686,35.57,22.74,13.79,2.22,37.46,22.74,13.79,3.95
02092500,6,11.70475758,37.36,24.21,19.49,8.51,37.45,24.59,19.35,8.51
02092500,7,11.00752933,37.97,25.56,23.03,11.31,38.16,25.56,23.03,13.17
02092500,8,10.77189883,38.71,25.92,21.32,11.33,38.6,25.92,23.08,11.33
02092500,9,11.1480303,36.95,23.78,17.31,4.77,35.56,24.36,19.27,7.03
02092500,10,12.90980938,34.55,22.31,10.46,-2.26,35.21,23.52,10.46,-2.26
02092500,11,13.27409848,29.49,19.5,6.73,-6.39,29.49,19.5,6.68,-7.79
02092500,12,12.35335777,27.26,18.26,-5.63,-17.7,27.26,19.61,0.99,-9.42
02096846,1,11.68422287,26.31,14.62,-7.66,-22.32,26.31,15.6,-7.66,-18.64
02096846,2,12.69549477,26.57,13.96,-6.62,-17.05,26.99,15.43,-6.62,-17.05
02096846,3,13.5786217,30.81,16.71,-0.52,-10.7,31.58,17.14,0.68,-10.7
02096846,4,14.33201515,33.43,17.27,6.69,-4.44,33.03,19.66,6.4,-3.85
02096846,5,13.17096041,34.61,22.18,10.06,0.67,34.76,22.18,10.06,0.31
02096846,6,12.35593182,36.93,22.8,15.68,7.01,39.09,22.8,15.68,7.09
02096846,7,11.81349707,38.08,24.05,18.53,10.3,38.67,24.66,18.53,12.64
02096846,8,11.64210411,39.88,23.86,19.72,7.19,39.26,23.86,19.72,11.49
02096846,9,11.88465152,36.96,22.2,11.58,3.46,36.29,22.69,15.09,5.44
02096846,10,13.30031525,33.26,20.35,8.56,-2.66,35.86,23.1,8.73,-2.66
02096846,11,13.36018939,28.5,18.55,2.38,-7.63,28.5,18.55,3.21,-8.85
02096846,12,11.86372434,25.75,16.41,-6.63,-16.88,25.75,18,-0.96,-11.34
02102000,1,11.81197214,26.23,15.89,-6.19,-21.16,26.23,15.89,-6.19,-16.88
02102000,2,12.82555109,26.74,13.67,-5.87,-16.47,26.36,15.53,-5.87,-16.47
02102000,3,13.71398827,30.86,16.75,0.34,-10.67,31.25,16.73,1.07,-10.67
02102000,4,14.41086364,33.18,17.7,7.32,-4.14,32.88,19.36,7.32,-3.84
02102000,5,13.21794721,35.25,21.85,10.04,0.32,35.25,21.85,10.04,1.96
02102000,6,12.33211364,36.95,23.29,16.53,7.31,39.29,23.13,16.53,7.85
02102000,7,11.77760997,37.99,24.56,19.12,10.42,37.94,24.56,19.12,13.25
02102000,8,11.51662023,39.82,24.34,20.17,9.23,39.75,24.34,20.17,11.88
02102000,9,11.81918939,36.79,22.14,13.49,3.79,35.91,22.82,15.95,5.47
02102000,10,13.23071114,33.71,20.43,8.98,-2.3,35.99,22.44,10.08,-2.3
02102000,11,13.30099242,28.4,18.9,4.43,-7.81,28.4,18.9,4.43,-7.95
02102000,12,11.91443915,25.83,17.31,-6.2,-16.34,25.83,17.7,-0.36,-11.51
02102908,1,12.10486804,26.51,17.16,-5.9,-19.68,26.51,17.16,-4.98,-14.82
02102908,2,13.14247788,27.65,15.01,-5.56,-15.72,27.65,15.79,-5.56,-15.72
02102908,3,14.04030059,31.5,17.93,0.34,-8.96,31.65,18.34,1.18,-8.96
02102908,4,14.65002273,34.5,19.21,7.94,-4.23,33.78,21.55,7.94,-4.23
02102908,5,13.43178152,36.15,22.38,10.58,0.71,36.84,22.71,10.58,3.47
02102908,6,12.39673485,38.52,24.75,17.37,7.57,40.31,24.32,17.37,8.52
02102908,7,11.71519062,38.75,24.78,19.46,10.99,38.63,24.78,19.46,13.65
02102908,8,11.38615103,40.7,25.65,20.17,11.75,40.7,25.65,21.33,11.97
02102908,9,11.76595455,36.89,23.22,14.64,4.83,36.7,23.92,15.8,5.75
02102908,10,13.28330645,34.76,21.7,8.67,-2.45,37.01,23.57,11.87,-1.81
02102908,11,13.57410606,29.56,19.19,4.87,-7.79,29.56,19.19,4.87,-7.79
02102908,12,12.26751833,26.66,18.14,-5.17,-14.88,26.66,18.49,-0.11,-10.58
02108000,1,12.11766862,26.11,16.81,-4.78,-18.81,26.11,16.97,-2.51,-14.54
02108000,2,12.98493966,28.02,15.75,-5.13,-14.59,27.2,15.75,-5.13,-14.59
02108000,3,13.84513196,31.69,17.78,1.42,-8.58,31.19,17.92,1.73,-8.58
02108000,4,14.28470455,34.45,20.1,9.09,-4.62,33.36,22.13,9.09,-4.62
02108000,5,13.10078446,35.71,22.33,14.06,1.94,37.18,22.5,14.06,3.86
02108000,6,11.90332576,37.55,24.23,19.28,8.54,37.68,24.23,18.76,8.74
02108000,7,11.20377566,38.05,25.15,22.23,11.45,38.1,25.15,22.23,13.17
02108000,8,10.93383431,39.26,25.47,20.4,11.5,38.42,25.47,23.08,11.5
02108000,9,11.31515909,37.09,23.39,16.53,4.78,35.6,24.2,18.95,6.87
02108000,10,13.08168622,34.53,22.1,11.21,-2.24,35.57,23.42,11.32,-2.24
02108000,11,13.42875758,29.45,19.69,6.79,-6.5,29.45,19.69,6.22,-7.96
02108000,12,12.38677053,27.39,18.1,-5.96,-17.49,27.39,19.31,1.41,-9.69
02111180,1,11.42092375,23.79,11.06,-12.7,-26.79,23.79,11.06,-8.72,-21.64
02111180,2,12.16429606,24.19,9.96,-9.31,-21.79,24.07,13.35,-11.06,-21.79
02111180,3,13.09466276,27.62,14.32,-4.04,-16.1,28.28,12.95,-4.04,-16.1
02111180,4,13.96414394,30.92,15.15,1.24,-7.37,30.92,16.17,1.24,-6.84
02111180,5,13.16432551,32.53,18.26,6.72,-1.96,32.97,18.3,6.72,-0.79
02111180,6,12.32481061,33.42,19.48,13.98,3.52,35.83,19.89,13.93,4.72
02111180,7,11.74950147,34.79,21.25,16.44,6.55,34.79,20.87,16.44,9.21
02111180,8,11.60394428,35.83,20.64,18.47,4.22,34.88,20.64,18.5,6.46
02111180,9,11.94907576,32,18.82,12.92,-0.11,32.73,19.82,12.92,1.74
02111180,10,13.16530059,29.28,16.97,5.63,-4.52,32.24,19.71,3.76,-5.01
02111180,11,12.96465909,26.71,16.08,-0.14,-11.01,26.71,16.08,-1.58,-10.69
02111180,12,11.50274194,23.39,12.76,-13.1,-21.79,23.39,13.9,-5.79,-15.96
02111500,1,11.80546921,24.53,11.54,-12.03,-25.86,24.53,11.54,-7.7,-21.05
02111500,2,12.63687852,24.91,10.3,-8.05,-21.91,24.65,13.3,-10.7,-21.91
02111500,3,13.68756598,28.16,15.15,-3.35,-16.58,28.31,13.22,-3.35,-16.58
02111500,4,14.67067424,31.21,15.86,2.17,-7.63,31.2,16.76,2.17,-6.56
02111500,5,13.80954545,33.3,18.87,7.16,-1.9,33.5,18.87,7.16,-1.03
02111500,6,12.97150758,34.3,20.01,14.82,3,36.74,19.87,14.23,4.74
02111500,7,12.34278592,35.49,21.4,16.56,5.87,35.49,21.24,16.56,8.83
02111500,8,12.20227273,36.45,20.7,19.02,4.04,35.77,20.7,18.71,5.65
02111500,9,12.57018182,33.09,19.2,13.15,-0.56,33.52,20.64,13.33,1.15
02111500,10,13.93120968,30.42,17.41,6.56,-5.07,33.05,19.78,5.03,-4.98
02111500,11,13.68722727,27.32,15.83,0.18,-11.25,27.32,15.83,-1.66,-10.54
02111500,12,11.9331305,24,13.29,-12.4,-21.12,24,14.16,-5.23,-15.75
02112120,1,11.77540323,24.47,12,-12.16,-25.89,24.47,12,-7.85,-21.11
02112120,2,12.65445696,24.78,10.92,-7.4,-21.95,24.54,13.23,-10.82,-21.95
02112120,3,13.73760264,28.17,15.21,-3.48,-16.92,28.05,12.99,-3.48,-16.92
02112120,4,14.74743182,31,15.98,2.54,-7.83,31,16.74,2.54,-6.53
02112120,5,13.84669355,33.3,19.08,7.16,-1.99,33.5,19.08,7.16,-1.48
02112120,6,13.02771212,34.47,19.85,14.6,2.81,36.83,19.78,14.16,4.37
02112120,7,12.38865836,35.33,21.29,16.51,5.74,35.27,20.99,16.51,8.5
02112120,8,12.22633431,36.45,20.72,18.81,3.76,35.89,20.73,18.2,5.46
02112120,9,12.58069697,32.83,19.19,13.18,-0.68,33.3,20.63,13.31,0.79
02112120,10,13.9664956,30.5,17.75,6.61,-5.31,32.99,19.51,5.11,-5.23
02112120,11,13.71565909,27.15,15.75,-0.04,-11.6,27.15,15.75,-1.77,-10.78
02112120,12,11.8844868,23.61,13.36,-12.48,-21.05,23.61,14.34,-5.31,-15.89
02112360,1,11.9166129,24.86,12.4,-10.65,-24.98,24.86,12.4,-7.72,-20.29
02112360,2,12.92564763,25.11,11.72,-6.75,-21.33,24.88,12.94,-10.11,-21.33
02112360,3,14.07230205,28.95,15.66,-2.85,-16.63,28.46,12.88,-2.85,-16.63
02112360,4,15.11980303,31.44,16.57,3.7,-7.26,31.44,17.29,3.7,-5.98
02112360,5,14.0785044,33.81,19.47,7.97,-1.81,33.99,19.47,7.97,-1.37
02112360,6,13.22994697,35.07,20.43,15.03,3.53,37.5,20.43,15.01,5.06
02112360,7,12.53817449,36.11,21.76,16.77,6.64,35.83,21.24,16.77,9.17
02112360,8,12.36447947,37.2,21.39,19.57,4.42,36.24,21.39,18.48,6.43
02112360,9,12.71627273,33.75,19.73,12.71,0.13,33.56,21.1,13.47,1.48
02112360,10,14.21165689,30.96,18.51,7.04,-5.04,33.65,19.64,6.11,-5.02
02112360,11,13.95707576,27.17,15.74,0.98,-10.97,27.17,16.16,-0.94,-10.95
02112360,12,12.03053152,23.89,13.62,-11.13,-20.14,23.89,14.5,-5.26,-15.04
02116500,1,11.60810117,24.29,13.26,-10.05,-24.96,24.29,13.26,-7.14,-20.47
02116500,2,12.57267096,24.15,11.48,-7.62,-20.65,24.65,13.64,-8.93,-20.65
02116500,3,13.59049853,28.8,15.15,-2.83,-15.09,28.78,13.47,-2.83,-15.09
02116500,4,14.49509091,30.97,16.05,3.9,-6.92,30.97,17.87,4.43,-5.76
02116500,5,13.49159824,33.32,19.21,8.09,-1.21,33.32,19.5,8.09,-0.74
02116500,6,12.60600758,34.73,20.57,15.58,4.39,36.83,20.57,15.02,5.68
02116500,7,12.01786657,35.5,21.63,17.35,7.48,35.55,21.63,17.35,10.29
02116500,8,11.85006598,37.25,21.45,19.76,5.38,36.45,21.45,19.72,8.53
02116500,9,12.22462879,33.69,19.91,13.18,1.01,33.09,20.61,14.09,2.57
02116500,10,13.58315982,30.84,18.19,7.41,-4.3,33.67,19.92,6.34,-4.45
02116500,11,13.39037121,26.99,16.34,1.68,-10.09,26.99,16.34,-0.08,-10.35
02116500,12,11.70983504,23.6,13.57,-10.3,-20.02,23.6,15.01,-3.82,-14.88
02118000,1,12.28646628,25.51,14.06,-6.01,-22.28,25.51,14.06,-5.95,-17.73
02118000,2,13.25677393,26.24,13.13,-5.32,-18.62,26.07,13.95,-5.32,-18.62
02118000,3,14.14590909,30,16.85,-0.51,-13.83,30.13,14.51,-0.51,-13.83
02118000,4,14.92354545,32.3,17.63,5.41,-4.91,32.3,19.24,6.6,-4.91
02118000,5,13.73825513,34.84,21.17,8.74,-1.14,34.84,21.17,8.74,0.33
02118000,6,12.79665152,36.53,21.9,16.33,5.68,37.84,21.9,15.3,7.35
02118000,7,12.18186217,37.38,23.46,18.22,8.78,37.17,23.46,18.22,11.75
02118000,8,11.91607038,39.11,22.73,20.74,6.97,38.1,22.73,20.16,9.01
02118000,9,12.30207576,35.26,20.57,13.61,2.21,34.91,21.9,14.96,3.58
02118000,10,13.95053519,32.63,19.11,9.34,-3.54,35.19,21.14,8.39,-3.54
02118000,11,13.9234697,27.74,17.08,4.14,-8.73,27.74,17.26,2.69,-9.77
02118000,12,12.35555352,25.55,15.31,-7.87,-17.91,25.55,16.12,-1.54,-13.41
02118500,1,12.30442082,25.57,13.05,-7.29,-22.96,25.57,13.05,-5.92,-18.45
02118500,2,13.2938214,26.12,12.35,-5.64,-19.72,26,13.19,-6.93,-19.72
02118500,3,14.28734604,29.69,16.76,-0.64,-14.89,29.94,13.99,-0.64,-14.89
02118500,4,15.17222727,32.39,17.33,4.95,-5.59,32.39,18.63,5.43,-5.25
02118500,5,13.99340909,34.67,20.67,8.67,-1.41,34.67,20.67,8.67,-0.12
02118500,6,13.05931818,36.25,21.36,15.77,5.23,37.91,21.36,15.42,6.61
02118500,7,12.39109238,37.09,22.84,17.59,7.94,36.81,22.84,17.59,11.03
02118500,8,12.15418622,38.56,22.08,20.59,6.2,37.31,22.13,19.94,8.2
02118500,9,12.52138636,34.94,20.23,13.32,1.58,34.55,21.87,14.31,2.81
02118500,10,14.1731085,32.37,18.75,8.65,-4.12,34.9,20.44,7.86,-3.68
02118500,11,14.09334848,27.63,16.44,3.12,-9.19,27.63,17.02,1.6,-10.14
02118500,12,12.38335411,25.48,14.34,-8.75,-18.59,25.48,15.54,-2.79,-13.54
02125000,1,11.89081378,25.86,16.43,-5.26,-20.61,25.86,16.43,-5.26,-16.01
02125000,2,12.82331456,26.94,14.8,-5.29,-15.59,26.59,15.65,-5.29,-15.59
02125000,3,13.6445088,30.94,17.2,0.39,-10.71,30.84,16.84,0.39,-10.71
02125000,4,14.31359091,32.64,18.14,7.01,-4.16,32.55,20.32,7.54,-4.16
02125000,5,13.16571848,35.37,22.18,9.3,0.07,35.37,22.18,9.3,2.88
02125000,6,12.31330303,37.03,23,16.31,7,39.62,22.91,16.31,8.01
02125000,7,11.8381085,38.54,24.66,19.15,11.37,38.15,24.66,19.15,13.37
02125000,8,11.55581378,40.91,24.63,20.3,9.89,39.93,24.63,20.37,11.66
02125000,9,11.90938636,36.72,22.53,14.59,3.98,35.73,22.53,15.23,5.55
02125000,10,13.33372434,34,20.83,9.1,-2.66,36.19,22.12,10.27,-2.66
02125000,11,13.32548485,28.17,19.51,3.94,-8.19,28.17,19.51,3.94,-8.19
02125000,12,11.96691349,26.06,18.75,-6.08,-16.12,26.06,18.75,0.13,-11.55
02126000,1,11.96007331,25.92,16.34,-4.33,-20.24,25.92,16.34,-4.33,-14.99
02126000,2,12.89693484,27.05,14.29,-4.68,-14.94,26.73,16.06,-4.68,-14.94
02126000,3,13.71958944,30.54,16.97,0.96,-10.28,31.08,17.53,0.96,-10.28
02126000,4,14.35043182,32.61,18.13,7.64,-4.27,32.57,19.84,7.89,-4.27
02126000,5,13.21420821,35.36,21.89,9.34,0.56,35.58,21.89,9.34,3.42
02126000,6,12.33370455,37.56,22.97,17.37,7.16,39.75,22.74,16.66,8.76
02126000,7,11.84337243,38.84,24.57,19.43,11.99,38.91,24.57,19.43,13.46
02126000,8,11.49730205,40.77,24.66,20.33,10.78,40.21,24.66,20.62,11.84
02126000,9,11.85198485,36.29,22.64,15.36,4.39,35.74,22.64,15.7,5.27
02126000,10,13.28961144,33.85,20.8,9.23,-2.54,36.6,22.34,10.33,-2.54
02126000,11,13.36016667,28.16,19.46,4.44,-8.11,28.16,19.46,4.44,-8.11
02126000,12,12.01648094,26.22,18.82,-5.97,-15.84,26.22,18.82,1.05,-11.17
02128000,1,11.61833578,26.04,16.23,-6.37,-21.27,26.04,16.23,-6.37,-16.71
02128000,2,12.58886565,26.75,14.02,-6.06,-16.37,26.55,15.56,-6.06,-16.37
02128000,3,13.46871701,31.13,16.93,0.43,-10.92,30.97,17.07,0.71,-10.92
02128000,4,14.18429545,33.21,17.89,6.79,-4.28,32.67,18.95,7.25,-4.28
02128000,5,13.0528739,35.37,21.83,9.83,0.17,35.37,21.83,9.83,2.49
02128000,6,12.24480303,36.97,23.84,15.85,7.42,39.44,23.25,15.85,7.7
02128000,7,11.76185484,38.29,24.51,18.72,10.73,38.29,24.51,18.72,12.85
02128000,8,11.49612903,40.41,24.36,20.08,9.41,39.88,24.36,20.08,11.75
02128000,9,11.74821212,36.81,22.21,14.15,4.06,35.81,22.68,15.63,5.64
02128000,10,12.98845308,33.8,20.86,8.66,-2.24,35.88,22.53,9.94,-2.24
02128000,11,12.97827273,28.54,19.49,3.84,-7.9,28.54,19.49,3.84,-7.9
02128000,12,11.66593109,25.86,17.86,-6.19,-16.42,25.86,17.86,-1,-11.75
02135000,1,12.28038856,26.36,17.11,-3.51,-18.45,26.36,17.28,-1.7,-13.17
02135000,2,13.18687852,27.41,15.98,-3.54,-13.54,26.92,15.98,-3.54,-13.54
02135000,3,14.00947214,31.33,17.83,1.49,-7.53,30.99,17.96,2.9,-7.53
02135000,4,14.51384848,34.12,19.33,9.65,-3.92,33.31,21.1,9.49,-3.92
02135000,5,13.34971408,35.77,22.5,12.08,1.18,36.99,22.58,12.08,4.39
02135000,6,12.10429545,37.8,24.13,18.9,8.03,39.4,24.13,18.64,9.74
02135000,7,11.47877566,38.47,24.77,21.63,12.07,38.4,24.77,21.63,14.76
02135000,8,11.14475806,39.87,25.52,20.46,12.38,39.85,25.52,21.49,12.38
02135000,9,11.60657576,36.57,22.92,16.56,5.58,35.89,24.24,17.41,6.6
02135000,10,13.24104106,34.64,21.95,9.11,-1.77,36.29,23.32,12.49,-1.77
02135000,11,13.63931061,29.21,19.77,6.02,-7,29.21,19.77,6.02,-7.57
02135000,12,12.47928152,26.74,18.41,-5.41,-14.07,26.74,18.78,1.82,-9.6
02137727,1,11.85464076,24,11.39,-10.82,-26.55,24,11.39,-6.75,-20.83
02137727,2,12.57473854,24.27,10.18,-7.55,-20.12,24.34,12.88,-9.22,-20.12
02137727,3,13.35877566,28.21,14.13,-2.26,-13.39,29.35,13.84,-2.26,-13.39
02137727,4,14.20237121,30.8,14.9,1.11,-6.88,30.61,16.52,2.58,-6.88
02137727,5,13.32271994,32.56,18.24,6.25,-2.39,32.56,18.38,6.25,-1.66
02137727,6,12.42266667,33.65,19.46,13.65,3.93,35.35,19.46,13.65,5.2
02137727,7,11.91155425,34.69,20.86,16.33,8.44,35.79,20.68,16.33,8.9
02137727,8,11.59373167,35.53,20.32,17.96,5.55,35.1,20.42,19.48,7.75
02137727,9,11.95390152,32.2,18.92,13.39,1,32.2,19.98,13.39,1.4
02137727,10,13.23543255,28.97,16.96,6.03,-5.05,31.99,19.23,4.99,-5.21
02137727,11,13.26232576,26.54,16.35,1.28,-10.78,26.54,16.35,-1.66,-11.51
02137727,12,11.84805352,23.71,13.96,-11.27,-21.1,23.71,13.96,-4.82,-14.82
02138500,1,11.16526393,22.42,10.02,-13.8,-28.72,22.42,10.02,-9.39,-22.48
02138500,2,11.80557522,22.5,9.32,-9.87,-21.84,23.67,13.28,-12.29,-21.84
02138500,3,12.59922287,27.1,12.86,-4.1,-15.52,28.21,12.58,-4.1,-15.52
02138500,4,13.36746212,30.08,14.33,-0.23,-8.1,30.08,16.13,0.11,-8.1
02138500,5,12.52747067,31.16,17.71,6.12,-2.56,31.64,17.88,6.12,-1.51
02138500,6,11.6417197,32.3,18.99,12.71,3.86,34.35,19.11,12.71,4.41
02138500,7,11.13381965,33.14,20.22,16.31,7.51,34.16,20.21,16.31,8.73
02138500,8,10.93062317,34.37,20.07,17.26,4.42,33.48,20.07,18.85,7.15
02138500,9,11.27867424,30.52,18.4,12.55,0.4,30.96,19.11,12.55,0.8
02138500,10,12.40146628,27.82,16.03,3.72,-5.38,30.98,18.9,1.92,-5.87
02138500,11,12.3655,25.35,15.76,-1.75,-10.79,25.35,15.76,-2.43,-11.72
02138500,12,11.1668805,22.34,12.67,-13.96,-22.7,22.34,13.07,-6.93,-16.96
02140991,1,11.42737537,23.6,10.67,-12.07,-26.92,23.6,10.67,-8.35,-21.31
02140991,2,12.15562349,23.59,9.98,-9.01,-21.06,24.03,13.6,-10.79,-21.06
02140991,3,13.01154692,27.86,14.02,-3.46,-14.84,28.76,13.25,-3.46,-14.84
02140991,4,13.80572727,30.93,15.11,1.2,-6.8,30.93,16.57,1.84,-6.66
02140991,5,12.99470674,32.44,18.41,6.96,-1.99,32.84,18.41,6.96,-0.59
02140991,6,12.13093182,33.62,19.76,13.79,4.42,35.52,19.96,13.79,5.19
02140991,7,11.5963783,34.6,21.3,16.74,7.68,35.05,21.07,16.74,9.51
02140991,8,11.39246334,35.93,20.72,18.45,4.93,34.76,20.72,19.07,7.35
02140991,9,11.71877273,31.53,18.89,13.02,0.76,32.33,19.77,13.02,1.47
02140991,10,12.89871701,28.8,16.8,5.74,-4.65,32.04,19.78,3.47,-5.07
02140991,11,12.77068939,26.61,16.55,-0.67,-10.41,26.61,16.55,-1.4,-10.78
02140991,12,11.45648094,23.32,12.98,-12.37,-21.39,23.32,13.83,-5.33,-15.64
02143000,1,12.03533724,24.89,13.25,-6.3,-22.82,24.89,13.25,-5.5,-17.5
02143000,2,12.89757844,26.25,12.6,-5.69,-17.61,26.32,14.25,-5.69,-17.61
02143000,3,13.75145161,29.34,16.02,-0.83,-13.24,30,14.8,-0.83,-13.24
02143000,4,14.47537121,32.41,16.9,4.86,-4.6,32.07,18.95,7.53,-4.6
02143000,5,13.52854839,34.74,20.51,8.4,-1.31,34.85,20.51,8.4,0.73
02143000,6,12.66843182,36.65,21.52,16.01,5.66,37.62,21.23,15.19,7.5
02143000,7,12.18178152,37.58,23.6,18.02,10.01,38.1,23.6,18.02,11.54
02143000,8,11.81571114,39.07,22.5,20.37,7.44,38.65,22.5,19.81,9.61
02143000,9,12.14734091,34.25,20.98,14.66,2.66,34.97,21.83,14.66,2.87
02143000,10,13.53725806,31.66,18.74,9.38,-3.51,35.07,21.28,7.56,-3.51
02143000,11,13.48353788,28.36,17.89,3.81,-8.38,28.36,17.89,1.88,-9.57
02143000,12,12.02481672,24.61,15.94,-7.53,-18.03,24.61,15.94,-1.28,-12.73
02143040,1,11.83453079,23.9,13.04,-7.07,-23.77,23.9,13.04,-5.88,-18.12
02143040,2,12.65134352,25.22,12.35,-6.29,-17.9,25.37,14,-6.29,-17.9
02143040,3,13.48821848,28.57,15.17,-1.63,-13.95,29.55,14.63,-1.63,-13.95
02143040,4,14.17584848,31.58,16.31,4.39,-5.46,31.47,18.81,6.94,-5.46
02143040,5,13.2013563,33.88,20.1,7.7,-1.79,34.04,20.27,7.7,0.24
02143040,6,12.35321212,35.72,20.71,15.32,5.23,36.81,20.67,14.84,6.95
02143040,7,11.89894428,36.86,23.23,17.73,9.9,37.45,23.23,17.73,11.11
02143040,8,11.52107038,38.17,22.22,19.56,7.17,38.06,22.22,19.59,9.54
02143040,9,11.87599242,33.36,20.57,14.16,2.41,34.62,21.49,14.16,2.68
02143040,10,13.21478006,30.92,18.43,8.16,-4.14,34.74,20.71,6.6,-4.14
02143040,11,13.1875,27.76,17.29,3.71,-9.33,27.76,17.29,1.29,-10.2
02143040,12,11.7889846,23.94,16.08,-8.5,-18.95,23.94,16.08,-1.99,-13.3
02143500,1,12.10496334,25.42,14.36,-4.73,-21.6,25.42,14.36,-4.73,-16.23
02143500,2,12.99833467,26.96,14.04,-4.61,-15.99,27,14.78,-4.61,-15.99
02143500,3,13.86041789,29.57,16.4,-0.23,-12.59,30.25,15.9,-0.23,-12.59
02143500,4,14.52315909,32.28,17.77,6.38,-4.2,32.08,19.7,7.56,-4.2
02143500,5,13.45062317,34.88,21.42,8.58,-0.81,34.88,21.42,8.58,1.34
02143500,6,12.58168182,37.16,22.03,16.89,5.88,38.33,21.95,15.46,8.45
02143500,7,12.12357038,38.68,24.21,18.45,11.05,38.96,24.21,18.45,11.9
02143500,8,11.74642962,39.89,23.42,20.32,8.57,39.46,23.42,19.86,10.89
02143500,9,12.11268182,34.9,21.93,14.43,3.19,36.02,22.3,14.43,3.78
02143500,10,13.57075513,32.6,19.66,9.8,-3.4,36.16,21.73,9.11,-3.4
02143500,11,13.56873485,28.53,18.12,4.15,-8.55,28.53,18.48,3.24,-9.54
02143500,12,12.08533724,25.63,17.53,-6.02,-17.2,25.63,17.53,-0.25,-12.53
02149000,1,12.37337977,25.11,12.39,-8.5,-24.16,25.11,12.39,-3.87,-18.85
02149000,2,13.24262269,26.12,11.79,-5.41,-18.29,26.12,14.29,-6.57,-18.29
02149000,3,14.13596041,29.7,15.59,0.22,-12.54,30.06,15.34,0.22,-12.54
02149000,4,15.01349242,32.57,15.88,3.53,-5.05,31.92,17.89,5.68,-5.04
02149000,5,14.09424487,34.27,19.25,7.49,-1.71,34.71,19.68,7.49,-0.1
02149000,6,13.1950303,35.88,20.85,15.11,4.66,37.24,20.77,15.11,6.07
02149000,7,12.67881232,36.98,22.04,17.66,9.43,37.87,22.22,17.66,10.18
02149000,8,12.30998534,37.81,21.61,19.32,6.98,37.66,21.73,20.48,8.43
02149000,9,12.65674242,33.71,20.03,14.81,1.75,34.49,21.58,14.81,1.86
02149000,10,14.00666422,30.94,18.05,8.86,-3.63,33.97,20.65,8.16,-3.78
02149000,11,13.93350758,28.18,17.74,3.28,-9.59,28.18,17.74,0.87,-10.14
02149000,12,12.34621334,24.97,15.32,-8.61,-19.48,24.97,15.32,-2.45,-13.1
02152100,1,12.23821114,24.44,12.93,-6.75,-23.35,24.44,12.93,-5.2,-17.97
02152100,2,13.09182623,25.8,12.49,-5.69,-17.61,26.09,14.12,-5.76,-17.61
02152100,3,13.97856305,28.79,15.51,-0.43,-13.23,29.72,14.79,-0.43,-13.23
02152100,4,14.72298485,32.29,16.26,4.86,-5.22,31.66,18.79,7.45,-5.22
02152100,5,13.73435484,34.42,19.91,7.98,-1.64,34.7,20.32,7.98,0.1
02152100,6,12.86902273,36.35,21.12,15.54,5.22,37.32,20.73,15.36,6.81
02152100,7,12.40206745,37.57,23.12,18,10.07,38.09,23.12,18,10.89
02152100,8,12.00422287,38.61,22.06,19.89,7.43,38.61,22.06,19.93,9.1
02152100,9,12.36666667,33.79,20.26,14.44,2.33,35.03,21.73,14.44,2.33
02152100,10,13.75656891,31.59,18.22,9.03,-3.98,34.9,20.91,7.37,-3.98
02152100,11,13.70826515,28.27,17.59,3.94,-9.45,28.27,17.59,1.38,-10.25
02152100,12,12.1996261,24.52,16.14,-7.84,-18.7,24.52,16.14,-1.84,-13.24
02156500,1,12.20439883,25.15,14,-5.89,-22.04,25.15,14,-3.34,-16.33
02156500,2,13.0643926,26.01,12.57,-4.33,-16.23,26.01,15.03,-4.33,-16.23
02156500,3,13.96508798,29.31,15.67,0.08,-12.36,29.54,15.64,0.08,-12.36
02156500,4,14.65287879,32.5,16.58,6.65,-4.94,31.45,18.39,7.48,-4.94
02156500,5,13.54539589,34.37,20.38,8.06,-0.61,34.37,20.68,8.06,1.69
02156500,6,12.59658333,36.32,21.2,16.73,5.72,38.2,21.51,16.44,8.08
02156500,7,12.09457478,37.81,23.29,19.1,11.11,38.84,23.29,19.1,11.94
02156500,8,11.71611437,39.08,22.57,19.52,10.05,38.49,22.57,20.08,10.95
02156500,9,12.09873485,34.43,20.92,15.14,3.08,35.03,21.7,15.55,3.83
02156500,10,13.50961144,31.92,19.14,9.75,-3.42,35.23,21.19,9.73,-3.42
02156500,11,13.5564697,27.79,17.99,4.63,-8.86,27.79,18.19,3.02,-9.6
02156500,12,12.13156891,24.86,16.8,-5.85,-17.61,24.86,16.8,-0.66,-12.34
02165000,1,12.24689883,25.72,14.84,-3.93,-20.29,25.72,14.84,-2.6,-14.76
02165000,2,13.10435237,26.57,13.29,-1.72,-14.01,26.57,15.78,-1.72,-14.01
02165000,3,14.03294721,30.41,16.22,1.27,-11.01,30.41,16.86,1.27,-11.01
02165000,4,14.63516667,33.76,17.48,7.4,-3.76,32.26,19.17,7.4,-3.67
02165000,5,13.46027859,34.38,20.95,8.4,-0.09,35.2,21.47,8.4,2.86
02165000,6,12.51419697,37.06,22.47,18.06,6.89,39.49,23.64,17.58,9.05
02165000,7,12.07027126,39.03,24.22,20.63,13.05,40.53,24.22,20.63,13.76
02165000,8,11.62593109,39.83,23.9,19.57,12.31,39.34,23.9,20,12.31
02165000,9,12.01236364,35.7,21.68,15.33,4.1,36.25,22.76,16.51,5.26
02165000,10,13.39243402,33.03,20.51,9.61,-2.43,36.43,21.78,10.32,-2.38
02165000,11,13.44270455,27.88,18.78,5.09,-7.28,28.08,19.38,4.74,-8.52
02165000,12,12.08568915,25.57,17.9,-3.82,-16.13,25.57,17.9,1.09,-10.91
02177000,1,11.62091642,23.03,13.15,-7.37,-25.45,23.03,13.15,-5.82,-18.48
02177000,2,12.36877715,23.63,11.41,-5.43,-18.46,23.63,14.2,-6.49,-18.46
02177000,3,13.41494868,27.64,13.5,-0.91,-14.35,28.41,13.58,-0.91,-14.35
02177000,4,14.16625758,30.19,15.3,2.31,-7.51,30.19,16.06,5.11,-6.52
02177000,5,13.13182551,32.48,18.65,6.24,-1.02,32.48,18.65,6.24,-0.26
02177000,6,12.10488636,33.04,19.57,15.63,3.28,35.87,19.74,15.63,5.29
02177000,7,11.47490469,34.9,21.1,18.67,8.8,36.1,20.76,18.25,10.12
02177000,8,11.2130132,35.62,20.88,16.83,9.4,34.01,20.88,18.91,9.4
02177000,9,11.50899242,31.71,19.58,14.64,1.31,32.39,19.71,15.39,2.3
02177000,10,12.73853372,28.32,17.54,4.94,-5.43,31.59,19.62,5.44,-5.43
02177000,11,12.68270455,26.27,16.46,2.92,-10.3,26.27,16.46,0.41,-10.42
02177000,12,11.30938416,22.12,15.92,-8.82,-19.9,22.12,15.92,-3.81,-13.71
02178400,1,11.26155425,21.6,12.72,-11.6,-27.78,21.6,12.72,-8.56,-20.66
02178400,2,11.97470636,23.04,11.45,-9.18,-20.31,23.04,13.29,-9.18,-20.31
02178400,3,12.89956745,25.86,13.01,-5.79,-16.77,27.43,13.24,-5.79,-16.77
02178400,4,13.53737121,28.85,15.43,-0.69,-8.95,28.54,15.7,2.5,-7.84
02178400,5,12.53111437,31.1,18.05,5.54,-1.61,31.1,18.05,5.54,-1.61
02178400,6,11.52404545,32.14,19.51,14.33,1.01,34.64,19.51,14.33,3.7
02178400,7,10.9165176,33.5,20.43,17.37,7.84,34.58,20.43,18.03,9.02
02178400,8,10.7865176,33.43,20.4,15.76,7.63,32.36,20.4,17.87,7.63
02178400,9,11.16913636,30.52,18.89,12.42,-0.3,31.26,18.89,13.37,-0.06
02178400,10,12.43780059,27.11,16.75,2.96,-6.92,29.96,18.79,2.96,-6.92
02178400,11,12.33448485,26.23,16.16,0.66,-10.7,26.23,16.16,-1.72,-11.12
02178400,12,10.98646628,20.96,15.03,-12.14,-22.01,20.96,15.03,-6.78,-15.7
02192000,1,11.77334311,25.39,15.88,-5.02,-20.48,25.39,15.88,-1.84,-14.41
02192000,2,12.63628319,25.69,13.22,-1.85,-14.34,26.51,15.89,-2.64,-14.34
02192000,3,13.67710411,30.48,15.77,1.49,-9.86,30.48,16.17,1.49,-9.86
02192000,4,14.2955,33.64,17.91,7.9,-3.3,31.67,18.78,7.9,-3.3
02192000,5,13.31079912,33.43,21.1,10.22,1.75,34.82,21.43,10.22,3.19
02192000,6,12.27028788,36.92,22.94,17.72,7.33,40.46,23.33,17.72,8.88
02192000,7,11.80527859,39.05,23.91,21.75,13.62,40.64,23.66,22.3,13.62
02192000,8,11.44256598,39.96,23.85,18.61,13.07,38.33,23.85,19.48,13.07
02192000,9,11.85315152,35.16,21.85,15.79,5.03,36.11,22.45,16.45,6.18
02192000,10,13.02782258,32.18,20.35,9.08,-2.41,36.4,21.88,9.08,-2.41
02192000,11,13.04901515,27.6,19.22,4.91,-8.17,27.77,19.22,3.32,-8.17
02192000,12,11.59630865,25.01,18.91,-4.6,-16.75,24.97,18.91,-0.46,-10.36
02193340,1,12.12784457,25.93,16.32,-4.58,-19.91,25.93,16.32,-1.72,-13.1
02193340,2,13.05679807,26.84,13.84,-1.48,-13.63,27.34,16.85,-1.61,-13.63
02193340,3,14.05446481,30.73,16.17,2.4,-8.8,30.81,17.35,2.4,-8.8
02193340,4,14.54685606,33.79,17.97,8.93,-2.88,32.39,19.04,8.2,-2.88
02193340,5,13.68617302,34.42,21.29,10.85,2.32,36.1,21.77,10.85,3.43
02193340,6,12.54756818,38.37,23.14,19.31,7.33,42.05,23.38,19.31,9.8
02193340,7,12.09945748,39.84,24.27,21.94,13.37,42.14,24.26,22.52,13.37
02193340,8,11.71528592,40.78,24.02,18.94,12.54,39.48,24.02,20.26,12.54
02193340,9,12.26152273,36.44,22.33,15.42,5.9,36.44,22.94,15.84,6.27
02193340,10,13.41119501,33.07,20.54,9.84,-2.12,37.15,22.05,10.67,-2.12
02193340,11,13.41468939,28.24,19.5,4.74,-7.6,28.24,19.5,4.68,-7.6
02193340,12,11.98769062,25.76,18.72,-4.91,-16.27,25.76,18.72,-0.42,-9.83
02196000,1,12.61675953,26.18,15.89,-3.44,-19.05,26.18,15.89,-1.79,-12.44
02196000,2,13.61640386,27.21,13.47,-1.44,-13.1,27.21,17.43,-1.44,-13.1
02196000,3,14.59217742,30.62,16.53,3.01,-9.1,30.62,17.1,3.01,-9.1
02196000,4,15.11876515,33.78,17.95,8.74,-3.8,33.23,20.01,8.74,-3.8
02196000,5,14.155,35.25,21.24,9.2,1.28,36.25,21.74,9.2,3.12
02196000,6,12.9772803,39.08,23.54,18.79,7.09,41.43,23.79,18.61,9.45
02196000,7,12.55080645,40.22,24.68,21.47,13.21,40.84,24.68,21.47,13.82
02196000,8,12.13358504,41.05,24.29,18.92,12.44,40.65,24.29,19.93,12.44
02196000,9,12.62442424,36.84,22.56,15.52,5.33,36.84,22.88,16.27,5.51
02196000,10,13.89388563,33.94,21.12,10.28,-2.58,37.13,22.62,10.28,-2.58
02196000,11,13.92035606,28.86,18.99,6.07,-6.79,28.86,20.34,4.95,-6.79
02196000,12,12.58830279,25.82,18.2,-4.51,-15.2,25.82,18.57,1.48,-10.22
02198100,1,12.91272727,26.51,17.5,-2.48,-19.03,26.51,17.5,-1.33,-10.64
02198100,2,13.69595334,28.46,16.09,0.6,-11.33,28.47,16.98,0.6,-11.33
02198100,3,14.40171554,31.55,17.63,6.13,-7.5,31.55,17.46,3.77,-7.5
02198100,4,14.9779697,34.4,19.17,10.18,-2.67,33.5,20.8,9.62,-2.67
02198100,5,14.09739736,35.74,22.58,11.82,4.86,37.44,22.58,11.82,5.25
02198100,6,12.72499242,39.39,24.22,19.91,8.16,40.76,24.22,19.91,11.71
02198100,7,12.23345308,40.17,24.58,22.77,14.34,39.61,24.56,22.77,14.93
02198100,8,11.77461877,40.48,24.88,18.22,13.29,40.48,25.25,21.4,13.83
02198100,9,12.26315152,37.56,22.84,17.16,5.88,37.56,23.65,17.16,6.57
02198100,10,13.74605572,34.17,22.08,13.25,-2.05,37.51,23.51,13.3,-2.05
02198100,11,14.10632576,29.34,20.85,7.41,-6.73,29.09,21.15,5.93,-7.22
02198100,12,12.92505865,26.94,18.35,-2.11,-13.73,26.96,19.54,2.97,-8.6
02202500,1,12.69969208,26.25,17.16,-2.81,-18.65,26.25,17.16,-0.72,-10.8
02202500,2,13.47596138,27.96,14.95,-0.07,-11.41,27.85,16.96,-0.07,-11.41
02202500,3,14.22159091,31.07,17.46,5.68,-7.3,31.07,17.25,5.39,-7.3
02202500,4,14.72891667,34.69,19.44,10.78,-2.32,32.99,20.72,10.78,-2.32
02202500,5,13.86460411,35.5,22.2,12.06,4.31,37.17,22.28,12.06,5.5
02202500,6,12.51514394,38.55,23.86,20,8.99,40.51,23.86,20,12.41
02202500,7,12.06093842,40.07,24.61,23.41,15.03,39.61,24.6,23.41,15.22
02202500,8,11.57688416,40.07,24.82,18.63,13.7,39.61,24.82,23.39,14.17
02202500,9,12.00410606,37.11,22.5,17.07,6.97,37.11,23.28,17.07,7.66
02202500,10,13.42049853,34.03,22,12.4,-1.37,36.79,23.43,13.19,-1.37
02202500,11,13.75829545,29,19.83,8.32,-5.98,29,20.96,6.81,-6.33
02202500,12,12.62682918,26.56,18.44,-2.55,-14.08,26.56,19.3,2.96,-8.18
02202600,1,12.47642962,27.18,17.29,-2.04,-17.5,27.18,18.55,0.6,-9.07
02202600,2,13.11058729,28.45,17.1,0.67,-9.6,28.83,16.58,0.67,-9.6
02202600,3,13.66837243,31.09,18.43,6.04,-5.89,31.4,18.34,6.04,-5.89
02202600,4,14.06106061,35.05,20.09,11.55,-1.46,33.47,21.58,11.55,-1.46
02202600,5,13.24197214,36.01,22.78,14.27,6.19,37.84,23.05,14.27,6.54
02202600,6,11.82104545,38.59,25.26,20.25,9.84,38.59,25.26,20.25,12.79
02202600,7,11.47841642,40.41,26.1,25.23,16.35,39.18,25.04,25.23,16.35
02202600,8,10.88058651,39.55,25.31,18.32,13.55,38.54,25.31,24.9,15.78
02202600,9,11.03931818,36.22,23.9,18.41,8.28,36.46,24.19,18.41,8.85
02202600,10,12.52634164,34.57,24.32,13.41,-0.18,35.92,24.32,14.68,-0.18
02202600,11,13.12171212,29.68,20.81,8.66,-3.99,29.33,22,8.66,-4.57
02202600,12,12.36105205,27.19,19.45,-1.29,-12.69,27.37,20.45,4.1,-7.23
02212600,1,12.72455279,26.06,17.53,-4.61,-20.02,26.06,17.53,-1.6,-13.1
02212600,2,13.51443282,27.99,15.31,-1.1,-13.61,27.1,16.81,-1.1,-13.61
02212600,3,14.41565249,31.25,16.78,4.34,-8.64,31.25,17.84,4.34,-8.64
02212600,4,15.01382576,34.72,19.5,8.55,-2.96,33.14,20.32,8.55,-2.96
02212600,5,14.10174487,34.84,21.44,12.59,3.88,36.18,21.44,12.59,3.88
02212600,6,12.77644697,38.05,23.42,19.94,8.87,41.55,23.42,19.94,10.91
02212600,7,12.19915689,39.83,24.78,21.83,13.59,41.7,24.78,22.94,13.59
02212600,8,11.79320381,39.74,24.3,18.86,12.91,39.74,24.3,20.62,12.91
02212600,9,12.36301515,36.76,22.33,14.99,6.66,37.3,22.33,16.92,6.76
02212600,10,13.77621701,33.08,21.19,9.28,-2.07,37.31,22.39,9.28,-2.07
02212600,11,14.03434848,28.84,19.37,7.46,-7.89,29.78,20.57,4.59,-7.89
02212600,12,12.52308284,25.97,18.79,-4.76,-15.78,25.97,18.79,0.8,-9.53
02215100,1,12.68222874,26.15,17.53,-1.43,-19.08,26.15,18.23,-1.28,-10.9
02215100,2,13.40305712,28.74,16.63,-0.33,-12.15,27.97,18.43,-0.33,-12.15
02215100,3,14.13211144,31.56,17.41,4.88,-7.17,31.56,17.86,4.88,-7.17
02215100,4,14.62968182,34.63,20.34,10.46,-1.53,32.98,20.6,10.46,-1.45
02215100,5,13.85057918,35.62,22.55,13.47,6.14,37.25,22.55,13.47,6.14
02215100,6,12.45457576,38.66,24.54,20.44,9.65,40.43,24.54,20.44,13.14
02215100,7,11.93696481,39.81,24.65,23.31,15.13,40.4,24.51,23.39,15.13
02215100,8,11.63516862,39.59,25.3,19.78,13.67,39.59,25.3,23.42,15.25
02215100,9,12.19638636,37.35,23.52,16.22,7.01,37.38,23.52,16.22,7.41
02215100,10,13.69140762,34.2,22.03,8.65,-0.99,36.99,23.29,8.65,-0.99
02215100,11,13.86984091,29.58,20.1,8.66,-4.88,29.33,21.36,6.91,-7.22
02215100,12,12.58335411,26.69,17.39,-1.27,-12.59,26.58,18.78,1.8,-8.62
02216180,1,12.76468475,26.45,17.82,-1.07,-18.35,26.45,18.31,-0.45,-10.18
02216180,2,13.46296862,28.67,15.78,1.14,-11.21,28.63,19.04,1.14,-11.21
02216180,3,14.16123167,31.26,17.83,6.29,-7.12,31.26,17.88,6.29,-7.12
02216180,4,14.62906818,34.93,20.38,11.71,-1.27,33.36,20.95,11.94,-1.27
02216180,5,13.94856305,35.5,22.92,13.11,6.26,37.48,22.92,13.11,6.9
02216180,6,12.49203788,39.16,24.49,20.38,9.02,39.04,24.49,20.38,13.14
02216180,7,12.01062317,40.22,25.17,22.74,15.64,39.38,24.79,22.74,15.64
02216180,8,11.6348827,39.03,24.98,20.23,13.69,39.03,24.98,26.06,15.76
02216180,9,12.09387879,37.44,23.56,16.81,7.09,37.29,23.56,16.81,7.26
02216180,10,13.52766862,34.25,22.68,12.26,-1,36.42,23.46,12.26,-1
02216180,11,13.84368182,30.01,19.78,9.11,-4.83,30.01,22.23,7.72,-6.81
02216180,12,12.73203812,27.04,17.78,-2.41,-13.33,27.39,19.87,2.82,-7.67
02217500,1,11.33733138,25.37,16.21,-6.18,-20.77,25.37,16.21,-2.59,-15.08
02217500,2,12.19748994,25.32,13.93,-2.94,-14.72,26.47,15.66,-3.3,-14.72
02217500,3,13.25845308,30.56,15.8,1.06,-10.05,30.56,16.54,1.06,-10.05
02217500,4,13.97096212,33.81,17.92,6.99,-3.22,31.6,18.62,6.99,-3.1
02217500,5,13.04549853,33.74,21.15,10.37,2.5,34.44,21.34,10.37,3.04
02217500,6,12.03096212,37.24,23.68,16.92,7.82,40.17,23.68,16.92,8.56
02217500,7,11.5891349,38.94,24.13,21.35,13.63,40.07,23.63,21.48,13.63
02217500,8,11.27872434,39.57,23.68,18.12,12.74,38.41,23.68,19.07,12.74
02217500,9,11.61535606,35.21,21.92,15.61,4.82,36.13,22.42,15.61,6
02217500,10,12.72300587,31.57,20.68,7.45,-2.1,36.38,21.77,7.45,-2.1
02217500,11,12.67043182,27.75,19.2,4.73,-8.35,27.85,19.2,2.57,-8.35
02217500,12,11.13853006,24.77,19.2,-6.24,-17.55,24.77,19.2,-1.78,-10.98
02221525,1,12.47625367,26,17.42,-5.29,-20.09,26,17.42,-1.82,-13.53
02221525,2,13.28753821,27.5,14.96,-1.34,-13.66,27.15,16.31,-1.34,-13.66
02221525,3,14.22191349,31.05,16.58,3.6,-9.01,31.05,17.8,3.6,-9.01
02221525,4,14.83220455,34.6,19.06,8.2,-3.12,32.95,20.09,8.2,-3.12
02221525,5,13.94382698,34.56,21.41,12.26,3.68,35.95,21.41,12.26,3.69
02221525,6,12.69156818,37.83,23.04,19.36,8.74,41.55,23.04,19.36,10.44
02221525,7,12.15563783,39.76,24.54,21.49,13.35,41.62,24.54,23.08,13.35
02221525,8,11.73927419,39.79,24.24,19.17,12.77,39.55,24.24,20.16,12.77
02221525,9,12.27047727,36.35,22.38,14.98,6.01,36.91,22.38,16.72,6.56
02221525,10,13.58651026,32.93,20.99,9.52,-2.2,37.08,22.07,9.52,-2.2
02221525,11,13.77974242,28.49,19.36,6.77,-8.09,29.61,20.19,4.21,-8.09
02221525,12,12.27779692,25.87,19.15,-5.75,-16.51,25.87,19.15,0.46,-9.78
02228000,1,12.9918695,26.98,17.52,-1.59,-16.88,26.98,17.72,0.45,-9.31
02228000,2,13.48833467,28.67,16.43,2.46,-10.3,28.82,18.61,2.46,-10.3
02228000,3,14.0938783,30.58,17.84,6.6,-5.82,31.26,18.28,6.6,-5.82
02228000,4,14.49881061,35.06,20.03,13.15,-1.31,33.42,21.22,13.15,-1.31
02228000,5,13.80269062,35.82,22.62,16.06,6.57,37.42,22.72,16.06,7.34
02228000,6,12.20565152,38.52,24.32,21.59,8.8,38.06,24.32,21.59,13.94
02228000,7,11.80584311,39.84,25.04,26.31,16.08,38.88,24.83,26.61,16.08
02228000,8,11.28560117,38.76,24.9,22.02,15.08,38.76,24.9,26.1,15.91
02228000,9,11.48756061,36.66,24.22,20.12,7.84,36.65,24.22,20.09,9.74
02228000,10,12.99228739,34.56,22.87,13.91,0.65,35.2,23.74,13.91,0.65
02228000,11,13.55990909,30.22,20.64,10.24,-3.29,30.3,23.09,9.02,-5.34
02228000,12,12.80769428,27.43,18.1,-1.72,-12.35,28.01,20.16,4.56,-7.01
02231000,1,13.38861437,27.8,18.46,0.21,-14.16,28.01,18.46,3.35,-7.58
02231000,2,13.66646822,29.83,17.54,4.64,-8.58,30.12,18.78,4.64,-8.58
02231000,3,14.12903959,31.22,20.16,8.05,-3.7,32.53,20.16,8.22,-3.7
02231000,4,14.31698485,34.38,21.32,13.67,0.59,34.12,21.5,14.31,1.1
02231000,5,13.67377566,36.13,22.72,18.51,5.83,37.33,22.72,18.51,5.83
02231000,6,11.87665152,38.78,24.81,22.94,8.46,38.75,24.81,22.94,14.01
02231000,7,11.43795455,38.57,24.72,26.25,16.63,38.35,24.73,27.49,16.63
02231000,8,10.89271994,38.76,25.49,25.47,16.29,38.76,25.49,25.47,16.29
02231000,9,10.84765909,36.02,25.35,23.45,8.98,36.04,25.35,23.14,10.66
02231000,10,12.29633431,34.24,23.88,15.38,0.92,33.75,24.53,15.38,0.92
02231000,11,13.1004697,31,22.1,8.33,-3.83,31.41,23.44,11.51,-3.83
02231000,12,12.93846408,28.79,19.49,-0.81,-10.75,29.13,20.3,5.96,-6.62
02231342,1,12.70959677,29.99,20.76,5.51,-5.95,29.99,20.76,5.51,-2.96
02231342,2,12.7467498,30.51,19.28,11.81,-2.31,31.11,20.16,11.81,-1.6
02231342,3,12.73519795,32.97,22.03,13.49,-0.47,32.97,22.03,13.99,0.91
02231342,4,12.52364394,33.55,22.98,16.61,4.38,35.65,22.98,20.04,4.83
02231342,5,11.74002933,35.55,23.46,22.38,7.74,35.55,23.46,22.38,7.74
02231342,6,10.44791667,37.09,25,26.4,13.21,36.62,25,26.72,17.12
02231342,7,10.316261,36.9,25.69,26.62,17.29,36.9,25.69,26.62,19.65
02231342,8,10.03524927,36.22,25.68,26.31,19.18,36.22,26.16,26.31,19.18
02231342,9,9.482651515,34.71,26.16,25.75,16.78,34.71,26.16,25.75,16.78
02231342,10,10.0519868,34.48,24.79,18.57,5.9,34.48,24.87,18.57,5.9
02231342,11,10.96838636,31.78,22.86,16.35,1.87,31.81,23.19,15.88,2.51
02231342,12,11.73312317,30.06,21.24,6.53,-5.5,30.63,21.61,10.32,-3.13
02235200,1,12.72848974,29.58,20.32,3.6,-9.17,28.74,20.32,3.6,-4.68
02235200,2,12.91930813,30.55,18.73,9.03,-4.15,30.85,20.03,9.03,-4.15
02235200,3,13.19589443,32.35,21.44,10.07,-0.49,33.11,21.44,10.94,-0.75
02235200,4,13.09932576,33.55,22.44,16.26,2.19,34.75,22.64,16.26,3.19
02235200,5,12.42308651,36.23,22.9,20.37,7.52,36.33,23.43,20.37,7.52
02235200,6,10.71963636,37.53,26.21,25.71,11.84,37.4,26.21,25.71,16.22
02235200,7,10.44856305,36.98,25.57,27.79,17.46,36.98,25.57,27.76,19.82
02235200,8,10.0701173,36.52,25.23,25.78,19.17,36.52,26.12,25.78,19.17
02235200,9,9.696356061,35.04,25.26,23.54,12.83,35.24,25.33,23.54,15.38
02235200,10,10.62203079,34.38,24.48,16.21,3.41,34.38,24.48,17.79,3.41
02235200,11,11.48385606,30.65,22.69,13.04,1,32.05,23.53,12.66,1.38
02235200,12,11.98146628,29.14,20.62,2.75,-7.59,29.98,20.61,6.66,-3.81
02236000,1,12.58271994,28.98,20.61,6.12,-6.75,29.39,20.61,6.12,-3.07
02236000,2,12.69213194,30.08,19.11,11.01,-2.87,30.69,20.08,11.01,-2.87
02236000,3,12.78094575,32.2,21.82,12.69,0.19,32.39,21.82,13.09,0.66
02236000,4,12.64965909,33.11,22.81,16.51,3.11,34.63,22.81,19.27,4.89
02236000,5,12.00821114,35.7,23.25,21.92,8.22,35.7,23.25,21.92,8.22
02236000,6,10.53813636,37.04,25.45,26.75,12.16,36.92,25.45,26.75,17.15
02236000,7,10.31225073,36.9,25.36,28.7,17.45,36.9,25.36,27.99,19.88
02236000,8,10.00655425,35.91,25.27,26.83,19.27,35.91,26.19,26.83,19.27
02236000,9,9.571613636,34.58,25.53,25.16,15.02,34.82,25.53,25.16,16.84
02236000,10,10.31858504,34.15,24.68,19.3,4.86,34.15,24.91,19.34,4.86
02236000,11,11.15499242,30.62,23.18,14.86,1.69,32.02,23.05,14.61,2.87
02236000,12,11.76112903,29.37,20.69,4.86,-6.27,30.03,20.93,9.46,-2.99
02245500,1,12.78269795,28.63,19.46,2.26,-12.55,28.35,19.46,3.47,-6.49
02245500,2,13.02004827,29.36,17.21,5.56,-7.23,30.02,19.33,5.56,-7.23
02245500,3,13.3501393,31.59,19.79,8.52,-2.14,33.13,19.79,8.8,-2.14
02245500,4,13.41257576,33.81,21.9,13.45,1.78,34.11,21.94,13.45,1.78
02245500,5,12.75137097,36.07,23.13,19.33,6.37,36.93,23.13,19.33,6.37
02245500,6,11.06387879,38.11,25.44,23.11,9.75,38.11,25.44,23.11,14.74
02245500,7,10.72768328,38.01,25.08,27.37,17.19,38.01,25.08,27.37,17.19
02245500,8,10.20257331,38.04,25.17,25.97,17.12,38.04,25.66,25.97,17.7
02245500,9,9.923416667,35.22,25.36,23.1,10.68,35.47,25.36,23.1,12.41
02245500,10,11.15795455,33.82,23.97,15.6,1.46,33.44,24.86,16.66,1.46
02245500,11,11.98575758,30.61,22.54,10.55,-2.44,32.08,23.27,11.53,-2.44
02245500,12,12.23796921,28.2,19.57,1.6,-9.76,28.98,20.4,5.63,-5.8
02246000,1,12.8852566,28.37,19.37,1.45,-13.12,28.25,19.37,3.28,-6.71
02246000,2,13.10570394,29.55,17.27,5.01,-7.61,29.8,19.31,5.01,-7.61
02246000,3,13.45790323,31.54,20.2,8.4,-2.75,32.97,20.2,8.4,-2.75
02246000,4,13.55332576,34.16,21.94,13.68,1.55,34.18,22.03,13.68,1.88
02246000,5,12.8901173,35.84,23.06,18.57,6.25,37.25,23.06,18.57,6.25
02246000,6,11.21865909,38.43,25.41,22.87,9.26,38.43,25.41,22.87,14.31
02246000,7,10.86719941,38.18,24.91,27.11,16.98,38.18,25.11,27.12,16.98
02246000,8,10.30602639,38.36,25.54,26.4,17.09,38.36,25.79,26.28,17.14
02246000,9,10.06854545,35.6,25.56,22.9,10.1,35.7,25.56,22.9,11.91
02246000,10,11.37321114,34.1,24.09,15.68,1.05,33.69,25,15.89,1.05
02246000,11,12.24019697,30.79,22.48,9.14,-3.13,32.11,23.44,11.08,-3.13
02246000,12,12.37382331,28.36,19.76,0.94,-10.22,29.13,20.53,6.12,-6.16
02296500,1,13.69019062,29.83,20.18,6.13,-6.91,30.38,20.18,6.13,-3.87
02296500,2,13.93119067,30.89,19.26,12.06,-2.78,31.73,19.96,12.06,-2.53
02296500,3,14.07804985,32.62,22.05,14.3,-1.27,33.4,22.05,14.3,-0.51
02296500,4,14.09902273,34.13,22.42,17.28,3.27,35.44,22.83,19.95,3.75
02296500,5,13.55804252,35.89,23.13,24.02,6.75,35.89,23.13,24.02,6.75
02296500,6,11.55206818,38.21,25.33,26.24,11.7,37.09,25.33,26.24,15.88
02296500,7,11.12733871,37.35,24.61,26.55,17.19,37.35,25,26.55,19.1
02296500,8,10.85337977,36.11,24.9,26.25,18.94,36.09,25.01,26.25,18.94
02296500,9,10.43898485,34.96,25.82,24.82,15.68,35.45,25.82,25.56,15.68
02296500,10,11.37936217,34.91,24.03,19.67,3.74,34.91,24.71,19.67,3.74
02296500,11,12.19138636,31.38,23,16.09,0.69,32.57,23.06,15.11,2.35
02296500,12,12.78329912,30.06,21.05,6.08,-5.79,30.66,21.05,10.26,-4.26
02296750,1,13.10655425,29.6,20.32,7.74,-5.88,29.94,20.32,7.74,-3.34
02296750,2,13.30047466,30.5,19.48,11.87,-2.86,31.43,20.06,11.87,-2.86
02296750,3,13.40964809,32.21,22,14.08,-0.07,33.03,22,14.08,0.73
02296750,4,13.39825758,33.83,22.61,17.16,3.49,34.96,23.07,20.22,4.77
02296750,5,12.90852639,35.55,23.35,23.64,7.95,35.81,23.35,23.64,7.95
02296750,6,11.09073485,37.5,25.6,26.9,11.57,36.96,25.6,26.81,16.31
02296750,7,10.69145161,37.17,25.05,26.93,17.58,37.17,25.19,26.93,19.48
02296750,8,10.44653959,36.06,25.36,26.78,19.38,35.91,25.37,26.78,19.38
02296750,9,10.10480303,34.68,25.53,25.25,15.55,35.31,25.63,25.36,16.29
02296750,10,11.00087977,34.62,24.23,19.75,4.36,34.62,24.67,19.75,4.36
02296750,11,11.79787121,31.31,23.18,15.52,1.56,32.32,23.06,14.99,2.99
02296750,12,12.30365103,29.71,20.88,5.69,-5.72,30.41,20.98,9.66,-3.31
02297155,1,13.05108504,29.72,20.6,7.87,-6.24,29.88,20.6,7.87,-3.41
02297155,2,13.25619469,30.72,19.62,11.88,-3.27,31.05,20.58,11.88,-3.27
02297155,3,13.34347507,32.08,21.85,13.39,-0.16,32.95,21.85,13.39,0.43
02297155,4,13.35777273,33.76,22.55,17.04,3.65,34.69,23.42,19.84,4.07
02297155,5,12.98390029,35.61,23.54,23.4,8.34,35.61,23.54,23.4,8.34
02297155,6,11.04940909,37.79,25.98,26.71,11.09,36.77,25.98,26.57,16.15
02297155,7,10.58716276,36.71,25.05,25.97,17.61,36.71,25.37,25.97,19.32
02297155,8,10.3743915,35.92,25.37,26.79,18.88,35.92,25.37,26.79,19.78
02297155,9,10.09901515,34.77,26.03,25,15.33,35.2,26.03,25.28,15.87
02297155,10,11.09748534,34.35,24.1,19.63,3.97,34.35,24.61,19.63,3.97
02297155,11,11.90560606,31.4,23.3,15.24,1.71,32.27,23.19,14.89,2.76
02297155,12,12.34651393,30.01,21.35,6.03,-5.27,30.46,21.35,9.82,-3.41
02297310,1,13.17470674,29.88,20.42,7.68,-5.85,29.79,20.42,7.68,-3.32
02297310,2,13.37484312,30.96,19.47,12.41,-3.02,31.12,20.54,12.41,-3.02
02297310,3,13.45980938,32.11,22.14,13.82,-0.22,32.84,22.14,13.82,0.76
02297310,4,13.49123485,33.89,22.5,17.06,3.75,34.79,23.35,19.72,3.75
02297310,5,13.10281525,35.58,23.48,23.65,8.4,35.59,23.48,23.65,8.4
02297310,6,11.1104697,37.59,26.06,26.89,11.59,36.69,26.06,26.65,16.03
02297310,7,10.63639296,36.83,24.96,26.28,17.61,36.83,25.64,26.28,19.22
02297310,8,10.40604839,35.83,25.42,26.9,18.97,35.92,25.42,26.9,19.82
02297310,9,10.119,34.74,26.16,24.99,15.95,35.29,26.16,25.89,15.98
02297310,10,11.15543255,34.47,24.24,19.98,4.6,34.47,24.73,19.98,4.6
02297310,11,12.00629545,31.37,23.19,15.68,1.79,32.33,23.28,15.58,3
02297310,12,12.45706012,30.14,21.49,6.52,-4.95,30.5,21.49,10.18,-3.47
02298123,1,13.63589443,29.97,20.09,6.63,-6.5,30.14,20.09,6.63,-3.86
02298123,2,13.9,31.31,19.4,12.53,-2.46,31.56,20.17,12.6,-2.46
02298123,3,14.03829912,32.62,22.57,14.4,-1.17,33.07,22.57,14.4,-0.17
02298123,4,14.08478788,34.23,21.91,17.03,3.67,35.38,22.86,19.84,3.67
02298123,5,13.59209677,35.85,23.09,24.34,7.29,35.85,23.17,24.17,7.29
02298123,6,11.50220455,37.91,25.55,25.64,12.62,36.86,25.55,25.64,15.92
02298123,7,11.04826246,37.26,24.68,26.78,17.41,37.26,25.39,26.78,19.48
02298123,8,10.73720674,35.67,25.02,26.31,19.23,35.95,25.02,26.31,19.23
02298123,9,10.32609091,34.72,26.07,24.81,16.22,35.26,26.07,25.75,16.22
02298123,10,11.30069648,34.69,23.93,19.54,4.99,34.69,24.85,19.54,4.99
02298123,11,12.16100758,31.73,22.73,16.38,1.35,32.61,23.08,15.7,2.4
02298123,12,12.74612537,29.96,21.1,7.03,-4.89,30.76,21.1,10.83,-4
02298608,1,12.92615836,29.85,20.44,8.03,-5.93,29.76,20.44,8.03,-3.13
02298608,2,13.10109413,31,19.69,12.3,-3.44,31.01,20.68,12.3,-3.44
02298608,3,13.15602639,31.8,22.06,13.28,0.08,32.48,22.06,13.28,0.49
02298608,4,13.18657576,33.77,22.66,16.97,3.88,34.7,23.47,19.38,3.88
02298608,5,12.84882698,35.62,23.67,23.57,9.06,35.53,23.67,23.57,9.06
02298608,6,10.90687121,37.49,26.21,26.67,11.55,36.57,26.21,26.56,16.03
02298608,7,10.4440176,36.71,25.28,26.34,17.83,36.71,25.83,26.34,19.2
02298608,8,10.22782991,36.02,25.79,26.78,18.86,36.02,25.79,26.78,19.96
02298608,9,9.982280303,34.83,26.26,25.16,15.53,35.26,26.48,25.98,15.53
02298608,10,11.0331085,34.27,24.33,19.66,4.81,34.27,24.8,19.66,4.81
02298608,11,11.87929545,31.45,23.2,15.46,2.19,32.12,23.4,15.46,3.11
02298608,12,12.279989,30.38,21.58,6.66,-4.63,30.38,21.58,9.8,-3.11
02299950,1,12.75557185,29.76,20.59,7.93,-6.24,29.59,20.59,7.93,-3.18
02299950,2,12.93898632,30.77,19.78,11.78,-3.6,30.99,20.71,11.78,-3.6
02299950,3,12.99788123,31.81,21.94,12.92,0.11,32.67,21.8,12.92,0.24
02299950,4,13.01193939,33.65,22.67,16.95,3.74,34.7,23.54,19.51,4.43
02299950,5,12.68075513,35.51,23.69,23.23,8.9,35.51,23.69,23.23,8.9
02299950,6,10.81452273,37.7,26.23,26.31,11.17,36.59,26.23,26.31,16.21
02299950,7,10.36693548,36.57,25.36,26.08,17.82,36.57,25.64,26.08,19.34
02299950,8,10.16307918,36.05,25.73,26.47,18.86,36.05,25.73,26.47,19.99
02299950,9,9.926848485,34.78,26.14,25.13,15.32,35.19,26.48,25.45,15.6
02299950,10,10.91546921,34.16,24.28,19.39,4.42,34.16,24.68,19.39,4.42
02299950,11,11.71704545,31.42,23.3,15.06,2.08,32.08,23.27,14.98,2.96
02299950,12,12.11152126,30.2,21.37,6.17,-5.06,30.33,21.37,9.71,-2.84
02300700,1,11.85140762,29.64,20.52,7.41,-6.01,29.46,20.52,7.41,-2.86
02300700,2,11.98730491,30.42,19.91,11.26,-4.03,30.99,20.96,11.31,-4.03
02300700,3,12.0186217,31.31,22.5,11.85,-0.1,32.48,22.5,11.85,-0.1
02300700,4,12.00670455,33.24,23.23,16.66,3.7,34.78,24.5,19.1,6.27
02300700,5,11.72464076,35.39,23.77,21.24,9.39,35.61,23.92,21.24,9.39
02300700,6,10.10202273,37.59,27.06,25.84,11.46,36.38,27.06,25.84,16.8
02300700,7,9.708093842,36.11,26.41,26.33,18.4,36.11,26.41,26.33,19.93
02300700,8,9.540285924,36.24,26.37,25.97,19.21,36.24,26.55,25.97,20.32
02300700,9,9.402068182,34.66,26.31,24.89,14.81,35.38,27.38,24.89,15.78
02300700,10,10.25422287,33.98,24.63,18.97,5.41,33.98,25.03,18.97,5.41
02300700,11,10.97325,31.29,23.52,14.59,2.77,31.98,23.64,14.08,3.49
02300700,12,11.30350073,30.17,21.22,5.78,-5.59,30.17,21.4,9.08,-1.32
02310947,1,12.80155425,29.86,20.72,6.5,-7.77,29.72,20.72,6.5,-3.95
02310947,2,13.01627514,30.38,19.75,10.18,-4.02,31.69,20.59,10.56,-4.02
02310947,3,13.20739003,32.72,22.17,12.42,-0.08,33.71,22.17,12.42,-0.08
02310947,4,13.20561364,33.8,22.83,17.23,2.48,35.44,22.83,18.59,4.93
02310947,5,12.74815982,36.07,23.26,21.45,8.17,36.27,23.62,21.45,8.17
02310947,6,10.96441667,37.95,25.47,26.29,10.89,37.31,25.47,26.28,16.16
02310947,7,10.54903959,37.23,25.71,26.41,17.71,37.23,25.71,26.41,19.96
02310947,8,10.30875367,36.41,25.45,26.16,18.89,36.32,25.69,26.16,18.89
02310947,9,10.10337879,35.01,25.61,23.98,13.83,35.54,25.68,23.98,15.9
02310947,10,11.00204545,34.67,24.21,18.77,3.6,34.67,25.02,18.77,3.6
02310947,11,11.7122803,31.2,23.27,14.38,2.19,32.41,23.55,13.75,2.3
02310947,12,12.07132331,29.61,21.43,3.99,-6.98,30.5,21.09,8.14,-2.89
02312200,1,13.04882698,29.77,20.11,5.96,-8.64,29.53,20.11,5.96,-4.8
02312200,2,13.26694288,30.3,19,9.8,-4.6,31.02,19.84,9.8,-4.6
02312200,3,13.53208944,32.55,21.69,11.27,-0.72,33.82,21.69,11.27,-0.72
02312200,4,13.50205303,33.87,22.85,17.23,2.66,35.37,23.15,17.23,3.45
02312200,5,13.0386437,35.86,23.26,20.84,7.93,36.13,23.26,20.84,7.93
02312200,6,11.04989394,37.79,25.67,25.43,10.92,37.27,25.67,25.43,15.62
02312200,7,10.58754399,36.92,25.44,26.88,17.55,36.92,25.44,27.23,19.91
02312200,8,10.33641496,36.21,25.35,26.23,18.53,36.3,25.39,26.23,18.53
02312200,9,10.25162879,35.06,24.88,23.3,13.19,35.44,25.43,23.3,15.21
02312200,10,11.29395161,34.54,24.01,18.02,2.94,34.54,24.63,18.64,2.94
02312200,11,12.05690909,31.05,23,14.32,0.91,32.31,23.48,12.93,0.91
02312200,12,12.37038856,29.76,21.36,3.47,-7.42,30.1,20.74,7.41,-3.51
02314500,1,13.46289589,27.65,17.26,-1.28,-15.72,27.65,17.74,1.49,-8.8
02314500,2,13.8461786,29.07,17.48,3.72,-9.9,29.87,18.61,3.72,-9.9
02314500,3,14.42579179,31.09,18.76,7.12,-5.07,32.03,19.55,7.12,-5.07
02314500,4,14.79015909,34.78,21.01,13.2,-0.57,33.84,21.01,13.22,-0.57
02314500,5,14.15361437,35.8,22.16,17.63,6.23,37.45,22.78,17.63,6.23
02314500,6,12.39669697,38.98,24.27,22.56,8.04,38.77,24.27,22.56,13.64
02314500,7,11.94516862,39.31,24.89,26.38,16.44,38.66,24.89,27.75,16.44
02314500,8,11.40811584,38.95,25.16,24.18,15.91,38.95,25.16,25.44,15.91
02314500,9,11.51659091,36.62,24.85,21.74,7.64,36.39,24.85,21.26,9.89
02314500,10,13.03054252,34.37,23.13,14.38,0.48,34.45,24.04,14.38,0.77
02314500,11,13.70756818,30.84,21.33,9.17,-4.01,31.3,23.56,9.75,-4.5
02314500,12,13.15392229,28.58,19.13,-2.31,-11.58,28.93,20.11,5.21,-6.87
02315500,1,13.49640029,27.72,17.83,-0.74,-15.19,27.72,17.86,2.64,-8.35
02315500,2,13.85505229,29.12,17.5,3.92,-9.56,29.8,18.52,3.92,-9.56
02315500,3,14.38828446,31.12,19.25,7.32,-4.61,31.99,19.41,7.65,-4.61
02315500,4,14.67690909,34.4,20.87,13.5,-0.14,33.76,21.09,13.56,0.4
02315500,5,14.03835044,35.72,22.06,18.23,5.88,37.21,22.54,18.23,5.88
02315500,6,12.20493182,39.05,24.34,23.08,8.26,38.68,24.34,23.08,13.87
02315500,7,11.72435484,38.84,24.68,26.15,16.47,38.45,24.68,28.04,16.47
02315500,8,11.23719941,38.71,25.15,25.18,15.91,38.71,25.15,25.53,15.91
02315500,9,11.39112121,36.29,25,22.28,7.93,36.04,25,22.23,10.11
02315500,10,12.93054985,34.22,23.15,14.81,0.43,34.15,24.02,14.81,0.59
02315500,11,13.62401515,30.84,21.48,9.3,-3.94,31.21,23.34,10.87,-4.02
02315500,12,13.15565249,28.58,19.04,-1.52,-11.37,28.88,20.19,5.72,-6.93
02324400,1,13.70901026,27.45,18.84,-0.64,-14.13,27.45,18.84,3.99,-8.37
02324400,2,13.92490748,28.79,17.92,4.26,-9.41,29.39,18.32,4.26,-9.41
02324400,3,14.33524927,30.61,20.89,8.24,-4.38,31.07,20.89,8.24,-4.38
02324400,4,14.51837121,33.49,21.05,13.91,0.4,33.57,21.05,13.91,0.79
02324400,5,13.89679619,36.2,22.87,17.87,4.86,36.07,22.87,17.87,4.86
02324400,6,11.8154697,38.91,24.9,25.22,8.36,38.23,24.9,24.98,13.56
02324400,7,11.11794721,37.77,26,25.25,16.56,37.69,24.89,27.52,16.56
02324400,8,10.77578446,37.67,25.23,24.89,15.05,37.67,25.23,25.7,15.05
02324400,9,11.31700758,35.67,25.59,24.56,7.56,35.82,25.59,21.59,9.91
02324400,10,13.13043255,33.93,23.55,14.99,-0.07,33.89,24.11,15.37,-0.07
02324400,11,13.81104545,30.68,21.47,10.87,-4.48,30.89,22.7,11.22,-4.48
02324400,12,13.36666056,28.93,18.89,-0.57,-11.07,28.25,20.89,5.26,-7.61
02327100,1,13.18994135,26.5,18.24,-2.08,-14.08,27.08,18.8,1.82,-8.54
02327100,2,13.51225261,27.86,18.42,5.58,-9.63,28.37,19.2,6.06,-9.63
02327100,3,13.89330645,30.81,20.97,7.91,-4.46,31.67,20.97,8.95,-4.46
02327100,4,14.10447727,33.15,21.89,13.22,0.74,33.59,21.36,13.63,1.12
02327100,5,13.51150293,36.23,23.28,18.53,5.09,36.79,23.28,18.53,5.09
02327100,6,11.57589394,38.1,25,24.3,8.5,38.3,25.22,24.3,13.67
02327100,7,10.91945015,37.95,25.3,24.17,15.9,37.95,25.3,25.95,15.9
02327100,8,10.62719941,38.12,26,22.72,16.14,38.12,26,25.14,16.17
02327100,9,11.14944697,35.75,25.35,22.96,7.89,37.66,25.35,20.19,9.97
02327100,10,13.07406158,33.59,23.13,15.04,-0.98,35.11,24.94,15.43,-0.98
02327100,11,13.70544697,29.63,21.29,11.36,-2.94,31.23,22.86,10.58,-4.8
02327100,12,12.87142962,27.26,19.81,-0.45,-10.95,27.28,21.15,5.56,-6.92
02329000,1,13.05906158,26.58,17.92,-3.02,-16.49,26.2,18.45,0,-9.33
02329000,2,13.5427675,28.87,17.88,3.06,-10.52,28.71,17.93,3.06,-10.52
02329000,3,14.09997801,30.36,19.75,6.62,-5.55,30.83,19.75,6.62,-5.55
02329000,4,14.44069697,33.63,20.6,13.29,-0.37,32.93,20.6,13.29,0.4
02329000,5,13.69685484,36.31,22.68,17.91,6.24,36.58,22.73,17.91,6.24
02329000,6,11.98922727,39.02,24.23,23.4,9.1,38.33,24.23,23.4,13.58
02329000,7,11.44383431,38.5,24.74,25.19,16.12,38.05,24.72,26.54,16.12
02329000,8,11.17659091,38.17,25.07,23.1,15.54,38.17,25.07,25.24,15.9
02329000,9,11.69889394,36.66,24.73,19.98,8.01,37.06,24.73,19.98,9.1
02329000,10,13.42778592,34.38,22.49,13.58,-0.26,35.46,23.76,13.58,-0.26
02329000,11,13.81106818,30.31,19.86,10.5,-3.26,29.82,22.47,8.93,-5.29
02329000,12,12.84251833,28.08,18.24,-1.16,-12.29,27.15,20.19,3.87,-7.62
02339500,1,11.99109971,24.61,15.79,-6.03,-22.31,24.61,15.79,-2.94,-15.43
02339500,2,12.78778761,25.69,14.23,-4.91,-15.88,26.36,15.91,-4.91,-15.88
02339500,3,13.80319648,30.45,15.83,1.41,-11.02,30.45,16.77,1.41,-11.02
02339500,4,14.47667424,32.84,17.05,8.07,-4.07,31.35,18.76,8.07,-3.35
02339500,5,13.42951613,33.54,20.96,11.78,2.92,34.25,20.96,11.78,3.08
02339500,6,12.37038636,36.29,22.05,19.64,6.47,39.74,22.05,19.64,9.21
02339500,7,11.79994868,37.72,23.37,21.88,13.33,39.56,23.37,22.95,13.33
02339500,8,11.63029326,38.6,23.35,18.89,12.25,38.06,23.35,20.52,12.25
02339500,9,12.13857576,35.44,21.48,15.71,4.67,35.69,22.03,16,5.4
02339500,10,13.38206745,31.29,20.47,6.18,-2.6,36.03,21.46,6.18,-2.6
02339500,11,13.31525,28.08,18.8,5.09,-8.04,28.23,18.93,3.59,-8.29
02339500,12,11.76005865,24.74,17.66,-6.44,-17.57,24.74,17.66,-1.4,-11.23
02342933,1,12.83457478,26.63,16.98,-4.54,-18.65,26.63,16.98,-1.14,-11.23
02342933,2,13.47880933,27.72,17.91,-2.69,-13.11,28.77,17.91,-2.69,-13.11
02342933,3,14.31182551,30.72,19.07,1.4,-7.46,30.72,19.07,1.4,-7.46
02342933,4,14.66491667,33.26,19.77,8.56,-2.15,33.28,20.52,11.13,-0.34
02342933,5,13.7388783,35.86,22.46,14.79,4.7,35.86,22.46,14.79,4.7
02342933,6,12.34150758,39.06,24.07,22.69,8.32,38.28,24.07,22.69,10.9
02342933,7,11.78209677,38.93,24.05,24.15,15.04,38.93,24,23.16,15.04
02342933,8,11.70329179,39.4,25.04,18.75,14,39.4,25.04,23.17,14
02342933,9,12.25081818,36.69,23.92,15.67,6.46,37.8,23.92,18.77,6.46
02342933,10,13.79312317,33.25,22.51,7.31,-1.28,37.01,22.51,7.31,-1.28
02342933,11,13.97069697,29.25,20.72,6.7,-5.74,31.03,20.78,6.7,-7.47
02342933,12,12.62359971,26.76,19.48,-4.46,-14.99,27.46,19.48,2.22,-9.36
02347500,1,12.41554252,25.58,16.8,-5.27,-21.02,25.58,16.8,-2.32,-13.81
02347500,2,13.17790829,26.88,15.57,-3.46,-14.62,26.76,16.29,-3.46,-14.62
02347500,3,14.13293255,30.78,17.38,2.94,-9.18,30.78,18.27,2.94,-9.18
02347500,4,14.60769697,33.6,19.24,8.74,-3.49,32.11,19.52,8.62,-2.33
02347500,5,13.55786657,34.62,21.51,13.8,3.91,35.09,21.51,13.8,3.91
02347500,6,12.38728788,37.55,22.95,19.9,7.56,40.28,22.95,19.9,10.45
02347500,7,11.7960044,38.76,24.15,21.93,13.69,40.1,24.15,24.35,13.69
02347500,8,11.54812317,39.07,23.97,18.87,12.81,38.72,23.97,20.6,12.81
02347500,9,12.08621212,36.23,22.26,15.51,5.84,36.71,22.31,15.51,6.44
02347500,10,13.42475073,32.19,21.23,6.62,-1.87,36.67,21.74,6.62,-1.87
02347500,11,13.58643182,28.22,19.41,5.54,-7.23,28.89,20.06,4.63,-7.81
02347500,12,12.1568695,25.39,18.76,-5.4,-16.26,25.39,18.76,0.08,-10.19
02349500,1,12.51466276,25.77,16.97,-4.66,-20.55,25.77,16.97,-1.89,-13.22
02349500,2,13.27495575,27.05,15.82,-2.8,-14.2,26.99,16.45,-2.8,-14.2
02349500,3,14.1922654,30.92,17.15,3.44,-8.79,30.92,18.21,3.44,-8.79
02349500,4,14.67707576,33.79,19.42,9.04,-3.11,32.45,19.7,9.04,-2.11
02349500,5,13.67210411,34.73,21.57,13.74,4.18,35.49,21.57,13.74,4.18
02349500,6,12.44418939,37.67,23.14,20.38,8.03,40.47,23.14,20.38,11.03
02349500,7,11.86010264,38.81,24.28,22.3,13.86,40.33,24.28,24.22,13.86
02349500,8,11.59340176,39.04,24.2,18.94,13.35,39,24.2,21.06,13.35
02349500,9,12.14193182,36.44,22.45,15.91,6.28,36.78,22.45,15.96,6.68
02349500,10,13.52417155,32.5,21.34,7.2,-1.78,36.76,21.95,7.2,-1.78
02349500,11,13.70012121,28.34,19.29,6.3,-6.86,29.09,20.22,5.16,-7.68
02349500,12,12.28134897,25.58,18.66,-4.62,-15.61,25.58,18.66,0.55,-9.93
02349900,1,12.68478739,26.11,17.47,-1.61,-19.1,26.11,18.23,-1.42,-11.07
02349900,2,13.40272727,28.68,16.86,-0.65,-12.43,27.86,18.28,-0.65,-12.43
02349900,3,14.1305132,31.47,17.78,4.65,-7.15,31.47,17.99,4.65,-7.15
02349900,4,14.60691667,34.44,20.23,10.42,-1.63,32.98,20.6,10.42,-1.41
02349900,5,13.81142962,35.54,22.34,14.11,5.97,37.16,22.34,14.11,5.97
02349900,6,12.40990909,38.53,24.59,20.59,9.89,40.45,24.59,20.59,12.95
02349900,7,11.87823314,39.58,24.58,23.25,15.03,40.53,24.58,23.96,15.03
02349900,8,11.59706012,39.48,25.25,19.76,13.66,39.48,25.25,23.02,15.17
02349900,9,12.16591667,37.23,23.55,16.47,7.03,37.41,23.55,16.47,7.53
02349900,10,13.70363636,34.1,21.99,8.21,-0.98,36.86,23.51,8.21,-0.98
02349900,11,13.8605,29.59,20.21,7.97,-4.84,29.4,21.26,6.85,-7.29
02349900,12,12.5626063,26.6,17.38,-1.03,-12.37,26.51,18.63,1.73,-8.93
02350900,1,12.81900293,26.34,17.17,-3.13,-18.96,26.34,17.7,-1.61,-11.45
02350900,2,13.52551891,28.1,17.02,-1.58,-13.11,28,17.02,-1.58,-13.11
02350900,3,14.29832845,30.94,18.24,4.33,-7.48,30.94,18.9,4.33,-7.48
02350900,4,14.68236364,33.55,19.99,10.4,-2.09,33.22,20.06,11.46,-0.36
02350900,5,13.80556452,35.93,21.95,15.86,5.32,36.52,21.95,15.86,5.32
02350900,6,12.37497727,38.36,23.99,21.09,9.27,39.78,23.99,21.09,12.5
02350900,7,11.80884897,38.75,24.24,24.12,15.14,39.65,24.23,25.4,15.14
02350900,8,11.60379765,39.25,24.99,19.45,13.89,39.25,24.99,23.1,14.54
02350900,9,12.15993939,37.03,23.39,16.91,7.09,37.47,23.39,17.65,7.09
02350900,10,13.74405425,33.59,21.94,8.11,-1.15,36.49,22.72,8.11,-1.15
02350900,11,13.92869697,29.73,19.62,7.8,-5.45,30.11,20.87,7.29,-7.27
02350900,12,12.64250367,26.54,18.69,-2.72,-13.57,26.75,18.69,1.97,-9.56
02361000,1,12.67469208,26.44,16.98,-4.32,-18.28,26.44,17.99,-2.04,-10.65
02361000,2,13.24598552,27.98,17.68,-2.11,-12.46,28.69,18,-2.11,-12.46
02361000,3,14.01543255,30.69,20.13,2.18,-7.1,30.82,20.13,2.18,-7.1
02361000,4,14.35577273,33.81,19.67,9.16,-1.53,33.48,20.85,11.79,-0.15
02361000,5,13.54129032,35.94,22.75,16.09,5.84,36.24,22.75,16.09,5.8
02361000,6,12.0967197,39.11,24.44,23.28,9.53,38.29,24.44,23.28,11.14
02361000,7,11.61328446,39.65,24.31,24.68,16.32,39.65,24.31,22.91,16.08
02361000,8,11.54714076,39.18,25.03,19.95,14.4,39.18,25.03,23.6,14.4
02361000,9,12.09631061,36.56,24.01,16.9,7.4,37.94,24.01,19.86,7.41
02361000,10,13.64503666,33.37,22.61,8.58,-0.66,37.09,22.89,8.58,-0.66
02361000,11,13.71771212,29.55,21.03,7.21,-4.87,30.94,21.07,7.02,-7.02
02361000,12,12.44767962,27.12,19.46,-4.14,-14.6,27.9,19.46,2.07,-9.46
02363000,1,12.67636364,26.47,16.89,-4.55,-18.62,26.47,17.15,-1.62,-11.1
02363000,2,13.28411102,27.8,17.69,-2.7,-12.88,28.66,18,-2.7,-12.88
02363000,3,14.08711144,30.52,19.21,1.15,-7.39,30.61,19.21,1.15,-7.39
02363000,4,14.44319697,33.52,19.64,8.51,-1.92,32.95,20.67,11.02,-0.37
02363000,5,13.568739,35.87,22.38,15.25,5.27,35.87,22.38,15.25,5.1
02363000,6,12.17580303,39.06,23.88,23.01,8.83,37.75,23.88,23.01,10.93
02363000,7,11.64882698,39.19,23.83,24.21,15.67,39.19,23.83,22.85,15.67
02363000,8,11.59789589,39.18,24.83,19.16,13.86,39.18,24.83,23.22,13.86
02363000,9,12.14072727,36.48,23.73,15.88,6.74,37.72,23.73,19.08,6.74
02363000,10,13.65346774,33.17,22.56,7.18,-1.15,37.06,22.71,7.18,-1.15
02363000,11,13.7967197,29.09,20.96,6.27,-5.25,31,20.96,6.1,-7.31
02363000,12,12.45500733,26.84,19.55,-4.61,-14.98,27.5,19.55,1.75,-9.27
02365500,1,12.81075513,26.1,16.93,-3.16,-17.63,26.1,18.06,-0.95,-10.21
02365500,2,13.32345133,27.79,17.69,-1.21,-12.15,28.61,18.03,-1.21,-12.15
02365500,3,14.05851173,30.78,19.59,3,-6.67,30.78,19.59,3,-6.67
02365500,4,14.36245455,33.72,19.84,10.09,-1.65,33.4,21.23,12.32,0.45
02365500,5,13.54014663,35.84,22.53,16.75,6.2,36.17,22.53,16.75,5.74
02365500,6,12.04917424,39.05,24.42,23.98,8.73,38.26,24.42,23.98,12.23
02365500,7,11.50054985,39.15,24.42,25.13,16.04,39.15,24.42,23.67,16.04
02365500,8,11.44126833,38.76,25.03,20.29,14.58,38.76,25.03,23.73,14.58
02365500,9,12.04363636,36.61,23.97,17.42,7.34,38.06,23.97,20.09,7.49
02365500,10,13.68648094,33.29,22.74,9.48,-0.39,37.17,23.2,9.48,-0.39
02365500,11,13.85499242,29.4,20.84,7.43,-4.59,30.9,21.43,7.43,-6.78
02365500,12,12.55778959,27.28,19.48,-3.71,-13.88,27.55,19.76,2.29,-8.87
02369800,1,13.13565982,26.18,17.48,-1.2,-16.88,26.18,19.04,-0.07,-9.58
02369800,2,13.52214803,27.72,18.68,-0.3,-12.17,28.5,20.09,-0.3,-12.17
02369800,3,14.21931085,31.1,19.82,4.12,-7.05,31.22,19.82,4.12,-7.05
02369800,4,14.48332576,34.27,20.73,10.66,-1.96,33.67,22.73,12.48,0
02369800,5,13.66030059,36.18,22.89,19.44,5.68,36.32,22.89,18.42,5.55
02369800,6,12.07693939,39.35,24.54,24.62,8.36,38.75,24.76,24.19,12.4
02369800,7,11.47987537,39.02,25.1,24.68,15.99,39.02,25.1,24.5,15.42
02369800,8,11.40513196,38.73,25.34,20.22,13.95,38.73,25.34,23.42,13.95
02369800,9,12.06389394,36.25,24.2,17.49,6.85,38.32,24.2,19.86,6.88
02369800,10,13.86542522,33.41,23.3,9.96,-1.11,37.25,23.68,9.96,-0.76
02369800,11,14.16190152,29.98,20.9,7.32,-5.05,30.73,22.09,7.32,-6.73
02369800,12,12.78702346,27.39,20.01,-5.26,-13.71,27.26,21.52,2.55,-8.91
02371500,1,12.63552053,26.22,16.83,-4.14,-18.45,26.22,17.42,-1.42,-11.05
02371500,2,13.22506034,27.82,17.47,-2.77,-12.77,28.72,18.56,-2.77,-12.77
02371500,3,14.02848974,30.54,18.93,1.15,-7.74,30.75,18.97,1.15,-7.74
02371500,4,14.38503788,33.56,20.09,8.68,-1.98,32.68,20.91,10.98,-0.2
02371500,5,13.50857771,35.84,22.52,15.79,5.3,35.84,22.52,15.79,4.84
02371500,6,12.13927273,39.24,24,22.93,8.71,37.74,24,22.93,11.23
02371500,7,11.59071114,39.19,23.79,24.21,15.64,39.19,24.04,23.14,15.64
02371500,8,11.57696481,39.36,24.66,19.4,13.57,39.36,24.66,22.95,13.57
02371500,9,12.13288636,36.56,23.78,15.95,6.64,37.88,23.78,18.77,6.86
02371500,10,13.63054985,33.27,22.6,7.13,-0.95,37.29,23.05,7.13,-0.95
02371500,11,13.80052273,29.3,20.95,5.93,-4.92,31.14,21.06,5.8,-7.2
02371500,12,12.42029692,26.97,19.65,-4.53,-14.91,27.36,19.93,1.36,-9.08
02372250,1,12.62382698,26.3,16.8,-3.7,-18.39,26.3,17.68,-1.31,-11.07
02372250,2,13.21326629,27.88,17.58,-2.85,-12.78,28.72,19.76,-2.85,-12.78
02372250,3,14.02930352,30.53,19.01,1.37,-8.1,30.85,19.35,1.37,-8.1
02372250,4,14.38498485,33.54,20.59,8.8,-2.06,32.69,21.15,10.46,-0.08
02372250,5,13.49518328,35.82,22.58,16.47,5.17,35.82,22.58,15.65,4.79
02372250,6,12.15679545,39.43,24.18,22.8,8.58,37.63,24.18,22.8,11.42
02372250,7,11.58554252,39.21,23.92,24.23,15.3,39.21,24.31,23.65,15.3
02372250,8,11.60815249,39.41,24.47,19.73,13.14,39.41,24.54,22.53,13.14
02372250,9,12.15824242,36.67,23.81,16.07,6.35,37.99,23.81,18.13,6.91
02372250,10,13.62708211,33.44,22.58,7.21,-1.14,37.47,23.29,7.21,-1.14
02372250,11,13.8227803,29.49,20.79,5.79,-4.73,31.24,21.42,5.79,-7.02
02372250,12,12.41701979,26.99,19.69,-4.64,-15.06,27.25,20.26,0.89,-9.02
02374500,1,12.91826246,26.87,16.72,-1.33,-17.83,26.87,17.85,-0.94,-11.1
02374500,2,13.45449718,28.03,17.97,-1.75,-12.85,28.84,20.64,-1.75,-12.85
02374500,3,14.28883431,30.65,20.14,3.1,-8.16,30.91,20.14,3.1,-8.16
02374500,4,14.57107576,33.57,20.77,9.15,-1.93,33.47,21.19,11.34,-0.43
02374500,5,13.62222874,35.08,22.6,19.54,4.91,35.49,22.6,16.3,4.9
02374500,6,12.17354545,39.33,24.1,23.82,8.3,37.71,24.37,23.68,11.45
02374500,7,11.56482405,39.07,23.91,24.38,14.63,39.07,24.55,24.38,14.63
02374500,8,11.64153226,39.13,24.57,20.34,13.08,39.13,24.7,22.8,13.08
02374500,9,12.23878788,36.93,23.89,17.02,6.08,37.88,23.89,17.9,7.06
02374500,10,13.86863636,33.49,22.99,8.22,-1.16,37.33,23.36,8.22,-0.93
02374500,11,14.03087121,30.15,20.39,6.14,-5.52,30.67,21.66,6.14,-6.66
02374500,12,12.65284091,27.02,19.36,-6.03,-14.98,27.02,20.93,1.31,-9.64
02375500,1,12.70924487,26.06,16.36,-2,-17.51,26.06,17.54,-0.61,-10.32
02375500,2,13.1882864,27.62,17.53,-1.58,-12.4,28.32,19.09,-1.58,-12.4
02375500,3,13.93784457,30.46,19.4,3.12,-7.33,30.62,19.11,3.12,-7.33
02375500,4,14.21405303,33.26,20.44,9.74,-1.67,33,21.02,11.94,0.23
02375500,5,13.34719208,35.54,22.64,18.35,5.88,35.54,22.64,17.28,5.63
02375500,6,11.96950758,38.94,24.28,24.41,8.37,37.74,24.28,24.41,12.16
02375500,7,11.41041789,39.01,24.32,25.33,15.81,39.01,24.32,25.17,15.81
02375500,8,11.43208944,38.83,24.61,20.57,14.11,38.83,24.61,23.33,14.11
02375500,9,12.0500303,36.42,23.88,17.12,6.87,37.88,23.88,19.13,7.32
02375500,10,13.63844575,33.22,22.7,8.34,-0.77,37.22,23.24,8.34,-0.77
02375500,11,13.81430303,29.6,20.71,6.68,-4.84,30.84,21.27,6.68,-6.71
02375500,12,12.4568805,27.1,19.21,-4.94,-14.38,26.81,20.56,1.93,-9
02381600,1,10.9952566,22.49,15.17,-11.84,-25.78,22.49,15.61,-7.6,-19.39
02381600,2,11.74475463,23.85,14.42,-9.23,-19.21,25.59,16.85,-9.23,-19.21
02381600,3,12.69771994,30.09,15.6,-4.41,-14.92,30.09,16.27,-4.41,-14.92
02381600,4,13.69390152,31.8,16.85,3.43,-6.68,29.75,17.75,5.3,-4.93
02381600,5,12.79648827,32.23,20.18,8.36,0.54,32.74,20.18,8.36,0.81
02381600,6,11.87438636,35.24,22.14,16.95,2.71,38.73,22.14,16.95,6.19
02381600,7,11.39771994,36.27,22.25,21.35,11.83,38.59,22.71,21.48,11.42
02381600,8,11.35815249,37.46,23.59,18.14,9.87,37.46,23.59,19.83,9.87
02381600,9,11.77307576,33.88,21.54,15.14,1.25,35.19,21.54,15.72,2.98
02381600,10,12.75402493,30.94,18.63,1.82,-4.22,34.59,21.24,1.82,-2.63
02381600,11,12.29856061,27.68,18.77,2.55,-9.38,27.68,18.77,2.06,-9.38
02381600,12,10.68122067,23.36,16.06,-7.98,-21.08,23.36,16.87,-4.21,-13.86
02383500,1,11.29613636,23.27,15.27,-9.64,-25.03,23.27,15.31,-5.99,-18.48
02383500,2,12.10680611,24.53,13.71,-8.28,-18.27,25.85,16.42,-8.28,-18.27
02383500,3,13.10953812,30.25,15.49,-2.72,-14.83,30.25,16.4,-2.72,-14.83
02383500,4,14.05595455,32.19,16.89,4.25,-5.61,30.39,18.24,6.04,-4.95
02383500,5,13.08235337,32.68,20.46,9.84,1.19,33.24,20.59,9.84,1.54
02383500,6,12.18231061,36.05,22.29,18.49,3.92,39.32,22.29,18.49,7.05
02383500,7,11.65961144,36.62,22.63,21.4,12.13,39.07,22.79,21.4,11.65
02383500,8,11.63804252,38.03,23.44,18.63,10.89,38.03,23.44,20.29,10.89
02383500,9,12.09306061,34.6,21.24,15.37,2.25,35.5,21.65,15.86,3.84
02383500,10,13.17041056,30.85,19.29,3.2,-3.93,35.22,21.18,3.2,-3
02383500,11,12.74193939,28.09,18.44,3.25,-9.18,28.09,18.44,2.08,-9.18
02383500,12,11.04044355,23.85,16.07,-8.42,-20.08,23.85,16.79,-3.64,-12.89
02384540,1,11.1023827,21.76,14.78,-11.11,-27.04,21.83,16.5,-6.91,-21.26
02384540,2,11.82465809,23.95,12.91,-11.02,-19.72,26.18,18,-11.02,-19.72
02384540,3,12.85093109,30.07,16.13,-5.33,-14.91,30.07,17.97,-5.33,-14.91
02384540,4,13.9004697,31.22,17.61,1.82,-7.08,30,18.75,6.03,-6.74
02384540,5,12.94453079,32.42,20.53,9.98,-1.19,33.41,20.8,9.98,0.97
02384540,6,12.12825,35.42,22.3,16.51,2.03,39.91,23.06,16.51,5.87
02384540,7,11.52753666,36.1,23.41,20.88,10.8,39.64,23.41,20.88,11.63
02384540,8,11.59687683,38.34,24.37,18.07,9.04,38.34,24.37,20.02,9.04
02384540,9,12.09721212,34.36,21.73,13.68,0.16,36.32,22.23,13.68,2.33
02384540,10,13.11782258,31.09,19.75,2.05,-5.1,35.06,21.61,2.05,-3.03
02384540,11,12.54524242,27.83,17.68,2.11,-9.93,28.23,18.11,1.93,-9.93
02384540,12,10.87267229,23.88,15.68,-10.95,-21.23,23.88,16.92,-4.7,-15.25
02387000,1,11.26875367,23.39,15.01,-9.11,-25.42,23.39,15.73,-5.76,-18.83
02387000,2,12.10658085,24.67,12.85,-8.71,-18.44,26.31,17.14,-8.71,-18.44
02387000,3,13.1884824,30.22,15.39,-2.51,-15.12,30.22,17.19,-2.51,-15.12
02387000,4,14.16589394,31.74,17.39,3.84,-5.34,30.98,18.63,6.54,-5.34
02387000,5,13.20302786,32.8,20.58,10.33,1.05,33.62,21.13,10.33,1.8
02387000,6,12.39465909,36.78,22.35,18.81,4.58,39.98,22.47,18.81,7.89
02387000,7,11.8098827,37.05,23.21,21.23,12.19,39.76,23.21,21.23,11.9
02387000,8,11.90454545,38.73,23.94,19.99,10.74,38.73,23.94,21.38,10.74
02387000,9,12.41003788,35.09,21.69,15.72,2.49,36.43,22.17,15.98,3.52
02387000,10,13.44527859,31.44,19.61,3.7,-3.65,35.58,21.6,3.7,-2.77
02387000,11,12.87250758,28.18,17.98,2.66,-8.98,28.6,17.98,2.66,-8.98
02387000,12,11.06365469,24.11,15.82,-8.58,-19.83,24.11,16.29,-3.29,-12.89
02387500,1,11.3867522,23.43,15.03,-9.04,-25.17,23.43,15.28,-5.49,-18.46
02387500,2,12.22062751,24.6,13.17,-8.39,-18.34,26.07,16.45,-8.39,-18.34
02387500,3,13.27118035,30.21,15.23,-2.44,-15.05,30.21,16.18,-2.44,-15.05
02387500,4,14.22393182,31.92,16.92,4.24,-5.47,30.65,18.26,6.32,-5.15
02387500,5,13.22219208,32.71,20.44,10.2,1.22,33.3,20.67,10.2,1.65
02387500,6,12.33534091,36.39,22.28,18.68,4.31,39.45,22.28,18.68,7.42
02387500,7,11.77695015,36.63,22.75,21.37,12.22,39.18,22.82,21.37,11.72
02387500,8,11.80365836,38.17,23.39,19.19,10.89,38.17,23.39,20.96,10.89
02387500,9,12.29517424,34.7,21.31,15.55,2.44,35.81,21.74,16.04,3.74
02387500,10,13.38449413,30.96,19.37,3.63,-3.84,35.35,21.1,3.63,-3.06
02387500,11,12.92559091,28.13,18.06,3.12,-9.16,28.13,18.06,2.13,-9.16
02387500,12,11.16170088,23.96,15.89,-8.67,-19.88,23.96,16.3,-3.63,-12.72
02395120,1,11.57699413,25.11,16.12,-8.01,-23.26,25.11,16.12,-4.95,-16.79
02395120,2,12.47122285,25.84,14.98,-6.42,-16.61,27.17,16.33,-6.42,-16.61
02395120,3,13.60035191,30.8,16.63,0.12,-13.35,30.8,16.63,0.12,-13.35
02395120,4,14.45256818,32.89,17.45,6.45,-4.8,31.94,18.55,7.66,-4
02395120,5,13.29854839,34.18,21.33,11.93,2.71,34.18,21.33,11.93,1.91
02395120,6,12.36828788,37.46,22.81,19.83,5.64,40.4,22.81,19.83,8.73
02395120,7,11.82412023,38.25,23.43,21.75,12.77,40.45,23.35,22.26,12.33
02395120,8,11.80242669,39.33,23.67,18.9,11.87,39.33,23.67,20.17,11.87
02395120,9,12.31334848,36.07,21.93,15.43,3.41,36.58,21.93,16.56,5.18
02395120,10,13.45392229,31.51,20.57,5.78,-3.1,36.64,21.93,5.78,-2.72
02395120,11,13.09037879,28.59,19.42,4.05,-8.75,28.91,19.42,3.43,-8.86
02395120,12,11.28929985,25.09,17.7,-8.79,-18.76,25.09,17.7,-2.37,-11.56
02408540,1,12.59966276,24.95,16.12,-5.3,-20.76,24.95,16.59,-2.84,-15.74
02408540,2,13.31396621,26.64,15.15,-6.83,-15.95,26.99,16.11,-6.83,-15.95
02408540,3,14.37671554,30.66,17.54,-0.4,-11.5,30.66,17.3,-0.4,-11.5
02408540,4,14.91400758,32.42,19.24,8.22,-3.43,31.7,19.24,8.25,-2.7
02408540,5,13.6038563,35.06,21.61,14.51,3.24,35.06,21.46,12.96,3.24
02408540,6,12.53046212,37.8,22.97,21.18,6.51,39.18,23.13,21.18,9.55
02408540,7,11.90717009,37.87,23.44,22.88,12.54,37.93,24.85,22.89,12.54
02408540,8,11.9966349,39.34,24.02,18.91,11.2,39.34,24.02,20.69,11.2
02408540,9,12.693,36.22,23.04,14.65,4.18,37.47,23.04,17.57,4.75
02408540,10,14.07505865,31.81,21.59,5.12,-2.43,37.14,22.3,5.12,-2.43
02408540,11,13.94284091,28.67,20.39,2.92,-7.08,30.13,20.57,2.92,-7.67
02408540,12,12.37397361,25.25,19.05,-7.17,-17.29,25.25,19.05,-0.92,-11.8
02414500,1,12.27686217,24.5,14.94,-6.71,-22.34,24.5,15.54,-3.68,-16.05
02414500,2,13.05253419,26,14.88,-6.62,-16.27,27.11,15.55,-6.62,-16.27
02414500,3,14.18254399,30.25,16.66,1.08,-11.71,30.25,17.03,1.08,-11.71
02414500,4,14.79769697,32.12,18.47,7.43,-3.87,31.39,18.47,8.92,-3.48
02414500,5,13.52754399,34.68,21.35,13.26,2.84,34.68,21.35,13.26,2.54
02414500,6,12.48558333,37.02,22.95,19.56,6.12,39.33,22.95,19.56,9.6
02414500,7,11.81258798,37.03,23.27,22.14,12.53,38.57,23.27,22.88,12.53
02414500,8,11.78516129,38.5,23.87,18.73,11.29,38.28,23.87,20.72,11.29
02414500,9,12.45389394,35.56,22.41,15.48,3.92,35.75,22.41,15.59,4.97
02414500,10,13.77595308,31.33,21.01,5.75,-2.93,36.07,21.86,5.75,-2.93
02414500,11,13.69134091,28.28,19.62,4.58,-7.64,29.18,19.62,4.48,-8.8
02414500,12,12.05160557,25,18.84,-6.51,-17.51,25,18.84,-1.02,-11.59
02415000,1,12.69356305,24.68,15.66,-5.94,-21.65,24.68,16.13,-2.65,-16.15
02415000,2,13.40422365,26.51,15.03,-7.18,-16.59,26.93,15.43,-7.18,-16.59
02415000,3,14.54160557,30.61,17.29,-0.5,-11.71,30.61,17.38,-0.5,-11.71
02415000,4,15.08706061,32.24,19.07,7.38,-3.92,31.98,19.07,8.96,-3.53
02415000,5,13.70605572,34.75,21.43,13.45,2.35,34.75,21.43,11.99,2.35
02415000,6,12.63654545,37.58,23.13,20.33,6.16,39.13,23.13,20.33,9.18
02415000,7,11.9268695,37.91,23.19,22.42,11.82,37.44,24.33,22.85,11.82
02415000,8,11.97203079,39.19,24.02,18.42,10.78,39.19,24.02,20.25,10.78
02415000,9,12.72406818,35.74,22.76,14.45,3.67,36.79,22.76,16.5,4.61
02415000,10,14.19223607,31.74,21.71,4.96,-2.85,36.38,22.07,4.96,-2.85
02415000,11,14.08382576,28.76,20.28,2.7,-7.1,29.4,20.28,2.7,-8.09
02415000,12,12.48498534,25.32,19.06,-7.01,-17.53,25.32,19.06,-1.37,-12.17
02422500,1,12.22140029,25.84,16.12,-3.67,-19.65,25.89,16.86,-2.4,-13.97
02422500,2,12.91108608,27.14,16.79,-5.36,-14.48,27.74,17.28,-5.36,-14.48
02422500,3,13.81863636,30.47,18.92,1,-10.33,30.47,18.92,1,-10.33
02422500,4,14.23831061,33.08,18.98,9.19,-2.26,32.34,20.3,9.19,-0.89
02422500,5,13.17564516,34.96,22.36,16.88,4.89,34.96,22.24,14.95,4.49
02422500,6,12.1430303,38.08,23.53,22.05,6.92,38.95,23.56,22.05,11.01
02422500,7,11.63324047,38.81,23.93,23.87,13.78,38.81,24.21,23.87,13.71
02422500,8,11.8104912,39.81,24.43,20.13,12.58,39.81,24.43,22.07,12.58
02422500,9,12.43101515,37.2,23.95,15.56,4.67,38.05,23.95,17.66,6.05
02422500,10,13.62482405,32.85,22.2,5.7,-1.34,37.99,22.55,5.7,-1.22
02422500,11,13.56956818,29.41,20.71,3.94,-6.54,30.85,21.1,3.94,-7.21
02422500,12,12.00703446,26.16,18.55,-6.65,-16.54,26.16,18.56,-0.18,-10.85
02427250,1,12.66692815,26.73,16.22,-1.78,-18.03,26.73,16.98,-1.55,-11.56
02427250,2,13.22342719,27.99,18.06,-2.9,-13,28.67,20.04,-2.9,-13
02427250,3,14.06610704,30.33,19.54,2.69,-8.44,30.52,19.12,2.69,-8.44
02427250,4,14.37420455,33.46,20.65,8.88,-1.93,32.9,20.91,10.54,-0.15
02427250,5,13.41989736,35.3,22.63,18.54,5.38,35.3,22.57,15.58,5.26
02427250,6,12.15233333,39.16,24.28,23.55,8.11,37.35,24.28,23.55,11.54
02427250,7,11.58329912,39.38,24.01,25.02,14.81,39.38,24.34,25.02,14.77
02427250,8,11.69395161,39.5,24.52,20.82,12.88,39.5,24.64,22.22,12.88
02427250,9,12.26849242,37.02,24.05,16.59,6.1,37.84,24.05,17.68,6.92
02427250,10,13.72872434,33.57,22.97,7.25,-1.03,37.54,23.29,7.25,-1.03
02427250,11,13.88262879,29.88,20.38,5.99,-5.58,31.16,21.33,5.88,-6.88
02427250,12,12.4586327,26.84,19.17,-5.48,-15.19,26.9,20.34,0.83,-9.68
02430085,1,11.74993402,24.36,16.69,-11.12,-23.42,24.36,16.69,-6.23,-16.23
02430085,2,12.58891392,27.38,15.89,-7.04,-16.92,27.53,17.34,-7.04,-16.92
02430085,3,13.73721408,29.89,18.58,-1.52,-11.52,30.24,19.14,-1.52,-11.52
02430085,4,14.31526515,33.13,19.52,7.86,-3.78,32.94,19.52,7.86,-3.78
02430085,5,13.12981672,34.11,21.86,16,3.27,34.13,21.51,12.79,2.93
02430085,6,12.46593182,37.66,23.29,20.06,6.99,39.67,23.51,20.06,9.27
02430085,7,11.92693548,39.65,23.68,24.29,12.95,38.58,23.62,21.19,12.81
02430085,8,12.42205279,41.17,24.34,21.93,9.88,41.17,24.34,23.49,10.47
02430085,9,13.29280303,37.78,23.15,16.72,3.63,37.16,23.58,18.3,3.96
02430085,10,14.18999267,32.34,20.59,5.41,-3.25,36.29,20.79,5.41,-2.36
02430085,11,13.37800758,29.38,19.06,3.25,-8.23,30.61,19.06,1.69,-8.91
02430085,12,11.55541056,24.97,19.5,-11.36,-20.56,25.16,18.66,-3.46,-12.57
02430615,1,11.82370235,24.6,16.77,-10.66,-23.1,24.6,16.77,-6.25,-16.23
02430615,2,12.67476267,27.58,16.12,-6.84,-16.55,27.58,17.29,-6.84,-16.55
02430615,3,13.82629032,30.08,18.66,-1.33,-11.3,30.43,19.13,-1.33,-11.3
02430615,4,14.36957576,33.3,19.54,7.97,-3.69,33.14,19.54,7.97,-3.69
02430615,5,13.18166422,34.28,21.92,16.37,3.44,34.28,21.75,13.15,2.69
02430615,6,12.48856061,37.85,23.36,20.33,7.11,39.51,23.51,20.33,9.46
02430615,7,11.95618035,39.75,23.6,24.21,12.76,38.96,23.61,21.23,12.69
02430615,8,12.46046921,41.23,24.37,22.14,9.87,41.23,24.37,23.71,10.45
02430615,9,13.3312803,37.86,23.28,16.87,3.7,37.24,23.62,18.27,4.27
02430615,10,14.25546921,32.5,20.76,5.65,-3.12,36.44,20.92,5.65,-2.36
02430615,11,13.45168182,29.4,19.05,3.3,-8.24,30.74,19.05,1.71,-8.88
02430615,12,11.61557551,25.23,19.78,-11.02,-20.29,25.27,18.76,-3.17,-12.39
02448000,1,12.14997801,25.74,16.23,-6.8,-19.44,25.29,16.46,-4.16,-14.23
02448000,2,12.92152051,30.2,17.38,-6.94,-14.89,30.2,17.49,-6.94,-14.89
02448000,3,13.77494868,30.59,20.4,0.35,-9.87,30.59,19.59,0.35,-9.87
02448000,4,14.05223485,33.46,19.83,8.52,-2.75,32.42,21.08,9.49,-1.61
02448000,5,12.91325513,35.02,22.8,18.02,4.58,35.02,22.54,13.8,3.71
02448000,6,12.20894697,37.12,24.02,23.15,6.65,38.36,24.02,23.15,10.41
02448000,7,11.68646628,39.54,24.15,24.88,13.91,38.14,24.33,23.78,13.77
02448000,8,12.01128299,40.11,24.8,22.47,11.6,40.11,24.8,24.62,11.62
02448000,9,12.91636364,38.09,23.55,16.92,4.52,38.09,23.55,17.66,5.19
02448000,10,14.03961144,33.34,21.78,6.8,-2.35,36.78,21.73,6.8,-2.35
02448000,11,13.49335606,29.56,19.46,3.54,-6.27,30.74,19.46,3.46,-8.25
02448000,12,12.00589443,26.82,20.85,-9.34,-18.85,26.82,20.13,-0.35,-11.52
02450250,1,11.46142229,24.04,17.42,-9.09,-24.1,24.04,17.42,-5.97,-16.41
02450250,2,12.21225261,27.76,15.24,-8.06,-17.86,27.76,16.4,-8.06,-17.86
02450250,3,13.21437683,29.4,17.93,-3.09,-12.12,29.4,17.62,-3.09,-12.12
02450250,4,13.88857576,32.59,19.27,6.93,-4.13,32.59,19.27,7.06,-4.11
02450250,5,12.73439883,33.3,21.68,13.97,3.25,33.3,21.68,12.49,2.59
02450250,6,12.21154545,36.82,22.89,19.78,6.3,39.62,22.92,19.78,8.42
02450250,7,11.67239736,38.55,23.4,23.22,12.78,38.34,23.7,21.71,12.67
02450250,8,12.12629765,40.34,24.07,20.56,10.43,40.34,24.07,21.58,10.72
02450250,9,12.86304545,37.25,22.43,16,2.68,37.25,22.96,15.66,4.41
02450250,10,13.68127566,31.91,20.8,4.12,-3.13,36.33,21.26,4.12,-2.23
02450250,11,12.9700303,28.89,19.14,2.12,-8.34,30.16,19.14,1.51,-9.42
02450250,12,11.29639663,24.78,18.17,-11.69,-21.2,24.78,17.86,-3.33,-13.17
02456500,1,11.83321114,24.71,15.89,-5.57,-22.66,24.71,15.89,-4.31,-15.52
02456500,2,12.6122687,27.65,14.82,-8.17,-16.69,27.65,17.08,-8.17,-16.69
02456500,3,13.62111437,30.36,16.89,-2.31,-13.2,30.12,17.57,-2.31,-13.2
02456500,4,14.27237121,32.06,18.88,6.98,-3.97,32.02,18.97,8.4,-3.95
02456500,5,13.07725806,34.42,21.98,15.67,3.4,34.42,21.75,11.63,2.74
02456500,6,12.33485606,37.07,22.45,20.46,6.5,39.25,22.97,20.46,8.46
02456500,7,11.77082111,38.17,23.67,23.03,12.98,39.24,24.32,23.03,12.98
02456500,8,12.05496334,40.1,24.38,20.55,10.6,40.1,24.38,22.02,10.6
02456500,9,12.74462879,37.08,22.8,16.03,4.06,36.78,22.8,16.88,4.91
02456500,10,13.75719941,31.87,21.27,4.76,-2.63,36.65,22.15,4.76,-2.57
02456500,11,13.34508333,29.19,18.64,3.03,-7.63,30.11,19.3,2.29,-8.33
02456500,12,11.68468475,25.33,18.14,-9.28,-18.43,25.33,17.38,-1.605,-11.82
02464000,1,12.24689883,25.06,17.05,-7.61,-21.45,25.06,17.19,-3.94,-14.71
02464000,2,13.0625181,28.59,16.43,-6.65,-15.92,28.59,17.96,-6.65,-15.92
02464000,3,14.02554985,30.75,19.03,-0.68,-11.69,30.75,18.84,-0.68,-11.69
02464000,4,14.60687121,33.52,19.43,8.16,-3.75,32.9,19.83,9.47,-2.79
02464000,5,13.35300587,34.76,21.81,16.87,4.11,34.76,21.81,14.32,3.77
02464000,6,12.61238636,37.48,23.07,21.53,6.47,39.38,23.81,21.53,9.14
02464000,7,12.03016129,38.73,23.91,23.33,13.77,38.73,23.97,23.33,13.2
02464000,8,12.29833578,40.12,24.61,20.92,11.4,40.12,24.61,24.09,11.57
02464000,9,13.07615152,37.49,23.6,16.26,3.89,37.47,23.6,17.76,4.43
02464000,10,14.13702346,32.68,21.16,5.69,-2.45,37.3,22.23,5.69,-1.87
02464000,11,13.69442424,29.61,19.3,3.54,-7.16,30.76,19.37,3.54,-7.79
02464000,12,12.03591276,26.13,19.5,-10.22,-18.88,26.13,18.82,-1.69,-11.67
02464146,1,12.24972141,25.51,16.79,-5.5,-20.98,25.51,17.08,-3.52,-14.24
02464146,2,13.04969429,28.53,16.88,-6.3,-15.54,28.53,18.56,-6.3,-15.54
02464146,3,14.04115836,31.08,19.23,-0.21,-11.46,31.08,18.98,-0.21,-11.46
02464146,4,14.55862121,33.56,19.24,8.16,-3.26,32.99,20.07,10.06,-2.16
02464146,5,13.361239,35.52,21.91,17.11,4.12,35.52,21.91,14.56,3.83
02464146,6,12.583,37.63,22.91,22,6.87,39.08,23.79,22,9.85
02464146,7,12.00771994,38.97,24.01,23.31,13.65,38.97,24.04,23.31,13.1
02464146,8,12.21151026,40.32,24.33,20.35,11.79,40.32,24.33,24.36,11.79
02464146,9,12.94839394,37.26,24.21,16.07,4.56,37.26,24.21,17.7,4.63
02464146,10,13.99346041,32.82,21.59,5.75,-2.32,37.55,22.29,5.75,-2.32
02464146,11,13.68778788,29.9,19.69,3.67,-6.58,30.83,19.69,3.67,-7.42
02464146,12,12.04419355,26.36,19.63,-9.21,-18.27,26.36,18.75,-0.82,-11.05
02464360,1,12.29225073,25.51,16.85,-6.5,-20.64,25.51,17.21,-3.24,-13.98
02464360,2,13.09825422,28.98,17.19,-6.22,-15.1,28.98,18.33,-6.22,-15.1
02464360,3,14.07085044,31.26,19.77,-0.11,-10.65,31.26,19.05,-0.11,-10.65
02464360,4,14.58120455,33.86,19.47,8.57,-3.29,32.92,20.27,10.23,-2.22
02464360,5,13.38918622,35.38,22.06,17.31,4.56,35.38,22.06,14.55,4.05
02464360,6,12.61381061,37.62,23.25,22.24,6.73,39.24,24.03,22.24,9.83
02464360,7,12.02532991,39.1,24.09,23.82,13.9,39.1,24.11,23.82,13.24
02464360,8,12.24711877,40.19,24.74,20.91,11.84,40.19,24.74,24.6,12.01
02464360,9,13.04161364,37.65,24.17,16.54,4.46,37.65,24.17,18.07,4.46
02464360,10,14.12042522,33.1,21.6,6.05,-2.11,37.62,22.33,6.05,-2.11
02464360,11,13.75061364,29.78,19.62,4,-6.52,30.87,19.62,4,-7.43
02464360,12,12.09693915,26.6,19.77,-9.55,-18.21,26.6,19.03,-0.79,-10.8
02465493,1,12.18753666,26.12,17.27,-4.04,-19.54,26.12,17.38,-2.43,-13.42
02465493,2,12.90395012,28.58,17.87,-5.24,-14.12,28.58,18.56,-5.24,-14.12
02465493,3,13.91346774,31.48,19.87,0.68,-9.33,31.48,19.56,0.68,-9.33
02465493,4,14.29715909,33.86,19.66,8.83,-2.56,32.96,20.55,10.12,-1.14
02465493,5,13.21307185,35.74,22.64,17.96,4.93,35.74,22.64,14.65,4.55
02465493,6,12.36933333,37.87,23.58,22.76,6.98,39.01,23.93,22.76,11.18
02465493,7,11.75876833,39.16,24.43,24.24,14.33,39.16,24.43,24.24,13.46
02465493,8,11.90994868,40.59,24.72,20.38,12.82,40.59,24.72,24.16,12.82
02465493,9,12.64238636,37.02,24.57,16.73,5.37,37.48,24.57,18.74,5.44
02465493,10,13.73760997,33.17,22.25,6.26,-2.08,37.79,22.8,6.26,-2.08
02465493,11,13.57649242,29.98,20.49,4.69,-6.24,30.68,20.49,4.69,-6.75
02465493,12,11.96633431,26.81,19.55,-7.53,-16.98,26.81,19.28,0.08,-10.45
02469800,1,12.91979472,27.52,17.76,-1.2,-17.65,27.52,17.76,-1.2,-11.88
02469800,2,13.47990346,27.57,17.59,-3.06,-12.74,28.42,18.44,-3.06,-12.74
02469800,3,14.32002199,31.06,20.31,2.42,-8.43,30.84,19.9,2.42,-8.43
02469800,4,14.55475758,33.66,20.5,9.46,-1.83,33.38,20.67,11.39,0.34
02469800,5,13.52162757,35.56,22.96,20.02,4.67,35.56,22.96,17.24,4.67
02469800,6,12.31647727,38.4,24.1,24.11,7.31,37.35,24.45,24.11,11.09
02469800,7,11.72664956,39.16,24.29,23.8,14.77,39.16,24.35,23.8,14.65
02469800,8,11.88024927,39.1,25.05,21.76,12.65,39.1,25.05,23.86,12.65
02469800,9,12.57736364,36.91,23.86,18.11,4.7,37.2,23.86,19.57,7.02
02469800,10,14.05931085,33.34,22.58,7.97,-1.41,36.98,22.58,7.97,-1.41
02469800,11,14.09351515,29.47,20.36,6.23,-5.49,30.36,20.36,5.79,-6.31
02469800,12,12.69239003,27.39,19.9,-5.52,-15.24,27.39,20.73,0.68,-9.55
02472000,1,12.76312317,26.3,17.11,-1.29,-17.33,26.08,17.63,-1.83,-12.54
02472000,2,13.29272727,28.49,17.85,-5,-12.9,29.27,19.35,-5,-12.9
02472000,3,14.02221408,31,20.31,1.87,-8.63,31.17,20.23,1.87,-8.63
02472000,4,14.12900758,33.73,21.4,9.71,-2.52,32.75,21.76,10.16,-0.71
02472000,5,13.10021994,34.87,22.82,19.51,4.47,34.87,22.82,15.01,3.19
02472000,6,12.34815152,38.49,24.5,25.07,7.56,37.28,24.98,25.07,10.52
02472000,7,11.83954545,39.13,24.14,25.48,14.61,39.13,24.41,25.03,14.61
02472000,8,12.09854106,39.71,24.48,23.25,11.96,39.71,24.61,23.25,11.96
02472000,9,12.90119697,38.64,24.35,17.71,4.41,38.64,24.35,20.05,5.35
02472000,10,14.39392962,33.82,22.51,6.67,-1.96,36.42,22.51,6.67,-1.96
02472000,11,14.02985606,29.71,20.4,4.57,-6.04,29.71,20.4,3.13,-6.49
02472000,12,12.55821114,26.94,21.26,-7.17,-16.69,27.01,21.03,-0.09,-10.11
02472500,1,12.67869501,26.3,17.56,-2.03,-16.38,26.08,17.56,-0.83,-12.27
02472500,2,13.11526146,28.58,18.39,-3.53,-11.86,29.48,19.88,-3.53,-11.86
02472500,3,13.77432551,31.39,20.45,2.29,-7.83,31.21,20.18,2.84,-7.83
02472500,4,13.82625,33.76,21.93,9.99,-1.88,33.05,21.89,9.99,0.24
02472500,5,12.85266862,35.21,22.74,19.33,5.26,35.21,22.74,16.17,4.02
02472500,6,12.02997727,38.07,24.55,24.91,8.13,38.07,24.98,25.27,11.55
02472500,7,11.55509531,39.45,24.31,25.42,16.1,39.45,24.99,25.3,16.1
02472500,8,11.77808651,39.89,25.14,23.16,12.91,39.89,25.14,23.16,12.91
02472500,9,12.45405303,38.66,24.77,18,5.09,38.66,24.77,20.67,6.82
02472500,10,14.01454545,33.71,22.55,7.17,-1.52,36.48,22.55,7.17,-1.52
02472500,11,13.72809091,30.1,20.43,4.84,-4.96,30.1,20.43,2.98,-6.03
02472500,12,12.44261364,27.28,21.61,-6.85,-15.96,27.28,21.49,0.18,-9.46
02475000,1,12.81510997,26.24,17.08,-1.07,-16.9,26.16,18.02,-0.33,-12
02475000,2,13.27770716,28.43,18.16,-3.41,-12.38,29.04,19.44,-3.41,-12.38
02475000,3,13.98475806,31.12,20.34,2.68,-7.94,31.13,20.23,3.01,-7.94
02475000,4,14.10426515,33.74,21.5,10.52,-2.16,33.06,21.74,10.95,-0.07
02475000,5,13.12952346,35.04,22.49,19.94,4.98,35.04,22.49,16.31,3.88
02475000,6,12.25462879,38.05,24.35,24.97,7.63,37.62,24.79,24.97,11.08
02475000,7,11.74617302,39.08,24.32,25.99,16.06,39.08,24.59,26.17,15.89
02475000,8,11.96024194,39.52,24.78,23.91,12.64,39.52,24.78,23.91,12.64
02475000,9,12.68431818,38.08,24.43,17.93,4.85,38.08,24.43,20.45,6.28
02475000,10,14.22764663,33.61,22.55,7.33,-1.8,36.48,22.55,7.33,-1.8
02475000,11,13.98487121,29.74,20.3,5.32,-5.55,29.9,20.3,3.9,-5.78
02475000,12,12.58757698,27.04,21.29,-6.34,-15.9,27.04,20.96,0.45,-9.56
02475500,1,12.7203739,26.22,17.24,-2.29,-18.38,26.22,18.07,-3.08,-13.68
02475500,2,13.34313757,28.8,18.21,-6.45,-14.33,28.8,18.92,-6.45,-14.33
02475500,3,14.17673754,30.7,20.31,1.27,-9.32,30.88,20.29,1.27,-9.32
02475500,4,14.35637879,33.92,20.09,8.21,-3.05,32.81,21.46,10.46,-1.77
02475500,5,13.25042522,34.49,23,19.3,3.76,34.53,22.53,14.27,3.01
02475500,6,12.5877197,38.62,24.19,23.67,6.62,37.28,24.69,23.67,10.2
02475500,7,11.99395161,38.9,24.09,26.01,13.78,38.9,24.34,25.34,13.41
02475500,8,12.26008065,40.25,24.48,23.69,11.16,40.25,24.48,23.8,11.16
02475500,9,13.15055303,38.52,24.14,17.14,4.32,38.52,24.14,18.5,4.32
02475500,10,14.48095308,33.85,21.87,6.12,-2.53,36.27,22.21,6.12,-2.53
02475500,11,14.10910606,29.72,20.42,4.61,-6.74,30.14,20.42,4.43,-6.86
02475500,12,12.50144062,26.84,21.57,-7.02,-17.53,26.84,20.56,-0.05,-10.76
02478500,1,12.85055718,26.16,16.8,-1.46,-17.48,25.99,18.02,-1.01,-12.04
02478500,2,13.38412711,28.27,18.12,-3.76,-12.83,28.68,18.89,-3.76,-12.83
02478500,3,14.16196481,30.63,20.22,2.69,-8.06,31,20.14,2.69,-8.06
02478500,4,14.33442424,33.78,20.88,9.99,-2.24,33.15,21.3,11.48,-0.15
02478500,5,13.31524194,35.09,22.58,20.1,4.64,35.09,22.53,16.14,4.21
02478500,6,12.38432576,38.15,24.05,24.57,7.13,37.33,24.68,24.57,10.89
02478500,7,11.82603372,39.06,24.17,25.23,15.69,39.06,24.27,25.23,15.07
02478500,8,12.02208211,39.57,24.86,23.73,12.38,39.57,24.86,24.34,12.38
02478500,9,12.7940303,37.32,24.14,17.9,4.69,37.32,24.14,20.42,5.85
02478500,10,14.27958211,33.41,22.43,7.14,-1.88,36.65,22.43,7.14,-1.88
02478500,11,14.10039394,29.52,20.18,5.34,-5.72,30.18,20.18,4.59,-5.83
02478500,12,12.63452346,27.14,21.24,-6.28,-16.05,27.14,20.33,0.44,-9.66
02479155,1,12.91605572,27.01,17.7,-1.19,-16.12,27.01,18.58,0.15,-10.96
02479155,2,13.18641995,28.11,18.81,-0.39,-11.49,28.61,20.03,-0.39,-11.49
02479155,3,13.76898094,31.2,21.05,3.51,-7.06,31.19,20.21,3.57,-7.06
02479155,4,13.85431061,33.76,21.98,9.68,-1.63,33.34,21.88,11.56,0.51
02479155,5,13.03041056,35.21,23.03,20.84,5.63,35.66,23.03,18.09,4.62
02479155,6,12.0119697,38.29,24.54,24.01,8.4,38.34,25.38,24.01,11.98
02479155,7,11.54265396,39.55,24.71,24.74,16.29,39.55,25.3,25.58,16.88
02479155,8,11.65955279,39.46,25.31,24.68,13.63,39.46,25.31,24.61,13.63
02479155,9,12.28916667,37.24,25.08,18.02,5.88,37.24,25.08,20.98,7.72
02479155,10,13.98816716,33.93,23.26,8.51,-1.31,36.42,23.26,8.51,-1.31
02479155,11,13.91024242,29.51,20.24,6.39,-5.57,30.29,20.72,5.05,-5.57
02479155,12,12.64962977,27.47,21.45,-5.03,-14.6,27.47,21.53,1.03,-8.64
02479300,1,12.47182551,26.63,18.16,-1.07,-15.85,26.63,18.3,0.32,-10.66
02479300,2,12.62549477,27.58,18.97,-0.66,-11.28,28.24,20.38,-0.66,-11.28
02479300,3,13.09910557,30.86,21.25,3.75,-6.72,30.52,20.81,3.52,-6.72
02479300,4,13.11817424,33.77,22.13,10.14,-1.13,32.49,22.18,11.22,0.98
02479300,5,12.34242669,35.04,23.8,20.74,6.22,35.59,23.8,18.38,4.7
02479300,6,11.43587121,38.46,24.79,25.25,9.05,38.46,25.54,25.25,12.82
02479300,7,11.04081378,39.04,24.93,24.87,16.96,39.04,25.44,25.36,17.44
02479300,8,11.14789589,39.02,25.54,24.63,14.39,39.02,25.54,24.7,14.39
02479300,9,11.71056061,37.05,25.41,18.48,6.61,37.05,25.41,21.28,8.65
02479300,10,13.3584824,33.43,23.35,8.86,-1.16,35.98,23.35,8.86,-1.16
02479300,11,13.32909091,29.27,20.56,6.53,-4.53,29.6,20.88,5.22,-4.53
02479300,12,12.17449413,27.3,21.54,-4.73,-14.28,27.3,21.93,1.18,-8.18
02479560,1,12.84153226,27.38,17.88,-1.51,-16.37,27.38,17.98,0.09,-10.09
02479560,2,13.20744167,27.75,17.91,-0.54,-11.78,28.33,19.21,-0.54,-11.78
02479560,3,13.83141496,30.98,20.84,3.86,-7.29,30.73,20.53,3.86,-7.29
02479560,4,13.94713636,33.37,21.65,10.12,-1.51,32.66,21.65,12.76,0.52
02479560,5,13.07609971,35.57,23.19,21.33,5.7,35.79,23.19,19.13,5.68
02479560,6,11.86889394,38.01,24.44,24.02,8.29,37.84,25.39,24.02,11.82
02479560,7,11.36826979,38.82,24.92,25.37,15.52,38.82,24.92,25.37,15.52
02479560,8,11.47043255,38.94,25.25,23.72,13.44,38.94,25.25,24.76,13.44
02479560,9,12.15268939,36.36,24.81,18.36,5.33,37.01,24.81,21.08,7.38
02479560,10,13.8591129,33.28,23.88,8.78,-1.07,36.53,23.88,8.78,-1.07
02479560,11,13.93362879,29.26,20.61,6.95,-5.03,30.3,20.81,6.02,-5.34
02479560,12,12.64954912,27.44,20.94,-4.73,-14.17,27.44,20.95,1.04,-8.43
02481000,1,12.04869501,26.58,18.3,-1.04,-15.63,26.58,18.3,0.68,-10.25
02481000,2,12.09641995,26.94,18.69,-0.62,-11.05,27.79,20.66,-0.62,-11.05
02481000,3,12.46423021,30.53,21.29,4.01,-6.38,29.88,21.39,3.7,-6.38
02481000,4,12.41768182,33.74,22.19,10.69,-0.73,31.95,22.54,11.79,1.28
02481000,5,11.68170088,34.93,24.44,20.93,6.66,35.37,24.44,18.7,4.64
02481000,6,10.88685606,38.57,25.28,26.07,9.52,38.57,25.89,25.58,13.11
02481000,7,10.58237537,38.5,25.24,24.88,17.43,38.5,25.74,25.17,17.83
02481000,8,10.66791789,38.72,26.07,24.58,14.66,38.72,26.07,25.09,14.66
02481000,9,11.16892424,36.56,25.92,18.97,7.26,36.56,25.92,21.46,9.37
02481000,10,12.7683871,33.39,23.66,9.3,-1.03,35.33,23.66,9.3,-1.03
02481000,11,12.81264394,29.11,21.07,6.96,-3.85,29.29,21.31,5.86,-4.32
02481000,12,11.73809384,27.05,21.49,-4.42,-13.88,27.05,21.94,1.36,-7.67
02481510,1,12.22134897,26.48,18.42,-0.68,-15.51,26.48,18.42,0.49,-10.68
02481510,2,12.33116653,27.43,18.8,-0.95,-11.1,28.21,20.52,-0.95,-11.1
02481510,3,12.75590909,30.85,21.22,3.92,-6.49,30.21,21.21,3.39,-6.49
02481510,4,12.75091667,33.71,22.44,10.27,-0.94,32.42,22.35,10.41,1
02481510,5,11.99062317,34.9,24.25,20.31,6.41,35.42,24.25,18.14,4.26
02481510,6,11.16532576,38.59,25.02,25.47,9.2,38.59,25.72,25.47,12.88
02481510,7,10.81082845,39.01,25.05,24.81,17.41,39.01,25.52,24.96,17.63
02481510,8,10.92068915,38.73,26.13,24.81,14.25,38.73,26.13,24.74,14.25
02481510,9,11.41514394,37.12,25.59,19.07,6.96,37.12,25.59,21.41,9.1
02481510,10,13.02097507,33.63,23.19,8.95,-0.99,35.68,23.19,8.95,-0.99
02481510,11,12.99228788,29.35,20.83,6.22,-3.85,29.35,21.13,4.89,-4.47
02481510,12,11.90591642,27.33,21.6,-4.63,-14.21,27.33,22.09,1.17,-7.97
02482000,1,12.37503666,25.99,16.75,-5.21,-18.94,25.71,16.77,-4.1,-14.07
02482000,2,13.08056315,29.68,17.62,-7.11,-14.99,29.68,18,-7.11,-14.99
02482000,3,13.94507331,30.77,20.4,0.34,-10,30.77,19.84,0.34,-10
02482000,4,14.14349242,33.31,19.69,8.2,-3.14,32.65,20.67,10.44,-1.88
02482000,5,12.98771994,34.57,22.76,18.16,4.05,34.57,22.5,13.6,3.35
02482000,6,12.36104545,38.06,23.87,23.64,6.56,37.9,23.88,23.64,10.33
02482000,7,11.79258065,39.2,24.08,24.96,13.73,37.95,24.23,24.2,13.63
02482000,8,12.08909824,40.18,24.39,23.26,11.4,40.18,24.39,24.64,11.4
02482000,9,13.00415152,38.07,23.76,16.73,4.32,38.07,23.76,17.37,4.57
02482000,10,14.18061584,33.63,21.7,6.57,-2.7,36.01,21.84,6.57,-2.7
02482000,11,13.69408333,29.51,19.89,4.43,-6.33,30.33,19.89,3.81,-7.93
02482000,12,12.17681452,26.7,21.19,-8.6,-18.3,26.49,20.55,-0.66,-11.38
02486000,1,12.2491349,25.97,16.77,-4.08,-18.2,25.97,16.77,-3.45,-13.6
02486000,2,12.91343524,28.85,17.25,-6.66,-14.39,28.85,18.05,-6.66,-14.39
02486000,3,13.74400293,30.47,20.21,0.44,-9.86,30.47,19.66,0.44,-9.86
02486000,4,13.93884848,33.39,20.47,9.05,-3.05,32.65,20.14,10.32,-1.51
02486000,5,12.86335044,34.27,22.94,19.16,4.61,34.45,22.57,14.46,3.05
02486000,6,12.25264394,38.3,24.15,24.07,7.3,37.58,24.12,24.07,10.26
02486000,7,11.74470674,39.23,24.24,26.22,14.39,38.06,24.34,24.64,14.19
02486000,8,12.13374633,40.15,24.73,24.96,11.51,40.15,24.73,24.96,11.51
02486000,9,13.05415152,38.38,24,16.89,4.16,38.38,24,17.82,4.97
02486000,10,14.20986804,33.62,21.69,7.31,-2.53,36.22,21.67,7.31,-2.53
02486000,11,13.65986364,29.64,20.2,4.92,-6.33,30.28,20.2,2.73,-7.77
02486000,12,12.09709677,27,20.75,-7.85,-17.78,26.71,20.9,-0.55,-10.62
02492000,1,12.42581378,26.77,18.78,-0.33,-15.31,26.77,18.78,-0.33,-10.89
02492000,2,12.69786806,28,19,-2.49,-11.9,29.2,20.61,-2.14,-11.9
02492000,3,13.29078446,31.12,20.45,2.73,-7.11,30.72,21.04,2.47,-7.11
02492000,4,13.33049242,33.7,22.1,8.97,-1.43,32.62,22.77,8.97,0.02
02492000,5,12.47270528,35.65,24.1,19.89,5.75,35.65,24.1,17.29,3.47
02492000,6,11.69564394,38.35,24.83,24.24,8.24,38.35,25.55,24.24,11.98
02492000,7,11.27129032,38.94,24.32,24.63,16.66,38.94,25.27,26.25,16.66
02492000,8,11.51208211,40.22,26.12,25.01,13.58,40.22,26.12,24.63,13.58
02492000,9,12.04607576,39.14,25.22,19.11,5.7,39.14,25.22,20.77,7.53
02492000,10,13.59199413,33.93,22.72,9.16,-1.18,36.1,22.87,9.16,-1.18
02492000,11,13.3095,30.2,20.6,5.4,-3.93,30.2,20.6,3.46,-5.1
02492000,12,12.15483871,27.18,21.34,-5.73,-15.06,27.18,22.08,0.99,-8.71
03010500,1,9.230183284,16.91,7.52,-19.56,-32.73,16.91,7.52,-19.56,-32.73
03010500,2,10.65374095,16.06,4.59,-14.62,-25.91,21.81,6.1,-17.84,-30.23
03010500,3,11.87119501,26.79,9.54,-10.41,-23.66,25.86,9.54,-10.41,-24.53
03010500,4,13.33444697,29.17,12.17,-3.89,-13.66,29.17,11.37,-3.34,-12.22
03010500,5,14.11700147,31.48,17.48,5.46,-5.28,31.48,17.48,2.56,-5.83
03010500,6,13.27095455,31.66,19.17,11.17,-1.63,31.66,18.56,11.17,-0.42
03010500,7,13.01977273,34.92,20.46,16.61,2.77,36.99,20.46,17.22,3.3
03010500,8,12.76221408,33.63,20.78,13.9,-1.95,33.63,20.78,13.9,2.71
03010500,9,12.49681061,31.1,19.22,8.51,-3.47,31.81,18.89,9.24,-3.47
03010500,10,11.81983138,27.66,15.06,1.06,-9.89,28.17,16.66,0.72,-6.94
03010500,11,9.67925,23.46,12.06,-7.33,-15.19,23.27,9.83,-7.94,-16.33
03010500,12,8.189248534,18.44,10.11,-17.59,-27.33,18.59,10.11,-12.76,-25.27
03010655,1,9.412192082,16.26,7.46,-19.18,-33.01,16.26,7.46,-19.18,-33.01
03010655,2,10.7669107,15.66,5.18,-15.13,-27.03,22.1,5.7,-18.29,-30.51
03010655,3,11.9203739,27.01,9.38,-10.66,-25.12,25.84,9.38,-10.66,-25.12
03010655,4,13.30985606,29.14,12.36,-4.31,-14.05,29,11.49,-3.74,-12.39
03010655,5,14.14542522,31.64,17.02,4.69,-5.41,31.64,17.02,1.94,-5.82
03010655,6,13.2715,32.07,18.92,10.93,-1.94,32.07,18.82,10.93,-0.4
03010655,7,13.02396628,35.07,20.36,15.89,3.27,36.78,20.36,17.06,3.27
03010655,8,12.79607771,33.98,20.55,13.78,-1.73,33.98,20.55,13.78,2.37
03010655,9,12.53833333,31.19,19.34,8.42,-4.64,31.69,18.64,8.78,-4.64
03010655,10,11.85725073,27.7,14.41,1.01,-10.26,28.37,16.3,0.65,-7.7
03010655,11,9.733757576,23.54,11.82,-7.79,-16.28,23.45,9.47,-8.24,-18.17
03010655,12,8.32202346,18.18,10.06,-17.6,-27.82,18.91,10.06,-13.19,-26.28
03011020,1,9.233321114,16.61,7.48,-19.15,-31.57,16.61,7.48,-19.15,-31.57
03011020,2,10.60584071,16.24,4.49,-14.25,-25.05,21.79,6.05,-18.18,-29.47
03011020,3,11.79014663,26.63,9.4,-10.72,-23.66,26.07,9.36,-10.72,-24.19
03011020,4,13.10563636,29.69,12.51,-4.04,-13.58,28.75,11.76,-3.38,-12.29
03011020,5,13.91688416,31.36,17.54,5.3,-4.31,31.36,17.54,2.94,-5.64
03011020,6,13.08784091,31.58,19.15,10.91,-1.32,31.58,18.9,10.91,0.5
03011020,7,12.84064516,34.37,20.76,16.97,3.83,36.23,20.76,17.24,4.11
03011020,8,12.56346041,33.67,21.44,14.54,-1.49,33.67,21.44,14.54,3.29
03011020,9,12.35265909,31.35,19.46,8.93,-3.45,31.68,19.28,9.42,-3.45
03011020,10,11.57302786,28.01,14.61,1.07,-9.23,28.14,16.19,1.07,-6.7
03011020,11,9.523621212,23.23,11.84,-7.31,-15.1,23.74,10.26,-7.41,-16.52
03011020,12,8.141660557,19.04,9.83,-17.11,-27.47,18.21,9.65,-12.94,-24.87
03011800,1,9.120271261,17.06,7.55,-20.01,-34.1,17.06,7.55,-20.01,-34.1
03011800,2,10.60023331,15.99,4.91,-15.81,-26.55,21.1,6.88,-18.77,-31.85
03011800,3,11.81351906,26.18,9.94,-11.26,-24.52,25.5,9.94,-11.26,-24.9
03011800,4,13.30044697,29.09,11.59,-4.36,-13.87,28.69,11.41,-4.23,-12.98
03011800,5,14.20319648,31.29,17.56,4.96,-5.76,31.29,17.56,2.14,-6.4
03011800,6,13.42278788,31.54,19.41,10.62,-2.23,31.54,18.7,10.62,-1.12
03011800,7,13.14812317,34.49,20.27,16.02,1.87,36.28,20.34,16.02,2.49
03011800,8,12.86197214,33.05,20.93,13.48,-3.55,33.02,20.93,13.48,1.84
03011800,9,12.55304545,30.21,19.02,7.65,-3.62,31.68,18.94,8.43,-3.62
03011800,10,11.72549853,27.25,15.16,0.3,-10.19,28.44,16.4,0.3,-7.17
03011800,11,9.458045455,22.76,12.63,-7.26,-17.18,23.36,10.09,-8.7,-17.18
03011800,12,8.058145161,19.78,10.46,-18.06,-28.99,18.14,10.46,-13.62,-26.07
03015500,1,8.691085044,18.09,10.21,-20.29,-32.37,18.09,10.21,-20.29,-32.37
03015500,2,10.25278359,18.82,4.53,-14.78,-25.65,22.37,8.34,-17.14,-30.88
03015500,3,11.48120235,26.84,11.64,-10.84,-24.71,25.89,11.64,-10.94,-24.32
03015500,4,12.79265152,30.27,14.04,-3.62,-14.36,28.69,14.04,-3.62,-11.69
03015500,5,13.59295455,31.93,19.06,5.81,-4.76,31.93,19.06,3.64,-4.48
03015500,6,12.8484697,32.85,20.46,9.28,-0.62,32.26,20.46,9.28,1.16
03015500,7,12.57038123,35.2,21.78,17.27,3.68,35.41,21.78,17.36,4.77
03015500,8,12.21781525,34.51,21.68,14.93,-0.82,32.7,21.68,14.93,4.23
03015500,9,12.05525758,31.82,19.84,9.54,-1.52,32.34,19.62,9.64,-1.52
03015500,10,11.16629765,28.55,16.13,0.52,-8.27,29.45,16.9,0.52,-4.68
03015500,11,9.052113636,23.34,13.06,-5.46,-13.22,24.46,12.03,-7.34,-13.47
03015500,12,7.619534457,20.5,11.48,-17.67,-24.84,20.01,11.48,-11.55,-21.96
03020500,1,8.949860704,18.46,9.54,-20.05,-32.99,18.46,9.54,-20.05,-32.99
03020500,2,10.51811746,20.15,4.92,-14.43,-25.55,22.71,8.23,-15.13,-30.06
03020500,3,11.82985337,26.87,11.35,-10.15,-24.21,26.86,11.35,-10.15,-23.95
03020500,4,13.26528788,30.17,13.57,-3.12,-14.37,29.4,13.57,-3.12,-11.52
03020500,5,13.89728739,32.19,19.03,6.4,-4.54,32.19,19.03,4.33,-3.99
03020500,6,13.155,33.61,20.44,10.1,-0.11,32.78,20.44,10.1,0.8
03020500,7,12.87751466,36.16,21.13,16.91,3.49,36.3,21.24,17.07,5.49
03020500,8,12.6027346,35.08,21.8,15.68,-0.67,33.7,21.8,15.68,4.28
03020500,9,12.42881061,32.05,19.43,9.87,-1.48,32.84,19.68,10,-1.48
03020500,10,11.59822581,28.98,16.23,0.56,-8.92,29.61,16.49,0.56,-4.34
03020500,11,9.466863636,23.97,13.35,-5.01,-12.45,24.22,11.82,-7.47,-13.37
03020500,12,7.927331378,21.04,11.06,-17.98,-24.93,20.37,11.06,-11.18,-22.1
03021350,1,8.203636364,18.38,10.84,-20.11,-31.68,18.38,10.84,-20.11,-31.68
03021350,2,9.591721641,19.5,5.43,-14.93,-25.36,21.77,8.14,-17.98,-29.92
03021350,3,10.68283724,26.56,12.51,-11.31,-24.33,24.95,12.51,-11.91,-23.38
03021350,4,11.8587803,30.26,15.12,-4.39,-13.83,28.07,15.12,-4.39,-11.43
03021350,5,12.59795455,31.28,19.85,5.79,-4.56,31.98,19.85,3.85,-3.99
03021350,6,11.88785606,32.68,20.94,9.08,-0.11,31.97,20.94,9.08,1.83
03021350,7,11.54915689,35.08,22.81,17.09,4.91,34.13,22.81,17.79,5.49
03021350,8,11.17884897,33.98,22.01,14.92,-0.16,32.31,22.21,14.92,4.74
03021350,9,11.12317424,31.72,20.12,9.74,-0.96,31.76,20.35,9.74,-0.96
03021350,10,10.30430352,27.92,17.34,0.71,-7.45,29.24,18.09,0.71,-4.17
03021350,11,8.418621212,22.94,13.03,-5.16,-12.03,24.86,12.53,-6.68,-12.83
03021350,12,7.189926686,19.94,12.64,-17.09,-23.8,19.86,11.93,-11.58,-21.18
03024000,1,8.451906158,19.08,10.28,-19.57,-31.55,19.08,10.28,-19.57,-31.55
03024000,2,9.807771521,21,5.89,-13.72,-24.46,22.21,7.45,-15.9,-29.3
03024000,3,10.95309384,26.48,12.73,-9.85,-22.94,26.01,12.73,-10.5,-22.58
03024000,4,12.27635606,29.89,14.29,-3.21,-13,28.88,14.29,-2.77,-10.44
03024000,5,12.83311584,31.61,19.89,6.92,-3.32,31.71,19.89,5.31,-2.93
03024000,6,12.15302273,33.99,21.14,10.58,1.28,32.61,21.14,10.58,2.16
03024000,7,11.82143695,36.13,21.91,17.75,5.35,35.11,22.04,17.75,6.67
03024000,8,11.5682478,34.66,22.65,16.14,0.43,32.89,22.65,16.14,5.14
03024000,9,11.51995455,32.09,20.23,10.21,-0.45,32.44,20.23,10.21,-0.45
03024000,10,10.71416422,28.66,17.16,1.53,-7.59,29.56,17.84,1.53,-3.12
03024000,11,8.836651515,23.76,13.97,-3.98,-11.25,24.5,12.41,-6.68,-12.53
03024000,12,7.503929619,21.18,12.04,-16.75,-23.49,20.65,11.59,-10.98,-20.93
03026500,1,9.061495601,17.16,7.57,-20.71,-34.56,17.16,7.57,-20.71,-34.56
03026500,2,10.54813355,16.18,5.1,-15.69,-26.31,21.08,6.84,-18.15,-31.92
03026500,3,11.79234604,26.15,9.7,-11.32,-24.36,25.61,9.7,-11.32,-25.26
03026500,4,13.36060606,29.05,11.85,-4.28,-14.38,28.75,11.85,-4.07,-12.98
03026500,5,14.17146628,31.21,17.7,5,-5.81,31.21,17.7,2.16,-6.66
03026500,6,13.35737879,31.53,19.46,10.77,-2.16,31.53,18.5,10.77,-1.17
03026500,7,13.06926686,34.85,20.34,15.84,1.82,36.64,20.34,16.28,2.69
03026500,8,12.80184018,33.13,20.75,13.54,-3.61,33.13,20.75,13.54,1.88
03026500,9,12.51051515,30.07,19.47,7.27,-3.52,31.75,18.89,8.73,-3.52
03026500,10,11.73119501,27.21,15.79,0.49,-10.33,28.51,16.69,0.47,-6.92
03026500,11,9.495439394,22.74,12.93,-7.32,-16.75,23.34,10.28,-8.86,-16.75
03026500,12,8.044145894,20.2,10.36,-18.39,-28.39,18.15,10.36,-13.64,-25.92
03028000,1,9.07776393,17.37,7.52,-20.55,-34.15,17.37,7.52,-20.55,-34.15
03028000,2,10.57920354,16.69,5.02,-15.52,-25.85,21.39,7.08,-17.8,-31.69
03028000,3,11.85703079,26.17,9.58,-11.17,-24.68,25.81,9.58,-11.17,-25.12
03028000,4,13.40844697,29.39,11.94,-3.99,-14.16,28.98,11.94,-3.99,-12.59
03028000,5,14.22174487,31.48,17.79,5.15,-5.39,31.48,17.79,2.45,-6.38
03028000,6,13.43018182,31.66,19.51,10.91,-1.74,31.66,18.43,10.91,-0.97
03028000,7,13.15415689,34.85,20.46,15.98,2.02,36.79,20.46,16.44,2.96
03028000,8,12.88232405,33.37,20.72,13.79,-3.23,33.37,20.72,13.79,2.32
03028000,9,12.59042424,30.38,19.39,7.53,-3.1,31.92,18.91,8.98,-3.1
03028000,10,11.76695748,27.52,15.76,0.79,-9.91,28.72,16.54,0.79,-6.44
03028000,11,9.527712121,23.16,12.95,-7.2,-16.6,23.51,10.3,-8.77,-16.6
03028000,12,8.052558651,20.45,10.24,-18.28,-28.03,18.19,10.24,-13.44,-25.3
03032500,1,9.189714076,18.66,8.36,-19.15,-32.61,18.66,8.36,-19.15,-32.61
03032500,2,10.60919549,18.6,4.99,-14.08,-24.37,22.85,7.5,-14.31,-27.63
03032500,3,12.05365103,27.24,10.83,-9.62,-22.09,27.24,9.83,-9.62,-23.2
03032500,4,13.69750758,30.05,13.5,-1.92,-12.21,29.77,13.5,-1.92,-10.64
03032500,5,13.9645088,31.94,18.51,7.08,-4.19,31.94,18.51,3.92,-4.32
03032500,6,13.24935606,32.85,19.86,12.12,0.4,32.36,19.16,12.12,0.66
03032500,7,12.93788856,36.12,21.24,17.46,3.06,37.71,21.24,17.63,5.19
03032500,8,12.74542522,34.43,21.06,16.1,-0.27,34.43,21.06,16.1,4.25
03032500,9,12.62591667,32.25,19.68,8.58,-1.3,32.25,19.85,10.68,-1.3
03032500,10,12.00245601,29.08,16.69,1.12,-8.51,29.8,17.19,1.12,-4.67
03032500,11,10.10178788,24.69,12.55,-5.57,-13.44,24.19,10.7,-7.52,-13.44
03032500,12,8.391799853,21.33,10.06,-18.41,-25.33,20,10.06,-11.09,-20.25
03049000,1,9.648277126,18.99,9.63,-16.29,-31.88,19.98,9.63,-16.29,-31.88
03049000,2,11.10270314,21.69,6.47,-12.24,-24.97,22.9,8.18,-13.58,-27.25
03049000,3,12.64708211,28.15,12.73,-8.02,-21.3,28.15,11.24,-8.12,-22.23
03049000,4,14.31238636,31.04,13.99,-0.27,-10.25,30.42,13.99,-0.27,-9.4
03049000,5,14.26613636,32.47,18.97,8.28,-4.21,33.25,19.39,4.91,-3.23
03049000,6,13.60265152,34.28,20.41,13.38,1,35.13,20.31,13.38,2.09
03049000,7,13.25065249,37.3,21.76,19.44,4.07,37.6,21.76,20.02,5.52
03049000,8,13.16546921,35.09,21.5,17.6,0.8,34.43,21.7,18.14,5.03
03049000,9,13.18514394,33.49,19.35,10.72,-0.52,33.68,20.37,11.55,-0.52
03049000,10,12.61943548,30.32,16.75,1.84,-7.29,30.87,17.47,1.84,-4.91
03049000,11,10.84026515,25.72,13.24,-2.64,-13.23,24.5,12.47,-5.73,-13.23
03049000,12,8.983596041,22.06,11.25,-17.13,-25.69,20.3,11.25,-10.06,-19.53
03049800,1,9.20276393,20.29,11.06,-15.48,-29.71,20.86,11.06,-15.48,-29.71
03049800,2,10.50144811,23,8.09,-12.16,-22.44,23.28,9.72,-13.54,-24.03
03049800,3,12.04929619,28.34,13.45,-7.68,-19.9,28.34,12.89,-7.68,-19.68
03049800,4,13.54136364,31.37,15.4,0.27,-9.5,30.25,15.4,0.27,-7.99
03049800,5,13.38102639,32.29,19.92,8.44,-3.69,33,20.61,6.16,-2.14
03049800,6,12.81459091,34.5,21.14,13.99,2.27,35.74,21.14,13.99,3.48
03049800,7,12.34846041,37.5,22.41,20.63,5.71,37.09,22.41,19.85,7.38
03049800,8,12.30471408,35.34,22.46,18,1.79,34.56,22.9,18.6,6.6
03049800,9,12.45125758,33.58,20.03,11.28,0.79,33.93,20.99,11.55,1.18
03049800,10,11.99263196,30.18,17.34,2.2,-6.17,30.75,18.96,2.2,-5.06
03049800,11,10.47381061,26.16,13.99,-2.28,-12.5,24.86,12.72,-3.44,-12.15
03049800,12,8.705087977,22.75,12.64,-16.74,-24.86,20.56,12.64,-9.27,-17.73
03050000,1,10.12318182,20.18,10.26,-19.65,-32.91,20.18,10.26,-16.21,-31.81
03050000,2,10.99450523,20.09,7.29,-14.96,-26.66,21.26,9.36,-17.04,-26.66
03050000,3,12.14392962,26.15,11.48,-11.11,-21.11,25.85,11.54,-11.11,-19.77
03050000,4,13.36912121,28.08,13.23,-5.15,-14.62,28.08,14.11,-5.15,-11.18
03050000,5,12.52963343,30.25,17.02,2.15,-4.31,30.25,17.07,2.63,-5.25
03050000,6,11.66200758,30.23,17.6,11.9,1.15,32.7,18.09,12.1,1.15
03050000,7,10.97835777,34.43,18.97,16.27,2.15,31.64,19.22,15.99,5.02
03050000,8,11.03835044,32.36,19.1,16.07,1.61,30.42,19.47,16.11,5.24
03050000,9,11.46819697,29.97,17.69,7.83,-2.31,29.97,17.88,7.83,-1.3
03050000,10,12.25491202,26.26,15.52,-0.86,-7.56,28.57,17.09,-0.86,-7.56
03050000,11,11.4069697,24.71,11.98,-6.19,-15.78,24.71,11.98,-9.78,-15.78
03050000,12,9.887782258,20.4,10.58,-20.71,-29.14,20.4,10.58,-12.93,-21.29
03050500,1,10.19252933,20.62,10.52,-19.14,-32.45,20.62,10.52,-15.84,-31.55
03050500,2,11.12641191,20.48,6.82,-14.98,-26.62,21.77,9.12,-16.22,-26.62
03050500,3,12.32142962,26.09,11.68,-10.56,-21.03,26.1,11.65,-10.56,-20.02
03050500,4,13.56630303,28.52,13.12,-4.64,-14.56,28.52,14.09,-4.64,-11.09
03050500,5,12.76464809,30.5,17.23,2.62,-4.3,30.5,17.27,3.17,-4.95
03050500,6,11.91334091,30.48,17.91,12.33,1.11,32.83,18.28,12.33,1.11
03050500,7,11.25324047,34.85,19.2,16.8,1.99,32.11,19.33,16.4,5.16
03050500,8,11.32765396,32.69,18.99,16.37,1.53,30.66,19.59,16.58,5.19
03050500,9,11.77543182,30.23,17.74,8.36,-2.39,30.23,18.05,8.36,-1.32
03050500,10,12.50274927,26.65,15.69,-0.45,-7.73,28.92,17.28,-0.45,-7.73
03050500,11,11.56372727,24.97,12.04,-5.78,-15.66,24.97,12.04,-9.08,-15.65
03050500,12,9.971466276,20.68,10.01,-20.45,-29.06,20.68,10.01,-12.63,-20.87
03051000,1,10.20291789,21.07,10.65,-18.52,-31.92,21.07,10.65,-15.37,-31.32
03051000,2,11.19803701,20.97,7.03,-14.89,-26.34,22.32,9,-15.74,-26.34
03051000,3,12.45193548,26.29,12.05,-9.95,-20.88,26.34,11.8,-9.95,-20.07
03051000,4,13.72468182,29,13.08,-4.1,-14.22,29,14.12,-4.1,-10.91
03051000,5,12.94326979,30.72,17.48,3.29,-4.14,30.72,17.55,3.69,-4.61
03051000,6,12.10315152,30.89,18.19,12.66,1.24,33.01,18.57,12.66,1.24
03051000,7,11.44753666,35.28,19.39,17.22,1.96,32.66,19.56,16.88,5.42
03051000,8,11.53371701,33.12,19.1,16.58,1.62,30.99,19.82,16.88,5.44
03051000,9,11.99006818,30.58,17.94,8.94,-2.25,30.58,18.32,8.94,-1.16
03051000,10,12.65302786,27.11,15.94,0.02,-7.76,29.28,17.55,0.02,-7.76
03051000,11,11.65027273,25.25,12.08,-5.36,-15.44,25.25,12.08,-8.5,-15.26
03051000,12,9.994134897,20.97,10.38,-20.15,-28.64,20.97,10.38,-12.35,-20.43
03054500,1,10.32229472,21.86,10.55,-17.38,-31.26,21.86,10.55,-14.72,-31.26
03054500,2,11.40485921,21.98,7.32,-13.95,-26.14,23.25,9.26,-15.02,-26.14
03054500,3,12.7892522,27.05,12.88,-8.77,-20.16,27.05,12.01,-8.77,-19.36
03054500,4,14.12749242,29.66,13.59,-3.05,-12.92,29.66,14.43,-3.05,-10.1
03054500,5,13.29624633,31.06,17.8,4.56,-3.48,31.06,17.96,4.47,-3.82
03054500,6,12.41187879,31.95,18.56,13.52,1.73,33.58,19.07,13.52,1.73
03054500,7,11.70914956,36.06,19.86,18.06,2.5,33.4,20.07,17.87,6.08
03054500,8,11.7994868,34.08,19.83,17.08,2.25,31.82,20.35,17.79,5.98
03054500,9,12.28484848,31.34,18.48,9.64,-1.61,31.34,18.88,9.64,-0.36
03054500,10,12.93656158,28.15,16.22,0.99,-7.13,30.19,18.04,0.99,-7.13
03054500,11,11.93192424,25.91,12.11,-4.45,-14.66,25.91,12.11,-7.71,-14.37
03054500,12,10.1315176,21.59,11.05,-19.32,-27.69,21.59,11.05,-11.65,-19.84
03065000,1,10.24898827,20.29,10.81,-17.59,-31.49,20.29,10.81,-15.73,-30.51
03065000,2,11.2565889,19.65,7.2,-15.43,-26.01,22.16,8.55,-15.75,-26.01
03065000,3,12.4566349,26.32,11.7,-9.69,-20.61,26.32,11.69,-9.69,-21.6
03065000,4,13.70958333,29.27,13.06,-3.65,-15.45,29.27,13.99,-3.65,-12.06
03065000,5,13.09213343,30.78,17.62,4.29,-4.79,30.78,17.62,3.29,-4.97
03065000,6,12.4222197,30.62,18.2,11.4,-0.34,32.83,18.23,11.95,-0.34
03065000,7,11.93692082,35.55,20.29,16.92,1.02,32.8,19.64,16.89,4.69
03065000,8,12.03896628,33.13,19.35,16.5,0.24,31.71,19.43,16.55,4.37
03065000,9,12.42844697,30.44,17.82,8.09,-3.66,30.44,18.12,9.61,-2.57
03065000,10,12.88799853,27.06,16.54,0.86,-9.41,28.97,17.35,0.62,-9.41
03065000,11,11.65911364,24.9,12.1,-5.88,-16.23,24.9,12.1,-8.59,-15.66
03065000,12,10.06641129,20.33,10.03,-20.06,-28.82,20.33,9.34,-12.43,-21.69
03066000,1,9.824882698,19.78,10.18,-19.61,-32.65,19.78,10.18,-17.46,-30.92
03066000,2,10.81304103,19.12,7.06,-18.05,-24.79,22.11,8.37,-18.05,-24.79
03066000,3,12.02062317,25.67,12.32,-11.35,-22.99,25.67,12.18,-11.35,-22.72
03066000,4,13.27388636,29.04,14.7,-5.06,-17.46,29.04,14.7,-5.06,-14.41
03066000,5,12.76999267,29.82,17.72,4.88,-5.84,29.82,17.72,1.86,-6.17
03066000,6,12.2229697,29.62,19.05,9.82,-2.38,31.84,18.78,11.13,-2.38
03066000,7,11.76247067,34.84,21.41,15.52,-0.82,32.35,20.76,15.52,2.7
03066000,8,11.95757331,33.45,20.08,15.01,-2.15,33.45,19.31,15.01,2.29
03066000,9,12.27023485,30.12,18.18,7.51,-5.41,30.12,18.43,7.56,-4.37
03066000,10,12.46643695,25.83,16.93,-1.28,-11.61,27.51,17.43,-1.28,-11.61
03066000,11,11.07417424,23.7,12.13,-7.84,-18.36,23.7,12.13,-10.56,-17.63
03066000,12,9.633097507,19.61,11.25,-22.28,-29.55,19.61,10.28,-14.08,-23.38
03069000,1,10.1672654,20.33,10.5,-19.02,-32.45,20.33,10.5,-16.01,-31.31
03069000,2,11.11513274,20.01,6.69,-15.15,-26.38,21.65,8.57,-16.38,-26.38
03069000,3,12.2909824,25.72,11.34,-10.36,-20.95,25.87,11.6,-10.36,-20.66
03069000,4,13.52924242,28.49,12.95,-4.51,-15.07,28.49,13.96,-4.51,-11.48
03069000,5,12.79821848,30.47,17.28,2.84,-4.54,30.47,17.28,3.09,-5.09
03069000,6,12.00473485,30.3,17.91,12.34,0.72,32.64,18.08,12.43,0.72
03069000,7,11.40340909,34.81,19.41,16.71,1.61,32.05,19.09,16.38,5.08
03069000,8,11.47932551,32.68,18.48,16.46,1,30.38,19.32,16.62,5.09
03069000,9,11.89656061,30,17.5,8.74,-2.93,30,17.95,8.74,-1.81
03069000,10,12.53957478,26.61,15.83,-0.24,-8.34,28.77,17.16,-0.24,-8.34
03069000,11,11.52384848,24.66,11.97,-5.71,-16.01,24.66,11.97,-9.09,-15.69
03069000,12,9.955865103,20.23,9.66,-20.38,-29.08,20.23,9.6,-12.73,-20.73
03069500,1,10.28319648,20.2,10.54,-17.45,-31.07,20.2,10.54,-14.85,-30.37
03069500,2,11.30331456,20.06,6.98,-14.08,-25.85,22.21,8.23,-15.79,-25.85
03069500,3,12.51562317,26.31,11.77,-8.97,-19.89,26.31,11.64,-8.97,-20.51
03069500,4,13.77757576,29.22,13.02,-2.97,-14.14,29.22,14.17,-2.97,-10.65
03069500,5,13.07356305,30.99,17.75,4.47,-4.04,30.99,17.75,4.24,-4.38
03069500,6,12.35330303,31.23,18.27,12.55,1.08,33.37,18.43,13.45,1.08
03069500,7,11.805,35.48,19.75,17.44,2.02,33.04,19.54,17.44,5.78
03069500,8,11.87001466,33.73,19.19,17.24,1.37,31.19,19.68,17.63,5.65
03069500,9,12.23578788,30.7,17.93,8.71,-2.7,30.7,18.43,10.4,-1.42
03069500,10,12.78715543,27.54,16.68,1.47,-8.32,29.49,17.52,1.38,-8.32
03069500,11,11.72989394,25.21,11.98,-4.41,-15.37,25.21,11.98,-8.1,-14.53
03069500,12,10.11187317,20.6,9.89,-19.19,-27.75,20.6,9.59,-11.82,-19.79
03070000,1,10.24294721,20.25,10.27,-17.17,-30.8,20.25,10.27,-14.87,-30.29
03070000,2,11.29387772,20.22,6.86,-13.97,-25.57,22.5,8.25,-15.61,-25.57
03070000,3,12.53829912,26.56,11.91,-8.79,-19.8,26.56,11.7,-8.79,-20.34
03070000,4,13.81677273,29.45,12.97,-2.68,-13.77,29.45,14.22,-2.68,-10.47
03070000,5,13.11015396,31.09,17.87,4.8,-3.87,31.09,17.87,4.57,-4.21
03070000,6,12.39073485,31.47,18.4,12.76,1.35,33.5,18.61,13.62,1.35
03070000,7,11.83657625,35.61,19.8,17.66,2.23,33.31,19.79,17.66,6.03
03070000,8,11.90335044,33.96,19.26,17.36,1.54,31.45,19.86,17.76,5.89
03070000,9,12.26484848,30.92,18.09,8.89,-2.44,30.92,18.61,10.42,-1.21
03070000,10,12.78470674,27.75,16.82,1.72,-8.12,29.62,17.71,1.44,-8.12
03070000,11,11.72148485,25.37,11.94,-4.23,-15.14,25.37,11.94,-7.89,-14.28
03070000,12,10.07076613,20.82,9.86,-19.1,-27.31,20.82,9.81,-11.72,-19.38
03070500,1,9.440109971,21.47,10.2,-19.02,-30.71,21.47,10.2,-19.02,-30.71
03070500,2,10.72637168,21.49,7.03,-13.81,-24.61,23.69,8.34,-15.06,-24.61
03070500,3,12.14039589,27.85,13.26,-8.62,-20.83,27.85,12.48,-8.62,-20.61
03070500,4,13.47139394,30.05,13.93,-1.71,-11.91,30.05,13.93,-1.71,-10.54
03070500,5,12.93244868,31.61,17.94,6.4,-3.32,31.61,18.48,5.2,-4.3
03070500,6,12.14609848,32.36,20.14,12.95,1.8,33.73,19.58,12.95,1.8
03070500,7,11.53965543,35.42,21.96,18.44,3.71,35,21.96,18.07,6.22
03070500,8,11.58493402,34.05,21.76,16.78,1.74,32.84,21.76,17.35,6.17
03070500,9,11.87859848,31.89,19.43,9.64,-0.93,32.02,19.55,9.64,-0.23
03070500,10,12.03071848,28.12,16.91,2.84,-6.99,29.97,18.49,1.36,-6.99
03070500,11,10.94553788,25.48,12.38,-3.56,-14.18,25.48,11.4,-7.3,-13.23
03070500,12,9.16316349,22.24,11.63,-19.69,-26.98,20.46,11.54,-11.41,-19.64
03075500,1,9.496231672,20.14,10.64,-18.61,-31.38,20.14,10.64,-18.61,-30.73
03075500,2,10.67020113,19.74,5.97,-16.4,-24.73,22.86,7.81,-17.3,-24.73
03075500,3,11.99186217,26.98,12.58,-10.89,-21.9,26.98,12.25,-10.89,-21.1
03075500,4,13.2640303,29.72,13.89,-3.47,-14.79,29.72,13.89,-3.47,-13.1
03075500,5,12.65910557,30.21,18.02,5.51,-4.44,30.21,18.02,3.43,-5.33
03075500,6,12.0132197,30.89,19.31,11.37,0.57,32.32,19.31,12.28,0.57
03075500,7,11.46492669,34.86,21.57,16.7,1.58,33.24,21.57,16.7,5.29
03075500,8,11.6043915,33.69,20.45,15.81,0.27,32.52,20.45,16.07,4.88
03075500,9,11.87106818,31.1,19.01,8.04,-2.5,31.1,18.68,8.04,-2.05
03075500,10,12.0892522,26.69,17.3,0.65,-8.9,28.29,18.15,-0.03,-8.9
03075500,11,10.89547727,24.87,12.14,-5.69,-16.23,24.87,11.98,-9.77,-14.94
03075500,12,9.284252199,20.62,11.4,-21.32,-28.32,20.62,10.78,-13.06,-21.7
03076600,1,9.243746334,18.4,10.31,-19.48,-31.36,19.42,10.31,-19.48,-31.36
03076600,2,10.52718423,20.5,6.03,-15.31,-25.19,23.25,7.44,-17.01,-25.33
03076600,3,11.85085777,27.36,12.93,-10.47,-21.13,27.36,11.53,-10.47,-23.2
03076600,4,13.07824242,29.83,13.56,-2.99,-12.74,29.83,13.56,-2.99,-12.07
03076600,5,12.50260997,30.96,17.54,4.78,-3.89,30.96,18.25,3.56,-5.32
03076600,6,11.79371212,31.24,19.58,12.21,1.41,32.09,19.32,12.35,1.41
03076600,7,11.30550587,34.55,21.75,17.2,3.52,33.77,21.75,16.52,5.33
03076600,8,11.37294721,33.75,20.93,15.41,1.66,31.74,20.93,16.53,5.41
03076600,9,11.52336364,31.2,18.88,8.78,-0.86,31.21,18.75,8.78,-0.86
03076600,10,11.63233871,26.86,16.26,1.53,-7.21,28.42,18.27,0.32,-7.21
03076600,11,10.53375758,25.28,11.83,-5.83,-14.94,25.28,11.78,-9.81,-14.48
03076600,12,8.945278592,21,12.08,-21.03,-27.91,20.41,12.08,-13.13,-21.39
03078000,1,9.006942815,17.62,10.38,-19.58,-31.21,18.69,10.38,-19.58,-31.21
03078000,2,10.29950121,20.47,5.48,-15.55,-24.41,23.24,7.59,-17.12,-25.52
03078000,3,11.59907625,27.11,13.1,-10.79,-20.58,27.11,11.78,-10.79,-23.44
03078000,4,12.82114394,29.97,13.44,-2.96,-12.14,29.97,13.44,-2.96,-11.75
03078000,5,12.2261437,30.95,17.63,4.17,-3.59,30.95,18.25,3.39,-5.5
03078000,6,11.55440909,30.66,19.68,11.26,1.59,31.47,19.68,11.26,1.59
03078000,7,11.14325513,34.22,21.52,16.31,4.39,33.22,21.52,16,5.53
03078000,8,11.19564516,33.16,21,14.79,1.89,31.46,21,15.91,5.56
03078000,9,11.23881818,31.19,18.99,8.57,-0.63,31.19,18.82,8.57,-0.63
03078000,10,11.29502199,26.7,16.27,1.51,-6.82,28.24,18.34,0.44,-6.82
03078000,11,10.18444697,25.13,11.18,-6.69,-14.53,25.13,11.88,-10.13,-14.47
03078000,12,8.682521994,20.95,12.33,-21.15,-27.65,20.95,12.33,-13.52,-21.38
03079000,1,9.225865103,18.58,9.8,-19.11,-30.83,18.97,9.8,-19.11,-30.83
03079000,2,10.51679807,21.4,5.51,-14.34,-23.41,23.39,7.92,-14.96,-23.41
03079000,3,11.85451613,28.2,12.9,-9.66,-19.99,28.2,12.09,-9.66,-21.15
03079000,4,13.16190152,30.42,13.86,-1.58,-10.46,30.42,13.86,-1.52,-10.39
03079000,5,12.67122434,31.44,17.75,5.49,-3.51,31.44,18.37,4.04,-4.65
03079000,6,12.01379545,31.7,19.86,11.26,2.42,32.69,19.86,11.26,2.42
03079000,7,11.62435484,34.83,21.9,17,4.81,34.22,21.9,17.18,6.28
03079000,8,11.62044721,33,21.57,15.87,1.88,32.17,21.57,16.78,6.33
03079000,9,11.6697197,32.08,19.34,8.71,-0.05,32.08,19.32,9.54,-0.05
03079000,10,11.72307185,27.62,16.66,2.66,-6.65,29.4,18.43,2.05,-6.65
03079000,11,10.48468939,24.58,11.41,-4.3,-13.79,24.58,11.44,-8.04,-13.16
03079000,12,8.861686217,21.5,12.5,-19.54,-26.27,21.5,12.5,-11.79,-19.44
03109500,1,9.025124633,18.86,11.38,-17.13,-31.34,19.34,11.38,-16.41,-31.34
03109500,2,10.36304907,22.12,8.53,-12.67,-24.43,23.12,10.23,-13.63,-24.88
03109500,3,11.89771261,27.44,13.14,-8.06,-21.2,27.86,12.82,-8.06,-19.86
03109500,4,13.38660606,31.26,15.71,-0.97,-10.68,29.99,15.71,-0.97,-9.65
03109500,5,13.37179619,31.97,20.09,9.31,-4.03,32.89,20.09,5.87,-2.53
03109500,6,12.82881061,34.87,21.45,13.56,1.64,35.39,21.19,12.97,2.33
03109500,7,12.47854839,37.69,22.39,19.95,5.69,36.23,22.39,20.12,6.09
03109500,8,12.4777346,35.02,22.74,17.85,0.83,34.97,23.11,17.85,6.24
03109500,9,12.54631061,33.12,20.31,11.54,-0.16,34.27,21.23,11.97,-0.16
03109500,10,11.91590176,30.14,17.33,1.45,-7.53,31.05,18.44,1.45,-4.66
03109500,11,10.22113636,25.01,14.25,-2.56,-12.36,24.96,12.92,-5.03,-12.36
03109500,12,8.46460044,22.83,12,-17,-25.42,19.55,11.5,-9.56,-18.36
03111500,1,8.933416422,20.96,11.05,-18.53,-30.63,21.43,11.05,-18.53,-30.63
03111500,2,10.17842317,23.55,9.62,-12.24,-21.83,25.27,10.06,-13.86,-22.94
03111500,3,11.80937683,27.77,13.91,-9.2,-18.22,27.77,13.57,-9.2,-19.48
03111500,4,13.17993939,31.15,15.95,-0.5,-9.62,30.21,15.95,-0.5,-9.03
03111500,5,12.80079912,31.9,20.39,8.36,-2.78,32.44,20.7,6.11,-2.32
03111500,6,12.16715152,34.49,21.83,14.33,3.18,35.15,21.54,13.33,3.58
03111500,7,11.65582111,37.63,23.12,18.85,6.81,35.63,23.12,19.01,8.71
03111500,8,11.7781305,35.3,23.03,18.22,3.25,35.12,23.75,18.66,7.74
03111500,9,12.02497727,33.93,20.81,10.53,1.05,34.03,21.72,10.65,1.42
03111500,10,11.75244868,30.39,18.32,1.27,-5.53,32.43,19.13,1.27,-4.41
03111500,11,10.30381061,25.85,14.03,-3.31,-11.78,26.15,13.13,-6.3,-11.56
03111500,12,8.52478739,24.24,12.65,-17.25,-26.15,21.21,12,-9.76,-18.58
03114500,1,10.46077713,22.65,10.72,-16.53,-33.15,23.59,10.72,-15.61,-33.15
03114500,2,11.85056315,23.72,7.74,-10.71,-24.79,26.23,9.58,-12.95,-24.79
03114500,3,13.70642229,29.36,13.9,-7.59,-19.41,29.36,12.4,-7.59,-19.78
03114500,4,15.25235606,31.38,14.84,0.88,-9.32,31.38,15.35,1.09,-8.56
03114500,5,14.35747067,32.72,19.67,8.77,-2.62,32.72,19.67,7.35,-2.08
03114500,6,13.41831818,34.48,20.24,16.32,2.67,35.77,21.02,16.32,2.67
03114500,7,12.57822581,37.76,22.45,20.34,4.12,37.36,22.45,20.34,8.11
03114500,8,12.77215543,36.72,21.92,18.65,3.44,34.32,22.33,18.76,7.13
03114500,9,13.38115909,34.55,19.56,11.97,-0.6,34.55,20.62,12.2,0.7
03114500,10,13.7898827,31.13,17.8,2.85,-5.97,33.82,18.8,2.69,-5.84
03114500,11,12.54911364,26,12.41,-2.47,-12.71,26.89,12.41,-4.41,-12.43
03114500,12,10.20215176,24.3,12.87,-16.93,-26.86,22.09,12.87,-9.22,-18.97
03140000,1,9.010344575,19.19,11.3,-18.69,-32.66,20.33,11.3,-18.69,-32.66
03140000,2,10.16988737,22.71,8.71,-12.82,-23,24.15,11.19,-14.11,-25.36
03140000,3,11.68936217,27.52,13.38,-9.03,-20.57,28.32,12.65,-9.03,-18.59
03140000,4,13.07383333,30.31,16.82,-0.15,-9.77,29.75,16.82,-0.15,-9.64
03140000,5,12.86400293,32,20.4,8.61,-2.51,32.63,20.8,7.32,-1.97
03140000,6,12.34902273,35.75,21.99,13.8,2.93,35.61,21.99,13.8,2.93
03140000,7,12.01657625,37.91,22.45,19.15,5.43,36.62,22.97,19.29,8.75
03140000,8,12.17516129,35.74,22.93,17.61,3.43,34.89,23.3,19.01,7.67
03140000,9,12.57070455,34.16,20.98,10.56,0.28,33.88,20.97,10.56,0.28
03140000,10,12.2702566,31.15,17.91,1.81,-6.56,32.37,18.17,1.81,-4.68
03140000,11,10.48908333,25.08,14.86,-2.68,-11.97,25.71,12.89,-6.91,-12.06
03140000,12,8.569153226,23.88,14.16,-16.34,-28.32,20.27,11.69,-9.96,-19.36
03144000,1,9.162162757,19.51,10.61,-19.27,-32.98,20.2,10.61,-19.27,-32.98
03144000,2,10.33552695,22.26,8.91,-13.17,-25.01,23.65,10.79,-13.33,-26.49
03144000,3,11.84875367,27.83,12.98,-8.62,-21.51,28.66,12.59,-8.62,-18.25
03144000,4,13.32899242,30.7,16.5,-0.3,-10.14,29.68,16.5,-0.3,-9.72
03144000,5,13.00053519,32.19,20.53,9.01,-2.38,32.96,20.53,7.67,-2.24
03144000,6,12.46035606,37.36,21.79,14.09,2.97,36.43,21.79,14.09,2.97
03144000,7,12.08159824,37.7,22.59,19.12,5.12,36.87,22.47,19.47,8.18
03144000,8,12.33277126,36.24,22.95,17.69,2.68,34.67,23.02,18.82,7.48
03144000,9,12.85948485,34.35,21.34,10.45,-0.27,34.06,21.31,10.45,-0.27
03144000,10,12.64945015,31.34,18.59,2.32,-6.69,32.55,17.89,2.32,-5.32
03144000,11,10.81972727,25.62,14.81,-3.54,-12.5,25.98,13.67,-6.99,-12.52
03144000,12,8.753005865,23.47,13.13,-17.08,-28.57,20.27,10.99,-11.49,-19.99
03155500,1,10.57886364,23.8,11.02,-16.28,-33.05,24.22,11.02,-15.5,-33.05
03155500,2,11.97886565,24.49,8.71,-10.79,-24.89,26.33,10.14,-12.72,-25.06
03155500,3,13.87563783,29.4,14.92,-7.33,-19.06,29.4,12.52,-7.33,-19.54
03155500,4,15.39227273,31.94,15.31,1.07,-8.91,31.55,15.77,1.39,-8.4
03155500,5,14.37931818,32.77,20.16,9.21,-2.52,32.77,20.16,7.06,-1.92
03155500,6,13.41015152,36.04,20.43,16.24,2.88,36.05,20.86,16.01,2.88
03155500,7,12.55694282,38.73,22.36,20.01,4.35,37.31,22.36,20.01,8.45
03155500,8,12.80604106,37.68,22.23,18.74,3.92,34.94,22.31,18.91,7.18
03155500,9,13.45565909,35.21,19.82,11.96,-0.09,35.21,20.74,12.64,1.16
03155500,10,13.94969941,32.04,18.17,3.1,-5.92,34.13,18.41,2.5,-5.92
03155500,11,12.80970455,26.84,12.58,-1.73,-12.58,27.1,11.96,-4.78,-11.88
03155500,12,10.39993402,25.22,12.77,-16.87,-26.48,22.86,12.77,-9,-19.13
03159500,1,9.660593842,21.77,11.63,-18.68,-32.57,22.7,11.63,-18.68,-32.57
03159500,2,10.87382944,24.13,9.02,-12.19,-23.16,25.44,12.02,-13.04,-24.93
03159500,3,12.56705279,28.37,13.75,-8.18,-18.29,29.24,13.51,-8.18,-18.35
03159500,4,14.06013636,31.52,16.27,0.37,-9.22,30.88,16.27,0.37,-8.95
03159500,5,13.37589443,32.42,19.92,10.27,-1.89,33.01,20.26,7.08,-1.94
03159500,6,12.70312879,36.95,21.32,15.71,3.75,36.74,21.32,15.09,3.75
03159500,7,12.14774194,37.81,23.58,20.43,5.26,38.26,23.58,20.58,8.84
03159500,8,12.51676686,37.34,22.7,19.25,2.69,35.3,23.16,19.41,7.72
03159500,9,13.21525758,35.4,20.75,10.76,-0.49,34.71,21.15,10.76,-0.49
03159500,10,13.21167889,32.25,19.59,2.46,-6.69,33.21,19.1,2.46,-5.3
03159500,11,11.62244697,26.28,14.13,-2.48,-12.61,26.91,13.69,-5.62,-12.35
03159500,12,9.379593109,24.57,13.26,-16.04,-28.73,22.25,11.34,-10.7,-19.32
03159540,1,10.3089956,22.96,11.59,-17.77,-31.34,24.32,11.59,-17.77,-31.34
03159540,2,11.6258568,24.77,9.93,-10.56,-23.35,26.17,10.43,-11.88,-25.95
03159540,3,13.41415689,29.25,14.73,-7.09,-18.64,29.76,13.86,-7.09,-19.41
03159540,4,14.88724242,32,16.23,0.86,-8.74,32,16.23,0.86,-7.98
03159540,5,13.99201613,33.03,20.69,11.28,-2.28,33.2,20.69,7.6,-1.67
03159540,6,13.23009091,36.32,21.25,16,3.59,37.29,21.25,16,3.63
03159540,7,12.52252199,38.44,23.23,20.14,5.38,38.91,23.23,20.14,8.78
03159540,8,12.84441349,38.36,22.2,19.25,3.15,35.98,22.75,19.25,8.04
03159540,9,13.5032197,35.42,20.79,12.07,-0.47,35.47,21.29,12.76,0.4
03159540,10,13.80131232,32.65,19.47,2.87,-5.93,34.02,19,2.87,-5.76
03159540,11,12.44564394,26.85,13.81,-1.26,-12.83,27.58,12.9,-4.37,-11.85
03159540,12,10.09106305,25.07,13.03,-15.13,-27.44,23.14,12.93,-9.41,-18.77
03161000,1,10.97043988,22.22,10.27,-15.69,-29.21,22.22,10.27,-10.56,-23.54
03161000,2,11.64689461,22.88,9.14,-10.91,-23.18,23.37,12.92,-13.46,-23.18
03161000,3,12.57538123,26.35,13.3,-5.92,-17.13,26.86,12.21,-5.92,-17.13
03161000,4,13.45239394,29.42,14.64,-1.13,-8.86,29.42,15.32,-1.13,-8.25
03161000,5,12.6706085,30.9,17.25,5.72,-2.38,31.33,17.62,5.72,-2.21
03161000,6,11.84056061,31.91,18.61,12.46,2.28,34.19,18.83,12.46,3.26
03161000,7,11.27602639,33.06,20.02,15.86,5.69,33,19.87,15.86,7.91
03161000,8,11.17620968,33.94,19.56,17.1,2.9,33.21,19.56,17.97,5.61
03161000,9,11.57336364,30.69,17.93,12.19,-1.2,30.9,18.73,12.67,0.84
03161000,10,12.6863563,27.94,16.2,3.16,-5.62,30.67,18.59,1.82,-6.36
03161000,11,12.50157576,25.32,15.24,-2.18,-12.1,25.32,15.24,-3.02,-11.81
03161000,12,11.07289956,21.74,11.75,-15.78,-23.77,21.74,13.03,-8.04,-18.18
03164000,1,11.22166422,22.76,11.53,-14.49,-28.13,22.76,11.53,-10.06,-23.07
03164000,2,12.06557522,23.01,9.6,-9.85,-23.47,24.05,12.81,-12.32,-23.47
03164000,3,13.14527859,27.3,13.93,-5.54,-17.29,27.13,12.41,-5.54,-17.29
03164000,4,14.11440152,29.62,14.69,0.56,-8.95,29.58,15.98,0.56,-7.42
03164000,5,13.28636364,31.69,17.78,6.78,-2.12,31.89,18.2,6.78,-2.05
03164000,6,12.44124242,32.7,19.2,13.82,2.31,35.25,19.1,13.82,3.77
03164000,7,11.84343842,34.34,20.45,16.13,5.54,33.68,20.37,16.13,8.26
03164000,8,11.7672654,34.99,20.13,18.31,3.03,34.35,20.13,18.89,5.87
03164000,9,12.20043182,31.95,18.4,12.4,-1.28,31.95,19.28,12.45,0.81
03164000,10,13.38782991,29.22,16.73,4.71,-5.75,31.72,18.72,3.09,-6.1
03164000,11,13.07905303,25.96,15.34,-1.53,-12.09,25.96,15.34,-2.83,-11.35
03164000,12,11.36465909,21.86,11.75,-14.21,-22.73,21.86,13.17,-6.91,-17.49
03165000,1,11.19863636,23.34,12.72,-14.16,-27.73,23.34,12.72,-10.62,-22.96
03165000,2,12.17516492,23.61,10.81,-7.87,-23.59,23.99,13.39,-12.62,-23.59
03165000,3,13.33144428,27.56,14.41,-5.97,-18.4,26.83,12.8,-5.97,-18.4
03165000,4,14.41260606,29.61,15.47,1.16,-9.75,29.61,15.89,2.28,-7.1
03165000,5,13.61322581,32.37,17.63,6.11,-3.1,32.37,18.24,6.11,-2.31
03165000,6,12.82188636,33.53,19.35,13.98,0.95,35.83,19.35,13.86,2.28
03165000,7,12.2207478,34.29,20.67,16.09,4.2,33.9,20.67,16.09,6.95
03165000,8,12.06656158,35.41,20.45,18.15,1.67,35.41,20.45,17.27,4.64
03165000,9,12.42347727,31.9,19.47,10.94,-2.25,31.9,19.55,10.94,-0.82
03165000,10,13.64929619,29.84,17.66,4.68,-6.94,31.55,18.9,3.48,-6.9
03165000,11,13.22711364,26.33,15.55,-1.98,-13.44,26.33,15.55,-3.91,-11.2
03165000,12,11.32878666,22.77,12.6,-13.29,-22.39,22.77,13.74,-7.13,-17.71
03165500,1,11.27968475,22.89,11.86,-13.73,-27.68,22.89,11.86,-9.73,-22.8
03165500,2,12.16909895,23.08,9.8,-9.55,-23.28,24.15,12.81,-11.91,-23.28
03165500,3,13.26834311,27.62,14.2,-5.17,-17.08,27.41,12.44,-5.17,-17.08
03165500,4,14.247,29.76,14.9,1.18,-8.82,29.75,16.31,1.18,-7.16
03165500,5,13.37628299,31.95,17.99,7.11,-2.04,32.09,18.36,7.11,-1.9
03165500,6,12.51298485,33.01,19.46,14.28,2.55,35.55,19.23,14.28,4.01
03165500,7,11.90987537,34.64,20.64,16.24,5.76,33.95,20.6,16.24,8.46
03165500,8,11.8293695,35.38,20.42,18.74,3.3,34.64,20.42,18.91,6.2
03165500,9,12.25925,32.18,18.71,12.42,-1.03,32.18,19.51,12.63,0.96
03165500,10,13.47912757,29.5,16.96,5.2,-5.67,32.05,18.73,3.51,-5.87
03165500,11,13.16420455,26.06,15.38,-1.08,-11.89,26.06,15.38,-2.61,-11.25
03165500,12,11.41794355,22.04,11.95,-13.46,-22.35,22.04,13.3,-6.44,-17.17
03167000,1,10.71138563,22.24,12.89,-17.4,-29.39,22.24,12.89,-13.97,-25.34
03167000,2,11.68969429,21.28,8.56,-11.81,-25.48,24.26,12.7,-14.29,-25.48
03167000,3,13.01412023,27.27,13.71,-7.79,-17.49,26.97,12.37,-7.79,-17.49
03167000,4,14.14249242,28.76,14.64,-0.31,-11.32,28.93,16.36,-0.2,-7.77
03167000,5,13.44818915,31.06,17.59,7.35,-3.17,31.11,17.97,7.35,-3.07
03167000,6,12.60416667,32.08,20.15,13.91,1.19,35.17,19.02,13.91,2.35
03167000,7,12.07101173,34.82,20.51,14.92,4.19,33.24,20.51,14.92,6.79
03167000,8,12.13380499,34.62,20.68,18.19,1.77,34.58,20.68,17.29,5.02
03167000,9,12.60984848,32.73,18.56,9.04,-2.92,32.73,19.27,9.04,-0.64
03167000,10,13.55154692,29.75,16.4,2.58,-8.3,31.59,17.98,2.02,-8.3
03167000,11,12.9475,25.5,14.55,-3.9,-13.86,25.5,14.55,-5.35,-12.54
03167000,12,10.92015762,22.39,11.73,-15.17,-25.29,22.39,12.29,-8.67,-19.41
03168000,1,11.27946481,23.09,12.31,-12.81,-27.14,23.09,12.31,-9.21,-22.6
03168000,2,12.22768302,22.95,9.99,-9.43,-22.92,24.32,12.81,-11.42,-22.92
03168000,3,13.34722141,27.99,14.48,-4.55,-16.55,27.85,12.53,-4.55,-16.55
03168000,4,14.33167424,29.97,15.2,1.99,-8.54,29.97,16.73,2.03,-6.76
03168000,5,13.40950147,32.25,18.29,7.73,-1.74,32.31,18.62,7.73,-1.67
03168000,6,12.52362121,33.32,19.71,14.94,3.04,35.89,19.58,14.73,4.38
03168000,7,11.92150293,34.95,20.93,16.56,6.19,34.3,20.93,16.56,8.86
03168000,8,11.83764663,35.87,20.71,19.28,3.82,35.01,20.71,19.12,6.87
03168000,9,12.25479545,32.44,19.14,12.41,-0.59,32.44,19.8,12.82,1.34
03168000,10,13.48642229,29.91,17.11,5.33,-5.36,32.54,18.72,4.02,-5.44
03168000,11,13.16955303,26.2,15.35,-0.4,-11.56,26.2,15.35,-2.3,-11.08
03168000,12,11.39842009,22.41,12.22,-12.53,-21.95,22.41,13.5,-5.84,-16.83
03170000,1,10.90118035,22.54,13.04,-11.88,-27.51,22.54,13.04,-9.46,-23.44
03170000,2,12.00296058,22.2,9.57,-9.89,-23.32,24.42,12.78,-12.44,-23.32
03170000,3,13.1470088,28.4,14.49,-3.75,-16.93,27.5,13,-3.75,-16.93
03170000,4,14.20561364,30.22,15.55,2.69,-9.93,30.22,16.48,2.82,-6.36
03170000,5,13.36620235,32.41,17.61,8.1,-2.51,32.41,18.54,8.1,-2.06
03170000,6,12.5120303,33.19,19.95,14.43,2.2,35.51,19.95,14.43,3.48
03170000,7,11.97842375,34.65,21.56,15.91,5.53,34.6,21.56,15.91,7.79
03170000,8,11.89156158,35.98,21.26,17.53,3.06,35.6,21.26,17.53,5.59
03170000,9,12.18558333,33.25,20.11,9.67,-1.72,32.36,20.11,11.27,0.3
03170000,10,13.32428886,30.5,17.48,5.78,-6.13,32.48,19.16,3.16,-6.13
03170000,11,12.85390909,26.1,14.87,-0.63,-12.59,26.1,15.04,-3.51,-10.79
03170000,12,10.98455279,22.99,12.26,-10.78,-22.5,22.99,13.19,-7.65,-17.14
03173000,1,10.51554252,22.84,12.9,-16.72,-29.29,22.84,12.9,-13.8,-25.66
03173000,2,11.5443041,21.76,7.92,-12.63,-25.27,24.55,12.21,-14.2,-25.27
03173000,3,12.92240469,27.61,13.6,-7.37,-16.53,28.14,12.4,-7.37,-16.53
03173000,4,14.06855303,29.65,14.87,-0.33,-10.73,29.65,16.49,-0.16,-7.38
03173000,5,13.34931085,31.52,17.66,8.23,-2.87,31.52,18.14,7.95,-2.75
03173000,6,12.47912879,32.49,19.57,14.39,2.11,35.44,19.19,14.39,3.02
03173000,7,11.9441349,35.14,20.6,15.22,4.85,33.64,20.6,15.22,7.46
03173000,8,12.00664223,34.98,20.76,17.89,2.81,34.98,20.76,17.8,5.7
03173000,9,12.42860606,32.81,18.57,9.45,-2.16,32.81,19.54,9.45,0.08
03173000,10,13.32640762,30.19,16.63,1.9,-7.31,32.24,17.82,1.9,-7.31
03173000,11,12.68060606,25.74,14.24,-3.76,-13.57,25.74,14.24,-5.26,-12.24
03173000,12,10.65570748,22.87,11.25,-14.84,-25.49,22.87,12.21,-8.79,-19.46
03175500,1,10.39841642,22.73,12.54,-17.61,-29.93,22.73,12.54,-14.71,-26.43
03175500,2,11.39651649,21.34,8,-13.24,-25.89,24.13,11.86,-14.71,-25.89
03175500,3,12.80587977,27.26,13.43,-7.99,-16.6,27.76,12.75,-7.99,-16.6
03175500,4,13.97887121,29.61,14.66,-1.22,-11.23,29.65,16.29,-0.83,-7.85
03175500,5,13.20844575,31.02,17.83,7.58,-2.87,31.03,18.18,7.58,-2.87
03175500,6,12.28752273,32.47,19.64,14.3,1.98,35.25,19,14.3,2.96
03175500,7,11.73622434,35.01,20.49,15.31,4.67,33.19,20.49,15.31,7.38
03175500,8,11.83684018,34.65,20.65,18.33,2.44,34.54,20.65,17.68,6.12
03175500,9,12.29792424,32.99,18.27,8.9,-2.35,32.99,19.46,8.9,0.1
03175500,10,13.14409091,29.92,16.55,0.92,-7.45,31.89,17.91,0.92,-7.45
03175500,11,12.52270455,25.73,13.76,-4.38,-13.6,25.73,13.9,-5.8,-12.93
03175500,12,10.51714076,22.77,11.37,-15.7,-26.4,22.77,12.24,-9.06,-19.84
03179000,1,10.22672287,22.98,11.82,-17.11,-30.02,22.98,11.82,-14.67,-27.1
03179000,2,11.27017699,21.52,8,-13.68,-25.99,23.95,11.12,-14.95,-25.99
03179000,3,12.75379032,27.07,13.42,-8.12,-16.63,28.45,12.96,-8.12,-16.63
03179000,4,14.00198485,30.21,14.55,-1.56,-10.84,30.21,15.74,-0.82,-7.59
03179000,5,13.12678886,31.31,17.97,7.71,-2.63,31.31,18.27,7.71,-2.57
03179000,6,12.14954545,32.72,19.17,14.18,2.64,35.55,19.17,14.18,3.09
03179000,7,11.53808651,35.08,20.52,16.21,5.03,33.36,20.52,16.21,7.83
03179000,8,11.62634164,34.84,20.55,18.46,3.02,34.52,20.55,18.36,6.94
03179000,9,12.04947727,33.39,18.32,9.66,-1.7,33.39,19.5,9.7,0.74
03179000,10,12.86378299,30.05,16.77,0.57,-6.55,32.18,17.86,0.57,-6.55
03179000,11,12.25331818,25.9,13,-4.25,-13.21,25.9,13.22,-5.9,-12.88
03179000,12,10.24653226,22.7,11.06,-16.19,-26.81,22.7,12.04,-9.13,-19.81
03180500,1,10.03032991,18.53,10.89,-20.82,-33.79,18.53,10.89,-17.31,-31.84
03180500,2,10.85240547,18.38,6.67,-15.21,-26.73,20.06,8.28,-17.9,-26.73
03180500,3,11.87178152,25.1,10.37,-11.58,-20.91,25.01,11.26,-11.58,-21.02
03180500,4,13.03615909,27.26,12.72,-5.54,-16.08,27.26,13.86,-5.54,-11.96
03180500,5,12.31735337,30.08,16.75,1.27,-4.96,30.08,16.75,1.56,-6.04
03180500,6,11.54664394,29.22,17.52,11.02,0.21,31.82,17.52,11.91,0.21
03180500,7,11.00046188,33.7,19.39,15.5,1.72,31.18,18.19,15.15,4.47
03180500,8,11.04636364,31.73,18.47,15.1,0.3,29.27,18.52,15.1,4.4
03180500,9,11.40404545,28.78,16.87,7.83,-3.55,28.78,17.27,7.91,-2.52
03180500,10,12.08509531,25.6,15.43,-1.1,-8.42,27.79,16.38,-1.1,-8.4
03180500,11,11.18672727,23.63,11.77,-6.71,-16.7,23.63,11.77,-10.71,-16.34
03180500,12,9.79848607,19.3,9.64,-20.89,-29.78,18.7,9.53,-13.97,-21.79
03182500,1,10.31386364,19.78,11.02,-18.62,-32.2,19.78,11.02,-15.05,-30.64
03182500,2,11.25543041,19.53,7.13,-13.14,-26.08,21.1,8.85,-16.92,-26.08
03182500,3,12.40232405,26.65,11.48,-9.14,-19.42,26.23,11.43,-9.14,-19.46
03182500,4,13.64465909,28.38,13.26,-3.74,-14.01,28.38,14.21,-3.74,-10.17
03182500,5,12.84857771,30.89,17.09,3.38,-3.83,30.89,17.23,3.74,-4.62
03182500,6,12.02790909,30.79,17.84,13.7,1.62,33.32,17.84,13.73,1.62
03182500,7,11.41535191,34.45,19.25,16.71,2.67,32.54,18.96,16.71,5.82
03182500,8,11.41194282,33.34,18.96,16.34,1.69,31.15,19.31,16.34,5.42
03182500,9,11.74281061,30.19,17.77,9.05,-2.52,30.15,18.14,10.15,-1.01
03182500,10,12.51819648,27.04,15.67,0.78,-7.86,29.36,17.09,0.78,-7.86
03182500,11,11.69484091,24.75,11.68,-5.12,-15.29,24.75,11.68,-8.89,-14.58
03182500,12,10.13002933,20.94,9.85,-18.51,-28.22,20.2,10.17,-11.7,-20.5
03183500,1,10.47502933,21.28,11.12,-15.32,-30.18,21.28,11.12,-12.52,-28.71
03183500,2,11.5594288,21.37,8.13,-12.33,-25.16,22.5,9.19,-14.91,-25.16
03183500,3,12.86254399,27.41,12.88,-7.09,-17.46,27.59,12.13,-7.09,-17.52
03183500,4,14.12874242,29.79,13.98,-1.39,-11.88,29.79,14.98,-1.39,-8.35
03183500,5,13.28545455,31.77,17.61,6.23,-2.81,31.77,18,6.1,-3.18
03183500,6,12.43184848,32.19,19.08,15,2.8,34.72,19.08,15,2.8
03183500,7,11.84415689,35.31,19.77,17.71,4,33.86,19.71,17.71,7.27
03183500,8,11.85146628,34.78,20.05,17.72,2.82,33.44,20.13,17.72,6.4
03183500,9,12.18968182,31.86,18.51,9.68,-1.72,31.86,19.07,11.34,-0.06
03183500,10,12.96778592,29.08,16.37,2.79,-7.15,31.23,17.84,1.97,-7.15
03183500,11,12.16972727,26,12.44,-2.83,-13.77,26,12.44,-6.78,-12.84
03183500,12,10.36777126,22.14,10.02,-16.18,-26.25,21.9,10.68,-9.83,-19.28
03184000,1,10.47510997,21.58,10.92,-15.13,-29.99,21.58,10.92,-12.48,-28.7
03184000,2,11.57495575,21.54,8.22,-12.37,-25.16,22.82,9.25,-14.69,-25.16
03184000,3,12.91432551,27.47,12.97,-6.86,-17.45,27.79,12.23,-6.86,-17.45
03184000,4,14.19217424,29.94,14.05,-1.17,-11.59,29.94,15.1,-1.17,-8.2
03184000,5,13.32917889,31.81,17.7,6.48,-2.73,31.81,18.1,6.26,-3.02
03184000,6,12.45868182,32.4,19.18,15.01,3.01,34.85,19.18,15.01,3.02
03184000,7,11.8588783,35.48,19.87,18.02,4.16,34.01,19.83,18.02,7.48
03184000,8,11.87745601,34.94,20.23,17.89,2.99,33.64,20.25,18.02,6.57
03184000,9,12.2314697,32.05,18.53,9.75,-1.56,32.05,19.18,11.31,0.14
03184000,10,12.99983871,29.32,16.44,2.74,-6.93,31.39,17.84,1.92,-6.93
03184000,11,12.20691667,26.15,12.5,-2.68,-13.6,26.15,12.5,-6.62,-12.66
03184000,12,10.37140029,22.26,10.14,-16.18,-26.12,22.08,10.64,-9.67,-19.18
03186500,1,9.984464809,19.96,10.8,-18.84,-33.2,19.96,10.8,-15.79,-31.62
03186500,2,10.83615447,19.81,8.82,-14.04,-25.66,20.81,9.85,-18.3,-26.44
03186500,3,11.93702346,26.81,11.78,-10.85,-20.22,26.14,11.74,-10.85,-18.66
03186500,4,13.24312121,28.11,13.41,-4.96,-13.63,27.83,14.3,-4.96,-10.36
03186500,5,12.31672287,30.3,16.92,2.73,-3.72,30.3,17.06,1.81,-5.51
03186500,6,11.38818182,30.26,18.07,12.35,1.34,33.25,18.07,12.35,1.44
03186500,7,10.70446481,33.64,19.07,15.62,3.17,31.62,19.07,15.62,5.64
03186500,8,10.6922654,32.74,19.95,14.7,2.11,31.62,19.95,16.23,5.99
03186500,9,11.04643182,30.24,17.93,7.99,-2.01,30.24,17.93,7.99,-0.72
03186500,10,11.83174487,26.92,15.56,-0.34,-7.72,28.62,16.7,-0.34,-7.72
03186500,11,11.17234848,24.82,11.69,-6.1,-15.33,24.82,11.69,-10.51,-15.8
03186500,12,9.759435484,21.21,10.82,-19.02,-28.46,20.64,10.82,-12.34,-22.03
03187500,1,9.881502933,19.82,10.65,-19.09,-33.48,19.82,10.65,-15.96,-31.63
03187500,2,10.7188576,19.63,9.02,-14.24,-25.42,20.58,9.93,-18.4,-26.67
03187500,3,11.76945748,26.64,11.88,-11.05,-20.3,26.09,11.86,-11.05,-18.85
03187500,4,13.0655303,28.06,13.62,-5.07,-13.74,27.74,14.33,-5.07,-10.71
03187500,5,12.13585777,30.14,16.96,2.4,-4.02,30.14,17.03,1.51,-5.64
03187500,6,11.20022727,29.99,18.02,11.99,1.19,33.17,18.02,11.99,1.23
03187500,7,10.54236804,33.2,19.26,15.27,3.33,31.37,19.26,15.27,5.71
03187500,8,10.54266862,32.55,20.04,14.08,2.08,31.56,20.04,16.22,5.76
03187500,9,10.89378788,30.21,18.08,7.56,-2.16,30.21,18.08,7.56,-0.86
03187500,10,11.64291789,26.98,15.8,-0.66,-7.96,28.59,16.52,-0.66,-7.96
03187500,11,11.00620455,24.74,11.75,-6.34,-15.62,24.74,11.75,-10.77,-16.13
03187500,12,9.659450147,21.18,10.75,-18.82,-28.67,20.67,10.75,-12.43,-22.51
03198500,1,10.24127566,24.01,11.6,-15.45,-28.77,24.01,11.6,-14.71,-28.77
03198500,2,11.44722446,23.39,8.97,-13.11,-25.16,25.83,10.52,-14.14,-25.46
03198500,3,13.10374633,28.76,14.46,-7.86,-17.86,29.93,14.07,-7.86,-17.86
03198500,4,14.51142424,31.58,15.3,-0.88,-9.07,31.58,15.93,0.2,-6.37
03198500,5,13.37675953,32.34,18.71,9.65,-1.98,32.34,19.11,7.9,-1.8
03198500,6,12.39563636,34.11,20.59,13.92,3.84,36.97,20.59,13.92,4.08
03198500,7,11.6339956,36.1,21.18,19.48,6,35.22,21.7,19.48,9.34
03198500,8,11.73156158,36.21,21.48,18.12,4.36,35.95,21.59,18.12,8.5
03198500,9,12.15380303,34.38,19.6,10.31,-0.19,34.38,20.28,10.75,1.74
03198500,10,12.87667155,31.34,17.14,2.02,-5.27,33.18,17.87,1.6,-5.27
03198500,11,12.25165909,27.61,12.44,-2.28,-12.2,27.61,12.66,-4.87,-11.91
03198500,12,10.17245968,23.82,11.55,-16.3,-25.96,23.7,11.27,-8.54,-19.12
03213700,1,10.56645161,22.98,11.25,-15.29,-28.75,22.98,11.25,-13.26,-27.5
03213700,2,11.68833467,22.58,8.62,-12.56,-26.16,24.76,10.82,-13.83,-26.16
03213700,3,13.32893695,27.85,14.6,-7.32,-17.46,28.32,13.62,-7.32,-17.46
03213700,4,14.55328788,31.09,14.96,-0.9,-9.14,31.09,14.96,-0.09,-6.68
03213700,5,13.41516129,31.85,18.71,9.26,-2.18,31.85,18.82,8.92,-1.49
03213700,6,12.40804545,34.01,20.02,14.85,3.68,36.38,19.82,14.85,3.89
03213700,7,11.67682551,36.01,21.11,19.54,5.83,34.09,21.11,19.54,8.91
03213700,8,11.74940616,35.8,20.73,18.57,3.97,34.7,20.83,18.57,8.24
03213700,9,12.28375,33.68,18.84,10.53,-0.46,33.91,20.02,12.07,1.36
03213700,10,13.21237537,30.53,17.17,1.22,-5.85,32.83,17.9,1.22,-5.85
03213700,11,12.69262121,26.31,12.29,-2.48,-12.56,26.31,12.29,-4.18,-12.08
03213700,12,10.5632588,23.4,10.97,-14.53,-25.5,22.88,11.17,-8.21,-18.79
03237280,1,10.15374633,23.54,12.63,-18.32,-32.22,23.54,12.63,-17.52,-32.22
03237280,2,11.52271923,24.69,9.11,-12.51,-24.07,26.19,13.03,-13.14,-25.84
03237280,3,13.14616569,28.7,15.61,-6.91,-17.12,29.98,13.6,-6.91,-17.64
03237280,4,14.41495455,31.96,16.3,1.05,-7.98,30.84,16.73,1.05,-7.24
03237280,5,13.39615103,32.45,20.57,10.43,-1.41,32.59,20.68,8.41,-1.94
03237280,6,12.73112879,38.19,22.34,14.76,3.8,38.29,22.34,14.76,4.49
03237280,7,12.08670088,38.51,23.02,21.34,6.22,39.66,23.02,21.05,10.03
03237280,8,12.47277126,37.6,23.1,18.87,3.41,36.35,23.14,19.26,8.83
03237280,9,13.23030303,35.91,20.5,12.17,0.12,36.34,21.52,12.54,0.6
03237280,10,13.58853372,32.47,18.94,2.15,-6.4,34.25,18.94,2.15,-5.38
03237280,11,12.25371212,26.9,13.45,-1.96,-12.15,27.88,12.86,-3.16,-11.59
03237280,12,10.05759897,25.7,14.6,-15.73,-28.79,23.36,14.6,-9.14,-18.22
03237500,1,9.552829912,22.35,12.95,-19.2,-32.26,22.35,12.95,-19.2,-32.26
03237500,2,10.82356396,23.5,9.62,-13.17,-22.82,25.43,11.94,-13.62,-24.33
03237500,3,12.33018328,28.43,15.22,-7.53,-16.18,29.47,15.22,-7.53,-17.01
03237500,4,13.54451515,31.4,17.07,1.4,-8.25,29.66,17.07,1.4,-7.8
03237500,5,12.68371701,32.15,20.92,10.1,-1.15,33.05,20.92,8.34,-1.86
03237500,6,12.22359848,37.73,22.84,15.18,4.61,37.71,22.84,14.73,4.61
03237500,7,11.74892229,38.29,23.59,20.84,6.22,38.48,23.59,20.14,9.89
03237500,8,12.18164223,37.32,23.03,18.49,3.84,36.22,23.09,19.91,8.27
03237500,9,12.97731061,35.69,21,11.67,0.84,35.97,21.39,11.67,0.84
03237500,10,12.94684751,32.34,19.87,1.79,-6.56,33.61,19.1,1.79,-4.12
03237500,11,11.41493939,26.67,14.39,-2.93,-11.7,27.32,12.65,-5.32,-12.55
03237500,12,9.421799853,24.6,14.57,-16.44,-29.26,22.47,13.58,-10.72,-18.56
03238500,1,9.472815249,21.87,13.33,-19.38,-32.14,21.87,13.33,-18.98,-32.14
03238500,2,10.72224457,23.11,10.29,-13.23,-22.6,25.5,11.59,-13.75,-24.03
03238500,3,12.14282991,28.31,15.67,-7.67,-15.74,29.22,15.67,-7.67,-16.54
03238500,4,13.29388636,30.92,17.52,1.48,-8.19,29.38,17.52,1.48,-7.74
03238500,5,12.5036437,32.04,21.07,9.59,-1,33.25,21.07,8.79,-2.02
03238500,6,12.15443182,37.84,22.88,15.52,4.66,37.78,22.88,14.2,4.66
03238500,7,11.70391496,38.35,23.97,20.23,6.7,38.46,23.97,20.06,9.74
03238500,8,12.11728739,37.47,23.28,18.43,4.2,36.34,23.28,20.15,8.39
03238500,9,12.92109091,35.67,21.28,11.88,0.39,36.29,21.9,11.88,0.39
03238500,10,12.77841642,32.35,19.81,2,-6.5,33.74,19.06,2,-4.06
03238500,11,11.19799242,26.78,14.6,-3.01,-11.47,27.26,12.8,-5.92,-12.3
03238500,12,9.337983871,24.23,15.39,-16.64,-29.42,22.26,14.38,-10.88,-18.63
03241500,1,8.737434018,19.35,12.22,-20.03,-31.87,19.35,12.22,-19.77,-31.87
03241500,2,9.864255833,22.4,11.7,-14.43,-27.05,24.25,12.17,-14.43,-24.41
03241500,3,11.30068182,27.68,14.89,-8.01,-21.64,28.9,14.73,-8.01,-16.27
03241500,4,12.67423485,30.71,17.72,-0.27,-9.17,29.1,17.72,-0.27,-9.17
03241500,5,12.18840176,32.84,21.1,10.01,-1.24,32.92,21.1,7.49,-2.02
03241500,6,11.79853788,38.11,24.15,14.93,3.86,36.02,24.15,13.11,5.09
03241500,7,11.53494135,37.52,24.07,18.6,5.92,37.04,24.07,19.45,9.66
03241500,8,12.0326393,37.26,23.53,17.86,3.51,35.34,23.53,19.31,7.63
03241500,9,12.83865909,34.88,21.37,10.35,-0.61,35.54,20.96,10.35,-0.21
03241500,10,12.32568915,31.85,19.96,2.27,-7.64,33.09,19.34,2.27,-4.5
03241500,11,10.36171212,25.48,14.81,-3.22,-12.04,25.98,13.95,-7.13,-14.92
03241500,12,8.431077713,22.83,14.81,-18.71,-29.67,20.34,14.14,-11.09,-23.91
03251500,1,10.3861437,21.8,11.39,-16.97,-31.2,22.83,11.39,-14.11,-31.2
03251500,2,11.66511665,24.35,9.8,-11.35,-23.77,26.24,11.94,-12.08,-26.71
03251500,3,13.26501466,29.04,15.79,-6.11,-15.55,29.6,14.39,-6.11,-17.66
03251500,4,14.38044697,31.91,16.81,1.68,-7.52,31.15,16.89,1.9,-5.43
03251500,5,13.30577713,32.61,20.47,12.21,-0.16,32.86,20.47,10.28,-1.81
03251500,6,12.71354545,37.58,21.94,17.02,4.45,38.81,21.94,16.69,6.16
03251500,7,11.99432551,38.74,22.52,21.52,8.58,38.51,22.71,21.38,11.3
03251500,8,12.35865103,37.91,23.12,19.64,4.46,37.28,23.14,19.64,9.99
03251500,9,13.07927273,35.48,20.02,12.64,1.14,35.74,21.74,14.94,1.36
03251500,10,13.56844575,32.39,19.29,3.36,-5.29,34.49,19.04,3.36,-4.22
03251500,11,12.38759848,27.33,13.69,0.48,-11.53,27.75,13.44,-2.98,-11.16
03251500,12,10.3098827,25.53,12.91,-15.02,-26.64,22.09,12.86,-6.85,-16.6
03252500,1,10.04501466,21.16,12.36,-18.8,-31.75,22.11,12.36,-13.11,-31.75
03252500,2,11.26168142,23.98,11.04,-11.79,-22.8,26.01,13.01,-12.17,-28.12
03252500,3,12.72532258,28.74,16.3,-6.1,-14.21,28.87,15.58,-6.1,-19.09
03252500,4,13.68806061,31.15,17.67,1.61,-7.91,30.28,17.67,1.61,-5.78
03252500,5,12.82258798,32.83,20.95,11.11,-0.32,32.95,20.95,10.85,-2.19
03252500,6,12.51401515,38.2,22.61,16.12,5.01,38.85,22.61,15.76,6.25
03252500,7,11.86180352,39.11,23.76,21.01,9.79,39.18,23.23,21.01,11.07
03252500,8,12.32538123,38.84,23.69,20.2,4.67,38.1,23.69,20.39,9.95
03252500,9,13.04741667,36.05,21.15,13.57,0.99,36.15,22.05,15.12,0.99
03252500,10,13.22780059,32.7,20.61,3.09,-5.36,35.11,19.74,3.09,-3.96
03252500,11,11.83692424,27.76,15.22,-0.42,-10.92,28.04,13.57,-3.58,-11.69
03252500,12,9.967884897,24.88,14.41,-16.79,-28.35,21.78,14.41,-6.55,-17.17
03253500,1,10.3292522,21.73,11.27,-16.77,-31.22,22.66,11.27,-13.97,-31.22
03253500,2,11.5984634,24.25,9.91,-11.43,-23.63,26.17,11.68,-12.07,-26.63
03253500,3,13.17330645,28.97,15.76,-6.08,-15.29,29.49,14.36,-6.08,-17.74
03253500,4,14.27208333,31.77,16.99,1.91,-7.56,30.96,17.01,1.91,-5.42
03253500,5,13.22579179,32.54,20.5,12.27,-0.03,32.82,20.5,10.35,-1.86
03253500,6,12.66340909,37.6,22.05,17.26,4.55,38.77,22.05,16.73,6.17
03253500,7,11.96021261,38.73,22.61,21.53,8.71,38.57,22.77,21.49,11.3
03253500,8,12.33438416,37.91,23.12,19.84,4.56,37.21,23.17,19.84,10.07
03253500,9,13.05503788,35.49,20.22,12.8,1.22,35.75,21.72,14.87,1.31
03253500,10,13.50216276,32.39,19.38,3.41,-5.34,34.54,19.06,3.41,-4.12
03253500,11,12.29884848,27.37,13.82,0.54,-11.45,27.8,13.38,-3,-11.24
03253500,12,10.24872801,25.37,13.07,-15.06,-26.82,22.06,13.07,-6.91,-16.46
03265000,1,8.766253666,17.56,12.46,-21.89,-33.02,17.56,12.46,-21.89,-33.02
03265000,2,9.86694288,22.49,11.4,-15.22,-26.54,23.61,11.4,-15.22,-24.68
03265000,3,11.16679619,27.36,15.26,-8.29,-22.77,28.94,15.26,-8.92,-17.35
03265000,4,12.53344697,30.23,17.7,-0.71,-10.63,29.37,17.7,-0.44,-9.54
03265000,5,12.19118768,33.31,21.03,8.55,-1.17,33.75,21.03,8.46,-2.62
03265000,6,11.82651515,38.36,24.81,12.98,3.38,38.98,24.81,13.01,4.16
03265000,7,11.6170088,37.98,23.84,17.98,7.45,38.08,24.13,19.29,8.41
03265000,8,11.99038123,37.27,23.78,18,3.89,35.19,23.78,18.83,7.35
03265000,9,12.88475,34.39,21.57,10.58,-1.08,35.64,21.68,10.58,-1.08
03265000,10,12.16182551,31.81,19.26,1.7,-7.56,32.17,19.26,1.7,-4.7
03265000,11,10.15312879,24.95,13.3,-4.18,-12.75,26.3,13.23,-7.18,-15.85
03265000,12,8.405315249,21.84,14.81,-22.48,-29.56,21.12,14.18,-13.23,-25.94
03266000,1,8.780153959,17.59,12.38,-21.92,-32.95,17.59,12.38,-21.92,-32.95
03266000,2,9.885269509,22.56,11.36,-15.07,-26.48,23.63,11.36,-15.07,-24.28
03266000,3,11.19244135,27.44,15.16,-8.18,-22.51,29.01,15.15,-8.72,-17.17
03266000,4,12.56358333,30.33,17.62,-0.62,-10.44,29.36,17.62,-0.38,-9.42
03266000,5,12.21703812,33.31,21.03,8.55,-1.05,33.74,21.03,8.46,-2.57
03266000,6,11.85515909,38.32,24.75,13.11,3.37,38.85,24.75,13.06,4.22
03266000,7,11.63306452,37.99,23.72,18.09,7.41,38.1,24.16,19.37,8.61
03266000,8,12.00572581,37.34,23.78,17.99,3.98,35.3,23.78,19.01,7.51
03266000,9,12.88410606,34.48,21.51,10.59,-0.91,35.77,21.61,10.59,-0.91
03266000,10,12.17947214,31.85,19.26,1.67,-7.49,32.35,19.26,1.67,-4.63
03266000,11,10.18027273,25.01,13.42,-3.94,-12.51,26.24,13.27,-7.1,-15.68
03266000,12,8.420667155,21.88,14.84,-22.21,-29.52,21.12,14.2,-13.06,-25.78
03269500,1,8.664765396,17.95,11.59,-21.65,-32.2,17.95,11.59,-21.65,-32.2
03269500,2,9.760973451,22.28,11.37,-14.71,-26.48,23.4,11.84,-14.71,-23.4
03269500,3,11.1976173,27.46,14.41,-8.04,-22.63,28.79,14.32,-8.04,-16.33
03269500,4,12.64603788,30.55,17.3,-0.37,-10.51,28.97,17.3,-0.2,-9.6
03269500,5,12.31540323,33.26,21.14,8.99,-1.51,33.16,21.14,8.24,-2.51
03269500,6,11.89113636,38.3,23.75,14.14,3.08,36.12,23.75,13.62,4.83
03269500,7,11.62996334,37.53,23.64,18.65,6.52,36.87,23.64,19.98,9.1
03269500,8,11.97453812,37.65,23.8,18.01,3.74,35.4,23.8,19.43,7.68
03269500,9,12.72743182,34.85,21.3,9.73,-0.69,35.47,21.2,9.73,-0.55
03269500,10,12.1294868,31.64,19.33,2.4,-7.35,32.66,19.33,2.4,-4.17
03269500,11,10.10807576,25.21,13.84,-3.08,-12.01,25.73,13.51,-6.15,-15.08
03269500,12,8.286066716,22.02,14.36,-19.32,-29.21,20.1,13.19,-11.51,-24.61
03274000,1,8.769516129,18.18,11.99,-20.85,-31.92,18.18,11.99,-20.85,-31.92
03274000,2,9.880281577,22.68,11.18,-14.55,-25.51,23.55,11.18,-14.55,-23.14
03274000,3,11.28234604,27.51,15.04,-7.84,-21.1,29.15,15.04,-8.24,-16.88
03274000,4,12.67450758,30.35,17.58,-0.08,-10.17,29.3,17.58,-0.08,-9
03274000,5,12.29928152,33.25,21,9.58,-1,33.51,21,8.56,-2.43
03274000,6,11.905,38.31,23.94,14.61,4.07,37.9,23.94,13.79,4.88
03274000,7,11.64259531,37.63,23.69,19.08,7.12,37.71,23.9,19.91,9.22
03274000,8,11.9835044,37.22,23.73,18.14,4.23,35.15,23.73,19.61,7.87
03274000,9,12.78684091,34.7,21.3,10.77,-0.39,35.62,21.29,10.77,-0.39
03274000,10,12.21003666,31.98,19.09,2.33,-7.19,32.65,19.09,2.33,-4.09
03274000,11,10.2585303,25.32,13.81,-3.11,-11.91,26.14,12.84,-6.39,-14.74
03274000,12,8.429204545,22.02,14.81,-19.69,-29.27,20.92,13.97,-12.08,-24.01
03280700,1,10.89700147,22.1,12.74,-13.63,-29.38,22.15,12.74,-10.42,-29.28
03280700,2,12.05016895,23.34,10.29,-10.62,-26.06,25.41,11.32,-10.65,-26.06
03280700,3,13.70895894,28.47,16.01,-5.72,-17.95,28.96,13.57,-5.72,-17.95
03280700,4,14.69787121,32.16,15.83,-0.34,-7.68,30.82,15.83,1.31,-6.73
03280700,5,13.40140029,31.96,19.61,10.15,-1.29,31.96,19.61,8.31,-1.78
03280700,6,12.45812879,34.77,20.88,16.74,4.47,38.65,20.42,16.74,5.51
03280700,7,11.62280792,36.23,21.51,21.55,7.61,36.32,21.91,19.94,10.21
03280700,8,11.81571114,36.58,22.07,18.95,5.91,35.44,22.07,18.95,8.7
03280700,9,12.54153788,33.82,19.55,10.84,0.68,34.5,21.11,14.23,1.95
03280700,10,13.67778592,31.32,17.76,3.81,-5.82,32.95,19.33,2.55,-4.36
03280700,11,13.09553788,27.15,13.16,0.01,-11.58,27.15,13.85,-3.3,-11.24
03280700,12,10.91610704,24.58,12.37,-12.93,-23.56,22.82,11.75,-6.84,-17.12
03281100,1,10.94345308,22.51,13.05,-14.77,-30.02,22.51,13.05,-11.27,-30.02
03281100,2,12.14514079,23.72,12.65,-10.69,-26.25,25.31,12.63,-11.15,-26.25
03281100,3,13.85137097,29.46,15.89,-5.54,-18.44,29.49,14.18,-5.54,-18.44
03281100,4,14.90280303,32.09,16.26,0.3,-7.45,30.94,16.26,2.05,-6.8
03281100,5,13.60126833,32.29,19.69,11.06,-1.23,32.38,19.69,8.59,-1.68
03281100,6,12.68826515,35.81,20.94,16.56,4.12,39.79,20.96,16.56,5.73
03281100,7,11.79771261,37.12,21.71,22.12,6.85,37.46,21.97,20.28,10.69
03281100,8,12.10295455,37.76,22.61,17.65,5.88,36.78,22.61,17.65,9.41
03281100,9,12.89868939,34.71,19.97,11.38,0.57,34.93,21.51,14.9,1.46
03281100,10,13.98516862,32.33,17.98,4.14,-6.4,33.67,19.44,3.62,-4.05
03281100,11,13.27770455,27.21,13.25,0.31,-10.94,27.67,14.68,-2.88,-10.73
03281100,12,10.9903739,24.83,12.17,-13.58,-23.28,23.13,12.33,-7,-16.19
03281500,1,10.85752199,22.61,13.23,-14.85,-30.46,22.61,13.23,-12.13,-30.46
03281500,2,12.07433628,23.89,12.75,-10.83,-25.66,25.69,12.42,-10.94,-26.21
03281500,3,13.75966276,29.37,16.08,-5.59,-17.87,29.63,14.55,-5.59,-17.87
03281500,4,14.80480303,32.36,16.48,0.49,-7.57,31.21,16.48,2.01,-6.54
03281500,5,13.5116129,32.46,19.72,11.53,-1.05,32.46,19.72,8.92,-1.72
03281500,6,12.66051515,36.06,21.04,16.95,4.24,39.58,20.96,16.95,5.96
03281500,7,11.79648094,37.5,21.76,22.08,7.4,37.42,22.09,20.42,10.85
03281500,8,12.11158358,37.46,22.4,18.14,5.62,36.65,22.4,18.14,9.42
03281500,9,12.87167424,34.88,19.72,11.28,0.73,34.91,21.5,14.87,1.39
03281500,10,13.88315249,32.12,18.37,3.87,-6.16,34.07,19.37,3.7,-4.18
03281500,11,13.09211364,27.2,13.31,0.54,-11.23,27.71,14.56,-2.44,-10.71
03281500,12,10.87033724,25.21,12.47,-13.72,-24,23.12,12.39,-6.6,-16.34
03285000,1,10.21955279,22.63,13.8,-13.81,-30.6,22.63,13.8,-12.84,-30.6
03285000,2,11.31939662,24.26,14.36,-11.75,-23.65,25.66,14.57,-11.75,-26
03285000,3,12.74384164,28.2,17.01,-5.72,-14.11,28.74,16.93,-5.72,-19.65
03285000,4,13.59914394,31.06,18.13,2.65,-7.49,30.64,19.03,3.18,-6.97
03285000,5,12.56113636,32.12,20.95,12.28,-0.18,32.43,20.95,10.24,-2.26
03285000,6,12.15234848,36.51,22.7,18.72,5.2,39.13,22.7,17.82,6.64
03285000,7,11.5138783,38.5,23.26,22.34,9.94,38.02,23.08,21.47,11.07
03285000,8,12.07010997,38.38,23.02,20.48,5.08,37.44,23.39,20.48,9.8
03285000,9,12.78493939,35.37,21.64,13.59,1.29,36.56,21.96,15.18,1.29
03285000,10,13.16816716,32.5,20.76,3.88,-5.27,35.21,19.71,3.88,-3.41
03285000,11,11.91342424,27.23,15.18,0.95,-10.88,28.25,15.35,-0.82,-10.88
03285000,12,10.11856305,24.62,15.11,-15.14,-27.03,22.68,14.44,-6.75,-16.7
03289500,1,9.92744868,21.01,13.6,-16.83,-31.38,22.02,13.6,-13.44,-31.38
03289500,2,11.0970716,23.73,12.06,-11.85,-22.49,25.99,14.46,-12.28,-27.79
03289500,3,12.50417889,28.5,16.44,-5.68,-13.96,28.59,16.44,-5.68,-19.6
03289500,4,13.39105303,30.93,18.37,1.83,-7.93,29.72,18.37,1.83,-5.64
03289500,5,12.5626173,32.69,20.81,11.14,-0.11,32.94,21.01,10.99,-2.19
03289500,6,12.32809848,38.13,22.84,17.02,5.33,38.8,22.84,16.12,6.34
03289500,7,11.7068915,39.11,23.91,21.18,10.13,39.28,23.3,21.18,10.7
03289500,8,12.19483871,38.99,23.73,20.53,5.19,37.77,23.73,20.89,10.13
03289500,9,12.92160606,35.93,22.04,14.11,1.15,36.39,21.98,15.21,1.15
03289500,10,13.04115103,32.43,20.74,3.79,-5.4,35.42,20.17,3.89,-3.65
03289500,11,11.64671212,27.92,15.38,0.16,-11.02,28.27,14.31,-3.41,-11.8
03289500,12,9.845524194,24.47,14.7,-16.39,-28.29,22.15,14.7,-6.69,-17.21
03291780,1,9.365865103,18.95,13.83,-17.39,-31.37,18.95,13.83,-17.39,-31.37
03291780,2,10.71045052,23.57,11.08,-14.44,-24.18,25.28,14.93,-14.44,-25.93
03291780,3,11.97234604,28.03,17.54,-6.55,-15.15,29.09,17.54,-6.55,-17.62
03291780,4,13.05207576,30.03,19.51,0.88,-7.82,30.03,19.51,0.88,-7.31
03291780,5,12.39628299,32.17,21.96,10.56,-1.07,32.65,21.96,10.56,-2.96
03291780,6,12.06387879,38,23.03,14.92,3.61,38.73,23.03,14.92,5.24
03291780,7,11.581239,38.62,24.29,19.9,9.19,38.69,24.29,19.9,9.7
03291780,8,12.05517595,38.33,23.28,19.32,4.77,36.28,23.28,20.7,8.48
03291780,9,12.83599242,35.25,21.85,12.55,-0.38,36.46,21.85,13,-0.38
03291780,10,12.75044721,32.41,19.93,2.79,-6.84,33.61,19.9,2.79,-4.76
03291780,11,11.06289394,26.54,15.05,-2.01,-11.69,27.81,14.28,-5.01,-13.96
03291780,12,9.198841642,23.63,15.57,-16.95,-29.87,21.88,14.29,-9.09,-23.52
03300400,1,10.18547654,22.06,14.06,-13.84,-30.5,22.06,14.06,-13.66,-30.5
03300400,2,11.33484312,24.11,13.71,-11.79,-22.53,25.94,14.6,-11.79,-25.71
03300400,3,12.74556452,28.6,16.82,-5.49,-13.44,28.67,16.23,-5.49,-18.36
03300400,4,13.63862879,30.96,18.74,3.16,-7.33,29.89,19.02,3.16,-6.35
03300400,5,12.67174487,32.22,21.15,12.62,0.19,33.16,21.15,11.69,-2.15
03300400,6,12.36482576,37.35,22.94,18.59,5.6,39.39,22.94,17.85,6.48
03300400,7,11.76522727,39.08,23.74,21.94,9.85,39.11,23.38,21.94,11.11
03300400,8,12.32815982,39.07,23.37,20.75,5.29,38.2,23.69,20.75,10.32
03300400,9,13.0702197,35.78,22.18,14.29,1.25,37.3,21.87,15.66,1.25
03300400,10,13.29889296,32.7,20.69,4.3,-5.57,35.55,20.03,4.43,-3.36
03300400,11,11.91874242,27.74,15.54,0.58,-10.8,28.43,14.72,-0.99,-11.22
03300400,12,10.05239003,24.57,15.83,-15.3,-27.82,22.33,14.34,-6,-17.1
03301500,1,10.21870968,21.59,14.1,-13.96,-30.44,21.59,14.1,-13.96,-30.44
03301500,2,11.39238938,24.51,13.4,-11.74,-22.38,25.8,14.67,-11.74,-25.03
03301500,3,12.78919355,28.69,16.92,-5.4,-13.21,28.79,16.71,-5.4,-17.45
03301500,4,13.71941667,30.99,18.78,3.54,-6.98,30.05,18.85,3.54,-6.03
03301500,5,12.72557918,32.21,21.32,12.91,0.26,33.36,21.32,12.02,-1.95
03301500,6,12.38535606,37.43,22.77,18.87,5.8,39.64,22.77,18.48,6.26
03301500,7,11.79497801,39.17,23.63,22.01,9.52,39.15,23.41,22.01,11.13
03301500,8,12.35785191,39.02,23.22,21.08,5.38,38.18,23.62,21.08,10.08
03301500,9,13.10010606,35.85,22.18,14.54,1.24,37.42,21.91,15.97,1.24
03301500,10,13.36953812,32.85,20.67,4.36,-5.6,35.51,20,4.36,-3.38
03301500,11,11.99792424,27.68,15.39,0.6,-10.86,28.49,14.73,-1.35,-11.2
03301500,12,10.09384531,24.46,16.22,-15.08,-27.67,22.26,14.43,-6.09,-17.1
03303000,1,9.794120235,20.03,14.32,-15.55,-32.19,19.82,14.32,-15.55,-32.19
03303000,2,11.15316975,23.99,13.49,-13.58,-23.4,25.76,15.09,-13.58,-23.89
03303000,3,12.40888563,28.84,17.77,-5.95,-14.47,29.07,17.77,-5.95,-16.36
03303000,4,13.39679545,31.05,20.1,2.27,-8.03,30.52,20.1,2.27,-6.26
03303000,5,12.67921554,32.19,22.24,11.72,-0.94,33.29,22.24,11.72,-2
03303000,6,12.29812879,38.37,23.06,17.5,4.77,39.69,22.75,16.81,5.15
03303000,7,11.83424487,39,24.03,21.45,8.53,39.8,24.26,21.45,10.67
03303000,8,12.40260264,38.12,23.45,20.51,5.2,37.49,23.45,22.04,9.02
03303000,9,13.23190152,35.95,21.9,14.22,0.28,36.87,22.22,14.45,0.28
03303000,10,13.25425953,32.16,20.78,4.33,-7.18,34.82,20.33,4.33,-5.06
03303000,11,11.53963636,27.35,15.57,-2.08,-11.85,27.74,15,-2.79,-12.55
03303000,12,9.662177419,23.88,16.23,-16.09,-27.22,22.05,14.98,-8.44,-23.1
03308500,1,10.53798387,21.78,14.4,-13.78,-29.07,21.82,14.4,-12.54,-29.07
03308500,2,11.66329043,25.35,14.48,-10.93,-22.96,25.49,14.03,-10.93,-22.96
03308500,3,13.063739,28.64,17.03,-4.72,-12.97,29.04,16.39,-4.72,-17.03
03308500,4,14.044,31.33,17.81,4.71,-6.88,30.8,19.33,4.94,-6.88
03308500,5,12.97458211,32.28,20.82,12.94,0.01,33.31,20.82,11.97,-1.63
03308500,6,12.52760606,37.08,22.1,19.41,6.31,39.91,22.1,19.41,6.42
03308500,7,11.90902493,38.91,23.06,22.44,9.47,38.3,23.23,22.01,11.14
03308500,8,12.45041789,38.69,22.84,21.42,5.78,37.81,22.91,21.42,9.59
03308500,9,13.14340909,35.49,21.51,14.63,1.51,37.26,21.73,15.68,1.51
03308500,10,13.63195015,32.86,20.72,4.02,-5.19,35.3,19.38,4.02,-3.58
03308500,11,12.40739394,27.29,15.02,0.8,-10.62,28.94,15.02,-0.73,-10.69
03308500,12,10.43893328,24.64,16.5,-14.53,-26.38,22.43,14.23,-6.47,-16.52
03324300,1,8.54601173,18.17,12.05,-21.02,-31.26,18.17,12.05,-20.39,-30.83
03324300,2,9.644979887,21.79,10.83,-14.72,-26.2,21.79,10.83,-14.72,-26.21
03324300,3,11.02300587,27.6,16.08,-7.71,-22.79,29.5,16.08,-10.38,-18.58
03324300,4,12.44342424,30.34,18.96,-0.6,-12.54,29.36,18.96,-0.34,-9.43
03324300,5,12.27335777,33.45,20.76,8.52,-1.83,34.51,20.85,8.52,-2.83
03324300,6,11.82725,37.5,24.87,14.73,3.92,39.45,24.87,14.29,3.92
03324300,7,11.65464076,36.95,24.01,18.56,7.7,38.19,24.73,20.21,7.84
03324300,8,11.85233138,36.71,24.29,17.84,3.88,34.9,24.29,18.43,6.64
03324300,9,12.79174242,34.54,21.91,11.46,-1.59,35.46,22.2,11.94,-1.59
03324300,10,12.01274927,31.95,19.19,2.02,-7.6,31.95,19.5,3.47,-4.34
03324300,11,9.861780303,24.79,14.57,-4.64,-12.98,26.26,14.19,-7.31,-15.73
03324300,12,8.157478006,21.25,14.87,-22.45,-29.06,19.95,13.63,-12.64,-24.77
03326500,1,8.649274194,17.96,12.05,-21.05,-31.61,17.96,12.05,-21.05,-31.61
03326500,2,9.740772325,21.72,10.68,-15.18,-26.28,22.33,11.03,-15.18,-25.53
03326500,3,11.07211877,27.5,15.79,-7.86,-22.88,29.19,15.79,-9.95,-18.59
03326500,4,12.47261364,30.06,18.7,-0.58,-11.91,29.19,18.7,-0.58,-9.35
03326500,5,12.24142962,33.28,20.72,8.64,-1.56,34.39,20.83,8.64,-2.79
03326500,6,11.8312803,37.07,24.65,14.8,3.78,39.27,24.65,14.1,3.78
03326500,7,11.64607771,36.8,23.64,18.55,7.57,38.07,24.41,20,7.57
03326500,8,11.91225806,36.71,23.96,17.99,3.77,34.9,23.96,18.28,6.68
03326500,9,12.86693182,34.3,21.61,11.47,-1.58,35.43,22.07,11.79,-1.58
03326500,10,12.11329912,31.82,19.34,1.99,-7.33,31.93,19.54,3.15,-4.78
03326500,11,9.981234848,24.78,14.16,-4.6,-12.98,26.29,13.95,-7.22,-15.78
03326500,12,8.274303519,21.33,14.82,-22.61,-29.36,20.03,13.49,-12.94,-24.98
03328500,1,8.45898827,17.88,9.79,-20.56,-30.26,17.88,9.79,-20.34,-30.02
03328500,2,9.576484312,22.19,8.87,-14.97,-25.3,22.19,8.88,-14.97,-26.22
03328500,3,11.01752933,27.54,15.67,-8.27,-20.86,29.63,15.11,-9.44,-19.74
03328500,4,12.47506061,30.76,18.36,-0.47,-13.6,29.5,18.36,-0.47,-9.16
03328500,5,12.55461877,33.13,20.91,8.16,-2.34,34.91,20.91,8.16,-2.66
03328500,6,12.09589394,37.47,23.37,14.42,3.24,38.95,23.37,14.28,3.24
03328500,7,11.80156158,37.09,24.84,19.09,7.06,38.55,24.84,19.98,7.06
03328500,8,11.84594575,36.61,24.17,17.38,3.27,35.05,24.17,18.03,6.36
03328500,9,12.67462121,34.78,22.28,11.33,-1.62,35.5,21.39,11.42,-1.62
03328500,10,11.85031525,31.63,18.67,1.91,-7.58,31.63,18.79,4.07,-3.69
03328500,11,9.660083333,24.38,14.6,-3.92,-12.48,25.81,13.77,-7.25,-15.36
03328500,12,7.979189883,20.74,14.4,-22.43,-28.67,19.78,12.99,-13.33,-23.24
03331500,1,8.453526393,17.73,9.15,-20.03,-30.41,17.73,9.15,-20.03,-30.05
03331500,2,9.545567176,22.05,8.5,-15.5,-25.34,22.05,8.5,-15.5,-25.86
03331500,3,10.96590176,27.7,15.9,-8.24,-19.84,29.62,15.18,-9.05,-19.61
03331500,4,12.4169697,31.06,18.25,-0.5,-13.53,29.56,18.25,-0.5,-8.82
03331500,5,12.53881965,32.97,21.02,7.89,-2.29,35.04,21.02,7.89,-2.59
03331500,6,12.09467424,37.43,23.36,14.3,2.97,38.53,23.36,14.42,2.97
03331500,7,11.74262463,37.01,25.01,19.34,6.72,38.56,25.01,19.62,6.72
03331500,8,11.76782258,36.85,23.97,17.43,3.19,35.28,23.97,17.85,6.35
03331500,9,12.58319697,34.76,22.36,11.34,-1.3,35.54,21.54,11.34,-1.3
03331500,10,11.76896628,31.4,18.63,2.05,-7.31,31.4,19.06,4.66,-3.53
03331500,11,9.580318182,23.94,14.25,-4.09,-12.57,25.73,13.64,-7.1,-15.17
03331500,12,7.963596041,20.51,14.21,-22.2,-28.6,19.91,12.86,-13.21,-24.07
03338780,1,8.981920821,18.79,11.13,-21.95,-31.24,18.79,11.13,-21.95,-30.21
03338780,2,9.927996782,22.44,10.15,-16.31,-27.76,22.44,10.15,-16.31,-27.17
03338780,3,11.22851173,28.98,16.06,-7.55,-19.47,29.49,16.14,-9.91,-20.86
03338780,4,12.81343182,31.41,18.75,-1.73,-13.13,30.99,18.75,0.33,-9.68
03338780,5,12.68228739,34.17,21.83,7.82,-1.85,35.47,21.5,8.64,-2.66
03338780,6,12.26736364,38.18,24.71,14.96,3.07,37.44,24.71,14.96,3.07
03338780,7,11.77662757,37.75,24.99,18.58,7.23,38.77,24.99,18.85,7.23
03338780,8,12.18517595,38.94,23.78,17.36,4.95,36.25,23.78,17.36,6.63
03338780,9,13.49901515,35.12,22.1,11.18,-2.48,36.6,21.65,11.18,-2.48
03338780,10,12.57078446,32.38,19.17,2.94,-7.03,32.51,20.04,3.92,-5.27
03338780,11,10.1982803,25.53,15.74,-4.66,-15.58,26.08,14.97,-7.09,-15.77
03338780,12,8.584028592,21.18,14.11,-21.48,-30.08,21.67,14.11,-15.08,-23.77
03339500,1,8.903629032,18.67,11.55,-22.03,-32.09,18.67,11.55,-22.03,-32.09
03339500,2,9.973459372,22.69,10.9,-16.79,-27.25,22.69,10.9,-16.79,-26.79
03339500,3,11.2476393,28.51,16.08,-8.96,-21.25,29.1,15.96,-10.73,-20.63
03339500,4,12.61997727,30.35,19.16,-0.69,-11.37,30.26,19.16,-0.18,-10.21
03339500,5,12.4103739,33.8,21.44,8.83,-0.98,34.97,21.15,8.83,-3.04
03339500,6,12.08159848,38.84,24.3,14.6,2.07,38.32,24.3,14.6,2.07
03339500,7,11.7241349,37.69,24.17,18.44,6.77,38.56,24.35,18.26,6.77
03339500,8,12.07249267,37.41,23.82,17.96,3.56,35.75,23.82,17.96,6.64
03339500,9,13.16127273,34.61,22.11,12.14,-2.4,35.56,21.74,12.3,-2.4
03339500,10,12.34770528,31.88,19.19,2.02,-6.87,32.1,19.86,3.94,-4.92
03339500,11,10.12907576,25.47,15.26,-4.93,-13.64,25.89,13.43,-7.06,-15.11
03339500,12,8.518925953,20.88,13.91,-22.45,-30.37,20.36,13.74,-14.03,-23.02
03340800,1,9.088673021,18.51,12.41,-21.42,-32.44,18.51,12.41,-21.42,-32.44
03340800,2,10.1993564,23.04,11.61,-17,-27.11,23.04,11.61,-17,-26.47
03340800,3,11.43902493,28.78,16.31,-8.91,-20.22,28.66,16.31,-10.73,-20.29
03340800,4,12.69614394,30.2,19.4,0.04,-10.1,30.18,19.4,0.19,-9.73
03340800,5,12.43519062,33.69,21.26,9.18,-0.96,34.76,21.1,8.43,-3.15
03340800,6,12.10678788,39.22,24.12,14.23,2.17,38.82,24.12,14.23,2.17
03340800,7,11.75445015,37.84,24.54,18.53,6.75,38.8,24.54,18.51,6.75
03340800,8,12.14008798,37.69,23.71,18.05,4.06,35.9,23.71,18.05,6.11
03340800,9,13.20955303,34.92,22.29,12.63,-2.16,35.48,21.68,12.63,-2.16
03340800,10,12.47380499,31.68,19.76,2.26,-6.7,32.13,19.76,3.85,-4.9
03340800,11,10.31605303,25.61,15.35,-4.55,-13.63,25.93,14.07,-7.14,-15.42
03340800,12,8.709835044,21.22,14.09,-22.22,-30.33,20.58,13.14,-13.97,-23.89
03345500,1,9.08622434,19.45,12.51,-20.2,-30.3,19.45,12.51,-19.71,-30.3
03345500,2,10.06905068,22.65,11.44,-16.78,-27.22,22.65,11.44,-16.78,-26.29
03345500,3,11.24656158,28.85,16.52,-7.35,-15.91,28.7,16.99,-8.89,-19.97
03345500,4,12.57715152,31.34,18.95,0.79,-7.77,31.34,18.95,0.79,-6.46
03345500,5,12.25104106,33.63,22.09,9.77,-0.65,34.92,22.09,9.52,-0.83
03345500,6,12.07278788,38.35,25.05,15.21,4.46,39.18,25.05,15.21,4.46
03345500,7,11.68207478,37.92,24.96,19.6,9.14,40.25,24.96,20.35,9.14
03345500,8,12.14444282,38.8,23.89,19.53,5.16,37.3,23.89,19.53,8.04
03345500,9,13.33047727,36.22,22.04,13.09,-0.5,37.36,21.96,13.09,-0.5
03345500,10,12.63582845,33.19,19.51,3.5,-6.64,33.51,20.38,3.84,-3.79
03345500,11,10.5112803,26.09,15.71,-4.16,-13.9,27.02,15.09,-6.7,-15.43
03345500,12,8.789758065,21.96,14.84,-21.15,-29.28,21.79,14.84,-13.53,-20.55
03346000,1,9.110857771,19.47,12.56,-20.18,-30.81,19.47,12.56,-19.94,-30.81
03346000,2,10.14859212,23.08,11.94,-17.04,-26.98,23.08,11.94,-17.04,-25.61
03346000,3,11.26607771,28.84,16.76,-7.61,-15.25,28.66,17.47,-8.09,-19.57
03346000,4,12.48047727,31.39,19.34,0.7,-7.15,31.39,19.34,0.7,-6.05
03346000,5,12.12492669,33.63,22.2,9.77,-0.21,34.76,22.2,9.75,-0.64
03346000,6,12.02042424,38.68,25.12,15.2,4.86,40.12,25.12,15.2,4.86
03346000,7,11.67332845,38.06,25.09,19.55,9.42,40.99,25.16,20.61,9.42
03346000,8,12.14792522,38.68,24.12,19.99,5.56,37.64,24.12,19.99,7.75
03346000,9,13.30159091,36.27,22.5,13.22,-0.2,37.67,22.48,13.22,-0.2
03346000,10,12.6563783,33.52,19.76,3.07,-6.56,33.97,20.51,3.54,-3.43
03346000,11,10.59061364,26.29,15.57,-4.24,-12.62,27.43,15.57,-5.99,-15.29
03346000,12,8.871788856,22.47,15.22,-21.03,-29.22,22.16,14.56,-12.63,-21.01
03348000,1,8.801070381,17.77,11.96,-22.35,-32.72,17.77,11.96,-22.35,-32.72
03348000,2,9.879123089,21.76,10.7,-15.7,-26.02,23.7,11.43,-15.7,-24.47
03348000,3,11.1522434,27.32,15.89,-7.88,-22.72,28.81,15.89,-9.53,-18.55
03348000,4,12.49024242,29.65,18.41,-1.03,-10.73,29.03,18.41,-1.03,-9.27
03348000,5,12.1736437,33.01,21.17,8.62,-1.17,34.23,20.73,8.49,-2.92
03348000,6,11.81925,36.84,24.25,14.1,3.56,39.19,24.25,13.79,3.56
03348000,7,11.62240469,37.11,23.52,18.42,7.44,38.11,24.02,19.3,7.44
03348000,8,11.96803519,36.8,23.8,18.11,3.91,35.23,23.8,18.11,6.75
03348000,9,12.93970455,33.9,21.22,11.73,-1.47,35.4,21.71,11.87,-1.47
03348000,10,12.25634897,31.6,19.41,1.76,-7.5,32.36,19.48,2.51,-5.37
03348000,11,10.15876515,24.68,13.57,-4.31,-12.64,26.27,13.52,-7.13,-15.68
03348000,12,8.44130132,21.52,14.67,-22.69,-29.71,20.29,13.37,-13.22,-25.42
03349000,1,8.774846041,17.98,11.88,-22.07,-32.28,17.98,11.88,-22.07,-32.28
03349000,2,9.867039421,21.82,10.43,-15.74,-26.19,23.18,11.2,-15.74,-24.75
03349000,3,11.15799853,27.52,15.35,-7.87,-22.38,28.95,15.35,-9.35,-18.67
03349000,4,12.52206061,29.85,18.51,-0.82,-10.91,29.06,18.51,-0.82,-8.95
03349000,5,12.23521261,33.16,20.97,8.78,-1.1,34.41,20.78,8.77,-2.81
03349000,6,11.86610606,36.72,24.25,14.51,3.47,39.12,24.25,14.4,3.47
03349000,7,11.64208944,37.1,23.43,18.7,7.45,38.11,24.25,19.66,7.45
03349000,8,11.96167155,36.84,23.8,18.1,3.92,35.14,23.8,18.1,6.85
03349000,9,12.93319697,33.97,21.26,11.75,-1.43,35.39,21.79,12.04,-1.43
03349000,10,12.23728739,31.73,19.47,1.87,-7.41,32.31,19.54,2.75,-5.12
03349000,11,10.12253788,24.85,13.91,-4.48,-12.61,26.24,13.74,-7.07,-15.49
03349000,12,8.410703812,21.45,14.52,-22.56,-29.65,20.15,13.38,-13.26,-24.65
03357350,1,9.142382698,18.55,12.91,-21.46,-32.38,18.55,12.91,-21.46,-32.38
03357350,2,10.28672566,23.22,11.77,-17.01,-26.97,23.22,11.77,-17.01,-26.3
03357350,3,11.52291056,28.81,16.44,-8.91,-19.04,28.37,16.44,-10.38,-19.64
03357350,4,12.71758333,30.12,19.47,0.35,-9.28,30.1,19.47,0.35,-8.64
03357350,5,12.41636364,33.49,21.28,9.39,-0.89,34.62,21.08,8.45,-2.99
03357350,6,12.06506061,39.17,23.9,13.96,2.27,39.28,23.9,13.96,2.27
03357350,7,11.726261,37.96,24.67,18.95,6.77,38.9,24.67,18.73,6.77
03357350,8,12.11482405,37.7,23.76,18.06,4.71,36.13,23.76,18.06,6.04
03357350,9,13.13278788,34.98,22.37,12.79,-1.62,35.34,21.57,12.79,-1.62
03357350,10,12.4772434,31.48,20.18,2.38,-6.67,32.21,20.18,3.55,-4.64
03357350,11,10.41068939,25.63,15.41,-4.27,-13.07,26.09,14.52,-7.01,-15.14
03357350,12,8.782752933,21.56,14.28,-21.97,-30.08,20.47,13.04,-13.69,-23.85
03361500,1,8.88744868,17.85,12.35,-22.84,-32.75,17.85,12.35,-22.84,-32.75
03361500,2,10.01652454,22.33,10.26,-16.26,-25.94,24.2,11.93,-16.26,-24.43
03361500,3,11.29126833,27.76,15.99,-7.43,-20.08,28.87,15.99,-8.69,-17.94
03361500,4,12.5264697,29.83,18.41,-0.44,-8.97,29.59,18.41,-0.44,-8.13
03361500,5,12.10934751,32.94,20.7,8.74,-0.81,33.96,21.24,8.55,-2.67
03361500,6,11.77223485,36.78,23.82,13.79,3.84,38.91,23.82,13.79,3.84
03361500,7,11.49851906,37.75,23.53,19.09,8.32,38.72,24.12,19.09,8.32
03361500,8,11.88955279,36.92,23.53,18.37,4.79,35.24,23.53,18.37,7.69
03361500,9,12.85658333,33.92,21.12,12.49,-0.61,36.08,21.15,12.72,-0.61
03361500,10,12.32769062,31.71,19.7,1.8,-7.52,32.78,19.81,1.8,-5.17
03361500,11,10.30300758,24.57,13.73,-3.43,-12.09,26.3,13.28,-6.58,-14.92
03361500,12,8.552188416,22.04,14.33,-21.22,-29.85,21.35,13.1,-12.3,-23.92
03361650,1,8.845762463,17.89,12.3,-22.73,-32.69,17.89,12.3,-22.73,-32.69
03361650,2,9.955181014,22.38,10.74,-16.44,-25.82,24.14,12.03,-16.44,-24.54
03361650,3,11.21214076,27.9,15.28,-7.25,-19.78,28.87,15.54,-9.06,-17.86
03361650,4,12.43261364,29.95,18.62,-0.44,-8.8,29.69,18.62,-0.44,-7.76
03361650,5,12.05113636,33.29,20.79,8.68,-0.46,34.33,21.58,8.73,-2.58
03361650,6,11.72646212,37.2,23.97,14,3.58,39.04,23.97,14,3.58
03361650,7,11.44572581,37.96,23.81,19.1,8.23,38.95,24.38,19.1,8.23
03361650,8,11.821261,37.03,23.68,18.14,4.86,35.15,23.68,18.14,7.67
03361650,9,12.79004545,34.12,21.38,12.54,-0.6,36.03,21.51,12.71,-0.6
03361650,10,12.23340176,31.79,19.87,1.99,-7.24,32.86,19.88,1.99,-4.97
03361650,11,10.20683333,24.83,14.29,-3.78,-12.12,26.21,13.8,-6.6,-14.7
03361650,12,8.494450147,22,13.97,-21.53,-29.72,21.28,13.17,-12.63,-23.51
03362500,1,8.926928152,18.23,12.48,-22,-32.3,18.23,12.48,-22,-32.3
03362500,2,10.07119067,22.91,10.84,-16.39,-25.44,24.35,12.59,-16.39,-24.48
03362500,3,11.33186217,27.93,15.2,-7.18,-18.59,28.93,15.59,-8.33,-17.35
03362500,4,12.46979545,29.97,18.92,-0.06,-8.58,29.89,18.92,-0.06,-7.31
03362500,5,12.04199413,33.1,21.33,8.82,-0.39,34.19,21.63,9.18,-2.4
03362500,6,11.70083333,37.67,23.81,14.33,3.74,39.1,23.81,14.33,3.74
03362500,7,11.39711144,38.04,24.08,19.35,8.61,39.38,24.57,19.31,8.61
03362500,8,11.81335044,37.08,23.68,18.46,5.05,35.36,23.68,18.46,8.11
03362500,9,12.76708333,34.4,21.51,12.52,-0.36,36.17,21.86,13.11,-0.36
03362500,10,12.2983871,31.99,20.02,2.1,-7.21,32.87,20.02,2.1,-4.76
03362500,11,10.33418939,25.2,14.32,-3.8,-12.1,26.54,13.58,-6.19,-14.33
03362500,12,8.59858871,22.16,14.13,-20.94,-29.85,21.56,13.44,-12.04,-23.21
03363000,1,8.933247801,18.15,12.41,-22.1,-32.27,18.15,12.41,-22.1,-32.27
03363000,2,10.08399839,22.72,10.5,-16.22,-25.49,24.27,12.34,-16.22,-24.45
03363000,3,11.35197947,27.8,15.43,-7.39,-19.17,28.93,15.43,-8.22,-17.65
03363000,4,12.53396212,29.89,18.7,-0.21,-8.89,29.81,18.7,-0.21,-7.54
03363000,5,12.10847507,32.94,21.11,8.92,-0.57,34,21.4,9.03,-2.54
03363000,6,11.76215152,37.32,23.78,14.2,3.81,39.02,23.78,14.2,3.81
03363000,7,11.46205279,37.88,23.85,19.34,8.47,39.05,24.42,19.38,8.47
03363000,8,11.87092375,37.02,23.61,18.57,4.88,35.39,23.61,18.57,8.08
03363000,9,12.82086364,34.25,21.35,12.42,-0.46,36.09,21.6,12.92,-0.46
03363000,10,12.34172287,31.91,19.85,2.07,-7.36,32.81,19.85,2.07,-4.93
03363000,11,10.36071212,25.01,14.06,-3.64,-12.11,26.51,13.36,-6.31,-14.54
03363000,12,8.611356305,22.1,14.33,-20.89,-29.87,21.36,13.25,-12.07,-23.55
03364000,1,8.991942815,18.22,12.4,-21.69,-32.1,18.22,12.4,-21.69,-32.1
03364000,2,10.16854385,22.89,10.52,-16.05,-25.34,24.39,12.65,-16.05,-24.36
03364000,3,11.44027859,27.78,15.51,-7.37,-18.63,28.95,15.51,-7.67,-17.56
03364000,4,12.60151515,29.9,18.85,-0.1,-8.82,29.88,18.85,-0.1,-7.42
03364000,5,12.15030059,32.81,21.25,9.05,-0.65,33.78,21.36,9.23,-2.54
03364000,6,11.79881818,37.44,23.66,14.25,3.96,39.05,23.66,14.25,3.96
03364000,7,11.48268328,37.93,23.81,19.41,8.63,39.08,24.36,19.45,8.63
03364000,8,11.91014663,37.11,23.5,18.73,4.92,35.53,23.5,18.84,8.26
03364000,9,12.85015909,34.43,21.3,12.45,-0.31,36.19,21.68,12.93,-0.31
03364000,10,12.41893695,31.95,19.77,2.09,-7.35,32.86,19.77,2.09,-4.89
03364000,11,10.46056818,25.07,13.98,-3.41,-12.08,26.68,13.19,-6.13,-14.44
03364000,12,8.687305718,22.28,14.5,-20.52,-29.84,21.55,13.24,-11.7,-23.63
03364500,1,8.985865103,18.38,13,-21.64,-31.43,18.38,13,-21.64,-31.43
03364500,2,10.22753017,23.01,9.53,-16.22,-25.57,24.7,13.42,-16.22,-24.46
03364500,3,11.51046188,27.79,16.73,-7.27,-17.52,29.13,16.73,-7.45,-17.21
03364500,4,12.62011364,30.06,19.29,0.32,-8.03,30.06,19.29,0.32,-7.16
03364500,5,12.06091642,32.31,21.62,9,-1.13,33.44,21.62,9.22,-2.42
03364500,6,11.72703788,36.85,23.52,14.08,4.46,38.82,23.52,14.08,4.83
03364500,7,11.37276393,38.11,23.94,19.3,9,39.19,24.29,19.3,9.42
03364500,8,11.83060117,37.95,23.29,18.82,5.44,35.63,23.29,19.61,8.65
03364500,9,12.75515909,34.76,21.31,12.61,-0.19,36.63,21.55,13.3,-0.19
03364500,10,12.46120235,32.13,19.76,1.45,-7.91,32.92,19.84,1.45,-4.92
03364500,11,10.55534091,25.43,13.89,-2.62,-11.71,26.74,13.62,-5.82,-14.27
03364500,12,8.741030059,22.65,14.82,-18.73,-30.08,22.27,13.59,-11.03,-23.35
03365500,1,9.054662757,18.3,12.41,-21.18,-31.93,18.3,12.41,-21.18,-31.93
03365500,2,10.2556074,23.04,10.66,-15.85,-25.13,24.51,12.97,-15.85,-24.29
03365500,3,11.52942815,27.81,15.55,-7.29,-18,28.95,15.55,-7.29,-17.49
03365500,4,12.67200758,29.92,18.99,0.05,-8.77,29.92,18.99,0.05,-7.28
03365500,5,12.19686217,32.7,21.38,9.29,-0.66,33.59,21.38,9.52,-2.53
03365500,6,11.83987879,37.58,23.54,14.37,4.1,39.05,23.54,14.37,4.1
03365500,7,11.50749267,38.01,23.78,19.54,8.78,39.09,24.29,19.6,8.78
03365500,8,11.95166422,37.25,23.39,18.83,4.96,35.62,23.39,19.14,8.47
03365500,9,12.88408333,34.55,21.32,12.55,-0.18,36.25,21.76,13.04,-0.18
03365500,10,12.49736804,31.99,19.71,2.22,-7.3,32.95,19.73,2.22,-4.85
03365500,11,10.55856061,25.11,13.96,-3.14,-12.05,26.82,13.28,-5.93,-14.31
03365500,12,8.766543255,22.45,14.65,-20.16,-29.73,21.66,13.23,-11.27,-23.63
03366500,1,9.390439883,19.1,13.57,-17.2,-30.86,19.1,13.57,-17.2,-30.86
03366500,2,10.75784393,23.82,10.82,-14.4,-24,25.44,15.1,-14.4,-25.24
03366500,3,12.06027126,28.21,17.16,-6.07,-14.05,29.11,17.16,-6.07,-16.99
03366500,4,13.11725758,30.16,19.66,1.12,-7.98,30.05,19.66,1.12,-6.82
03366500,5,12.43737537,32.25,22.04,10.74,-0.72,32.82,22.04,10.74,-2.54
03366500,6,12.08962121,38.15,22.83,15.68,4.28,38.74,22.83,15.68,5.65
03366500,7,11.61878299,38.79,24.17,20.61,9.55,38.76,24.17,20.61,10.15
03366500,8,12.11258065,38.36,23.34,19.54,4.93,36.23,23.34,21.23,8.82
03366500,9,12.95642424,35.44,21.84,12.77,0.02,36.66,22.06,13.66,0.02
03366500,10,12.89906158,32.48,20.29,3.22,-6.98,33.65,20.01,3.22,-4.57
03366500,11,11.15033333,26.75,14.99,-1.79,-11.57,27.73,14.41,-4.6,-13.35
03366500,12,9.245674487,23.61,15.83,-16.67,-29.02,22.1,14.26,-8.72,-23.11
03368000,1,9.187478006,18.7,12.52,-19.32,-30.7,18.7,12.52,-19.32,-30.7
03368000,2,10.51329847,23.44,10.44,-15.41,-24.82,25.21,14.83,-15.41,-25.71
03368000,3,11.79447947,27.78,16.53,-7.08,-16,29.19,16.53,-7.08,-17.51
03368000,4,12.87510606,30.29,19.63,0.51,-7.94,30.29,19.63,0.51,-7.07
03368000,5,12.25235337,32.21,21.94,9.76,-1.1,33.08,21.94,9.76,-2.82
03368000,6,11.91646212,37.51,23.22,14.57,4.04,39.02,23.22,14.57,5.18
03368000,7,11.47657625,38.39,24.14,19.72,9.11,38.86,24.14,19.72,9.49
03368000,8,11.95502199,38.04,23.32,18.95,5.15,36.13,23.32,20.59,8.65
03368000,9,12.81554545,35.17,21.61,12.2,-0.3,36.54,22.09,12.81,-0.3
03368000,10,12.68818182,32.41,19.99,2.14,-7.58,33.22,19.71,2.14,-4.81
03368000,11,10.88202273,26.15,14.49,-2.29,-11.56,27.5,14.28,-5.29,-14.06
03368000,12,9.001829179,23.16,15.5,-17.7,-29.98,22.46,13.93,-9.9,-24.04
03381500,1,9.330557185,19.96,13.34,-17.69,-29.01,19.64,13.34,-17.69,-29.01
03381500,2,10.39629123,23.15,11.87,-15.81,-26.19,23.15,12.45,-15.81,-24.7
03381500,3,11.45032991,28.8,16.6,-6.52,-14.5,28.37,17.48,-7.25,-18.23
03381500,4,12.57043939,31.61,19.26,1.63,-5.71,31.43,19.26,1.63,-5.22
03381500,5,12.09690616,33.59,22.44,10.7,1.05,34.15,22.44,10.7,0.74
03381500,6,12.05503788,38.43,24.61,15.89,5.74,40.37,24.61,15.89,5.74
03381500,7,11.71681818,38.36,24.87,19.52,11.28,40.66,25.15,20.87,10.47
03381500,8,12.26267595,38.66,24.33,20.34,5.97,37.77,24.33,20.34,8.89
03381500,9,13.31493182,36.37,22.18,13.8,0.19,37.31,22.37,14.18,0.19
03381500,10,12.89437683,33.39,19.81,3.76,-6.46,34.09,20.18,3.88,-3.6
03381500,11,10.87378788,26.49,16.02,-3.37,-12.43,27.88,15.25,-5.54,-14.36
03381500,12,9.17513563,22.91,15.07,-19.62,-28.33,21.85,14.05,-10.94,-19.47
03384450,1,9.994904692,20.99,15.64,-12.28,-27.46,20.85,15.64,-12.28,-27.46
03384450,2,11.05020917,24.49,14.47,-13.55,-23.26,24.17,14.47,-13.55,-23.26
03384450,3,12.1580132,28.42,19.06,-5.4,-13.33,28.79,19.06,-5.4,-18.91
03384450,4,13.12473485,31.16,20.15,4.77,-5.88,31.16,20.15,4.77,-5.82
03384450,5,12.47252199,33.2,22.23,14.07,0.69,34.55,22.23,11.51,-0.02
03384450,6,12.29022727,37.78,24.54,16.44,5.37,41.55,25.17,16.44,5.37
03384450,7,11.8489956,38.2,24.48,20.44,10.78,40.35,24.95,21.83,10.78
03384450,8,12.46733138,38.98,24.59,21.9,6.45,38.98,24.59,21.9,8.46
03384450,9,13.41788636,37.44,22.81,15.29,1.14,37.44,22.81,15.45,1.14
03384450,10,13.60213343,32.71,20.89,2.97,-7.45,34.5,19.87,3.83,-4.23
03384450,11,11.64853788,27.74,16.6,-0.48,-12.34,28.11,16.1,-3.63,-13.95
03384450,12,9.948013196,24.72,16.43,-17.56,-26.5,21.92,15.75,-8.24,-19.76
03410500,1,10.79357038,22.14,13.14,-16.1,-30.61,22.14,14.36,-10.52,-26.68
03410500,2,11.78305712,23.08,12.24,-12.21,-25.29,24.52,15.36,-12.21,-25.29
03410500,3,13.24771261,29.2,15.28,-5.69,-17.13,29.2,15.65,-5.69,-17.13
03410500,4,14.27174242,31.47,16.51,1.43,-7.75,30.62,18.56,3.76,-7.75
03410500,5,13.23879032,32.17,19.88,10.86,-0.32,32.19,19.88,10.23,-1.18
03410500,6,12.46487879,36.52,21.1,17.39,4.88,39.47,21.17,17.39,6.02
03410500,7,11.74601173,37.55,21.78,21.96,8.18,38.15,22.1,20.66,10.45
03410500,8,12.07518328,37.23,22.53,19.19,6.5,36.92,22.53,19.19,9.3
03410500,9,12.72645455,34.29,20.67,12.8,0.93,35.56,21.45,15.15,1.8
03410500,10,13.64877566,31.21,17.92,3.59,-6.21,33.87,19.29,3.4,-4.98
03410500,11,12.75904545,27.22,15.99,0.25,-10.79,27.82,15.99,-1.57,-10.79
03410500,12,10.73740469,23.82,14.18,-13.94,-23.02,23.14,14.14,-6.3,-16.63
03438000,1,10.42609971,22.37,14.89,-12.98,-25.1,21.46,14.89,-12.98,-24.09
03438000,2,11.41641191,25.07,14.95,-11.25,-20.7,24.77,16.17,-11.25,-20.7
03438000,3,12.63997067,29.76,18.13,-4.97,-12.61,29.76,18.13,-4.97,-16.86
03438000,4,13.49740152,31.44,19.65,6.02,-5.56,31.44,19.65,6.02,-5.56
03438000,5,12.53262463,33.12,21.6,11.74,1.8,34.12,21.6,13.65,1.23
03438000,6,12.18938636,38.07,23.86,18.53,6.55,41.74,24.39,18.53,6.55
03438000,7,11.80803519,39.41,24.27,21.19,12.27,40.35,24.62,22.74,12.27
03438000,8,12.37543988,41.16,25.03,21.73,7.43,41.16,25.03,21.73,9.56
03438000,9,13.12816667,37.84,22.56,15.82,1.41,37.84,22.62,17.42,2.4
03438000,10,13.42018328,33.05,21.41,4.32,-5.79,35.31,20.5,4.32,-2.93
03438000,11,12.03318182,28.42,15.93,-0.92,-10.19,29.45,16.28,-2.83,-11.43
03438000,12,10.32218842,24.42,16.55,-16.69,-25.61,23.93,14.74,-6.42,-15.59
03439000,1,11.30219208,22.03,11.62,-10.11,-28.66,22.03,11.62,-7.58,-21.06
03439000,2,11.98358005,22.74,10.74,-9.17,-20.7,22.74,13.43,-9.17,-20.7
03439000,3,12.96115836,25.89,13.4,-1.94,-16.31,26.33,13.11,-1.94,-16.31
03439000,4,13.74137121,30.28,14.48,0.15,-8.68,30.28,15.83,1.81,-8.5
03439000,5,12.44081378,32.72,17.44,4.23,-1.36,32.72,17.44,4.23,-1.38
03439000,6,11.07734848,31.52,18.18,12.81,3.12,32.94,18.73,12.81,4.67
03439000,7,10.2586217,32.57,20.32,17.3,7.2,32.99,19.4,16.35,9.25
03439000,8,10.12145894,34.07,19.35,16.53,6.68,32.08,19.6,17.75,7.35
03439000,9,10.51359848,29.9,18.43,12.29,0.25,29.9,18.44,12.91,1.2
03439000,10,11.91452346,26.63,16.04,2.95,-6.44,29.13,17.79,3.35,-6.44
03439000,11,12.17690909,24.63,14.22,-1.21,-12.45,24.63,14.47,-1.69,-12.45
03439000,12,11.02924853,20.14,12.87,-10.36,-21.9,20.14,12.87,-6.18,-15.64
03443000,1,11.58769062,22.97,12.24,-9.41,-27.34,22.97,12.24,-6.46,-20.17
03443000,2,12.26886565,23.65,11.04,-8.13,-19.62,23.65,13.87,-8.13,-19.62
03443000,3,13.19239736,26.92,13.47,-1.59,-15.81,27.18,13.09,-1.59,-15.81
03443000,4,13.93982576,30.37,14.9,1.9,-7.54,30.37,16.59,3.17,-7.27
03443000,5,12.6933651,32.89,18.16,5.34,-1.26,32.89,18.16,5.34,-0.38
03443000,6,11.47287879,32.15,18.83,14,4.08,34.37,19.31,14,5.84
03443000,7,10.70743402,33.61,20.59,18.17,8,34.57,19.99,17.17,9.88
03443000,8,10.51606305,35.36,20.27,17.28,7.35,32.91,20.27,18.55,8.51
03443000,9,10.92101515,30.77,19.01,13.26,0.95,30.77,19.37,14.3,2.25
03443000,10,12.35140762,27.61,16.78,4.97,-5.22,30.57,18.88,5.07,-5.22
03443000,11,12.56950758,25.74,15.4,0.58,-11.54,25.74,15.4,-0.63,-11.54
03443000,12,11.35751466,21.43,13.81,-9.26,-20.81,21.43,13.81,-5.13,-14.23
03450000,1,10.61445748,21.32,11.22,-15.21,-31.07,21.32,11.22,-10.95,-24.44
03450000,2,11.08790024,21.28,9.16,-12.33,-23.26,22.17,10.32,-14.62,-23.26
03450000,3,11.69222141,26.25,11.55,-8.83,-18.48,27.42,10.8,-8.83,-18.48
03450000,4,12.47080303,27.61,13.69,-3.3,-11.36,27.61,14.04,-3.3,-11.36
03450000,5,11.59585777,29.25,16.61,3.56,-3.85,29.25,16.61,3.56,-5.04
03450000,6,10.68708333,29.31,17.65,11.75,1.97,32.22,17.09,11.75,3.36
03450000,7,10.1768695,31.1,18.89,14.02,6.51,32.1,18.69,14.02,6.92
03450000,8,9.972133431,31.4,18.21,15.61,3.3,30.7,18.21,15.9,6
03450000,9,10.38965152,29.49,16.95,11.27,-1.3,29.49,17.12,11.4,0.14
03450000,10,11.57334311,25.4,15.2,0.86,-8.23,27.94,16.49,-0.52,-7.65
03450000,11,11.74059848,23.29,13.45,-4.93,-13.85,23.29,13.45,-6.95,-14.29
03450000,12,10.5902346,20.35,11.97,-16.69,-24.59,20.35,11.97,-12.05,-19.23
03451500,1,11.70611437,23.19,12.19,-10.67,-26.95,23.19,12.19,-6.13,-20.59
03451500,2,12.43759453,23.97,10.72,-8.27,-20.38,23.97,13.53,-8.78,-20.38
03451500,3,13.35590909,27.83,13.23,-2.56,-16.01,28.19,12.92,-2.56,-16.01
03451500,4,14.17634848,30.03,14.74,1.87,-7.34,30.01,16.47,3,-7.34
03451500,5,13.13961877,32.5,18.47,6.31,-1.87,32.5,18.47,6.31,-0.66
03451500,6,12.11698485,32.79,18.89,14.68,3.7,35.52,19.14,14.68,5.69
03451500,7,11.46188416,34.13,20.5,17.91,7.92,35.54,20.5,17.91,9.44
03451500,8,11.2525,35.51,20.31,17.82,6.74,33.89,20.51,19.63,8.38
03451500,9,11.67654545,31.7,18.92,13.53,0.73,31.7,19.62,14.44,2.14
03451500,10,13.0170088,28.41,16.99,5.5,-4.94,31.52,19.11,4.87,-4.94
03451500,11,13.02584848,26.27,15.65,1.17,-11.19,26.27,15.65,-1.26,-11.36
03451500,12,11.59507698,22.19,13.93,-10.75,-20.98,22.19,13.93,-5.7,-14.49
03455000,1,11.6033871,22.8,11.82,-11.85,-28.06,22.8,11.82,-6.49,-21.19
03455000,2,12.38407884,23.27,10.3,-8.75,-21.56,24.11,13.27,-9.63,-21.56
03455000,3,13.40467742,27.7,12.92,-2.81,-16.86,27.55,12.85,-2.81,-16.86
03455000,4,14.21742424,29.69,14.58,1.39,-7.64,29.61,16.45,2.82,-7.54
03455000,5,13.20343842,31.77,18.58,6.67,-1.9,31.77,18.58,6.67,-0.8
03455000,6,12.22527273,32.84,18.98,15.49,3.32,35.96,19.19,15.49,5.78
03455000,7,11.57076246,33.78,20.73,18.76,7.77,35.68,20.73,18.76,9.57
03455000,8,11.45220674,35.18,20.48,18.26,6.74,33.98,20.48,20.05,8.32
03455000,9,11.94215909,32.02,18.65,13.34,0.51,32.02,19.64,14.24,1.9
03455000,10,13.20420821,28.11,16.93,4.81,-5.07,31.72,19.03,4.03,-4.9
03455000,11,13.08220455,26.17,15.54,0.69,-11.18,26.17,15.54,-1.65,-11.46
03455000,12,11.53462977,21.83,13.59,-11.76,-21.48,21.83,13.59,-6.01,-15.04
03455500,1,10.77557185,20.69,11.42,-13.62,-32.67,20.69,11.42,-13.18,-24.13
03455500,2,11.16883347,20.29,10.62,-13.35,-24.54,20.29,12.97,-13.35,-24.54
03455500,3,11.86579179,24.84,13.72,-7.31,-19.81,24.77,13.2,-7.31,-19.81
03455500,4,12.47839394,30.09,14.16,-3.38,-11.9,30.09,16.6,-3.38,-11.9
03455500,5,11.26869501,31.51,16.5,1.55,-3,31.51,16.5,1.55,-3
03455500,6,9.82644697,29.99,18.06,9.92,0.86,30.51,18.51,9.92,2.62
03455500,7,9.06085044,31.67,19.01,14.89,5.95,31.67,18.64,13.27,6.66
03455500,8,9.060681818,31.78,18.68,14.53,4,30.63,18.68,15.11,4.87
03455500,9,9.397893939,28.41,17.35,8.25,-3.14,28.41,18.17,9.6,-0.28
03455500,10,10.77825513,26.93,15.38,-1.19,-8.75,26.93,15.94,-1.19,-8.75
03455500,11,11.33052273,23.99,13.27,-4.63,-14.15,23.99,13.27,-4.74,-14.63
03455500,12,10.61369501,19.08,12.33,-13.16,-24.76,19.08,12.98,-11.59,-18.9
03456500,1,11.47924487,21.94,11.5,-12.25,-31.33,21.94,11.5,-10.17,-22.65
03456500,2,11.99852776,21.68,10.69,-12.47,-22.97,21.68,13.41,-12.47,-22.97
03456500,3,12.75319648,26.44,13.5,-4.69,-18.04,26.31,13.2,-4.69,-18.04
03456500,4,13.44210606,30.23,14,-0.83,-10.27,30.23,17.06,-0.68,-10
03456500,5,12.18804985,32.02,16.83,3,-2.16,32.02,16.83,3,-1.85
03456500,6,10.80694697,30.35,18,12.19,2.35,32.5,18.44,12.19,4
03456500,7,10.00244135,31.61,18.95,16.05,6.43,32.37,19.2,15.92,8.35
03456500,8,9.965461877,33.18,18.71,16.08,5.21,31.5,18.98,17.5,6.71
03456500,9,10.38840152,29.77,17.27,10.58,-1.54,29.77,18.46,11.01,0.82
03456500,10,11.92880499,27.68,15.58,1.87,-7.12,28.22,17.16,1.78,-7.12
03456500,11,12.43823485,24.97,13.9,-1.98,-13.16,24.97,13.9,-3.44,-13.32
03456500,12,11.3716239,19.95,12.05,-12.09,-23.05,19.95,13.36,-8.69,-17.59
03460000,1,11.81625367,20.45,10.04,-16.55,-34.57,20.45,10.04,-10.64,-23.85
03460000,2,12.36605792,22.23,9.74,-10.34,-23.87,22.23,11.68,-12.58,-23.87
03460000,3,13.30831378,28.94,12.07,-4.36,-20.6,26.3,11.5,-4.83,-20.6
03460000,4,14.07981061,29.05,13.11,-3.58,-12.86,27.97,15.57,0.3,-11.33
03460000,5,13.14004399,29.01,16.39,4.64,-6.38,29.01,16.39,4.64,-4.17
03460000,6,12.27384848,30.58,17.12,14.72,-2.06,33.58,17.4,14.72,2.68
03460000,7,11.57606305,31.52,18.4,16.54,3.44,32.55,18.53,16.85,6.39
03460000,8,11.45068915,30.51,18.36,13.01,1.11,30.51,18.36,17.61,5.59
03460000,9,12.08625,29.7,15.98,9.11,-6.18,29.7,17.41,11.87,-0.29
03460000,10,13.38760997,27.4,14.73,-0.02,-10.09,28.69,16.21,-0.02,-7.35
03460000,11,13.08931818,24.37,13.92,-3.39,-13.77,24.37,13.62,-5.73,-13.95
03460000,12,11.62721774,20.93,11.62,-15,-25.3,18.75,11.78,-10.3,-17.77
03463300,1,11.01501466,21.82,10.68,-14.28,-30.19,21.82,10.68,-10.71,-23.64
03463300,2,11.50310539,21.47,8.39,-10.73,-22.65,22.68,10.71,-13.38,-22.65
03463300,3,12.15587243,26.46,11.48,-6.48,-17.07,27.67,11.21,-6.48,-17.07
03463300,4,12.92208333,28.54,14.15,-2.25,-10.15,28.54,14.67,-2.25,-10.15
03463300,5,12.07228739,29.82,16.76,4.33,-3.66,29.82,16.76,4.33,-4.23
03463300,6,11.19407576,30.23,17.69,11.7,2.28,32.68,17.44,11.7,4
03463300,7,10.69101906,31.83,19.11,14.63,6.79,32.83,18.99,14.63,7.31
03463300,8,10.45526393,32.15,18.65,16.22,3.55,31.69,18.65,17.42,5.94
03463300,9,10.84265152,30.08,17.27,12.1,-0.54,30.08,17.59,12.1,0.11
03463300,10,12.02209677,26.32,15.25,1.53,-7.09,29.04,17.12,0.52,-7.4
03463300,11,12.16497727,24,14.3,-3.26,-12.91,24,14.3,-5.62,-13.39
03463300,12,11.01822214,21.19,12.2,-15.37,-23.73,21.19,12.2,-9.3,-18.12
03465500,1,11.21788123,22.78,10.98,-14.76,-28.91,22.78,10.98,-9.28,-22.72
03465500,2,11.95168142,22.07,9.07,-10.45,-23.31,24.68,12.68,-12.36,-23.31
03465500,3,12.92101906,27.51,12.77,-4.56,-16.67,27.2,12.43,-4.56,-16.67
03465500,4,13.77370455,29.68,14.37,-0.68,-8.36,29.68,16.25,0.53,-8.36
03465500,5,12.89329912,30.8,18.18,6.53,-2.58,31.17,18.18,6.53,-2.05
03465500,6,11.99239394,32.17,19.01,14.5,3.45,35.44,18.62,14.5,4.56
03465500,7,11.39407625,33.59,20.17,17.53,7.35,34.79,20.13,17.53,8.65
03465500,8,11.3322434,34.58,19.93,18.6,5,33.69,19.93,19.91,6.9
03465500,9,11.8177803,31.85,18.35,13.05,0.47,31.85,19.08,13.05,1.38
03465500,10,12.93030792,28.23,16.04,3.83,-5.02,31.25,18.68,2.1,-5.66
03465500,11,12.78682576,25.52,14.94,-1.27,-11.72,25.52,14.94,-3.35,-12.16
03465500,12,11.2731085,22.24,12.6,-14.11,-22.49,22.24,12.6,-7.72,-16.81
03470000,1,11.43047654,22.51,10.86,-12.75,-31.08,22.51,11.3,-7.48,-22.13
03470000,2,12.3225181,25.61,10.54,-9.83,-23.54,25.61,12.84,-10.7,-23.54
03470000,3,13.59611437,27.41,12.71,-3.67,-18.72,27.12,12.82,-3.67,-18.72
03470000,4,14.38734091,29.93,15.41,-0.14,-8.89,30.23,16.27,3,-8.08
03470000,5,13.28949413,30.43,18.72,7.04,-2.28,31.29,18.72,7.04,-0.56
03470000,6,12.37117424,33.83,19.36,17.2,2.99,37.3,19.91,17.2,5.48
03470000,7,11.65654692,33.75,21.55,20.52,7.56,36.44,21.55,20.12,9.51
03470000,8,11.7075,34.85,21.31,18.83,6.8,34.85,21.31,19.25,8.5
03470000,9,12.32754545,33.24,18.41,12.5,-0.38,33.24,20,13.8,1.56
03470000,10,13.48980205,28.39,17.34,2.98,-6.36,32.09,18.88,2.98,-4.05
03470000,11,13.15312879,26.11,15.33,0.34,-10.82,26.11,15.33,-2.55,-10.98
03470000,12,11.41100806,22.69,12.5,-12.84,-22.95,22.22,12.72,-6.86,-15.16
03471500,1,10.77812317,21.81,11.77,-18.3,-30.82,21.81,11.77,-13.38,-25.98
03471500,2,11.62015286,20.66,9.66,-12.86,-26.14,23.88,12.03,-15.17,-26.14
03471500,3,12.83957478,26.24,14.33,-8.6,-18.25,25.68,11.62,-8.6,-18.25
03471500,4,13.90125,28.02,14.42,-2.08,-11.51,27.85,15.12,-2.08,-8.97
03471500,5,13.2155132,29.84,17.12,6.63,-3.87,29.84,17.65,6.63,-3.69
03471500,6,12.36140152,31.62,19.32,12.62,0.67,33.93,18.53,12.62,1.97
03471500,7,11.79062317,33.75,20.04,15.06,3.8,31.91,20.04,15.06,6.01
03471500,8,11.88034457,33.79,19.7,17.32,1.25,33.11,19.7,18.05,4.88
03471500,9,12.44475,31.81,17.76,8.78,-3.29,31.81,18.38,8.78,-0.72
03471500,10,13.40341642,28.53,15.44,2.07,-8.24,30.44,17.45,1.16,-8.24
03471500,11,12.94413636,24.99,14.52,-4.4,-13.64,24.99,14.52,-5.76,-13.39
03471500,12,11.04209677,21.94,11.13,-16.94,-25.85,21.94,11.58,-9.2,-20.18
03473000,1,10.86774194,21.97,10.83,-17.44,-30.55,21.97,10.83,-12.33,-25.47
03473000,2,11.70748994,21.46,9.15,-12.38,-25.98,23.82,11.82,-14.03,-25.98
03473000,3,12.91010997,26.38,14.15,-7.51,-18.6,26,11.62,-7.51,-18.6
03473000,4,13.91433333,28.64,14.1,-1.78,-10.19,28.07,15.08,-1.78,-8.66
03473000,5,13.13603372,30.06,17.3,6.88,-3.04,30.49,17.91,6.88,-3.01
03473000,6,12.27380303,31.63,18.81,13.06,1.41,34.41,18.57,13.06,2.36
03473000,7,11.64804252,33.83,20.02,16.07,4.73,32.25,20.02,16.07,6.97
03473000,8,11.71788856,33.94,19.91,17.79,2.04,32.98,19.91,18.16,5.61
03473000,9,12.29421212,31.77,17.81,10.06,-2.33,31.77,18.6,10.06,0.07
03473000,10,13.31505865,28.41,15.72,2.17,-7.01,30.77,17.77,1.14,-7.09
03473000,11,12.88824242,25.44,14.57,-3.41,-12.74,25.44,14.57,-3.95,-12.53
03473000,12,11.07969941,22.19,11.18,-16.48,-24.67,22.19,11.67,-8.84,-19.51
03479000,1,10.36433284,20.64,8.75,-17.92,-31.56,20.64,9.72,-12.65,-25
03479000,2,10.93185036,21.56,8.34,-12.55,-23.98,22.55,12.51,-15.53,-23.98
03479000,3,11.75705279,25.21,12.93,-8.16,-18.78,26.22,11.46,-8.16,-18.78
03479000,4,12.52980303,28.34,13.49,-3.45,-10.44,28.34,14.85,-3.45,-10.1
03479000,5,11.69767595,29.09,16.57,4.75,-2.93,29.67,16.92,4.75,-2.88
03479000,6,10.84074242,30.15,18.14,11.13,2.2,32.75,18.14,11.13,2.47
03479000,7,10.31459677,31.5,19.39,15.58,5.86,31.7,19.39,15.58,7.5
03479000,8,10.23528592,32.29,19.25,15.82,2.51,31.18,19.25,17.39,6.05
03479000,9,10.64109848,28.9,17.09,10.61,-1.19,28.99,17.84,10.61,0.11
03479000,10,11.64233871,25.98,15.4,0.23,-6.5,29.09,17.81,-0.48,-6.85
03479000,11,11.54984848,23.84,14.44,-4.29,-12.34,23.84,14.44,-4.29,-13.01
03479000,12,10.41140396,20.24,11.44,-17.98,-25.59,20.24,12.22,-9.94,-20.02
03488000,1,10.74403959,22.31,12.02,-17.69,-30.16,22.31,12.02,-14.26,-26.57
03488000,2,11.67033789,20.88,9.06,-13.07,-26.97,23.72,11.49,-14.42,-26.97
03488000,3,13.03692082,26.76,14.08,-8.65,-18.26,26.34,12.7,-8.65,-18.26
03488000,4,14.14670455,28.91,14.33,-1.54,-11.4,29.05,15.68,-1.54,-8.21
03488000,5,13.35326246,30.2,17.84,7.05,-4,30.38,18.23,7.05,-3.04
03488000,6,12.42718939,32.49,20.27,13.76,1.3,34.83,18.97,13.76,2.34
03488000,7,11.83918622,34.74,20.5,15.62,4.36,32.58,20.5,15.62,6.92
03488000,8,11.99096774,34.49,20.1,17.99,1.73,33.89,20.1,18.31,5.62
03488000,9,12.5950303,32.88,18.23,8.83,-2.97,32.88,19.22,8.83,-0.39
03488000,10,13.52087243,29.4,16.43,0.79,-8.31,31.43,17.65,0.79,-8.31
03488000,11,12.96019697,25.75,14.25,-3.83,-13.29,25.75,14.25,-5.44,-13.33
03488000,12,10.96217009,22.91,11.16,-15.87,-26.39,22.91,11.7,-9.07,-19.97
03490000,1,10.80692815,22.56,10.8,-16.48,-29.77,22.56,10.8,-10.79,-25.96
03490000,2,11.77695093,21.73,8.86,-11.96,-26.15,23.6,11.68,-12.83,-26.15
03490000,3,13.18167155,26.83,14.21,-6.65,-18.04,26.92,12.74,-6.65,-18.04
03490000,4,14.19885606,29.98,14.17,-0.84,-8.74,29.58,15.36,-0.36,-7.47
03490000,5,13.26333578,30.95,18.49,8.88,-2.13,31.28,18.49,8.9,-1.95
03490000,6,12.35399242,32.94,19.69,15.54,3.01,35.87,19.17,15.54,3.49
03490000,7,11.67569648,34.96,20.62,18.13,6.14,33.39,20.62,18.13,8.5
03490000,8,11.77457478,34.87,20.57,19.18,3.53,33.96,20.57,19.18,7.16
03490000,9,12.38570455,33.01,18.4,11.67,-0.91,33.01,19.58,12.11,1.03
03490000,10,13.38791056,29.72,16.66,2.16,-6.03,32.09,17.84,1.65,-6.03
03490000,11,12.87665909,26.13,13.46,-2.05,-12.06,26.13,13.46,-3.7,-11.84
03490000,12,10.91865103,22.8,11.12,-14.72,-24.02,22.8,11.85,-7.58,-18.6
03498500,1,11.33304252,22.8,11.97,-12.96,-29.87,22.8,12.39,-7.44,-21.28
03498500,2,12.24412711,26.06,11.07,-9.48,-22.91,26.06,13.73,-10.08,-22.91
03498500,3,13.51664223,27.93,13.08,-4.34,-18.13,27.93,13.41,-4.34,-18.13
03498500,4,14.34205303,30.46,16.11,0.48,-8.3,30.75,16.72,3.64,-7.35
03498500,5,13.21160557,30.6,19.03,7.51,-0.95,31.9,19.03,7.51,0.22
03498500,6,12.3107197,34.77,20.03,17.47,3.77,37.99,20.3,17.47,5.81
03498500,7,11.60444282,34.35,22.33,20.7,8.15,37.26,22.33,20.7,10.09
03498500,8,11.68700147,35.76,22,19.13,8.36,35.76,22,19.13,9.22
03498500,9,12.25760606,33.85,19.31,12.67,0.85,33.85,20.35,14,2.18
03498500,10,13.36524194,29.22,17.8,3.52,-5.38,32.76,19.47,3.52,-3.23
03498500,11,13.03374242,26.58,15.6,0.92,-10,26.71,15.6,-1.75,-10.41
03498500,12,11.30050587,22.77,12.77,-12.15,-22.4,22.92,13.45,-6.82,-14.54
03500000,1,11.5285044,21.79,12.42,-10.29,-27.34,21.79,12.42,-7.84,-20.19
03500000,2,12.26056315,22.72,11.23,-7.43,-19.69,22.72,13.41,-8.1,-19.69
03500000,3,13.25330645,26.39,12.73,-3.73,-16.13,27.8,12.89,-3.73,-16.13
03500000,4,13.93837121,29.11,14.88,0.01,-8.74,29.11,15.69,3.9,-7.48
03500000,5,12.95793988,31.7,17.93,5.79,-1.38,31.7,17.93,5.79,-1.38
03500000,6,11.95509848,32.21,19.17,14.7,1.61,34.94,19.17,14.7,4.23
03500000,7,11.31824047,33.69,20.24,17.92,7.72,34.95,20.17,18.34,9.13
03500000,8,11.14342375,33.83,20.58,16.24,8.07,32.63,20.58,18.33,8.07
03500000,9,11.50530303,30.78,18.89,13.16,0.1,31.13,18.89,14.07,0.94
03500000,10,12.77516862,27.41,16.7,3.24,-6.38,30.38,18.76,3.71,-6.38
03500000,11,12.66136364,26.14,15.8,1.29,-10.71,26.14,15.8,-0.67,-11.36
03500000,12,11.24327346,21.16,15.16,-11.26,-21.38,21.16,15.16,-5.35,-15.2
03500240,1,11.55437683,21.3,11.96,-13.22,-29.05,21.3,11.96,-7.86,-21.4
03500240,2,12.27423974,22.12,11.18,-8.24,-20.53,22.28,13.42,-9.7,-20.53
03500240,3,13.19090909,26.28,12.77,-5.72,-17.99,27.07,12.97,-5.72,-17.99
03500240,4,13.90914394,28.76,15.18,-1.28,-9.67,28.51,15.59,2.99,-8.08
03500240,5,12.87142962,30.62,17.54,5.67,-1.72,30.62,17.54,5.67,-1.72
03500240,6,11.85499242,31.73,19.33,14.9,0.67,34.26,19.33,14.9,3.45
03500240,7,11.2198827,32.71,20.22,17.97,7.46,34.44,20.22,17.97,8.58
03500240,8,11.12784457,32.32,20.47,16.22,7.09,32.25,20.47,18.59,7.09
03500240,9,11.55415152,30.45,18.16,11.73,-0.93,30.45,18.37,14.3,0.07
03500240,10,12.87772727,27.01,16.21,2.44,-6.59,30,18.36,2.31,-6.55
03500240,11,12.79203788,26.05,15.33,-0.28,-10.71,26.05,15.33,-2.04,-11.93
03500240,12,11.31423754,20.48,14.4,-13.23,-22.66,20.48,14.4,-6.77,-16.37
03504000,1,11.12629765,21.07,12.04,-14.48,-29.47,21.07,12.26,-8.95,-22.19
03504000,2,11.82208367,22.34,11.05,-9.91,-21.28,22.34,13.29,-10.27,-21.28
03504000,3,12.68901026,25.55,13.53,-7.58,-18.2,26.44,13.53,-7.58,-18.2
03504000,4,13.35583333,28.26,15.58,-2.27,-10.07,27.79,15.58,2.1,-8.64
03504000,5,12.30769795,30.13,17.46,4.86,-2.13,30.13,17.46,4.86,-2.13
03504000,6,11.2817197,31.51,19.5,13.57,0.11,33.48,19.5,13.57,2.73
03504000,7,10.68266129,32.36,20.43,16.87,7.31,33.73,20.43,16.87,8.33
03504000,8,10.62444282,31.86,20.35,15.27,6.69,31.73,20.35,17.65,6.69
03504000,9,11.043,29.54,18.44,10.81,-1.4,30.06,18.44,13.49,-0.92
03504000,10,12.31480205,26.46,16.02,1.42,-7.21,29.2,18.29,1.42,-7.21
03504000,11,12.21687879,25.76,15.56,-1.53,-10.96,25.76,15.56,-2.44,-11.73
03504000,12,10.85712977,19.94,14.17,-14.03,-23.37,19.94,14.17,-8.46,-16.87
03512000,1,11.82378299,20.79,10.28,-14.55,-33.3,20.79,10.28,-9.33,-23.04
03512000,2,12.47023331,23.07,10.15,-9.41,-22.94,23.07,12.33,-11.88,-22.94
03512000,3,13.51829912,28,11.66,-4.12,-20,26.09,11.92,-4.12,-20
03512000,4,14.27883333,28.8,13.79,-2.15,-12.04,28.03,15.66,1.2,-10.29
03512000,5,13.24909824,29.52,16.78,5.2,-4.39,29.52,16.78,5.2,-3.25
03512000,6,12.31232576,30.88,17.74,15.55,-0.46,34.23,17.74,15.55,3.17
03512000,7,11.59381232,31.28,19.07,17.98,5.38,33.4,19.07,17.32,7.22
03512000,8,11.5167522,31.51,19.25,14.45,3.17,31.51,19.25,18.26,6.1
03512000,9,12.14619697,30.51,16.57,10.2,-4.03,30.51,17.99,12.52,0.19
03512000,10,13.4491129,27.58,15.27,0.8,-9.08,29.32,16.84,0.69,-6.67
03512000,11,13.18461364,24.87,14.06,-1.65,-12.81,24.87,14.06,-4.89,-13.27
03512000,12,11.63403592,20.55,11.84,-14.35,-25.12,19.25,12.1,-9.45,-17.1
03524000,1,10.76129765,22.61,11.19,-16.7,-29.86,22.61,11.19,-12.86,-26.82
03524000,2,11.74603379,21.49,8.76,-12.85,-27.05,23.63,11.44,-13.66,-27.05
03524000,3,13.20332111,26.61,14.14,-7.65,-18.44,26.96,13.08,-7.65,-18.44
03524000,4,14.30261364,29.72,14.1,-1.26,-9.89,29.72,15.2,-1.13,-7.65
03524000,5,13.35134897,30.83,18.28,8,-2.97,30.83,18.41,8,-2.33
03524000,6,12.38868182,33.04,20.12,14.31,2.53,35.47,19.24,14.31,2.91
03524000,7,11.71541789,35.17,20.65,17.35,5.37,33.06,20.65,17.35,7.92
03524000,8,11.83833578,34.79,20.43,18.44,2.93,33.85,20.43,18.44,6.78
03524000,9,12.45879545,33.26,18.41,10.5,-1.57,33.26,19.64,10.5,0.53
03524000,10,13.44136364,29.7,16.84,0.99,-7.06,31.99,17.66,0.99,-7.06
03524000,11,12.91372727,26.17,13.62,-2.84,-12.62,26.17,13.62,-4.43,-12.63
03524000,12,10.88633798,23.25,11.04,-15.12,-25.57,23.25,11.48,-8.27,-19.42
03528000,1,10.86204545,22.49,10.76,-15.06,-29.35,22.49,10.76,-9.62,-25.99
03528000,2,11.8872325,22.42,9.04,-10.9,-25.61,23.93,11.7,-11.91,-25.61
03528000,3,13.3290176,27.38,14.09,-5.57,-17.67,27.63,12.96,-5.57,-17.67
03528000,4,14.32265909,30.75,14.8,-0.4,-7.57,30.04,15.29,0.79,-7.03
03528000,5,13.28636364,31.22,19.02,9.99,-1.57,31.67,19.02,9.26,-1.24
03528000,6,12.37501515,33.68,19.72,16.35,3.97,36.76,19.57,16.35,4.52
03528000,7,11.66528592,35.29,20.85,19.62,6.81,34.56,20.85,19.62,9.41
03528000,8,11.77395894,35.6,20.95,19.93,4.65,34.53,20.95,19.93,8.2
03528000,9,12.3977197,33.2,18.81,11.97,-0.02,33.2,20.04,13.51,1.87
03528000,10,13.42093109,29.99,16.88,3.34,-5.04,32.54,18.39,2.35,-4.94
03528000,11,12.90565909,26.43,13.47,-0.99,-11.35,26.43,13.47,-3,-11.25
03528000,12,10.93416422,22.56,10.99,-13.8,-23.11,22.43,11.97,-6.87,-17.53
03531500,1,10.72357038,21.69,11.45,-16.42,-30.53,22.44,11.45,-10.04,-27.53
03531500,2,11.77400644,23.52,9.85,-11.07,-26.33,24.37,12.28,-11.07,-26.33
03531500,3,13.28170821,27.61,15.52,-5.57,-18.06,27.86,13.64,-5.57,-18.06
03531500,4,14.14115909,31.47,15.39,-0.88,-7.72,30.65,15.59,0.71,-7.49
03531500,5,13.04626833,31.35,19.76,9.37,-1.77,31.37,19.76,8.1,-1.99
03531500,6,12.15056818,34.02,20.47,16.56,4.25,37.55,19.92,16.56,4.78
03531500,7,11.4401393,35,21.56,19.97,7.75,35.31,21.76,19.42,9.5
03531500,8,11.60003666,35.61,21.43,20.1,4.86,34.6,21.43,20.1,7.57
03531500,9,12.33796212,33.49,19.39,10.78,0.42,33.93,20.92,12.34,1.74
03531500,10,13.38694282,30.85,17.61,3.38,-5.59,33.07,18.94,1.97,-4.67
03531500,11,12.77669697,26.86,14.01,-0.55,-11.83,26.86,14.07,-3.73,-11.83
03531500,12,10.76006232,23.63,12.2,-13.5,-23.76,22.83,12.44,-7.2,-17.88
03532000,1,10.88628299,22.34,11.82,-14.61,-29.86,22.73,11.82,-9.82,-26.71
03532000,2,12.01759453,23.5,10.06,-10.39,-26.29,24.9,12.06,-10.39,-26.29
03532000,3,13.58468475,28.33,14.96,-4.74,-18.49,28.59,13.55,-4.74,-18.49
03532000,4,14.51068939,31.85,15.75,-0.2,-7.08,30.94,15.78,2.07,-6.89
03532000,5,13.37964809,31.77,20.02,10.52,-1.38,31.97,20.02,8.61,-1.23
03532000,6,12.46881061,34.69,20.21,17.24,3.66,38.4,20.16,17.24,5.39
03532000,7,11.69487537,36.11,21.44,20.94,7.46,36.35,21.84,20.21,10.33
03532000,8,11.89112903,36.64,21.92,20.39,5.74,35.36,21.92,20.39,8.97
03532000,9,12.64648485,33.96,19.49,12.05,0.51,34.05,20.95,13.99,2.11
03532000,10,13.71203812,31.26,17.37,4.46,-5.4,33.28,19.31,2.96,-3.94
03532000,11,13.07196212,27.09,13.83,-0.02,-10.99,27.09,14.3,-2.64,-10.99
03532000,12,10.94991202,24.28,11.56,-12.99,-22.83,22.92,12.45,-6.56,-16.47
03540500,1,10.71328446,22.34,13.97,-14.77,-29.67,22.34,15.37,-10.15,-23.81
03540500,2,11.62052293,23.26,11.8,-11.94,-24.48,24.6,14.6,-11.94,-24.48
03540500,3,12.91943548,28.86,15.32,-6.33,-15.8,28.86,15.42,-6.33,-15.8
03540500,4,13.85767424,30.85,17.07,1.81,-7.56,30.23,18.11,3.57,-7.56
03540500,5,12.94329912,32.01,20.39,9.85,0.01,32.43,20.39,9.85,-0.5
03540500,6,12.23118182,36.78,21.46,17.29,5.55,39.51,21.46,17.29,6.43
03540500,7,11.58585044,37.11,22.07,21.65,9.11,38.6,22.07,20.87,10.5
03540500,8,11.88555718,37.64,22.62,19.08,7.95,37.64,22.62,19.76,9.42
03540500,9,12.4947803,34.74,20.83,13.47,1.38,35.85,21.35,14.82,2.55
03540500,10,13.38889296,30.79,18.47,2.84,-5.61,33.8,19.87,2.84,-4.7
03540500,11,12.52823485,27.15,15.96,0.87,-10.74,28.02,16.16,-1.23,-10.74
03540500,12,10.62750733,23.15,14.66,-13.44,-22.22,23.15,14.94,-6.44,-15.9
03550000,1,11.80171554,21.48,12.72,-15.75,-29.91,21.48,13.78,-7.55,-21.22
03550000,2,12.49787611,23.29,11.62,-9.52,-21.27,24.29,14.82,-10.27,-21.27
03550000,3,13.36434751,29.04,14.41,-7.49,-19.45,29.04,14.41,-7.49,-19.45
03550000,4,14.30972727,29.23,15.28,-1.13,-9.74,29.36,17.14,2.29,-8.41
03550000,5,13.11585044,30.49,19.25,6.5,-1.53,30.92,19.25,6.5,-1.37
03550000,6,12.07022727,33.16,19.99,15.32,1.52,35.94,19.99,15.32,4.41
03550000,7,11.40656891,33.33,20.76,18.68,8.48,35.28,20.76,18.68,9.03
03550000,8,11.46798387,34.48,21.6,16.88,7.39,34.48,21.6,19.25,7.39
03550000,9,12.07621212,31.33,18.55,11.5,-1.43,32.47,19.66,13.07,0.88
03550000,10,13.38865836,28.68,16.78,0.59,-6.36,32.47,18.83,0.59,-4.68
03550000,11,13.21356061,27.59,15.86,-1.63,-10.25,27.59,15.86,-3.04,-11.5
03550000,12,11.65567449,22.11,13.79,-12.94,-22.96,22.15,14.3,-7.8,-16.5
03567500,1,11.05516862,23.86,15.38,-8.7,-25.11,23.86,15.38,-5.23,-17.95
03567500,2,11.92030571,24.76,13.05,-8.87,-17.85,26.14,17.52,-8.87,-17.85
03567500,3,13.03954545,30.37,15.34,-1.01,-13.84,30.37,17.07,-1.01,-13.84
03567500,4,13.92778788,31.57,17.73,5.1,-5.2,31.31,18.34,6.98,-5.2
03567500,5,12.88325513,32.63,20.93,11.81,2.29,33.62,20.93,11.81,2.58
03567500,6,12.17903788,37.31,22.69,19.01,5.62,39.56,22.69,19.01,8.92
03567500,7,11.61550587,37.55,23.46,20.71,12.45,39.44,23.46,20.71,12.45
03567500,8,11.73810117,38.95,23.67,19.51,11.16,38.95,23.67,21.31,11.16
03567500,9,12.17898485,35.97,21.77,15.36,2.91,36.08,22.25,15.89,4.12
03567500,10,13.13335044,31.21,20.12,4.92,-3.3,35.78,21.84,4.92,-2.39
03567500,11,12.56443182,28.28,17.82,2.48,-8.34,29.09,18.18,1.64,-8.46
03567500,12,10.80705645,24.13,16.47,-10.09,-19.75,24.13,16.73,-3.55,-12.69
03574500,1,11.00907625,23.65,15.6,-9.51,-26.4,23.65,16,-7.33,-18.09
03574500,2,11.83960579,25.71,13.9,-10.89,-18.7,25.71,15.61,-10.89,-18.7
03574500,3,12.84230938,29.08,16.5,-5.06,-12.66,29.08,17.17,-5.06,-12.66
03574500,4,13.66045455,31.12,17.6,5.54,-5.67,30.47,17.78,6.74,-5.67
03574500,5,12.56186217,33.13,21.86,13.12,2.69,33.34,21.05,12.55,2.13
03574500,6,11.99493182,37.11,22.3,19.1,6.12,39.16,22.3,19.1,8.34
03574500,7,11.37567449,36.63,23.15,21.03,11.6,38.45,23.15,21.03,11.6
03574500,8,11.81259531,38.82,23.66,20.06,10.09,38.82,23.66,20.66,10.09
03574500,9,12.51106818,36.28,22.41,16.19,2.95,36.16,22.41,15.4,3.7
03574500,10,13.40334311,31.16,20.24,3.56,-2.46,35.44,21.06,3.56,-2.97
03574500,11,12.66238636,28.25,17.99,2.57,-8.77,29.09,17.99,0.46,-9.26
03574500,12,10.93849707,24.03,17.26,-10.98,-20.17,24.03,17.19,-4.84,-13.6
03592718,1,11.53865836,23.17,16.16,-11.88,-24.25,23.17,16.16,-7.21,-16.37
03592718,2,12.36587289,26.91,15.21,-7.53,-17.72,27.58,17.14,-7.53,-17.72
03592718,3,13.52755132,29.57,18.45,-1.56,-11.59,30.08,19.47,-1.56,-11.59
03592718,4,14.19415152,32.88,19.42,8.08,-4.54,32.4,19.42,8.08,-4.54
03592718,5,13.00725073,33.76,21.85,16.73,2.38,33.96,21.56,13.25,2.38
03592718,6,12.43893939,37.43,23.49,19.45,7.27,40.18,23.49,19.45,9.04
03592718,7,11.92304985,39.52,23.94,23.92,13,38.34,23.74,20.66,12.92
03592718,8,12.41522727,41.19,24.32,22.42,9.69,41.19,24.32,22.91,9.93
03592718,9,13.32464394,37.96,23.23,16.78,3.07,37.23,23.5,18.25,3.2
03592718,10,14.16118035,32.07,20.67,5.53,-3.66,35.75,20.5,5.53,-3.07
03592718,11,13.25439394,29.47,18.41,3.44,-8.32,30.02,18.41,0.69,-9.2
03592718,12,11.37562317,24.35,19.05,-12.01,-21.18,24.6,17.94,-3.56,-13.03
03603000,1,11.3463783,22.06,14.42,-11.16,-28.17,22.06,14.67,-8.19,-19.48
03603000,2,12.30332261,25.84,14.24,-9.21,-20.62,25.84,14.33,-9.21,-20.62
03603000,3,13.49670088,29.62,17.28,-3.92,-12.58,29.62,17.12,-3.92,-12.76
03603000,4,14.37192424,31.2,17.66,6.28,-6.15,31.32,18.25,6.12,-6.15
03603000,5,13.20253666,33.09,21.79,14.36,0.59,33.43,20.7,12.35,0.79
03603000,6,12.55839394,37.58,22.35,19.26,5.71,41.07,22.35,19.26,7.79
03603000,7,11.95087977,38,23.26,24.3,12.11,39.12,23.76,21.2,11.87
03603000,8,12.49491202,39.96,23.29,20.28,8.23,39.96,23.29,21.87,9.61
03603000,9,13.29090152,37.5,21.67,15.89,1.51,36.78,22.73,15.96,2.53
03603000,10,14.12111437,31.7,20.95,3.67,-4.51,35.38,20.95,3.67,-3.17
03603000,11,13.12143182,28.02,18.23,1.86,-9.64,29.47,18.23,0.38,-10.44
03603000,12,11.29528959,23.81,17.67,-12.15,-22.62,23.81,15.7,-5.47,-14.77
03604000,1,11.63903959,21.59,14.27,-11.14,-27.19,21.54,14.27,-8.29,-17.78
03604000,2,12.56169751,26.25,14.47,-9.05,-20.32,25.6,15.06,-9.05,-20.32
03604000,3,13.7838783,29.93,17.96,-1.86,-12.78,29.93,17.27,-1.86,-12.78
03604000,4,14.66065909,32.09,17.85,6.06,-6.16,32.09,18.62,6.06,-6.16
03604000,5,13.35400293,34.1,21.68,15.23,0.3,33.41,21.12,13.08,1.52
03604000,6,12.62788636,37.31,22.13,20.05,5.27,40.55,22.86,20.05,7.48
03604000,7,12.07174487,37.53,23.05,22.92,11.25,38.18,23.75,21.35,11.45
03604000,8,12.64927419,40.73,23.4,20.58,7.52,40.73,23.4,22.41,9.6
03604000,9,13.52834091,37.37,22.15,15.23,0.96,37.19,22.97,16.6,2.84
03604000,10,14.35869501,31.54,20.36,3.19,-5.3,35.1,20.93,3.19,-3.1
03604000,11,13.39190909,27.91,17.98,1.38,-9.76,29.65,17.98,0.57,-10.76
03604000,12,11.50047654,24.31,18.2,-12.81,-22.98,24.31,16.15,-4.13,-14.6
04015330,1,10.71366569,9.07,-0.55,-28.25,-39.08,9.07,0.4,-28.25,-37.36
04015330,2,11.80112631,13.46,1.37,-28.1,-40.04,13.46,1.37,-28.1,-40.04
04015330,3,11.36946481,21.91,4.6,-14.39,-33.07,21.91,9.39,-16.94,-32.32
04015330,4,11.64552273,24.96,9.34,-6.17,-19.31,24.59,9.34,-6.17,-19.31
04015330,5,13.05722874,31.12,13.48,3.82,-6.44,30.88,13.96,1.63,-5.6
04015330,6,13.02865152,33.51,17.62,6.14,-1.24,33.51,17.62,6.14,-1.24
04015330,7,12.8052566,36.08,20.39,10.5,2.41,36.08,20.39,10.5,3.59
04015330,8,11.97945015,34.39,22.29,13.19,1.6,34.39,22.29,13.19,1.6
04015330,9,11.34559091,32.44,19.66,5.68,-3.4,30.05,17.95,6.84,-3.4
04015330,10,9.857866569,26.71,15.36,-2.65,-12.96,26.71,15.36,-2.65,-11.7
04015330,11,8.376909091,19.81,8.44,-15.18,-27.39,22.86,8.44,-12.08,-23.16
04015330,12,9.010480205,11.49,2.12,-24.07,-35.77,11.49,1.4,-22.26,-32.88
04024430,1,11.07467742,10.6,-0.13,-27.38,-40.36,10.6,0.65,-27.38,-38.35
04024430,2,12.15556718,13.28,1.78,-27.88,-40.92,12.96,1.78,-27.88,-40.92
04024430,3,11.72398827,24.14,6.21,-13.75,-32.56,24.3,10.54,-16.75,-31.51
04024430,4,12.52765152,28.9,13.73,-5.16,-17.88,28.34,13.73,-5.16,-17.88
04024430,5,14.02877566,32.06,15.79,5.02,-6.62,32.52,15.84,2.19,-5.69
04024430,6,13.7342197,34.06,21.47,8.75,-0.72,34.01,21.47,8.75,-0.45
04024430,7,13.18929619,37.59,21.92,12.51,2.18,37.59,21.97,12.51,4.78
04024430,8,12.45966276,34.58,23.17,13.74,1.33,34.58,23.17,13.74,1.33
04024430,9,12.10187121,32.79,20.02,5.72,-4,31.5,20.02,7.86,-3.45
04024430,10,10.69412757,29.25,15.19,-1.29,-12.98,29.25,16.8,-1.6,-11.57
04024430,11,8.893560606,20.21,10.45,-13.13,-27.83,23.61,10.45,-11.49,-22.53
04024430,12,9.261565249,12.35,2.54,-24.4,-39.72,12.25,1.9,-21.53,-32.77
04027000,1,10.43542522,11.42,-0.22,-26.59,-38.52,9.04,0.02,-26.59,-36.97
04027000,2,12.11551086,13.6,2.77,-26.24,-39.59,13.72,2.77,-26.24,-39.59
04027000,3,12.24613636,23.26,6.52,-14.31,-31.74,25.68,13.22,-15.79,-32.02
04027000,4,12.53866667,28.84,14.24,-6.36,-18.92,28.05,12.56,-6.36,-18.28
04027000,5,13.86604839,32.87,19.35,2.43,-6.53,32.87,19.35,-0.53,-5.44
04027000,6,13.26644697,34.62,21.51,8.84,-1.2,34.62,21.51,8.84,-1.2
04027000,7,12.79898094,36.68,21.65,13.15,2.79,36.68,21.65,13.15,4.32
04027000,8,12.33172287,33.83,21.42,11.26,2.21,33.83,21.42,11.26,2.21
04027000,9,11.97468939,31.68,19.65,5.9,-3.29,31.68,19.65,6.47,-3.29
04027000,10,10.66206012,28.53,16.26,-1.16,-11.78,28.53,16.26,-2.03,-12.46
04027000,11,8.517856061,20.93,11.58,-12.23,-24.07,22.51,11.58,-12.23,-21.5
04027000,12,8.770971408,14.94,2.4,-23.01,-35.86,13.44,2.26,-21.67,-31.3
04040500,1,9.524318182,9.5,0.2,-23.73,-34.85,8.06,0.2,-23.73,-34.85
04040500,2,11.73889783,14.64,2.46,-23.68,-38.11,15.94,2.46,-23.68,-38.11
04040500,3,12.88900293,22.02,7.05,-14.9,-33.72,25.65,9.81,-15.73,-33.72
04040500,4,12.92608333,30.17,15.96,-8.01,-23.04,27.25,9.27,-8.01,-22.81
04040500,5,14.42769062,32.84,17.92,0.03,-7.73,32.84,17.92,-0.78,-7.36
04040500,6,14.03786364,35.02,20.46,9.72,-3.69,35.02,20.46,10.32,-3.69
04040500,7,13.68804985,35.77,22.52,11.56,0.45,34.24,22.52,10.71,0.45
04040500,8,13.08281525,33.42,22.51,10.89,0.02,33.42,22.51,10.89,0.02
04040500,9,12.26664394,31.95,18.97,4.91,-6.16,31.95,18.57,4.91,-6.16
04040500,10,10.45075513,28.64,15.84,-1.59,-10.43,28.64,15.84,-2.53,-11.92
04040500,11,8.247628788,21.43,9,-11.56,-22.6,22.96,10.67,-11.7,-22.7
04040500,12,8.235175953,13.8,3.77,-19.23,-35.11,12.93,0.5,-19.75,-31.59
04043050,1,7.821634897,9.69,0.35,-22.98,-31.54,9.69,0.35,-22.98,-30.01
04043050,2,9.312518101,13.34,3.12,-24.22,-32.54,13.82,2.93,-24.22,-32.51
04043050,3,10.16304252,21.24,5.44,-14.68,-30.46,24.87,10.05,-16.38,-30.46
04043050,4,10.25512879,28.27,14.79,-6.18,-18.94,26.24,10.58,-6.18,-18.94
04043050,5,12.05227273,33.15,17.39,0.35,-4.82,31.72,17.39,0.41,-4.77
04043050,6,12.2045303,33.76,20.13,8.54,-0.73,33.76,20.13,8.54,0.09
04043050,7,11.58325513,37.62,23.1,10.97,3.26,34.73,20.99,10.77,4.84
04043050,8,10.68744868,34.55,23.16,12.81,3.31,33.34,23.16,12.41,4.55
04043050,9,9.925507576,31.56,20.16,6.62,-3.78,31.56,20.16,6.59,-3.78
04043050,10,8.366825513,27.6,16.32,-1.2,-9.05,27.6,16.32,0.2,-7.66
04043050,11,6.881393939,20.14,10.65,-9.95,-20.9,21.23,10.65,-10.24,-16.68
04043050,12,6.895157625,13.27,4.93,-18.09,-28.02,11.39,2.22,-18.09,-26.74
04045500,1,8.656312317,6.8,2.59,-19.43,-30.43,7.72,2.59,-19.43,-30.43
04045500,2,10.24116653,9.66,2.08,-18.03,-32.33,10.84,2.08,-19.49,-33.36
04045500,3,11.13622434,17.43,5.52,-13.17,-31.16,25.29,8.17,-14.61,-31.16
04045500,4,11.15906061,26.94,11.44,-6.88,-18.65,23.48,9.2,-6.88,-18.65
04045500,5,13.12895894,30.5,14.75,2.52,-4.92,30.5,14.75,0.64,-7.15
04045500,6,13.27273485,32.47,18.77,10.33,-1.47,32.47,18.77,10.33,-1.14
04045500,7,12.94085777,34.95,19.74,12.69,1.6,33.37,20.1,12.69,1.6
04045500,8,12.15010997,33.09,20.47,13.09,1.1,33.09,20.47,12.77,1.84
04045500,9,11.35230303,30.54,19.07,7.49,-3.99,30.54,19.07,7.49,-3.99
04045500,10,9.474692082,24.88,17.7,0.69,-7.64,24.88,17.7,1.39,-6.24
04045500,11,7.533939394,19.67,9.48,-7.76,-16.39,20.66,9.86,-7.76,-19.14
04045500,12,7.431026393,14.18,6.03,-17.22,-25.88,12.44,3.23,-17.22,-25.82
04056500,1,8.413980938,7.27,2.17,-18.74,-30.55,7.27,2.17,-18.74,-30.55
04056500,2,9.976452132,9.67,1.94,-17.75,-31.21,12.81,1.94,-18.74,-32.18
04056500,3,10.66070381,16.78,5.26,-13.08,-30.25,24.93,8.59,-13.87,-30.25
04056500,4,10.84475,26.75,11.96,-6.08,-17.4,23.62,8.74,-6.08,-17.4
04056500,5,12.61360704,30.63,15.33,2.88,-4.73,30.63,15.33,0.93,-6.45
04056500,6,12.75743182,33.19,18.97,9.62,-0.94,33.19,18.97,9.62,-0.22
04056500,7,12.42839443,34.91,20.36,12.94,2.66,33.3,20.38,12.94,2.66
04056500,8,11.7561217,33.26,20.39,13.77,2.2,33.26,20.39,12.99,2.2
04056500,9,11.00704545,31.05,19.01,7.85,-2.88,29.99,18.81,7.85,-2.88
04056500,10,9.35377566,25.98,17.29,0.92,-7.72,25.98,17.29,1.77,-6.35
04056500,11,7.530280303,19.48,9.9,-8.32,-17.26,19.76,10.04,-8.32,-17.26
04056500,12,7.361304985,13.87,6.43,-15.38,-26.86,12.12,2.59,-15.4,-25.14
04057510,1,8.677001466,7.62,1.62,-20.72,-31.44,7.62,1.62,-20.72,-31.44
04057510,2,10.23466613,9.79,1.97,-19.36,-32.52,14.03,1.97,-19.36,-32.52
04057510,3,10.63750733,18.91,4.77,-12.83,-30.74,24.37,8.46,-12.9,-30.74
04057510,4,10.85755303,25.72,11.3,-5.37,-17.08,24.36,8.62,-5.37,-17.08
04057510,5,12.44164956,30.72,15.8,3.49,-4.76,29.5,15.8,2.45,-5.78
04057510,6,12.54331061,33.57,19.1,9.54,-0.6,33.57,19.43,9.54,-0.6
04057510,7,12.30766862,34.67,20.85,13.68,2.85,34.45,20.87,13.68,2.85
04057510,8,11.73561584,33.33,20.55,13.83,2.19,33.33,20.55,13.6,2.19
04057510,9,11.05745455,31.02,19.38,8.41,-2.26,30.26,19.22,8.41,-2.26
04057510,10,9.519222874,26.73,16.73,1.19,-7.91,26.73,16.73,1.88,-6.4
04057510,11,7.730659091,18.75,9.77,-8.85,-16.96,19.15,9.77,-8.85,-16.96
04057510,12,7.572892229,13.36,6,-15.37,-27.29,11.96,2.87,-16.05,-25.11
04057800,1,9.363423754,8.62,-0.39,-23.41,-34.46,6.99,-0.39,-23.41,-34.46
04057800,2,11.53275141,14.6,2.77,-21.97,-36.77,14.57,2.77,-21.97,-36.77
04057800,3,12.69061584,22.02,7.12,-14.76,-34.98,26.31,8.65,-14.86,-34.98
04057800,4,12.75153788,30.41,15.31,-7.67,-22.39,26.36,9.24,-7.67,-22.39
04057800,5,14.22793255,33.3,17.49,-0.33,-8.85,33.3,17.49,0.03,-8.09
04057800,6,14.02125758,34.85,20.11,8.89,-3.99,34.85,20.11,9.33,-3.99
04057800,7,13.83355572,36.08,22.35,11.66,0.46,34.55,22.35,10.81,0.46
04057800,8,13.20788123,33.63,20.75,11.63,0.23,33.63,20.75,11.14,0.03
04057800,9,12.33588636,32.68,19.15,5.05,-5.92,32.31,19.15,4.99,-5.92
04057800,10,10.46009531,28.59,16.45,-1.36,-10.16,28.59,16.45,-2.33,-11.88
04057800,11,8.274166667,20.89,8.7,-10.32,-22.9,22.86,9.9,-11.5,-22.9
04057800,12,8.193145161,14.23,4.19,-18.68,-32.98,11.8,0.52,-19.29,-31.02
04059500,1,9.860454545,9.26,0.41,-22.94,-33.79,9.26,0.41,-22.94,-33.55
04059500,2,11.5799115,12.31,2.22,-21.85,-35.55,14.03,2.22,-21.85,-35.55
04059500,3,12.01139296,20.41,5.39,-13.52,-31.4,25.38,9.12,-12.97,-31.4
04059500,4,12.29143182,28.36,13.24,-5.72,-19.14,26.41,9.76,-5.72,-19.14
04059500,5,13.75892962,32.22,16.56,2.16,-6.09,31.74,16.56,2.66,-5.46
04059500,6,13.50757576,34.39,19.73,9.26,-2.18,34.39,20.38,9.26,-2.18
04059500,7,13.30495601,35.53,22.02,13.5,2.22,35.53,22.02,12.85,2.22
04059500,8,12.69239003,34.3,21.38,13.56,1.48,34.28,21.38,13.56,1.54
04059500,9,12.15631061,31.75,18.72,7.79,-3.91,31.75,18.25,7.79,-3.28
04059500,10,10.59193548,28.14,17.45,0.44,-9.1,28.14,17.45,0.36,-8.35
04059500,11,8.516075758,20.27,8.8,-9.83,-19.07,21.15,8.8,-9.83,-19.7
04059500,12,8.456440616,13.84,4.45,-17.7,-30.54,13.84,1.89,-17.8,-29.26
04063700,1,10.68912757,9.73,0.14,-25.1,-39.82,8.18,0.14,-25.1,-35.97
04063700,2,12.476428,12.66,2.43,-23.96,-38.93,14.31,2.43,-23.96,-38.93
04063700,3,12.89826246,23.04,6.28,-14.16,-30.13,25.8,10.74,-15.16,-32.16
04063700,4,13.32722727,29.91,15.43,-6,-20.6,27.89,11.37,-6,-19.84
04063700,5,14.58225073,31.72,18.46,1.77,-6.86,31.72,18.46,2.58,-7.16
04063700,6,13.68961364,34.05,20.73,8.79,-2.51,34.05,20.73,8.79,-1.97
04063700,7,13.43784457,35.52,22.73,13.36,1.5,35.52,22.73,12.14,1.75
04063700,8,12.86084311,34.07,21,13.21,0.27,33.08,21,12.21,0.8
04063700,9,12.49625758,31.46,18.33,6.63,-5.28,31.46,18.33,6.63,-5.06
04063700,10,11.19021261,28.09,18.62,-1.53,-12.92,28.09,18.62,-1.73,-11.57
04063700,11,8.940515152,21.19,8.46,-11.98,-22.74,22.2,8.49,-11.98,-22.74
04063700,12,9.072782258,13.83,2.73,-21.45,-35.2,13.83,1.52,-20.67,-31.66
04073500,1,9.672382698,10.63,1.66,-25.77,-35.22,10.9,1.66,-25.77,-35.22
04073500,2,10.66664521,15.79,4.33,-24.88,-35.86,19.08,4.11,-24.88,-35.86
04073500,3,11.06577713,26.76,13.19,-10.23,-24.52,27.54,14.16,-13.98,-26.88
04073500,4,12.33495455,30.39,15.91,-1.76,-14.05,30.39,15.39,-2.8,-12.3
04073500,5,12.97244135,33.01,20.29,6.96,-3.44,35.03,20.29,6.61,-3.08
04073500,6,12.56972727,37.22,22.43,12.44,2.2,35.22,23.03,12.44,2.2
04073500,7,12.35307185,38.94,24.85,17.56,6.53,38.94,24.85,16.7,7.52
04073500,8,12.04901026,37.84,23.32,15.98,3.12,35.4,23.32,15.98,4.43
04073500,9,12.33665152,32.6,20.57,9.47,-2.71,33.11,20.55,8.69,-2.71
04073500,10,11.44120235,29.56,20.06,1.33,-10.44,29.56,20.06,0.53,-8.56
04073500,11,9.486037879,22.95,11.56,-7.26,-19.25,23.03,11.32,-9.03,-19.25
04073500,12,8.699849707,16.4,7.81,-22.13,-32.86,16.4,6.86,-17.3,-29.46
04074950,1,10.42653226,9.31,0.21,-26.29,-40.03,7.62,0.21,-26.29,-36.13
04074950,2,12.0832502,12.87,2.58,-25.48,-39.05,13.88,2.58,-25.48,-39.05
04074950,3,12.34118768,22.76,7.1,-14.6,-29.31,25.42,11.2,-15.18,-31.85
04074950,4,12.91151515,29.43,14.91,-5.5,-18.68,28.21,10.76,-5.5,-18.95
04074950,5,14.07557918,31.54,18.33,2.47,-6.41,31.92,18.33,2.57,-6.48
04074950,6,13.15240909,33.85,21.34,9.14,-1.37,33.85,21.34,9.14,-0.75
04074950,7,12.95900293,35.38,22.3,13.52,2.19,35.38,22.3,13.33,2.6
04074950,8,12.38785191,34.05,20.98,12.31,1.22,32.91,20.98,12.31,1.22
04074950,9,12.12072727,31.6,18.43,6.64,-4.79,31.6,18.2,6.64,-4.65
04074950,10,10.9466349,28.13,19.03,-1.83,-12.83,28.13,19.03,-1.83,-10.44
04074950,11,8.800871212,20.66,8.41,-11.88,-22.57,22.04,8.62,-11.88,-22.44
04074950,12,8.908251466,14.18,2.81,-22.6,-35.21,14.18,2.22,-20.67,-31.05
04079000,1,10.06297654,9.06,1.25,-26.31,-37.85,9.06,1.25,-26.31,-35.22
04079000,2,11.40867257,13.74,2.6,-25.46,-37.28,14.16,2.6,-25.46,-37.28
04079000,3,11.65991202,24.27,7.86,-13.15,-25.76,26.35,11.64,-14.05,-29.81
04079000,4,12.50997727,30.04,14.98,-4.04,-15,29.2,12.79,-4.04,-15.26
04079000,5,13.60156158,32.34,18.73,2.84,-4.88,33.01,18.73,4.68,-4.88
04079000,6,12.93522727,34.2,21.7,10.68,0.14,34.2,21.7,10.68,0.99
04079000,7,12.78153959,36.29,22.43,15.49,4.26,36.29,22.43,15.28,4.32
04079000,8,12.28165689,35.6,22.18,14.3,2.09,34.66,22.18,14.3,2.84
04079000,9,12.26194697,31.68,18.93,8.68,-3.7,31.68,18.93,7.74,-3.65
04079000,10,11.10258798,29.01,19.47,-0.01,-11.09,29.01,19.47,-0.01,-8.38
04079000,11,9.041734848,21.9,9.16,-9.62,-20.01,22.08,9.71,-9.62,-19.97
04079000,12,8.727470674,14.93,4.32,-22.12,-32.6,14.93,3.34,-19.31,-28.54
04100500,1,8.286642229,17.41,8.68,-20.58,-30,17.41,8.68,-20.46,-30
04100500,2,9.391206758,22.26,8.67,-15.02,-24.18,22.26,8.67,-15.02,-25.3
04100500,3,10.92408358,27.06,15.72,-8.36,-19.31,29.5,14.96,-9.22,-20.29
04100500,4,12.31006818,30.2,18.5,-1.05,-13.91,29.59,18.5,-1.05,-9.39
04100500,5,12.52290323,32.68,21.03,7.74,-3.22,34.82,21.03,7.74,-3.42
04100500,6,12.12849242,38.73,23.11,13.97,2.85,38.72,23.11,13.72,2.85
04100500,7,11.82213343,37.26,24.96,19.13,5.75,39.1,24.96,19.31,5.75
04100500,8,11.76494135,36.17,24.01,16.68,3.25,34.84,24.01,17.69,6.41
04100500,9,12.39985606,34.88,22.43,10.46,-1.23,35.48,21.6,10.46,-1.23
04100500,10,11.50472874,31.36,18.73,1.64,-7.5,31.36,18.87,3.62,-3.72
04100500,11,9.384522727,24.03,14.23,-3.92,-12.38,25.4,13.42,-7.99,-15.14
04100500,12,7.733691349,20.52,14.19,-21.63,-27.41,20.09,12.67,-12.91,-23.99
04105700,1,8.191693548,16.33,8.59,-18.93,-28.66,16.33,8.59,-18.93,-28.66
04105700,2,9.455905068,21.26,9.3,-14.77,-27.82,21.26,9.3,-14.77,-27.82
04105700,3,11.10147361,25.93,14.64,-8.3,-20.24,29.84,14.74,-9.84,-21.48
04105700,4,12.45044697,30.03,17.53,-2.07,-15.27,30.03,17.53,-1.24,-11.02
04105700,5,13.04403226,33.03,20.94,6.24,-4.21,34.42,20.94,7.34,-4.04
04105700,6,12.8280303,36.4,22.49,13.7,1.25,36.24,22.89,11.09,1.25
04105700,7,12.5969868,37.94,25.02,17.76,4.81,39.52,25.02,17.76,4.81
04105700,8,12.24252199,37.51,24.84,16.59,3.61,35.01,24.84,16.86,5.5
04105700,9,12.53375,33.31,22.64,8.57,-2.47,34.52,21.4,8.57,-2.47
04105700,10,11.30398827,30.36,18.37,1.33,-7.56,30.36,18.7,1.33,-4.42
04105700,11,9.092606061,22.95,13.01,-4.5,-12.99,24.95,13.02,-6.41,-11.9
04105700,12,7.451008065,20.49,13.23,-14.63,-25.84,20.49,12.05,-10.79,-23.88
04113000,1,8.325043988,16.57,8.43,-19.56,-29.45,16.57,8.43,-19.56,-29.45
04113000,2,9.519356396,19.95,7.22,-14.61,-26.33,19.95,7.22,-15.52,-28.66
04113000,3,11.01389296,25.86,14.43,-8.72,-21.93,29.56,14.43,-9.46,-22.4
04113000,4,12.37135606,30.07,17.39,-2.38,-15.25,29.27,17.39,-1.57,-10.73
04113000,5,12.99375367,32.73,21.03,6.77,-3.06,34.13,21.03,7.34,-3.51
04113000,6,12.73057576,37.56,22.28,12.95,2.17,36.61,22.1,12.58,2.17
04113000,7,12.59061584,37.63,23.57,18.14,4.8,38.24,23.57,18.14,4.8
04113000,8,12.23604106,36.55,24.27,16.74,3.05,34.9,24.27,16.95,6.05
04113000,9,12.55222727,33.15,21.65,7.58,-2.99,33.87,20.85,7.58,-2.99
04113000,10,11.42676686,30.91,17.93,1.52,-7.28,30.91,17.93,1.52,-4.72
04113000,11,9.271560606,23.37,12.38,-5.51,-12.62,25.18,12.38,-6.23,-14.99
04113000,12,7.537672287,19.95,12.68,-16.74,-24.68,19.95,10.66,-13.43,-24.42
04115000,1,8.248980938,15.13,7.76,-17.84,-29.17,15.13,7.76,-17.84,-29.17
04115000,2,9.474907482,18.14,7.03,-14.78,-26.59,18.14,7.03,-16.2,-28.88
04115000,3,10.99719941,25.91,14.48,-8.22,-22.5,30.1,14.48,-11.23,-24.26
04115000,4,12.46237121,30.09,17.58,-2.33,-14.88,29.97,17.58,-1.26,-10.59
04115000,5,13.23219941,33.26,20.17,6,-3.25,33.49,20.17,7.1,-3.17
04115000,6,12.97184848,35.36,21.7,13.99,2.2,35.7,22.72,12.07,2.2
04115000,7,12.84711877,38.01,23.14,18,5.17,37.19,23.46,18.39,5.17
04115000,8,12.4102346,36.32,24.1,16.85,2.73,36.08,24.1,17,5.91
04115000,9,12.66634091,33.27,21.42,7.58,-3.41,34.42,21.42,7.58,-3.41
04115000,10,11.32688416,31.09,18.11,2.06,-6.56,31.09,18.11,2.06,-4.93
04115000,11,9.085234848,23.24,13.02,-5.02,-13.03,24.85,12.95,-5.21,-14.07
04115000,12,7.390707478,19.43,13.17,-14.06,-22.56,19.43,10.28,-11.89,-23.43
04115265,1,8.577631965,14.37,6.13,-17.96,-30.33,14.37,6.13,-17.96,-30.33
04115265,2,9.863636364,18.86,6.9,-15.06,-29.43,18.86,6.9,-15.06,-30.09
04115265,3,11.54921554,25.5,14.11,-8.49,-22.84,30.33,14.11,-10.56,-26.43
04115265,4,13.02482576,30.65,17.17,-3.49,-15.33,30.65,17.17,-1.36,-11.23
04115265,5,13.85159824,33.93,19.85,6.08,-4.58,33.93,19.85,6.41,-3.52
04115265,6,13.62185606,36.48,21.04,14.47,1.46,36.48,21.57,11.53,1.46
04115265,7,13.48959677,38.07,23.1,16.7,4.19,37.16,23.1,16.78,4.19
04115265,8,13.04927419,37,23.06,16,2.21,36.47,23.04,16,4.37
04115265,9,13.14732576,32.93,20.51,7.91,-3.57,34.83,20.24,7.91,-3.57
04115265,10,11.74596041,30.96,16.52,0.77,-7.01,30.96,16.52,0.77,-6
04115265,11,9.357083333,22.76,11.32,-5.41,-14.04,24.67,13.45,-5.34,-14.5
04115265,12,7.678680352,19.61,11.89,-13.94,-23.73,19.61,9.31,-12.46,-24.25
04122200,1,7.919545455,13.84,4.71,-16.56,-27.05,13.84,4.71,-16.56,-27.05
04122200,2,9.219115044,15.99,6.57,-16.41,-30.56,15.99,6.57,-16.41,-30.56
04122200,3,11.01062317,24.92,13.16,-8.25,-23.35,28.35,15.16,-10.83,-26.5
04122200,4,12.3180303,28.53,16.5,-2.57,-17.96,28.53,15.58,-1.73,-11.43
04122200,5,13.43105572,31.86,18.16,6.76,-4.78,33.78,19.07,7.03,-5.08
04122200,6,13.13911364,35.26,20.3,13.53,0.81,35.26,20.99,12.12,0.81
04122200,7,12.82210411,35.18,22.35,15.57,3.76,36.22,22.35,15.57,4.77
04122200,8,12.35693548,35.34,23.53,15.82,2.28,34.72,23.42,15.97,3.43
04122200,9,12.37605303,31.94,20.82,9.8,-3.84,33.25,20.79,9.8,-3.02
04122200,10,10.85772727,29.5,17.62,2.55,-6.26,29.5,17.62,2.74,-5.39
04122200,11,8.590227273,21.28,10.98,-3.89,-12.04,23.11,13.84,-5.31,-11.84
04122200,12,7.085318915,18,11.27,-14.95,-23.2,16.76,9.24,-12.67,-22.14
04122500,1,8.032478006,12.94,3.92,-16.95,-28.02,12.94,3.92,-16.95,-28.02
04122500,2,9.467610619,15.85,5.61,-16.73,-31.28,15.85,5.61,-16.73,-31.28
04122500,3,11.21239736,24.22,12.38,-9,-24.76,28.45,14.92,-11.32,-27.81
04122500,4,12.42410606,28.32,15.77,-2.57,-17.57,28.32,15.64,-2.05,-13.19
04122500,5,13.64695015,31.95,17.64,6.21,-4.84,33.2,18.66,6.17,-5
04122500,6,13.35377273,34.88,20.41,13.55,0.44,34.88,21.02,12.17,0.44
04122500,7,13.02015396,35.35,22.28,15.4,3.18,35.51,22.28,15.4,4.47
04122500,8,12.50470674,35.34,23.33,15.02,1.42,35.34,23.29,15.66,2.95
04122500,9,12.45489394,31.87,20.73,9.44,-4.13,32.93,20.73,9.44,-3.09
04122500,10,10.85153959,29.28,18.04,2.45,-6.28,29.28,18.04,2.53,-5.51
04122500,11,8.566545455,21.62,10.35,-4.13,-13.1,23.04,13.25,-5.51,-12.43
04122500,12,7.128042522,17.62,10.92,-15,-23.49,16.06,8.55,-13.41,-22.25
04124000,1,8.022089443,10.35,2.95,-17.76,-29.17,10.86,2.94,-17.76,-29
04124000,2,9.726733709,15.73,4.05,-17.48,-33.01,15.73,4.05,-17.48,-33.01
04124000,3,11.24292522,24.53,9.06,-10.63,-27.87,29.1,14.51,-12.29,-28.68
04124000,4,12.20663636,29.82,16.31,-4.24,-15.8,29.82,15.42,-4.24,-15.8
04124000,5,13.7515176,32.63,17.4,4.36,-4.48,32.63,18.04,3.17,-5.58
04124000,6,13.41072727,34.8,22.07,11.35,-1.26,34.8,22.07,10.83,-0.45
04124000,7,13.02362903,35.63,22.33,15.8,2.23,35.34,22.33,15.8,2.23
04124000,8,12.41021261,34.86,23.48,14.13,-1.07,34.66,22.79,14.55,2.54
04124000,9,12.14664394,32.37,20.41,8.32,-4.34,32.82,20.41,8.32,-3.1
04124000,10,10.31623167,30.18,19.3,0.65,-6.1,30.18,19.3,0.65,-6.1
04124000,11,8.055621212,22.35,10.04,-5.79,-15.69,23.76,12.83,-5.49,-15.69
04124000,12,6.835322581,16.7,10.15,-14.06,-25.85,16.7,7.84,-13.4,-22.8
04127918,1,8.998731672,7.6,2.68,-21.45,-33.12,8.21,2.68,-21.45,-31.96
04127918,2,10.50299276,10.37,2.31,-19.48,-31.76,10.37,2.31,-19.48,-34.36
04127918,3,11.28372434,19.04,5.46,-12.32,-32.13,26.44,7.74,-14.7,-32.13
04127918,4,11.25759091,27.26,11.2,-6.71,-19.57,26.12,9.24,-6.71,-19.57
04127918,5,13.30071848,30.34,14.74,2.64,-4.85,30.61,14.74,1,-6.96
04127918,6,13.26839394,32.1,19.15,11.1,-1.52,32.1,19.15,11.23,-0.95
04127918,7,12.90656158,35.19,19.87,13.01,1.95,33.36,20.1,13.01,1.95
04127918,8,12.05067449,33.2,20.71,12.63,0.48,33.1,20.71,12.63,2.5
04127918,9,11.34165152,30.74,19.51,7.45,-4.28,30.74,18.9,7.45,-4.28
04127918,10,9.484545455,26.1,17.73,0.79,-7.3,26.1,17.73,0.79,-6.41
04127918,11,7.538863636,19.73,9.14,-7.11,-16.02,22.35,9.71,-7.2,-21.78
04127918,12,7.517562317,14.58,5.52,-18.65,-29.47,13.88,4.45,-18.65,-29.47
04127997,1,8.332895894,11.77,3.05,-18.2,-34.23,11.77,3.05,-18.2,-31.85
04127997,2,10.22157683,15.15,3.27,-17.37,-34.33,15.15,3.27,-19,-34.33
04127997,3,11.49489736,24.35,8.96,-12.04,-28.78,29.28,12.41,-14.27,-29.62
04127997,4,12.32109091,30.23,16.08,-5.71,-18.86,30.23,15.24,-5.71,-18.86
04127997,5,13.94851173,32.46,17.65,3.38,-5.14,32.46,17.65,2.09,-6.57
04127997,6,13.52444697,34.54,22.6,10.55,-2.59,35.19,22.6,10.55,-0.24
04127997,7,13.09508065,35.51,21.53,15.57,1.66,35.47,21.59,15.57,2.59
04127997,8,12.53363636,34.52,23.08,13.99,-1.62,34.52,21.62,13.99,2.09
04127997,9,12.12379545,32.55,19.56,7.65,-4.95,32.55,20.12,7.65,-3.8
04127997,10,10.24674487,29.7,19.6,0.31,-6.77,29.7,19.6,0.31,-6.9
04127997,11,7.939848485,22.75,10.65,-6.19,-16.8,23.45,12.39,-6.35,-19.63
04127997,12,6.911620235,17.09,10.15,-14.95,-28.55,17.09,7.7,-14.95,-26.38
04161580,1,7.985109971,14.72,7.78,-17.75,-29.63,14.72,7.78,-18.45,-29.63
04161580,2,9.224078842,18.47,5.59,-15.54,-25.29,18.47,5.89,-16.72,-30.33
04161580,3,10.44664956,25.51,14.95,-10.24,-22.99,28.9,14.95,-10.24,-22.99
04161580,4,11.79057576,29.95,16.57,-3.62,-13.13,28.87,16.57,-2.07,-9.73
04161580,5,12.57213343,33.09,20.3,5.52,-2.8,33.47,20.3,4.57,-3.32
04161580,6,12.34384091,38.05,23.12,10.59,2.8,36.46,23.16,10.59,2.8
04161580,7,12.06625367,37.5,23.82,17.87,6.01,37.24,23.82,17.87,6.01
04161580,8,11.58529326,36.2,24.47,15.47,3.36,36,24.47,15.47,5.86
04161580,9,11.68905303,33.27,22.02,8.47,-2.15,35.06,21.67,8.47,-2.15
04161580,10,10.56039589,31.77,18.27,1.15,-5.95,31.77,18.27,1.15,-4.68
04161580,11,8.62644697,23.74,13.35,-3.57,-11.72,24.97,12,-5.83,-15.5
04161580,12,7.1221261,18.62,13.55,-15.28,-22.46,18.62,9.11,-12.83,-23.64
04164000,1,7.875153959,16.07,8.89,-18.5,-29.17,16.07,8.89,-18.5,-29.17
04164000,2,9.03084473,19.15,5.8,-14.57,-23.97,19.15,5.8,-15.31,-28.32
04164000,3,10.37772727,26.22,14.58,-9.7,-22.11,28.32,14.58,-9.7,-22.11
04164000,4,11.72471212,30.62,17.31,-2.74,-12.55,29.37,17.31,-1.39,-9.5
04164000,5,12.41096041,33.39,20.34,6.7,-2.12,33.39,20.82,5.91,-2.53
04164000,6,12.13559848,38.65,22.98,11.22,3.54,36.42,23.42,11.22,3.54
04164000,7,11.8451173,37.61,23.93,17.86,6.36,37.34,23.93,17.86,6.36
04164000,8,11.36466276,36.66,24.74,16.28,3.99,36.66,24.74,16.28,6.9
04164000,9,11.51330303,33.61,22.14,8.62,-1.41,35.35,21.93,8.62,-1.41
04164000,10,10.48611437,31.6,18.48,2.5,-5.55,31.6,18.48,2.5,-4.42
04164000,11,8.640030303,23.7,13.38,-3.69,-11.24,24.55,12.88,-5.45,-14.79
04164000,12,7.093097507,19.24,13.49,-15.21,-22.26,19.24,9.65,-12.58,-22.69
04165500,1,7.858262463,15.81,8.79,-18.31,-29.11,15.81,8.79,-18.31,-29.11
04165500,2,9.008938053,18.87,5.77,-14.55,-24.15,18.87,5.77,-15.29,-28.36
04165500,3,10.31465543,26.11,14.31,-9.58,-22.23,28.3,14.31,-9.84,-22.23
04165500,4,11.67578788,30.61,17.08,-2.84,-12.32,29.32,17.08,-1.4,-9.5
04165500,5,12.3976173,33.34,20.23,6.75,-1.98,33.37,20.84,5.82,-2.45
04165500,6,12.13089394,38.58,23.05,11.26,3.53,36.32,23.24,11.26,3.53
04165500,7,11.82541056,37.54,23.91,18.12,6.59,37.34,23.91,18.12,6.59
04165500,8,11.35288856,36.63,24.68,16.29,3.9,36.63,24.68,16.29,6.81
04165500,9,11.50581061,33.63,22.01,8.74,-1.38,35.33,22,8.74,-1.38
04165500,10,10.44784457,31.65,18.48,2.53,-5.38,31.65,18.48,2.53,-4.33
04165500,11,8.592772727,23.57,13.15,-3.58,-11.09,24.51,12.68,-5.2,-14.7
04165500,12,7.068104839,19,13.47,-15.07,-21.98,19,9.69,-12.34,-22.52
04176500,1,8.33101173,17.42,9.69,-19.38,-29.49,17.42,9.69,-19.38,-29.49
04176500,2,9.419654063,20.61,7,-14.04,-24.05,20.61,7,-14.6,-27.49
04176500,3,10.90117302,26.37,14.1,-8.22,-20.94,28.92,13.79,-9.31,-20.94
04176500,4,12.38302273,30.7,17.61,-2.17,-13.76,29.25,17.61,-0.73,-10.28
04176500,5,12.8896261,33.4,21.14,8.97,-3.14,34.72,21.14,8.25,-3.14
04176500,6,12.60926515,39.14,22.77,12.95,3.38,38.08,22.77,12.95,3.38
04176500,7,12.47516129,37.91,23.82,19.8,6.09,38.19,23.82,19.53,6.31
04176500,8,12.20497067,36.47,24.02,16.33,3.22,35.33,24.02,17.83,6.71
04176500,9,12.61083333,33.8,21.84,8.78,-1.64,35.02,21.78,8.78,-1.64
04176500,10,11.6175,31.5,17.49,2.14,-7.39,31.5,17.49,2.14,-4.6
04176500,11,9.466098485,23.93,13.14,-4.75,-11.64,25.49,13.05,-6.08,-15.31
04176500,12,7.652177419,19.91,13.52,-18.46,-25.73,19.91,11.69,-14.92,-23.2
04178000,1,8.466092375,17.53,9.3,-22.12,-29.67,17.53,9.3,-22.12,-29.61
04178000,2,9.636202735,21.21,7.69,-14.93,-23.83,21.21,8.02,-14.93,-26.22
04178000,3,11.10708211,25.88,15.07,-7.82,-19.95,29.66,15.07,-9.1,-21.01
04178000,4,12.58987121,30.02,17.32,-1.91,-14.65,29.36,17.32,-1,-10.57
04178000,5,12.90327713,33.02,21.16,8.17,-3.6,34.55,21.16,7.68,-3.6
04178000,6,12.55668939,39.59,21.95,13.4,2.98,39.12,22.01,12.92,2.98
04178000,7,12.40874633,37.9,24,19.09,5.81,39.18,24,19.48,5.93
04178000,8,12.27681085,36.82,24.11,15.95,3.42,34.24,24.11,17.69,6.62
04178000,9,12.79411364,33.74,21.53,8.23,-1.62,35.17,21.9,8.23,-1.62
04178000,10,11.78110704,31.7,18.18,1.96,-7.59,31.7,18.18,2.06,-4.38
04178000,11,9.587674242,23.99,13.41,-5.02,-12.48,25.46,13.09,-7.84,-15.43
04178000,12,7.799703079,20.34,12.83,-20.8,-27.22,20.05,11.95,-15.53,-22.87
04183500,1,8.381524927,17.85,10.47,-21.11,-29.91,17.85,10.47,-21.11,-29.91
04183500,2,9.460176991,21.5,9.47,-14.2,-24.52,21.5,9.47,-14.2,-25.8
04183500,3,10.9426173,26.4,14.77,-8.01,-20.38,29.51,14.77,-9.7,-19.05
04183500,4,12.43875,30,18.12,-1.26,-13.47,29.39,18.12,-0.48,-9.86
04183500,5,12.55946481,33.53,20.78,8.71,-2.64,34.53,20.97,8.71,-3.03
04183500,6,12.16626515,39.01,22.93,14.46,3.77,39,22.93,14.47,3.77
04183500,7,11.99156891,37.69,23.87,19.14,6.84,38.64,23.87,20.55,7.28
04183500,8,11.98313783,36.27,23.96,17.56,3.96,34.32,23.96,18.62,7.2
04183500,9,12.64493182,34.14,21.96,9.81,-1.21,35.38,21.91,9.81,-1.21
04183500,10,11.7319868,31.82,18.49,2.71,-7.25,31.82,18.49,2.99,-4.09
04183500,11,9.5865,24.05,14.11,-4.03,-12.33,25.74,13.18,-7.3,-15.25
04183500,12,7.847093109,20.66,13.95,-20.83,-27.83,19.77,12.53,-13.99,-23.28
04185000,1,8.506077713,17.53,9.72,-21.15,-29.54,17.53,9.72,-21.15,-29.54
04185000,2,9.636355591,20.98,7.33,-14.39,-24.22,20.98,7.33,-14.48,-26.92
04185000,3,11.10204545,26.19,14.27,-7.88,-20.57,29.5,13.69,-9.57,-20.57
04185000,4,12.66745455,30.37,17.33,-2.03,-14.59,29.35,17.33,-0.75,-10.66
04185000,5,13.0856305,33.33,21.12,8.54,-3.39,34.99,21.12,8.08,-3.39
04185000,6,12.77462121,39.62,22.44,13.25,2.92,39.17,22.44,13.25,2.92
04185000,7,12.66266129,38.04,23.94,19.8,5.47,38.99,23.94,19.84,6.14
04185000,8,12.46616569,36.7,23.88,16.14,3.35,34.86,23.88,17.58,6.44
04185000,9,12.95834091,33.95,21.47,8.68,-1.84,35.21,21.77,8.68,-1.84
04185000,10,11.91835044,31.41,17.88,2.06,-7.64,31.41,17.88,2.06,-4.52
04185000,11,9.697939394,23.98,13.14,-4.95,-12.42,25.61,12.98,-7.18,-15.64
04185000,12,7.84125,20.06,13.12,-20.03,-26.86,20.05,11.86,-15.79,-23.11
04191500,1,8.341737537,18.21,11.45,-21.56,-30.15,18.21,11.45,-21.56,-30.15
04191500,2,9.343588093,22.31,10.9,-14.28,-24.96,22.31,10.9,-14.28,-25.92
04191500,3,10.83709677,27.03,14.96,-8.01,-21.53,29.49,14.8,-9.81,-17.99
04191500,4,12.39255303,30.15,18.38,-1,-12.9,29.4,18.38,-0.26,-9.64
04191500,5,12.35262463,33.94,20.8,9.29,-2.17,34.5,21.61,9.12,-2.83
04191500,6,11.91411364,39.4,23.29,14.18,4.17,38.89,23.29,14.41,4.17
04191500,7,11.75467009,37.86,23.82,18.78,7.13,38.31,24.01,20.4,8.46
04191500,8,11.84956745,36.7,24.06,18,4.39,34.57,24.06,19.38,7.62
04191500,9,12.55280303,34.36,21.88,9.87,-0.99,35.52,22.11,9.87,-0.99
04191500,10,11.70491202,31.95,18.75,2.48,-6.81,31.95,18.85,2.48,-4.09
04191500,11,9.602651515,24.49,14.14,-3.52,-12.34,25.89,13.62,-6.86,-15.27
04191500,12,7.866308651,20.9,14.16,-20.62,-28.36,20.15,13.13,-13.66,-24.6
04196800,1,8.328760997,18.79,10.84,-22.27,-30.57,18.79,10.84,-22.27,-30.57
04196800,2,9.241898632,22.34,11.8,-15.39,-25.09,22.76,12.21,-15.39,-25.02
04196800,3,10.77472141,27.4,15.12,-8.51,-22.36,28.84,15.12,-8.9,-17.44
04196800,4,12.37734091,30.34,18.29,-0.36,-12.69,29.67,18.29,-0.26,-9.7
04196800,5,12.31628299,33.89,21.52,7.94,-1.97,34.04,21.93,7.94,-2.11
04196800,6,11.85566667,39.46,22.52,12.46,3.59,37.54,22.94,13.87,4.58
04196800,7,11.68730205,38.13,23.82,19.34,6.75,37.25,23.89,19.64,9.36
04196800,8,11.81788123,37.1,23.98,18.08,4.19,35.05,23.98,18.58,7.68
04196800,9,12.41928788,34.56,21.58,9.28,-0.73,34.93,22.06,9.28,-0.73
04196800,10,11.64270528,31.8,18.57,2.52,-6.96,32.21,19.45,2.52,-4.59
04196800,11,9.587416667,25.42,13.84,-4.13,-11.72,25.99,13.56,-5.47,-14.89
04196800,12,7.832580645,21.81,14.48,-19.33,-28.25,20.72,13.56,-13.8,-24.84
04197100,1,8.266217009,18.17,11.22,-21.98,-30.2,18.17,11.22,-21.98,-30.2
04197100,2,9.157803701,22.33,11.28,-15.38,-24.81,22.33,11.49,-15.77,-24.2
04197100,3,10.51800587,27.22,15.57,-9.36,-21.26,28.11,15.57,-9.36,-17.95
04197100,4,12.08910606,30.23,18.24,-1.28,-13.16,29.67,18.24,-0.96,-9.81
04197100,5,12.1013783,32.97,21.51,8.29,-2.19,33.48,21.51,8.29,-2.19
04197100,6,11.69678788,38.92,23.2,12,3.55,37.2,23.23,13.28,4.45
04197100,7,11.56271994,37.33,23.4,18.84,6.85,36.45,23.96,18.84,9.05
04197100,8,11.5573827,36.51,24.26,17.18,4.62,34.52,24.26,17.85,7.31
04197100,9,11.97786364,33.97,21.62,9.37,-0.18,35.29,22.33,9.37,-0.18
04197100,10,11.24870235,31.54,18.14,2.62,-6.8,31.58,19.13,2.8,-4.67
04197100,11,9.279477273,24.61,13.98,-5.06,-11.52,26.25,13.86,-6.37,-14.45
04197100,12,7.704791056,22.17,13.97,-19.03,-27.69,20.13,13.46,-13.91,-24.88
04197170,1,8.175329912,18.22,11.25,-21.92,-29.79,18.22,11.25,-21.92,-29.79
04197170,2,9.04304103,22.5,10.95,-15.01,-24.31,22.5,11.25,-15.36,-24.02
04197170,3,10.4035044,27.11,15.9,-9.12,-20.62,28.09,15.9,-9.29,-17.9
04197170,4,11.96303788,30.2,18.43,-1.42,-12.94,29.72,18.43,-0.63,-9.5
04197170,5,11.98715543,33.11,21.81,8.68,-2.21,33.53,21.81,8.81,-2.21
04197170,6,11.59771212,38.9,23.31,12.37,4.2,37.24,23.5,13.8,4.71
04197170,7,11.47891496,37.44,23.53,18.74,7.47,36.74,24.15,19.03,9.13
04197170,8,11.46041789,36.48,24.39,17.42,4.91,34.74,24.39,18.01,7.93
04197170,9,11.92100758,33.98,21.83,9.55,0.13,35.45,22.58,9.55,0.13
04197170,10,11.18478006,31.74,18.34,2.76,-6.67,31.74,19.36,2.89,-4.43
04197170,11,9.215469697,24.53,13.73,-4.79,-11.46,26.33,13.75,-6.01,-14.47
04197170,12,7.62505132,21.8,13.88,-19.52,-27.55,20.3,13.59,-13.53,-24.87
04198000,1,8.29276393,18.21,11.02,-21.72,-30.36,18.21,11.02,-21.72,-30.36
04198000,2,9.201021722,22.01,10.98,-15.15,-24.59,22.26,11.63,-15.15,-23.87
04198000,3,10.6070088,27.22,15.12,-8.88,-21.36,28.28,15.12,-8.97,-17.71
04198000,4,12.16165909,30.11,17.97,-0.88,-12.56,29.6,17.97,-0.63,-9.61
04198000,5,12.13912757,33.14,21.4,8.97,-2.03,33.36,21.4,8.94,-2.08
04198000,6,11.71750758,38.76,22.82,12.71,3.76,37.05,23.06,13.88,4.61
04198000,7,11.56104106,37.49,23.45,19.14,6.93,36.66,23.85,19.55,9.3
04198000,8,11.60283724,36.59,24.03,17.49,4.64,34.42,24.03,18.31,7.54
04198000,9,12.09035606,33.99,21.56,9.51,-0.05,35.04,22.24,9.51,-0.05
04198000,10,11.37502199,31.61,18.23,2.96,-6.8,31.73,19.31,3.03,-4.49
04198000,11,9.403992424,24.6,13.92,-4.17,-11.4,26.07,13.45,-5.93,-14.45
04198000,12,7.755208944,21.88,13.97,-19.02,-27.89,20.07,13.38,-13.72,-24.43
04201500,1,8.005366569,18.25,11.32,-18.57,-30.45,19.69,11.32,-18.37,-30.45
04201500,2,9.076677393,22.26,10.61,-14.22,-23.03,23.18,12.35,-14.44,-25.9
04201500,3,10.25263196,27.24,15.39,-9.25,-21.48,27.69,15.39,-10.18,-18.96
04201500,4,11.66078788,30.34,16.89,-1.39,-11.71,29.65,16.89,-1.39,-7.73
04201500,5,11.87481672,32.16,21.76,8.6,-2.54,32.7,21.92,6.86,-1.19
04201500,6,11.41374242,37.92,22.75,12.88,2.92,34.87,22.75,12.4,4.04
04201500,7,11.20480938,37.58,23.56,18.67,6.61,35.86,23.58,20.64,9.44
04201500,8,11.08335044,36.09,23.9,16.69,2.7,34.26,23.9,17.72,8.36
04201500,9,11.23862879,33.1,22.01,10.42,0.98,34.14,22.53,10.42,1.46
04201500,10,10.53054985,30.26,18.36,3.07,-7.08,31.49,19.49,3.07,-3.11
04201500,11,8.846106061,24.99,14.04,-2.67,-10.88,24.99,13.52,-6.76,-12.14
04201500,12,7.391220674,23.84,15.12,-17.55,-25.82,19.68,12.84,-11.26,-20.91
04213000,1,8.127258065,20.58,11.26,-20.26,-30.84,20.58,11.26,-20.26,-30.84
04213000,2,9.404263878,22.81,8.01,-13.81,-24.49,23.12,9.05,-15.83,-30.63
04213000,3,10.38700147,26.88,14.36,-10.46,-22.26,26.57,14.36,-12.37,-22.45
04213000,4,11.68112879,29.78,15.65,-4.11,-13.2,29.2,15.65,-2.52,-9.28
04213000,5,12.20991202,31.38,20.93,7.51,-3.18,32.06,20.93,5.97,-1.8
04213000,6,11.60458333,36.33,22.69,10.41,2.16,33.11,22.69,10.41,3.11
04213000,7,11.30676686,36.6,22.54,17.32,6.35,35.43,23.02,17.32,7.37
04213000,8,11.11176686,35.01,23.92,15.84,0.98,33.15,23.92,15.84,5.17
04213000,9,11.13388636,32.69,21.08,10.12,0.1,32.69,21.27,10.12,0.1
04213000,10,10.25129032,29.21,18.38,2.7,-6.99,30.27,19.03,2.7,-2.66
04213000,11,8.401340909,24.18,14.87,-3.54,-11.14,24.85,12.93,-6.84,-12.08
04213000,12,7.18016129,22.36,13.71,-16.79,-24.63,21.5,12.36,-11.33,-21.23
04213075,1,7.732793255,20.69,11.49,-19.64,-30.15,20.69,11.49,-19.64,-30.15
04213075,2,8.87004827,22.49,8.4,-13.73,-23.95,22.49,10.26,-17.84,-29.51
04213075,3,9.827932551,26.42,14.51,-10.32,-21.85,26.33,14.51,-13.08,-21.61
04213075,4,11.02666667,29.69,16.47,-4.05,-12.42,28.8,16.08,-2.49,-8.89
04213075,5,11.56043255,31.22,21.26,7.29,-2.26,31.81,21.26,6.67,-1.9
04213075,6,10.93836364,35.42,22.44,10.48,2.84,32.58,22.44,10.48,3.74
04213075,7,10.55122434,36.14,23.4,17.51,7.1,34.73,23.65,17.51,7.68
04213075,8,10.30961877,34.53,24.16,16.23,1.45,33.08,24.16,16.23,6.11
04213075,9,10.37062121,32.4,21.47,10.18,0.78,32.44,21.98,10.18,0.78
04213075,10,9.555557185,28.62,19.03,2.68,-6.16,29.99,19.46,2.68,-2.63
04213075,11,7.889727273,23.94,14.98,-3.38,-10.12,25.25,13.41,-6.42,-11.42
04213075,12,6.829475806,21.78,14.04,-15.78,-22.59,21.33,12.65,-11.16,-19.77
04216418,1,8.47356305,17.27,10.38,-19.94,-28.56,18.21,10.38,-19.94,-27.82
04216418,2,9.512188254,19.65,5.91,-15.22,-24.78,20.51,9.45,-18.67,-28.1
04216418,3,10.52682551,26.06,13.68,-13.71,-25.14,25.89,13.68,-13.71,-22.07
04216418,4,11.57808333,30.15,15.34,-6.18,-13.21,28.17,14.45,-4.28,-11.88
04216418,5,12.09601173,31.38,19.87,3.96,-2.79,31.38,19.87,3.29,-4.96
04216418,6,11.35193939,32.51,22.39,9.6,-0.53,31.65,22.39,9.6,2.99
04216418,7,11.06285191,35,23.24,16.87,5.83,34.2,23.24,16.87,5.86
04216418,8,10.918761,33.6,23.96,14.99,0,32.72,23.96,14.99,4.99
04216418,9,10.9539697,31.65,20.91,8.56,-3.03,31.65,21.11,8.56,-3.03
04216418,10,10.03293988,28.49,17.37,1.35,-8.37,28.49,17.49,1.35,-6.2
04216418,11,8.464666667,22.09,12.47,-7.87,-14.4,24.44,13.52,-6.56,-15.87
04216418,12,7.472782258,21.21,11.28,-15.18,-27.69,19.16,8.82,-14.1,-25.41
04221000,1,9.609501466,15.97,6.97,-18.59,-32.13,15.97,6.97,-18.44,-32.13
04221000,2,10.91332261,15.69,5.6,-13.77,-26.5,22.41,5.36,-17.93,-29.11
04221000,3,12.02312317,26.78,9.57,-10.35,-25.82,26.45,8.68,-10.35,-25.82
04221000,4,13.31285606,29.6,12.44,-4.91,-14.37,29.22,11.65,-3.24,-13.52
04221000,5,14.1736437,31.71,17.06,4.8,-4.65,31.71,17.06,2.09,-6.2
04221000,6,13.26543182,32.04,19.1,10.9,-1.45,32.04,18.89,11.2,0.36
04221000,7,13.04213343,34.99,20.48,15.68,4.19,36.61,20.54,17.67,4.19
04221000,8,12.80815249,34.45,21.03,14.16,-1.15,34.45,21.03,14.16,2.47
04221000,9,12.59974242,31.86,19.24,8.35,-4.96,31.86,18.67,9.31,-4.96
04221000,10,11.87010997,27.91,14.55,1.09,-9.79,28.29,15.83,0.36,-7.56
04221000,11,9.832371212,23.59,11.33,-7.87,-15.99,23.87,9.79,-8.76,-18.99
04221000,12,8.481682551,18.25,9.07,-17.43,-26.91,18.95,9.07,-13.52,-25.81
04223000,1,9.30005132,16.26,8.07,-18.36,-30.21,16.31,8.07,-18.36,-30.21
04223000,2,10.54511665,16.16,5.04,-13.55,-24.31,21.9,6.33,-17.68,-27.92
04223000,3,11.63369501,26.76,9.98,-11.23,-24.45,26.3,9.98,-11.23,-24.45
04223000,4,12.83112121,29.97,13.15,-4.84,-13.76,28.9,12.31,-3.28,-13.41
04223000,5,13.65596774,31.49,17.82,4.94,-3.39,31.49,17.82,3.08,-5.51
04223000,6,12.80393182,31.76,19.85,11.17,-0.9,31.76,19.65,11.17,1.42
04223000,7,12.55767595,34.31,21.42,16.76,5.04,35.66,21.42,17.86,5.04
04223000,8,12.30742669,34.05,22.16,15.01,-0.73,34.05,22.16,15.31,3.5
04223000,9,12.16278788,31.76,19.72,9.4,-3.78,31.76,19.51,9.53,-3.78
04223000,10,11.3423827,28.19,14.66,1.26,-8.75,28.34,16.22,1.26,-6.77
04223000,11,9.430204545,23.3,11.44,-6.96,-14.23,24.2,10.89,-7.83,-17.65
04223000,12,8.178115836,18.97,10.14,-16.33,-26.91,18.38,8.61,-13.56,-25.17
04224775,1,9.555887097,16.77,8.28,-17.62,-28.97,16.77,8.28,-17.62,-28.97
04224775,2,10.71296862,16.26,5.8,-13.67,-24.19,22.71,6.29,-16.16,-27.18
04224775,3,11.75933284,26.99,10.48,-10.31,-24.76,26.91,10.48,-10.31,-24.76
04224775,4,12.88453788,30.82,13.36,-5.26,-13.84,29.38,13.27,-2.71,-14.24
04224775,5,13.74282258,32.14,18.41,4.43,-3.35,32.14,18.41,3.31,-5.39
04224775,6,12.8565,32.53,20.72,11.48,-0.17,32.53,20.34,11.14,2.07
04224775,7,12.561261,34.56,21.93,16.84,5.33,35.84,21.93,17.28,5.33
04224775,8,12.30340909,34.93,22.94,15.13,-0.07,34.93,22.94,16.28,3.91
04224775,9,12.21413636,32.65,19.94,10.15,-3.47,32.65,19.46,10.15,-3.47
04224775,10,11.35095308,28.81,15.01,1.55,-7.72,29.21,16.21,1.55,-6.42
04224775,11,9.546522727,23.86,11.1,-5.49,-13.9,25.32,11.11,-7.4,-18.3
04224775,12,8.368009531,19.67,10.35,-15.44,-25.64,19.49,8.17,-13.86,-24.49
04233000,1,9.114237537,17.45,7.83,-19.07,-27.64,17.45,7.83,-18.01,-27.64
04233000,2,10.18407884,16.5,7.1,-14.1,-24.59,22.25,5.97,-16.75,-28.03
04233000,3,11.06769062,28.7,12.1,-13.29,-25.23,28.7,10.64,-13.29,-25.23
04233000,4,12.21409091,32.17,13.95,-5.24,-12.7,32.17,13.95,-2.13,-15.99
04233000,5,13.24634897,32.66,18.59,4.98,-3.42,32.66,18.59,3.01,-4.33
04233000,6,12.49743182,33.45,19.88,11.05,0,33.45,19.88,11.05,0.72
04233000,7,12.41595308,35.4,21.72,17.7,6.2,36.53,21.73,17.62,6.2
04233000,8,12.17119501,35.78,22.3,14.75,1.07,35.78,22.3,14.75,4.77
04233000,9,12.02930303,33.23,19.37,7.92,-3.09,33.23,19.58,7.92,-3.09
04233000,10,11.06160557,27.92,14.78,1.56,-7.41,28.6,16.72,1.56,-5.94
04233000,11,9.195840909,24.94,12.59,-5.18,-13.95,23,12.03,-8.26,-20.09
04233000,12,8.012609971,19.7,9.58,-14.83,-25.25,19.7,8.01,-14.32,-24.83
04256000,1,11.20568182,14.99,8.38,-22.51,-38.83,14.99,8.38,-22.51,-38.83
04256000,2,12.19341915,13.8,4.89,-22.87,-34.23,13.9,3.82,-22.87,-34.55
04256000,3,12.18498534,25.08,6.77,-13.4,-30.02,25.08,8.55,-13.4,-28.92
04256000,4,12.11885606,29.08,12.43,-6.53,-17.55,29.08,12.32,-4.17,-16.27
04256000,5,13.15397361,30.83,17.78,2.72,-5.39,30.83,17.65,2.52,-5.5
04256000,6,12.21437879,31.92,19.93,10.38,-2.14,31.92,19.38,11.01,-0.58
04256000,7,11.95359238,32.26,21.14,14.25,3,32.06,21.14,16.16,4.02
04256000,8,11.826261,32.64,21.21,13.86,-0.49,32.64,21.21,15.49,3.18
04256000,9,11.77574242,31.68,18.52,3.96,-4.95,31.68,18.52,3.96,-4.95
04256000,10,10.79005865,26.38,13.68,-1.42,-9.4,26.38,16.23,-1.42,-8.98
04256000,11,9.236295455,20.34,9.66,-7.96,-20.41,21.36,9.66,-8.79,-25.21
04256000,12,9.354897361,15.48,7.34,-18.36,-34.59,16.52,7.34,-18.76,-34.59
04296000,1,10.86390762,15.56,8.35,-24.15,-36.68,15.56,8.35,-24.15,-36.68
04296000,2,11.99551086,13.47,5.58,-23.99,-37.24,18.97,1.25,-23.99,-37.24
04296000,3,11.65444282,24.86,6.68,-18.47,-29.76,25.07,5.49,-18.47,-29.76
04296000,4,11.70256818,28.9,11.55,-8.95,-16.76,28.08,11.55,-7.34,-16.76
04296000,5,12.95678152,30.3,17.28,2.44,-5.44,33.26,18.92,2.6,-4.36
04296000,6,12.11574242,32.96,19.95,10.82,-2.47,32.47,19.95,9.39,0.4
04296000,7,11.87148827,33,21.44,12.07,1.9,32.63,21.44,13.72,1.9
04296000,8,11.81506598,32.89,20.37,12.73,0.83,32.89,20.27,14.22,2.8
04296000,9,11.67884848,32.34,18.62,3.18,-5.18,32.34,18.62,3.18,-5.18
04296000,10,10.35620968,25.4,13.24,-0.93,-8.75,25.4,15.19,-0.93,-9.13
04296000,11,8.725424242,20.32,11.27,-8.01,-21.41,21.61,9.49,-11.88,-21.02
04296000,12,9.177412023,16.66,6.23,-19.56,-31.78,16.66,6.23,-21.82,-29.96
05053000,1,10.86184751,13.85,0.5,-27.06,-36.68,13.11,0.5,-27.06,-37.19
05053000,2,11.23127112,14.45,1.79,-28.46,-39.11,14.45,2.36,-28.46,-39.11
05053000,3,11.15495601,24.45,5.86,-16.36,-29.28,25.95,12.84,-18.96,-29.28
05053000,4,13.20250758,34.49,15.36,-7.88,-15.85,34.49,13.32,-7.88,-15.85
05053000,5,13.73218475,33.57,18.73,4.89,-6.11,34.49,18.73,4.89,-6.11
05053000,6,12.88598485,37.37,24.56,10.31,2.35,35.98,24.56,10.31,2.88
05053000,7,13.10417155,40.35,25.89,15.38,6.76,39.33,23.92,15.38,6.59
05053000,8,13.42889296,38.96,23.53,14.26,2.41,37.4,23.53,14.26,3.77
05053000,9,13.66755303,37.73,21.88,6.28,-4.8,34.73,21.88,7.17,-4.63
05053000,10,12.30006598,32.48,13.47,-5.27,-12.9,32.48,15.07,-5.27,-13.15
05053000,11,10.25513636,22.94,8.9,-18.67,-28.66,23.21,8.9,-16.22,-27.95
05053000,12,9.742437683,12.73,1.39,-27.47,-35.59,12.73,-0.05,-24.65,-34.31
05056000,1,10.61327713,8.71,0.04,-28.24,-37.59,10.96,0.04,-28.24,-37.59
05056000,2,11.03946903,14.05,1.16,-31.24,-39.92,14.05,1.16,-31.24,-39.92
05056000,3,11.07412023,20.85,7.39,-19.13,-32.2,22.96,6.38,-22.34,-32.2
05056000,4,13.40727273,31.55,12.49,-10.22,-19.15,29.39,11.93,-10.22,-19.22
05056000,5,14.07669355,34.24,19.66,2.17,-7.33,33.36,16.48,2.17,-6.74
05056000,6,13.07720455,37.02,21.05,8.73,1.46,36.51,21.05,8.73,1.46
05056000,7,13.53704545,40.1,21.69,15.29,5.6,35.61,21.46,15.29,5.82
05056000,8,14.28240469,39.09,22.31,12.64,-0.38,37.13,21.11,12.64,1.75
05056000,9,13.92228788,36.3,18.56,2.73,-5.06,35.18,19.13,6.35,-5.06
05056000,10,12.29228739,31.8,12.66,-9.62,-19.99,31.8,14.76,-9.62,-19.99
05056000,11,10.13286364,23.6,6.45,-22.14,-32.38,23.6,6.36,-19.15,-27.95
05056000,12,9.720128299,9.31,-0.65,-30.07,-38.83,11.81,-0.65,-25.07,-33.92
05057000,1,10.52368768,8.57,0.07,-28.42,-37.32,10.53,0.07,-28.42,-37.38
05057000,2,10.96604988,13.33,1.34,-31.63,-39.91,13.33,1.34,-31.63,-39.91
05057000,3,10.93106305,20.35,6.68,-19,-32.18,22.98,7.34,-22.86,-32.18
05057000,4,13.22739394,31.49,12.41,-10.44,-18.79,29.63,12.1,-10.44,-18.94
05057000,5,13.98855572,34.2,19.61,2.24,-7.3,33.11,16.69,2.24,-6.67
05057000,6,12.96667424,36.28,21.11,8.85,1.42,36.28,21.11,8.85,1.42
05057000,7,13.36697214,39.56,21.51,14.91,5.49,35.33,21.74,14.91,5.91
05057000,8,14.07774194,39.12,22.16,12.55,-0.66,36.45,21.28,12.55,1.53
05057000,9,13.76961364,36.72,18.32,3.22,-5.22,34.73,19.39,6.71,-5.22
05057000,10,12.12139296,31.82,12.45,-9.29,-19.52,31.82,14.45,-9.29,-19.52
05057000,11,9.974757576,23.48,6.57,-22.15,-32.22,23.48,6.51,-18.98,-28.15
05057000,12,9.579769062,9.28,-1,-29.95,-38.56,11.58,-0.89,-25.18,-33.65
05057200,1,10.43874633,8.54,0.32,-28.53,-37.31,10.65,0.32,-28.53,-37.31
05057200,2,10.82245374,13.44,1.99,-31.41,-38.78,13.44,1.99,-31.41,-38.78
05057200,3,10.74916422,21.84,6.6,-20.15,-31.83,24.1,10,-23.1,-31.83
05057200,4,13.08799242,31.71,12.33,-9.71,-18.18,31.43,12.33,-9.71,-18.18
05057200,5,13.90938416,33.77,19.24,2.54,-7,33.37,17.18,2.54,-7
05057200,6,12.85453788,35.94,22.33,8.8,1,35.94,22.33,8.8,1.41
05057200,7,13.18036657,39.36,22.84,14.72,4.8,36.85,22.7,14.72,5.54
05057200,8,13.75259531,39.66,21.98,12.8,-0.63,36.59,21.98,12.8,1.33
05057200,9,13.64233333,38.37,18.63,4.12,-5.52,34.66,20.4,6.52,-5.52
05057200,10,12.04033724,32.08,12.01,-8.02,-17.97,32.08,14.63,-8.02,-17.97
05057200,11,9.948363636,23.84,7.59,-21.35,-31.31,23.84,6.93,-18.09,-28.37
05057200,12,9.40332478,10.42,-1.24,-29.19,-37.49,11.7,-0.1,-25.67,-33.83
05062500,1,11.33914956,10.52,0.31,-30.83,-40.67,9.79,0.31,-30.83,-40.67
05062500,2,12.20477876,11.05,2.76,-31.65,-44.66,12.36,2.76,-31.65,-44.66
05062500,3,11.81629765,21.23,5.07,-18.14,-32.17,22.75,12.04,-22.02,-32.17
05062500,4,13.01484091,30.4,14.43,-10.76,-17.89,29.76,12.33,-10.76,-17.89
05062500,5,13.82028592,33.22,19.28,2.36,-6.08,33.22,18.6,2.36,-5.61
05062500,6,12.69505303,34.84,22.5,11.15,-0.04,34.84,22.5,11.15,-0.04
05062500,7,12.81941349,37.17,22.85,12.68,3.74,35.65,21.97,12.68,5.1
05062500,8,13.09166422,36.72,23.1,13.28,0.15,35.71,23.1,13.28,1.09
05062500,9,12.62118939,34.77,20.75,5.45,-5.09,32.88,20.75,5.53,-3.56
05062500,10,10.94874633,29.59,15.45,-5.01,-13.36,29.78,15.16,-5.01,-13.36
05062500,11,9.095462121,20.84,9.18,-20.4,-32.82,22.48,9.18,-17.38,-29.63
05062500,12,9.502045455,11.61,0.84,-28.91,-37.42,9.2,1.78,-25.7,-34.88
05087500,1,10.6288783,6.74,0.24,-29.51,-41.34,8.4,0.73,-29.51,-41.34
05087500,2,11.49876911,13.49,2.96,-32.6,-42.95,13.49,2.96,-32.6,-42.95
05087500,3,11.16548387,19.58,5.15,-18.31,-33.18,22.93,11.89,-23.53,-33.18
05087500,4,12.76503788,30.98,14.37,-11.19,-17.95,28.01,12.45,-11.19,-19.27
05087500,5,14.04317449,34.34,19.88,1.62,-5.81,32.91,18.79,1.57,-6.5
05087500,6,12.91850758,36.51,23.58,11.34,-0.8,36.51,23.58,11.34,-0.8
05087500,7,13.22538856,38.78,22.14,13.15,2.75,35.7,22.14,13.15,4.63
05087500,8,13.78254399,37.77,22.97,13.72,-0.94,35.52,22.97,13.72,0.09
05087500,9,13.16696212,36.09,18.78,5.07,-4.7,33.37,19.59,7.11,-5.5
05087500,10,11.17008065,30.65,13.7,-5.11,-15.25,30.65,16.09,-5.11,-14.31
05087500,11,9.022045455,19.75,8.88,-22.13,-34.68,20.95,8.88,-17.72,-29.31
05087500,12,9.228863636,11.03,0.41,-29.81,-36.84,8.7,0.26,-27.2,-35.09
05120500,1,10.86987537,10.81,-0.03,-28.88,-38.91,13.26,-0.03,-28.88,-38.91
05120500,2,11.26718423,16.81,0.98,-30.99,-39.8,16.19,0.98,-30.72,-39.8
05120500,3,11.52521261,23.09,7.72,-19.49,-32.91,24.13,5.31,-22.87,-32.91
05120500,4,13.98670455,31.49,12.8,-9.7,-19.96,31.49,12.47,-9.7,-19.96
05120500,5,14.39633431,35.18,20.11,1.72,-7.13,34.47,16.1,1.72,-7.13
05120500,6,13.50456061,39.26,21.35,8.59,1.14,37.22,21.35,8.59,1.29
05120500,7,14.0996261,40.98,21.94,15.58,5.45,37.64,21.74,15.58,5.45
05120500,8,14.94469941,38.97,23.07,12.51,-0.7,37.92,21.94,12.51,1.56
05120500,9,14.43635606,36.42,19.63,2.6,-5.05,36.32,17.94,4.21,-5.05
05120500,10,12.79090909,32.53,12.36,-10.16,-20.32,32.53,15.15,-10.16,-20.32
05120500,11,10.52981818,23.75,5.83,-21.7,-32.2,23.75,5.83,-19.11,-27.5
05120500,12,10.08514663,11.59,0.52,-29.77,-39.37,12.77,0.52,-26.4,-34.55
05123400,1,11.13233138,8.25,-1.09,-29.75,-40,10.5,-1.09,-29.75,-41.16
05123400,2,11.71860821,15.24,0.07,-33.21,-42.29,11.5,0.07,-33.21,-42.29
05123400,3,11.32940616,21.06,7.26,-20.71,-34.59,21.17,6.27,-24.93,-34.59
05123400,4,13.34961364,30.31,11.62,-12.23,-20.85,27.92,11.62,-12.23,-20.85
05123400,5,14.07508065,34.18,19.19,0.54,-9.72,34.04,15.07,0.54,-9.72
05123400,6,13.06832576,36.6,20.77,9.32,0.07,34.32,20.77,9.32,0.1
05123400,7,13.45697214,37.3,20.3,12.16,3.86,36.21,21.92,12.16,4.37
05123400,8,14.21949413,38.28,21.56,12.59,-2.24,36.75,20.5,12.59,0.45
05123400,9,13.86543182,34.38,17.47,1.16,-5.51,34.32,18.54,3.72,-5.51
05123400,10,12.1893915,31.87,11.03,-9.76,-21.2,31.87,13.23,-9.76,-21.2
05123400,11,10.1214697,20.54,4.63,-23.36,-34.54,20.54,3.84,-18.44,-29.27
05123400,12,10.16501466,9.04,-0.85,-30.54,-40.15,10.11,-0.85,-26.26,-35.62
05129115,1,12.05681818,7.52,-0.87,-29.51,-43.84,7.52,-0.3,-29.51,-43.84
05129115,2,13.54678198,11.49,2,-29.34,-44.68,14.05,2,-29.34,-44.68
05129115,3,13.35717009,19.13,5.4,-16.66,-36.7,24.4,13.18,-21.28,-35.16
05129115,4,13.47194697,28.4,11.74,-8.23,-22.39,26.26,11.74,-8.23,-21.45
05129115,5,14.47147361,33.11,16.27,3.24,-7.63,31.51,16.27,2.05,-7.06
05129115,6,13.70054545,35.5,21.09,9.63,-1.8,35.5,21.09,9.63,-1.38
05129115,7,13.6029912,35.43,21.35,12.37,1.55,34.69,19.87,11.95,1.55
05129115,8,13.30482405,34.89,21.21,11.54,-0.47,33.67,21.21,10.99,0.68
05129115,9,12.37219697,32.99,19.49,4.54,-5.12,32.7,19.49,5.92,-5.12
05129115,10,10.34307185,26.86,13.75,-3.9,-14.83,30.29,13.75,-3.9,-13.57
05129115,11,8.759106061,20.91,8.89,-19.08,-33.06,20.91,8.89,-15.06,-26.91
05129115,12,9.838368768,9.88,1.55,-27.44,-40.43,8.46,1.12,-25.53,-38.24
05131500,1,11.97194282,7.67,-0.73,-29.27,-44.06,7.91,-0.34,-29.27,-44.06
05131500,2,13.45299276,11.78,2.21,-29.73,-44.58,13.75,2.21,-29.73,-44.58
05131500,3,13.21524927,19.16,5.99,-17.01,-35.97,24.45,13.3,-21.68,-35
05131500,4,13.44885606,29.19,12.27,-8.86,-21.83,26.96,11.94,-8.86,-20.7
05131500,5,14.42684751,32.9,16.68,3.53,-7.21,32.09,16.68,2.79,-6.98
05131500,6,13.58959848,35.52,20.98,9.6,-1.54,35.52,20.98,9.6,-1.2
05131500,7,13.50040323,35.76,21.04,12.6,2.39,34.29,20.08,12.6,2.39
05131500,8,13.28030792,34.95,21.84,11.47,-0.17,33.45,21.84,11.47,0.87
05131500,9,12.41340909,33.15,19.9,4.5,-4.85,32.57,19.9,6.12,-4.3
05131500,10,10.41541056,27.29,14.03,-3.94,-14.44,30.27,14.03,-3.94,-13.2
05131500,11,8.761931818,20.72,9.32,-19.29,-33.53,21.3,9.32,-14.84,-27.14
05131500,12,9.800744135,10.1,1.68,-27.66,-40.17,8.49,1.35,-25.75,-37.92
05244000,1,11.65814516,11.4,0.36,-29.55,-39.51,11.22,0.4,-29.55,-40.55
05244000,2,12.66609815,12.54,2.42,-29.14,-44.07,13.78,2.42,-29.14,-44.07
05244000,3,12.12428152,20.54,6.95,-16.84,-31.79,22.96,12.59,-21.34,-31.89
05244000,4,13.03551515,30.28,13.78,-10.06,-18.81,30.28,12.39,-10.06,-18.81
05244000,5,13.61912023,33.51,19.16,2.72,-5.95,33.51,19.16,0.85,-5.53
05244000,6,12.59949242,34.2,22.15,10.37,0.37,34.2,22.15,10.37,0.37
05244000,7,12.55050587,37.18,23.21,12.3,4.82,36.25,22.75,12.3,5.51
05244000,8,12.53671554,35.37,23.04,12.92,1.36,34.79,23.04,12.92,1.36
05244000,9,12.16884091,35.08,20.58,4.87,-4.65,32.35,20.58,5.25,-2.73
05244000,10,10.74880499,28.78,14.86,-4.51,-12.59,30.66,14.86,-4.51,-12.59
05244000,11,9.088113636,20.36,9.98,-18.58,-31.49,22.39,9.98,-13.95,-26.83
05244000,12,9.614303519,12.2,1.2,-27.61,-40.08,9.32,2.81,-23.7,-35.35
05280000,1,10.44828446,14.8,-0.87,-26.22,-35.57,11.13,0.36,-26.22,-35.57
05280000,2,10.90072405,13.95,3.72,-27.48,-38.01,15.55,3.72,-27.48,-38.01
05280000,3,10.71958944,24.57,8.21,-14.76,-26.02,25.41,15.48,-18.79,-28.46
05280000,4,12.48920455,31.83,16.46,-4.48,-15.17,31.83,14.19,-6.34,-16.39
05280000,5,12.92302053,35,20.93,6.95,-3.56,35.79,20.93,5.7,-3.49
05280000,6,12.35075,38.67,23.72,11.2,2.71,36.42,23.72,11.2,2.71
05280000,7,12.14697947,39.91,24.13,17.71,7.9,36.88,24.23,17.71,7.96
05280000,8,11.99934751,38.14,23.9,16.07,3.14,35.58,23.9,16.07,3.14
05280000,9,12.45742424,33.63,20.57,6.09,-3.48,33.98,21.43,8.64,-1.82
05280000,10,11.52571114,30.17,16.31,-1.3,-9.96,30.17,16.44,-2.42,-11.61
05280000,11,9.509325758,24.04,10.84,-15.69,-25.03,24.62,11.72,-11.8,-24.39
05280000,12,9.155982405,15.77,4.65,-26.99,-36.94,15.77,2.41,-22.24,-31.39
05291000,1,10.74798387,18.11,0.46,-26.79,-35.07,13.79,0.46,-26.79,-35.87
05291000,2,10.96065969,15.2,2.72,-27.4,-38.76,15.42,2.72,-27.4,-38.76
05291000,3,10.94668622,24.3,6.97,-16.48,-27.92,26.78,14.54,-18.39,-28.11
05291000,4,12.95378788,33.54,16.21,-6.19,-15.45,33.54,12.66,-6.19,-16.13
05291000,5,13.2529912,34.49,19.22,6.14,-6.49,35.43,19.22,5.88,-6.49
05291000,6,12.57312121,39.21,24.16,9.5,2.21,35.44,24.16,9.5,2.49
05291000,7,12.65203079,39.9,26.22,14.82,7.33,38.7,24.75,14.82,6.98
05291000,8,12.71265396,38.1,23.47,15.35,3.03,36.11,23.16,15.35,3.21
05291000,9,13.28091667,36.36,21.76,6.15,-4.14,34.47,21.76,7.6,-3.41
05291000,10,12.20489736,31.52,16.4,-4.7,-12.27,31.97,14.39,-4.7,-13.03
05291000,11,10.32373485,24.16,9.36,-17.84,-26.99,25.6,8.02,-14.69,-26.99
05291000,12,9.679483138,15.04,2.05,-27.35,-34.34,15.04,1.22,-23.07,-32.52
05320500,1,10.10297654,15.12,-0.31,-23.45,-33.59,12.9,0.83,-26.43,-34.55
05320500,2,10.34271923,17.45,4.14,-26.3,-36.37,16.47,4.14,-26.3,-36.37
05320500,3,10.32785191,27.23,9.11,-13.15,-25.64,26.32,15.49,-17.91,-28.43
05320500,4,12.33010606,32.62,17.09,-2.61,-14.54,31.97,15.6,-5.03,-15.42
05320500,5,12.54381232,34.61,22.65,7.09,-4.28,37.87,22.65,3.4,-4.28
05320500,6,12.08045455,38.48,24.24,12.35,3.53,37.56,24.24,12.74,3.53
05320500,7,11.70467009,39.27,24.29,16.33,7.87,37.77,25.55,16.33,7.87
05320500,8,11.58274194,37.67,24.66,15.59,3.42,35.86,24.61,15.59,3.42
05320500,9,12.62015152,33.95,20.58,6.29,-3.69,34.75,22.03,8.66,-1.72
05320500,10,11.94271261,32.94,20.42,-1.57,-10.04,32.94,20.42,-2.59,-11.21
05320500,11,9.780674242,26.22,12.53,-14.28,-24.95,26.22,11.66,-12.04,-24.95
05320500,12,9.011271994,18.17,6.83,-26.75,-35.01,18.17,5.62,-23.59,-31.42
05362000,1,11.09098974,10.24,-0.22,-28.22,-39.45,8.08,0.02,-28.22,-39.45
05362000,2,12.55501207,13.58,3.58,-26.76,-40.8,13.58,3.58,-26.76,-40.8
05362000,3,12.27681818,23.26,7.5,-14.8,-29.36,24.81,13.14,-16.08,-33.51
05362000,4,12.76932576,28.71,15.35,-5.2,-17.63,28.71,11.12,-5.2,-18.12
05362000,5,13.73146628,32.11,19.38,3.32,-7.19,32.11,19.38,0.05,-6.25
05362000,6,12.99015909,33.42,21.56,11.33,-1.16,33.42,21.56,11.33,-1.16
05362000,7,12.77869501,36.41,22.05,15.37,4.17,36.41,22.05,13.97,4.23
05362000,8,12.4826173,35.46,21.03,11.73,0.47,33.04,20.84,11.73,0.47
05362000,9,12.35991667,31.66,19.08,6.83,-4.44,31.66,19.02,6.29,-4.15
05362000,10,11.16692815,28.2,19.19,-1.06,-12.8,28.2,19.19,-1.78,-11.11
05362000,11,9.027295455,21.52,10.71,-10.45,-26.7,21.9,10.71,-11.45,-24.62
05362000,12,9.279233871,14.95,3.23,-24.63,-38.64,14.95,3.32,-20.85,-33.28
05393500,1,10.7080132,9.88,-0.5,-28.11,-40.41,8.4,-0.34,-28.11,-38.67
05393500,2,12.27188254,14.16,3.24,-26.14,-41.18,14.16,3.24,-26.14,-41.18
05393500,3,12.07152493,23.2,7.24,-15.5,-29.58,24.49,12.75,-15.59,-33.7
05393500,4,12.49263636,28.54,15.69,-6.98,-18.3,28.39,12.24,-6.98,-18.52
05393500,5,13.41978739,31.74,19.8,2.06,-7.8,32.11,19.8,-0.66,-6.59
05393500,6,12.62199242,33.44,21.54,10.15,-1.24,33.44,21.54,10.42,-1.24
05393500,7,12.52425953,36.69,22.48,14.17,3.88,36.69,22.48,13.76,3.88
05393500,8,12.16909824,35.61,22.36,10.51,0.48,32.91,22.36,10.51,0.85
05393500,9,12.01453788,31.76,18.87,6.06,-4.39,31.76,19,6.56,-4.39
05393500,10,10.83547654,28.56,18.71,-1.65,-12.9,28.56,18.71,-2.56,-11.33
05393500,11,8.720416667,20.77,10.99,-11.5,-26.5,21.73,10.99,-11.79,-24.57
05393500,12,8.99391129,15.06,2.59,-25,-37.14,15.06,2.59,-20.84,-33.95
05399500,1,10.12641496,11.14,0.83,-27.32,-37.8,8.84,0.83,-27.32,-37.28
05399500,2,11.32427192,14.86,2.79,-26.7,-38.14,14.86,2.79,-26.7,-38.14
05399500,3,11.26723607,25.14,9.34,-14.23,-26.49,25.52,13.48,-16.32,-31.85
05399500,4,12.29573485,29.65,15.2,-4.07,-16.46,29.65,12.19,-4.07,-16.46
05399500,5,13.10943548,32.22,19.83,2.34,-6.96,33.5,19.83,1.18,-5.32
05399500,6,12.51874242,33.84,22.4,10.33,0,33.84,22.4,10.33,0
05399500,7,12.42483871,37.72,23.17,14.52,4.64,37.72,23.17,13.73,4.64
05399500,8,12.1008651,36.97,22.6,12.37,1.3,33.41,22.28,12.37,1.91
05399500,9,12.19481061,32.21,19.64,7.11,-3.86,32.21,19.49,6.18,-3.75
05399500,10,11.09302786,28.89,18.63,-0.66,-11.87,28.89,18.63,-1.57,-9.6
05399500,11,8.957712121,22.22,10.86,-9.96,-22.96,22.62,10.86,-11.86,-22.12
05399500,12,8.74997434,16.06,4.9,-25.43,-35.72,16.06,4.29,-20.7,-31.74
05408000,1,9.848929619,12.81,1.33,-26,-36.22,11.52,1.33,-26,-37.63
05408000,2,10.79757039,15.32,5.42,-26.35,-38.55,16.66,5.42,-26.35,-38.55
05408000,3,11.03230938,26.66,14.06,-11.78,-26.66,27.19,14.51,-16.21,-28.24
05408000,4,12.50065152,30.94,19.17,-1.66,-16.54,30.94,15.11,-4.39,-13.45
05408000,5,12.82239736,32.14,20.73,3.45,-4.44,33.87,20.73,3.45,-4.11
05408000,6,12.39175,36.2,22.48,12.28,1.29,34.2,22.54,12.28,2.41
05408000,7,12.08234604,38.27,25.21,16.58,6.22,38.27,25.21,15.02,6.65
05408000,8,11.86846041,37.74,24.13,13.99,1.73,35.96,24.13,13.99,3.39
05408000,9,12.17881061,32.68,20.56,8.37,-2.68,32.11,20.48,7.77,-2.35
05408000,10,11.49496334,29.54,20.57,-0.15,-10.02,29.54,20.57,-0.3,-8.38
05408000,11,9.436575758,22.91,11.57,-9.5,-21.52,22.91,12.07,-10.75,-21.52
05408000,12,8.793020528,17.05,7.38,-22.26,-34.04,17.05,7.38,-18.39,-30.59
05410490,1,9.887771261,12.8,1.39,-25.39,-36.08,12.35,1.39,-25.39,-37.31
05410490,2,10.73890587,15.62,4.83,-26.33,-38.52,17.64,4.83,-26.33,-38.52
05410490,3,11.0180132,27.21,14.16,-11.34,-26.23,27.24,14.68,-15.24,-27.69
05410490,4,12.49387121,30.85,19.31,-1.21,-16.15,30.85,15.13,-3.35,-12.56
05410490,5,12.80053519,32.39,20.83,3.73,-4.28,34.12,20.83,3.73,-4.28
05410490,6,12.37494697,36.64,22.54,13.17,1.87,34.33,23.58,13.17,2.44
05410490,7,12.03538123,38.22,25.16,16.83,6.42,38.22,25.16,15.95,7.05
05410490,8,11.83418622,37.82,24.16,14.5,2.48,35.44,24.16,14.5,3.84
05410490,9,12.22711364,32.9,20.88,8.98,-2.75,32.75,21,8.76,-1.85
05410490,10,11.60028592,30.19,20.79,0.46,-9.35,30.19,20.79,0.21,-8.05
05410490,11,9.560356061,22.99,11.94,-8.65,-20.72,22.99,12.83,-9.88,-20.72
05410490,12,8.857602639,17.28,7.97,-22.36,-33.66,17.28,7.97,-17.59,-31.06
05412500,1,9.743115836,14.58,0.57,-25.01,-34.95,14.58,0.58,-25.71,-35.81
05412500,2,10.26770716,17.15,5.1,-26.63,-37.19,18.41,5.1,-26.63,-37.19
05412500,3,10.7695088,28.84,12.37,-11.48,-23.53,27.2,15.06,-18.12,-27.73
05412500,4,12.63904545,31.23,17.67,-1.51,-16.56,30.7,15.33,-2.88,-12.24
05412500,5,12.75485337,33.51,21.31,5.21,-5.13,34.64,21.31,3.54,-5.13
05412500,6,12.28620455,37.63,23.42,12.38,2.31,35.31,23.42,12.38,2.31
05412500,7,11.88192815,38.45,24.65,15.61,6.66,37.59,24.71,15.61,7.38
05412500,8,11.96315982,38.8,23.93,15.96,4.04,34.63,23.93,15.96,4.04
05412500,9,12.84668182,33.91,21.65,7.96,-3.11,34.79,21.18,9.28,-1.76
05412500,10,12.12967009,32.82,20.12,0.34,-10.32,32.82,20.12,0.34,-7.74
05412500,11,9.983189394,24.51,13.07,-10.55,-20.15,24.51,11.79,-10.55,-20.15
05412500,12,8.937958211,17.52,9.27,-25.54,-32.32,17.93,8,-18.92,-32.32
05413500,1,9.557932551,13.59,1.54,-25.28,-34.51,13.59,1.54,-25.28,-35.23
05413500,2,10.23316171,17.31,4.96,-26.19,-37.08,20.82,4.96,-26.19,-37.08
05413500,3,10.70285191,28.62,14.1,-10.78,-24.26,27.26,15.29,-14.68,-26.12
05413500,4,12.20024242,30.18,19.04,-0.85,-14.93,29.74,15.72,-1.62,-11.24
05413500,5,12.41248534,32.83,21.39,4.43,-4.38,34.04,21.39,4.43,-4.38
05413500,6,12.00707576,37.8,22.86,12.54,2.92,34.66,24.44,12.54,2.92
05413500,7,11.58398827,37.8,24.96,16.11,6.98,37.92,24.96,16.11,7.89
05413500,8,11.52370235,38.91,24.2,15.7,4.1,34.56,24.03,15.7,5.58
05413500,9,12.14979545,34.14,22.16,9.1,-2.82,34.76,21.84,9.64,-1.08
05413500,10,11.56421554,31.65,20.52,0.53,-9.54,31.65,20.52,0.28,-7.43
05413500,11,9.581863636,23.87,12.81,-8.14,-18.91,23.87,13.41,-9.22,-18.91
05413500,12,8.682895894,17.42,9.91,-23.94,-31.64,17.78,9.91,-18.23,-31.37
05414000,1,9.519332845,13.35,1.52,-25.93,-34.04,12.95,1.52,-25.93,-35.51
05414000,2,10.23298471,17.34,4.88,-26.46,-36.44,20.8,4.88,-26.46,-36.44
05414000,3,10.74183284,28.18,13.84,-11.21,-24.78,26.96,15.07,-14.2,-25.58
05414000,4,12.21304545,29.82,18.99,-1.37,-15.36,29.64,16.1,-1.93,-11.3
05414000,5,12.43717742,32.68,21.12,4.29,-4.22,34.01,21.12,4.29,-4.22
05414000,6,12.03644697,37.72,22.38,12.16,2.62,34.48,24.23,12.16,2.75
05414000,7,11.61208211,37.49,24.7,16.3,6.56,37.89,24.7,16.3,7.6
05414000,8,11.52084311,38.74,24.08,15.36,3.68,34.58,23.71,15.36,5.4
05414000,9,12.12186364,33.82,21.97,9.11,-3.01,34.47,21.78,9.11,-1.43
05414000,10,11.53460411,31.14,20.35,0.09,-9.99,31.14,20.35,0.03,-7.84
05414000,11,9.56555303,23.32,12.47,-7.76,-19.1,23.32,13.15,-9.2,-19.1
05414000,12,8.674699413,16.89,10.16,-23.95,-32.22,17.34,10.16,-18.74,-30.94
05418500,1,9.576121701,15.26,2.02,-24.74,-35.98,14.95,2.02,-25.3,-35.98
05418500,2,10.15759453,17.97,5.37,-25.42,-35.68,22,5.37,-25.42,-35.68
05418500,3,10.89360704,29.83,13.88,-10.39,-23.19,27.56,14.58,-16.49,-25.88
05418500,4,12.70048485,30.85,17.22,-1.21,-15.58,30.01,16.09,-0.93,-10.73
05418500,5,12.72038856,33.06,21.58,6.03,-5.46,35.12,21.58,6.03,-5.46
05418500,6,12.27834848,37.88,22.67,13.1,2.56,34.66,23.24,13.1,2.56
05418500,7,11.85306452,38.57,24.37,17.28,6.99,38.38,24.81,17.28,7.91
05418500,8,12.0063783,38.62,23.6,16.18,4.05,35.18,23.6,16.18,5.83
05418500,9,12.96339394,35,22.18,9.18,-3.21,35.85,21.68,9.92,-1.47
05418500,10,12.26144428,32.88,19.81,0.66,-9.62,32.88,19.81,0.37,-7.67
05418500,11,10.15271212,24.7,12.79,-8.13,-18.12,24.7,12.64,-10.01,-18.19
05418500,12,8.901330645,18.77,10.6,-23.92,-30.74,18.77,10.6,-18.02,-30.7
05422000,1,9.683387097,14.99,1.38,-24.42,-34.53,14.99,1.38,-24.87,-35.15
05422000,2,10.26454545,17.39,5.43,-25.71,-35.86,20.36,5.43,-25.71,-35.86
05422000,3,10.92116569,29.4,13.05,-10.83,-23.16,27.39,14.94,-16.87,-26.31
05422000,4,12.68058333,30.8,17.51,-1.13,-15.17,30.44,15.8,-1.21,-10.97
05422000,5,12.68029326,33.03,21.48,6.34,-4.79,35.2,21.48,5.68,-4.79
05422000,6,12.22361364,37.8,22.9,13.38,2.97,34.74,22.95,13.38,2.97
05422000,7,11.84004399,38.62,24.75,17.44,7.46,37.64,24.75,17.44,8.33
05422000,8,11.94148827,38.69,23.78,16.27,4.14,34.93,23.78,16.33,5.8
05422000,9,12.87967424,34.45,21.93,9.07,-2.86,35.56,21.15,9.96,-1.18
05422000,10,12.17762463,32.7,20.46,0.87,-9.52,32.7,20.46,0.87,-7.58
05422000,11,10.13681061,24.62,12.92,-8.73,-18.69,24.62,12.02,-9.84,-18.69
05422000,12,8.979868035,17.99,9.54,-23.94,-30.83,18.42,9.02,-18.15,-30.52
05430500,1,9.26021261,10.99,1.97,-25.05,-33.84,12.11,1.97,-25.05,-34.13
05430500,2,10.08045052,15.91,4.83,-24.11,-34.33,19.98,4.83,-24.11,-34.33
05430500,3,10.70807185,26.79,13.43,-10.15,-23.91,27.77,14.25,-13.82,-23.91
05430500,4,11.98451515,30,16.43,-1.93,-13.96,30,16.27,-1.21,-10.66
05430500,5,12.68392229,32.6,19.99,6.89,-2.71,34.58,19.99,6.89,-3
05430500,6,12.47904545,37.15,21.36,12.61,2.63,34.84,23.26,12.61,2.63
05430500,7,12.08465543,38.08,25.28,17.66,7.02,38.89,25.28,16.73,7.36
05430500,8,11.85295455,37.97,24.06,15.96,4.03,34.67,24.06,15.96,4.98
05430500,9,12.30439394,33.49,21.22,9.16,-2.11,33.79,20.77,8.93,-2.11
05430500,10,11.43271261,30.15,19.49,2.18,-9.25,30.15,19.49,-0.01,-7.8
05430500,11,9.455030303,22.6,11.6,-6.64,-18.03,23.34,12.03,-8.91,-18.03
05430500,12,8.494296188,17.51,9.1,-21.95,-31.47,17.51,9.1,-16.87,-28.24
05435500,1,9.589340176,14.2,1.55,-24.82,-33.3,12.93,1.55,-24.82,-35.31
05435500,2,10.36897023,17.92,4.9,-25.06,-35.16,21.15,4.9,-25.06,-35.16
05435500,3,10.98747801,28.04,13.94,-10.07,-24.73,27.51,14.68,-13.87,-24.82
05435500,4,12.49453788,30,17.23,-1.08,-15.12,30.04,16.83,-1.12,-10.52
05435500,5,12.81286657,33.3,21.01,6.51,-3.98,34.89,21.01,6.51,-3.98
05435500,6,12.45075,37.54,21.85,12.79,2.55,35,23.47,12.79,2.55
05435500,7,12.02354106,36.65,24.55,16.95,7.08,38.54,24.55,16.95,7.61
05435500,8,11.99907625,38,23.92,15.6,3.66,34.58,23.92,16.03,5.83
05435500,9,12.75274242,33.8,21.69,8.73,-2.98,34.59,21.19,8.73,-2.12
05435500,10,12.01442082,30.75,20.01,1.23,-10.1,30.75,20.01,0.12,-7.91
05435500,11,9.892106061,23.07,11.69,-6.61,-18.31,23.17,12.35,-9.34,-18.31
05435500,12,8.810230938,16.77,10.28,-23.03,-31.68,18.02,10.28,-17.58,-30.43
05440000,1,8.986253666,15.72,4.97,-24.63,-32.32,15.72,4.97,-24.63,-33.48
05440000,2,9.722888174,20.15,6.12,-22.31,-31.32,20.15,6.14,-22.31,-31.32
05440000,3,10.71734604,27.64,13.66,-10.24,-23.87,28.26,15.68,-12.3,-23.87
05440000,4,12.26174242,31.18,17.63,-1.47,-13.76,30.71,17.63,-0.46,-9.2
05440000,5,12.73821114,33.21,20.84,6.41,-2.74,34.99,20.84,7.03,-2.61
05440000,6,12.48299242,37.87,22.48,13.04,2.6,36.06,22.87,13.04,2.6
05440000,7,11.90329912,38.59,25.66,17.5,7.71,38.59,25.66,17.5,7.71
05440000,8,11.82596774,37.81,24.25,15.92,4.29,35.97,24.25,15.92,5.63
05440000,9,12.58538636,34.2,21.37,8.54,-1.95,34.06,22.05,8.54,-1.95
05440000,10,11.90115836,30.87,19.77,3.46,-8.57,30.87,19.77,0.13,-6.79
05440000,11,9.665810606,23.66,12.16,-5.62,-16.16,23.66,13.26,-8.22,-15.75
05440000,12,8.445311584,18.24,11.27,-23.02,-30,19.68,11.27,-17.16,-26.19
05444000,1,9.52228739,15.22,3.55,-23.16,-34.13,15.34,3.17,-23.41,-35.11
05444000,2,10.26449718,19.76,6.61,-23.23,-32.55,21.01,6.61,-23.23,-32.55
05444000,3,11.00707478,28.68,14.15,-9.67,-24.19,28.37,15.09,-13.18,-24.66
05444000,4,12.72149242,32.62,17.73,-1.66,-13.94,30.99,17.73,-0.44,-9.89
05444000,5,12.87422287,33.66,20.91,7.07,-4.61,35.45,20.43,8.36,-4.61
05444000,6,12.48359091,36.95,23.13,13.97,2.88,35.36,23.21,13.97,2.88
05444000,7,12.02951613,37.38,24.89,17.75,7.9,37.87,24.89,17.75,7.9
05444000,8,12.16847507,38.22,23.48,15.63,3.78,35.23,23.48,16.79,5.44
05444000,9,13.23893182,34.63,21.09,9.15,-2.37,35.1,22.25,9.15,-2.34
05444000,10,12.52370235,31.76,19.85,2.86,-9.52,31.76,19.85,0.72,-7.07
05444000,11,10.19522727,24.18,11.55,-5.54,-17.19,24.31,13.4,-8.67,-17.72
05444000,12,8.880879765,19.16,11.95,-22.89,-30.13,19.6,11.95,-15.26,-29.21
05447500,1,9.253870968,17.41,5.09,-22.58,-31.62,16.47,5.09,-22.58,-33.22
05447500,2,9.962944489,20.24,6.63,-22.35,-31.06,20.6,7.39,-22.35,-31.06
05447500,3,11.02924487,29.16,14.49,-9.6,-22.45,28.3,15.43,-13.17,-23.35
05447500,4,12.70666667,32.63,18.59,-0.91,-12.85,30.9,18.59,0.45,-9.13
05447500,5,12.70419355,33.89,21.26,7.15,-3.58,35.33,21.26,7.9,-3.58
05447500,6,12.27771212,37.27,24.01,14.72,3.68,35.61,24.01,14.72,3.68
05447500,7,11.75033724,37.79,25.22,18.93,8.79,37.93,25.4,18.49,8.98
05447500,8,11.86227273,38.54,24.06,16.07,4.18,35.59,24.06,16.92,6.47
05447500,9,12.95945455,34.66,22.34,9.6,-1.27,35.08,22.68,9.6,-1.21
05447500,10,12.27251466,31.33,19.58,4.11,-8.44,31.33,19.58,0.69,-6.31
05447500,11,10.12025758,24.74,12.03,-5.27,-15.92,24.74,13.5,-7.99,-16.63
05447500,12,8.786228006,19.51,12.7,-23.02,-29.49,20.42,12.7,-15.34,-27.18
05451500,1,9.921019062,17.89,0.41,-23.16,-33.71,17.89,0.41,-24.56,-33.71
05451500,2,10.2770716,18.72,5.84,-24.61,-34.73,18.58,5.84,-24.61,-34.73
05451500,3,10.88250733,29.95,11.98,-12.71,-22.33,27.14,14.89,-18.88,-26.28
05451500,4,12.89814394,32.18,17.48,-2.18,-14.65,31.81,16.13,-2.04,-12.79
05451500,5,12.74321114,32.98,21.06,7.97,-3.86,36.63,21.06,1.89,-3.86
05451500,6,12.27806818,38.79,23.35,12.73,3.77,36.26,23.35,12.73,3.77
05451500,7,11.87357038,38.48,24.54,17.31,7.95,37.5,24.54,17.31,8.8
05451500,8,11.99284457,39.4,24.5,15.31,4.51,35.4,24.5,17.28,5.56
05451500,9,13.29366667,34.45,21.34,6.87,-3.18,36.47,21.18,9.14,-1.32
05451500,10,12.5717522,33.73,20.99,-0.2,-9.3,33.73,20.99,-0.43,-8.87
05451500,11,10.51082576,25.89,13.04,-11.34,-20.22,25.89,11.44,-10.89,-19.73
05451500,12,9.234725073,17.67,8.2,-25.28,-30.78,18.71,7.79,-21.78,-29.66
05452000,1,9.798782991,17.3,2.53,-23.06,-34.6,17.3,2.53,-24.66,-34.6
05452000,2,10.36491553,18.66,6.68,-25.18,-35.22,22.19,6.68,-25.18,-35.22
05452000,3,11.26461877,30.91,14.77,-12.2,-22.12,28.07,15.47,-18.6,-25.96
05452000,4,13.07830303,31.36,17.6,-2,-15.45,31.36,16.43,-1.3,-11.02
05452000,5,12.75239736,33.38,21.41,7.5,-5.11,36.25,21.41,3.91,-5.11
05452000,6,12.20329545,38.32,23.25,13.58,3.24,36.57,23.04,13.58,3.24
05452000,7,11.89383431,39.49,24.95,18.13,8.44,39.08,24.95,18.13,8.44
05452000,8,12.16540323,39.49,24.35,15.07,4.23,36.46,24.35,17.15,5.71
05452000,9,13.36052273,35.63,22.22,8.7,-3.29,37.09,21.7,10.7,-1.73
05452000,10,12.61936217,33.52,20.5,0.52,-10.22,33.52,20.5,0.52,-10.22
05452000,11,10.68246212,26.09,13.93,-9.53,-18.4,26.09,11.96,-10.26,-19.32
05452000,12,9.314508798,19.69,10,-23.35,-31.73,19.71,9.36,-20.13,-30.12
05454000,1,9.517426686,19.03,5.67,-23.65,-33.8,17.2,2.75,-23.74,-34.22
05454000,2,10.07265487,19.51,6.97,-24.43,-33.93,23.52,6.97,-24.43,-33.93
05454000,3,11.16134164,30.89,14.14,-10.18,-22,28.01,15.5,-15.26,-24.23
05454000,4,12.95286364,31.63,17.53,-1.47,-13.52,31.24,17.53,0.32,-9.85
05454000,5,12.62204545,34.08,22.42,7.25,-4.34,35.84,22.42,7.25,-4.34
05454000,6,12.13596212,37.89,24.42,14.01,3.58,36.02,24.07,14.01,3.58
05454000,7,11.76958944,39.77,25.01,18.9,9.03,38.98,25.03,19.39,8.89
05454000,8,12.00395161,39.1,24.57,17.46,4.75,37.04,24.57,17.5,6.7
05454000,9,13.16084091,35.94,22.72,10.3,-2.18,37.03,23.25,10.89,-1.32
05454000,10,12.45975073,33.56,20.9,1.8,-8.06,33.56,20.9,1.12,-7.62
05454000,11,10.52437879,25.62,14.41,-7.17,-17.07,25.62,13.6,-8.51,-17.8
05454000,12,9.076572581,21.16,12.52,-23.07,-30.04,21.16,11.93,-17.53,-27.56
05454500,1,9.839970674,16.79,1.4,-23.45,-34.16,16.79,1.39,-24.6,-34.16
05454500,2,10.30840708,18.34,5.9,-25.09,-35.02,20.2,5.9,-25.09,-35.02
05454500,3,11.02096041,30.11,12.73,-11.42,-21.96,27.36,15.11,-18.14,-26.08
05454500,4,12.88661364,31.53,17.11,-1.55,-15.2,31.15,16.05,-1.34,-11.49
05454500,5,12.71207478,32.96,21.37,7.88,-4.4,35.89,21.37,3.83,-4.4
05454500,6,12.24004545,38.04,22.9,13.22,3.45,35.85,22.9,13.22,3.45
05454500,7,11.86252199,38.87,24.69,17.62,7.9,38.11,24.69,17.62,8.8
05454500,8,12.02747067,39.26,24.33,15.92,4.38,35.22,24.33,16.99,5.85
05454500,9,13.18038636,34.59,21.84,8.46,-3.09,36.36,21.2,9.9,-1.25
05454500,10,12.46483871,33.33,20.63,0.4,-9.28,33.33,20.63,0.35,-8.69
05454500,11,10.45195455,25.33,13.28,-10.15,-19.31,25.33,11.68,-10.19,-19.31
05454500,12,9.195769795,18.11,9.45,-24.35,-30.5,18.57,7.96,-19.99,-29.91
05455500,1,9.865417889,19.47,5.77,-22.33,-32.7,18.32,3.46,-23.38,-33.63
05455500,2,10.51403057,19.53,7.66,-24.6,-34.14,23.87,7.66,-24.6,-34.14
05455500,3,11.53132698,31,14.76,-10.46,-21.35,28.52,15.46,-17.08,-24.22
05455500,4,13.07696212,31.54,17.87,-1.63,-13.55,30.93,16.45,-0.33,-10.32
05455500,5,12.54074047,33.26,21.93,8.38,-4.25,36.15,21.93,5.71,-4.25
05455500,6,12.05791667,38.22,24.07,14.4,4.26,35.98,23.45,14.4,4.26
05455500,7,11.81447947,40,25.3,19.03,9.14,39.77,25.3,18.95,8.71
05455500,8,12.11693548,39.81,25.13,16.16,4.84,37.92,24.41,17.85,6.51
05455500,9,13.23888636,36.29,23.06,9.49,-2.53,37.58,22.08,11.01,-1.12
05455500,10,12.51631232,32.93,21.07,2.09,-9.01,32.93,21.07,0.4,-9.01
05455500,11,10.79537879,26.03,14.23,-7.83,-18.95,26.03,12.65,-8.44,-18.95
05455500,12,9.416994135,21.03,11.13,-23.21,-30.51,21.03,10.77,-18.52,-27.84
05457700,1,9.689824047,13.95,-0.26,-24.91,-34,13.95,0.31,-27.05,-35.32
05457700,2,9.975172969,17.64,4.81,-26.72,-36.7,15.45,4.81,-26.72,-36.7
05457700,3,10.14029326,27.66,9.32,-13.38,-24.79,26.43,15.52,-19.19,-27.12
05457700,4,12.20307576,32.07,17.7,-2.54,-15.12,31.62,15.39,-4.02,-14.35
05457700,5,12.42969941,33.58,21.64,6.59,-4.66,36.69,21.64,1.22,-4.66
05457700,6,12.03378788,38.11,23.29,12.97,3.18,36.64,23.29,13.26,3.18
05457700,7,11.64716276,38.5,24.35,15.56,7.23,37.41,24.71,15.56,7.3
05457700,8,11.6818695,37.72,24.11,15.77,3.31,35.45,24.11,15.77,3.31
05457700,9,12.67856818,33.53,20.81,6.62,-3.06,34.74,21.44,8.56,-2.05
05457700,10,11.92570381,33.16,20.65,-0.87,-10.42,33.16,20.65,-1.99,-9.56
05457700,11,9.724189394,24.99,12.82,-13.09,-23.25,24.99,11.33,-13.09,-23.25
05457700,12,8.774255865,17.36,7.98,-26.87,-33.67,17.45,5.95,-22.64,-30.96
05458000,1,9.597639296,14.6,-0.1,-25.47,-34.2,14.6,0.33,-26.96,-35.6
05458000,2,9.944722446,17.58,5.05,-26.83,-36.65,15.63,5.05,-26.83,-36.65
05458000,3,10.22641496,28.09,10.14,-12.78,-24.24,26.63,15.65,-19.48,-27.4
05458000,4,12.28883333,31.89,17.69,-2.2,-15.56,31.35,15.16,-3.92,-13.76
05458000,5,12.50733138,33.52,21.25,6.26,-4.81,35.96,21.25,1.15,-4.81
05458000,6,12.10229545,38.05,23.37,12.86,2.93,36.11,23.03,12.86,2.93
05458000,7,11.72030792,38.5,24.63,15.02,6.85,37.24,24.63,15.02,7.44
05458000,8,11.79260997,38.26,24.07,15.94,3.31,34.98,24.07,15.94,3.31
05458000,9,12.76300758,33.77,20.99,6.88,-2.74,34.54,21.02,8.47,-2.16
05458000,10,11.98387097,33.34,20.41,-0.69,-10.72,33.34,20.41,-1.25,-8.46
05458000,11,9.772234848,24.32,12.98,-13.52,-22.45,24.32,11.27,-13.52,-22.45
05458000,12,8.757767595,16.92,8.73,-26.42,-32.9,17.5,6.74,-21.53,-31.69
05458500,1,9.729963343,14.9,-0.22,-24.85,-34.26,14.9,0.27,-26.45,-35.21
05458500,2,10.06977474,17.77,5.09,-26.49,-36.26,16.33,5.09,-26.49,-36.26
05458500,3,10.38928886,28.27,10.05,-12.8,-23.69,26.76,15.47,-19.18,-27.31
05458500,4,12.43403788,31.99,17.66,-2.1,-15.49,31.48,15.46,-3.47,-13.6
05458500,5,12.5856085,33.32,21.46,6.98,-4.77,36.23,21.46,1.73,-4.77
05458500,6,12.16358333,37.99,23.16,13.34,3.08,36.22,23.16,13.34,3.08
05458500,7,11.7736437,38.59,24.4,15.8,7.07,37.42,24.65,15.8,7.77
05458500,8,11.83888563,38.26,24.21,16.08,3.71,35.21,24.21,16.08,3.71
05458500,9,12.86112121,33.46,21.02,6.93,-2.92,35,21.24,8.72,-1.92
05458500,10,12.10506598,33.39,20.65,-0.53,-10.43,33.39,20.65,-0.98,-8.53
05458500,11,9.927272727,24.69,12.86,-12.38,-22,24.69,11.17,-12.38,-22
05458500,12,8.890465543,16.99,8.33,-26.49,-32.85,17.63,6.69,-21.76,-31.28
05462000,1,9.759464809,15.43,-0.19,-24.38,-33.82,15.43,0.14,-26.26,-34.72
05462000,2,10.03223652,17.97,5.03,-25.94,-36.03,16.44,5.03,-25.94,-36.03
05462000,3,10.34751466,28.35,10.13,-12.86,-23.97,26.63,15.21,-19.02,-26.75
05462000,4,12.43384848,32.21,17.61,-2.25,-14.85,31.86,15.69,-3.37,-13.93
05462000,5,12.54691349,33.43,21.47,7.53,-4.22,36.96,21.47,1.64,-4.22
05462000,6,12.11978788,38.48,23.03,13.53,3.42,36.37,23.03,13.68,3.42
05462000,7,11.7213783,38.45,24.39,15.98,7.48,37.41,24.77,15.98,7.91
05462000,8,11.7814956,38.2,24.31,15.8,3.92,35.51,24.31,16.29,3.92
05462000,9,12.89316667,33.52,20.93,6.62,-3.07,35.39,21.39,8.74,-1.79
05462000,10,12.14609971,33.44,20.72,-0.57,-10.05,33.44,20.72,-1.39,-9.06
05462000,11,9.995204545,25.38,12.83,-12.39,-22.29,25.38,11.11,-12.2,-22.29
05462000,12,8.922818915,17.48,8.31,-26.48,-32.63,17.74,6.46,-22.41,-30.54
05466500,1,9.195285924,19.56,5.02,-22.49,-31.18,16.23,4.12,-22.49,-32.87
05466500,2,9.849790829,19.17,7.48,-23.23,-31.93,21.48,8.11,-23.23,-31.93
05466500,3,11.03590176,30.03,15.02,-9.36,-21.47,28.03,14.91,-14.06,-23.46
05466500,4,12.54447727,32.45,18.22,-0.66,-12.34,30.69,18.22,-0.88,-9.31
05466500,5,12.26653226,33.69,22.14,6.74,-3.03,35.67,22.14,8.69,-3.03
05466500,6,11.84172727,38.41,24.79,14.21,5.11,35.56,24.65,14.21,5.11
05466500,7,11.37532258,38.76,25.01,18.66,9.87,38.29,25.65,18.03,10.14
05466500,8,11.53195015,38.82,24.76,16.49,5.05,36.14,24.68,17.89,7.41
05466500,9,12.60575758,35.54,22.78,10.28,-1.37,36.07,23.01,10.28,0.18
05466500,10,11.94157625,32.43,20.25,2.98,-7.41,32.43,20.25,0.5,-5.33
05466500,11,10.14795455,25.38,13.72,-5.8,-15.77,25.38,14.28,-7.66,-16.1
05466500,12,8.76215176,20.26,12.92,-23.3,-29.53,20.58,12.92,-15.65,-26.15
05471500,1,10.09914956,18.46,2.84,-21.34,-32.53,18.46,2.03,-22.81,-32.53
05471500,2,10.63087691,19.17,7.12,-23.98,-34.44,21.55,7.12,-23.98,-34.44
05471500,3,11.46898094,31.18,13.98,-11.13,-22.65,28.44,15.26,-18.25,-25
05471500,4,13.07218939,31.62,17.04,-1.37,-14.19,31.19,16.63,-1.12,-11.25
05471500,5,12.59642229,32.64,21.19,7.87,-3.39,36.52,21.19,2.88,-3.39
05471500,6,12.14645455,38.42,23.27,13.68,4.86,36.58,23.27,13.68,4.86
05471500,7,11.83881232,38.98,24.91,18.22,9.05,39.04,24.91,19.19,9.06
05471500,8,12.04564516,39.75,24.68,15.28,4.67,36.85,24.68,17.85,6.91
05471500,9,13.30502273,35.67,22.11,8.04,-2.99,37.17,21.72,10.1,-1.06
05471500,10,12.64533724,33.03,21.39,0.9,-9.27,33.03,21.39,0.14,-9.27
05471500,11,10.83768939,25.92,13.55,-9.6,-19.95,25.92,12.44,-9.39,-19.95
05471500,12,9.549611437,18.94,8.72,-23.28,-31.13,19.43,8.62,-20.4,-27.81
05472500,1,9.98148827,19.05,4.83,-21.71,-32.07,18.1,3.09,-22.95,-32.17
05472500,2,10.61205149,19.78,7.75,-24.45,-34.56,23.07,7.75,-24.45,-34.56
05472500,3,11.56406891,31.18,15.12,-10.51,-21.74,28.9,15.42,-17.77,-24.35
05472500,4,13.01757576,31.2,17.83,-1.35,-13.64,30.85,16.84,-0.4,-10.58
05472500,5,12.46250733,32.87,21.57,7.97,-3.55,36.28,21.57,4.24,-3.55
05472500,6,12.00392424,38.42,23.58,14.94,4.81,36.41,23.31,14.94,4.81
05472500,7,11.76269062,39.63,25.25,18.59,9.36,39.72,25.25,19,9.14
05472500,8,12.03696481,39.63,24.6,15.44,4.81,37.82,24.51,17.82,6.92
05472500,9,13.16893182,36.26,22.66,9.35,-2.77,37.53,22.35,10.6,-0.73
05472500,10,12.4802346,32.41,21.34,1.65,-9.37,32.41,21.34,0.34,-9.37
05472500,11,10.81137121,26.06,13.99,-8.39,-19.51,26.06,12.54,-8.64,-19.51
05472500,12,9.51327346,20.29,9.92,-23.16,-30.93,20.29,9.68,-19.42,-28
05476500,1,10.29321848,17.76,-0.69,-24.55,-33.77,13.69,0.2,-24.55,-33.77
05476500,2,10.44160901,17.61,4.29,-25.87,-34.59,17.22,4.29,-25.87,-34.59
05476500,3,10.65815982,25.93,8.31,-14.53,-25.44,27.72,15.49,-18.61,-27.44
05476500,4,12.75125,32.71,16.01,-4.22,-14.11,31.88,15.31,-5.41,-15.39
05476500,5,12.81789589,34.88,21.29,6.61,-4.73,36.57,21.29,4.64,-4.73
05476500,6,12.34317424,39.03,23.73,11.07,3.6,37.24,23.73,11.07,3.92
05476500,7,12.09809384,39.41,23.72,15.92,7.51,37.74,25.18,15.92,7.06
05476500,8,11.99703079,37.92,23.59,14.26,3.62,35.69,23.3,15.6,3.62
05476500,9,13.11312121,34.14,20.18,5.15,-4.18,34.14,22.08,7.9,-2.71
05476500,10,12.4027566,32.53,17.22,-2.8,-10.65,32.53,17.22,-3.29,-12.79
05476500,11,10.31487121,25.43,11.24,-15.5,-24.13,25.49,11.32,-12.62,-24.13
05476500,12,9.366433284,17.46,3.59,-26.28,-32.6,17.46,5.3,-23.6,-32.68
05479000,1,10.056261,16.87,0.1,-23.4,-32.67,16.45,0.1,-24.06,-33.39
05479000,2,10.21898632,18.27,4.71,-24.6,-34.1,17.15,4.71,-24.6,-34.1
05479000,3,10.58541056,28.47,9.53,-12.68,-23.7,27.12,14.66,-17.22,-25.86
05479000,4,12.74538636,32.68,16.11,-2.67,-13.46,32.68,16.11,-2.67,-14.38
05479000,5,12.70010997,33.89,21.49,7.57,-3.52,38.39,21.49,3.84,-3.52
05479000,6,12.21588636,39.03,23.85,13.19,4.23,36.7,23.85,13.23,4.58
05479000,7,11.82129765,37.98,23.85,16.9,8.52,37.86,24.73,16.9,8.13
05479000,8,11.75970674,38.1,24.54,14.17,4.62,35.97,24.54,17.28,4.62
05479000,9,13.07519697,34.72,20.47,5.93,-3.43,35.39,21.91,8.64,-2.02
05479000,10,12.41582845,33.19,19.92,-1.63,-9.45,33.19,19.92,-2.38,-11.42
05479000,11,10.40112879,26.02,11.98,-13.68,-21.98,26.02,11.2,-11.19,-22.14
05479000,12,9.235113636,19.02,6.38,-26.1,-31.86,19.02,5,-23.17,-31.12
05481000,1,10.05492669,18.03,0.18,-22.93,-33,18.03,0.31,-23.81,-33
05481000,2,10.3445535,18.81,5.44,-23.68,-34.32,18.4,5.44,-23.68,-34.32
05481000,3,10.89103372,29.85,10.78,-12.55,-22.76,27.29,14.27,-18.43,-26.07
05481000,4,13.01012879,32.62,16.67,-2.24,-14.18,32.16,16.28,-2.33,-13.35
05481000,5,12.82669355,33.23,21,8.25,-3.55,37.83,21,2.12,-3.55
05481000,6,12.33508333,39.37,24.09,13.07,4.1,35.94,24.09,13.07,4.1
05481000,7,11.8929912,37.68,24.27,17.55,8.28,37.66,24.27,17.55,8.52
05481000,8,11.93479472,39.06,24.72,14.86,3.97,35.73,24.72,17.32,5.23
05481000,9,13.31780303,34.03,20.67,6.7,-3.6,36.39,21.72,8.72,-1.83
05481000,10,12.66201613,34.08,20.88,-0.74,-8.98,34.08,20.88,-1.55,-9.39
05481000,11,10.60224242,26.32,12.3,-12.3,-21.61,26.32,11.53,-11.21,-21.17
05481000,12,9.322664956,18.84,8.01,-25.62,-31.47,18.84,7.59,-22.62,-29.36
05482500,1,10.30766129,18.29,0.47,-21.84,-31.85,18.29,0.91,-20.94,-31.54
05482500,2,10.65835881,18.85,5.86,-22.61,-32.99,19.43,5.86,-22.61,-32.99
05482500,3,11.50587977,30.67,11.22,-12.09,-23.33,27.58,15.33,-17.93,-25.29
05482500,4,13.38662879,32.39,16.45,-1.29,-13.07,32.39,15.75,-1.97,-13.11
05482500,5,12.87423754,33.14,21.47,7.68,-3.01,37.87,21.47,3.92,-3.01
05482500,6,12.4065303,38.85,24.23,12.7,4.71,35.93,24.23,12.7,5.12
05482500,7,11.9125,37.64,23.98,17.4,8.43,37.64,24.47,18.18,8.01
05482500,8,11.95507331,38.67,24.34,14.37,4.08,36.37,24.34,17.91,5.76
05482500,9,13.41265152,35.25,20.93,5.8,-2.78,35.57,21.76,8.76,-2.14
05482500,10,12.8475,32.89,20.85,-1.42,-9.67,32.89,20.85,-1.75,-10.36
05482500,11,10.99029545,26.41,12.52,-12.1,-21.94,26.41,12.52,-10.53,-21.75
05482500,12,9.573200147,18.9,7.19,-24.64,-31.57,18.9,7.19,-22.49,-28.69
05484500,1,10.38140029,18.31,1.33,-21.1,-31.58,18.31,1.28,-20.84,-31.58
05484500,2,10.77632341,19.01,6.3,-22.39,-33.2,19.77,6.3,-22.39,-33.2
05484500,3,11.66508065,30.97,11.63,-11.58,-23.86,27.72,15.49,-18.01,-24.99
05484500,4,13.4234697,32.31,16.55,-0.91,-13.15,32.31,16.2,-1.68,-12.56
05484500,5,12.85792522,32.99,21.39,7.88,-3.05,37.16,21.39,3.17,-3.05
05484500,6,12.39841667,38.61,24.02,13.25,4.94,35.87,24.02,13.25,5.2
05484500,7,11.9270088,37.63,24.07,17.76,8.48,37.87,24.34,18.71,8.1
05484500,8,12.02727273,38.84,24.65,14.85,4.14,36.83,24.65,18.02,6.37
05484500,9,13.46807576,35.79,21.17,5.89,-2.98,35.81,21.67,9.15,-2
05484500,10,12.92233871,33.2,21.14,-0.88,-9.05,33.2,21.14,-1.29,-9.33
05484500,11,11.08309848,26.36,12.71,-11.52,-21.82,26.36,12.46,-10.09,-21.82
05484500,12,9.680568182,18.63,7.47,-24.22,-31.69,18.63,7.47,-21.92,-27.93
05487980,1,10.52826979,20.22,6.37,-17.87,-30.63,17.83,4.98,-21.23,-30.59
05487980,2,11.23540628,20.93,8.6,-22.61,-34.11,23.32,8.6,-22.61,-34.11
05487980,3,12.11502199,30.94,14.91,-10.17,-23.62,29.45,15.82,-17.02,-23.62
05487980,4,13.18843939,31.95,18.55,-0.2,-12.92,31.12,16.67,-0.28,-10.54
05487980,5,12.34319648,32.45,20.94,8.74,-1.82,36.31,20.94,2.77,-1.82
05487980,6,12.01596212,38.28,23.66,14.23,4.91,36.25,23.17,14.23,4.91
05487980,7,11.80835777,39.45,24.79,19.1,9.35,39.98,24.96,18.12,8.84
05487980,8,12.11765396,40.38,25.54,17.18,4.63,38.36,24.8,17.18,7.28
05487980,9,13.14478788,36.44,22.77,9.52,-3.07,37.06,23.25,10.32,-1.16
05487980,10,12.72497067,31.85,21.27,1.32,-8.75,31.85,21.27,-0.34,-8.75
05487980,11,11.24334091,25.58,14.05,-8.53,-21.93,25.58,13,-8.37,-21.93
05487980,12,10.0661437,20.3,10.9,-23.39,-32.2,20.13,10.9,-18.74,-28.87
05488200,1,10.35928152,20.7,6.64,-19.13,-30.96,18.58,4.52,-21.37,-30.96
05488200,2,11.04677393,21.05,9.13,-23.09,-34.43,23.8,9.13,-23.09,-34.43
05488200,3,11.92615836,31.06,15.37,-10.19,-23.14,29.57,15.84,-17.09,-23.39
05488200,4,13.01030303,31.74,18.48,-0.25,-12.7,30.99,17.01,-0.2,-10.35
05488200,5,12.23949413,32.65,21.51,8.82,-2.04,36.14,21.51,4.11,-2.04
05488200,6,11.86425,38.3,23.72,14.59,5.45,36.24,23.48,14.59,5.45
05488200,7,11.6922654,39.78,25.35,18.93,9.5,40.33,25.35,18.15,9.09
05488200,8,11.97917155,40.39,25.67,16.92,4.99,38.34,25.07,17.42,7.84
05488200,9,12.95136364,36.84,23.47,9.74,-2.75,37.49,23.9,10.46,-0.85
05488200,10,12.48681818,31.53,21.57,1.77,-8.58,31.53,21.57,0.18,-8.58
05488200,11,11.0512803,25.49,14.52,-8.27,-21.2,25.49,13.06,-8.27,-21.2
05488200,12,9.902096774,20.61,10.73,-23,-31.86,20.39,10.64,-18.61,-28.4
05489000,1,10.34692082,20.98,6.47,-18.9,-30.53,18.75,4.27,-21.34,-30.53
05489000,2,11.04841512,20.7,9.24,-23.06,-34.02,24.16,9.24,-23.06,-34.02
05489000,3,11.93802053,30.73,15.21,-10.22,-22.75,29.38,15.78,-16.96,-23.51
05489000,4,12.99118182,31.41,18.57,-0.31,-12.04,30.73,17.01,-0.28,-10.23
05489000,5,12.21429619,32.48,21.53,8.86,-1.96,35.93,21.53,5.18,-1.96
05489000,6,11.82731818,38.44,23.92,14.45,5.59,36.07,23.41,14.45,5.59
05489000,7,11.67665689,40.01,25.28,19.17,9.65,40.46,25.28,18.06,9.23
05489000,8,11.96811584,40.3,25.78,17.29,4.98,38.43,25,17.29,7.89
05489000,9,12.86802273,36.63,23.5,9.74,-2.59,37.45,24.04,10.41,-0.65
05489000,10,12.41785924,31.75,21.31,1.86,-8.17,31.75,21.31,0.07,-8.17
05489000,11,11.04290152,25.43,14.69,-8.26,-21.36,25.43,13.08,-8.26,-21.36
05489000,12,9.875568182,20.43,11.18,-22.99,-31.8,20.34,11.18,-18.16,-28.43
05495000,1,9.967580645,20.36,6.39,-19.07,-30.29,19.01,4.6,-19.96,-28.88
05495000,2,10.73744972,21.62,9.58,-21.12,-31.05,23.46,9.58,-21.12,-31.05
05495000,3,11.68879765,29.8,14.91,-8.77,-19.38,28.7,15.5,-15.75,-23.52
05495000,4,12.80563636,31.56,18.78,0.03,-10.74,30.38,18.11,-2.28,-11.84
05495000,5,12.1366129,33.26,21.53,10.51,-1.14,35.76,21.53,8.26,-1.14
05495000,6,11.82859848,38.88,24.68,14.28,6.45,37.42,24.61,14.28,6.45
05495000,7,11.6588783,39.91,25.55,19.72,10.31,40.89,25.55,17.2,10.1
05495000,8,11.94293988,40.26,25.76,18.58,4.91,38.63,25.14,18.58,8.25
05495000,9,12.75851515,36.74,23.44,11.2,-1.55,37.74,23.76,11.2,-0.11
05495000,10,12.15744868,32.84,20.97,2.07,-6.62,32.84,20.97,0.67,-5.88
05495000,11,10.7750303,25.66,15.08,-7.24,-19.81,25.66,15.43,-7.24,-19.81
05495000,12,9.475619501,20.22,12.44,-22.68,-30.12,21.41,12.44,-15.83,-25.79
05495500,1,9.489582111,19.5,6.79,-18.51,-29.62,19.48,6.57,-19.63,-27.56
05495500,2,10.32412711,22.24,9.49,-20.68,-28.64,23.97,9.49,-20.68,-28.64
05495500,3,11.28527859,28.74,15,-8.86,-19.61,27.55,15.56,-13.19,-22.14
05495500,4,12.35512879,32.12,18.32,0.38,-9.59,30.85,18.32,-2.17,-11.69
05495500,5,11.80319648,33.92,21.58,9.54,-0.27,35.15,22.45,9.58,-0.27
05495500,6,11.54805303,38.88,24.76,14.53,6.02,38.6,24.76,14.53,6.02
05495500,7,11.3616129,39.54,25.53,20.16,10.71,40.35,25.53,16.1,10.56
05495500,8,11.62972141,39.36,25.51,18.75,6,38.58,25.51,18.75,9.08
05495500,9,12.60606061,36.73,22.82,9.79,-0.35,38.67,23.25,9.79,0.44
05495500,10,12.04257331,34.51,20.25,2.99,-5.17,34.51,21.08,1.91,-4.53
05495500,11,10.4584697,26.72,15.17,-5.97,-17.76,26.72,15.76,-6.79,-17.76
05495500,12,9.142481672,21.47,12.87,-21.97,-29.15,22.78,12.87,-14.83,-22.4
05501000,1,9.949662757,20.57,8.23,-16.44,-28.99,19.76,8.49,-18.69,-25.44
05501000,2,10.8613033,22.43,10.54,-17.41,-27.65,23.83,10.54,-17.41,-27.65
05501000,3,11.7581305,29.46,15.37,-7.43,-19.02,28.15,15.25,-14.89,-22.14
05501000,4,12.67857576,31.95,18.77,1.36,-8.19,31.01,18.77,-1.69,-10.16
05501000,5,11.92416422,33.31,21.9,11.78,-0.43,34.91,22.21,5.19,-0.43
05501000,6,11.69534848,38.9,24.37,15.53,6.44,39.01,24.37,15.53,6.44
05501000,7,11.59678152,39.29,25.65,20.17,11.07,40.11,25.83,16.54,10.33
05501000,8,11.93846041,39.36,25.29,18.4,5.1,38.53,25.29,18.4,8.93
05501000,9,12.84158333,36.84,23.2,10.48,-0.14,38.14,23.3,10.48,0.13
05501000,10,12.35960411,33.92,20.96,2.84,-5.38,33.92,21.33,1.36,-5.38
05501000,11,10.93301515,26.79,15.01,-5.06,-17.98,26.79,16.74,-6.03,-17.98
05501000,12,9.499923021,21.32,12.77,-20.57,-29.87,22.87,12.77,-14.8,-21.72
05503800,1,10.14434751,21.08,8.64,-16.45,-28.82,21.18,9.68,-18.21,-25.21
05503800,2,11.05551891,22.48,10.86,-16.26,-27.17,23.94,10.86,-16.26,-27.17
05503800,3,11.92508065,29.64,16.19,-7.23,-19,28.04,16.19,-14.95,-22.19
05503800,4,12.77346212,32.37,18.81,1.62,-7.87,31.08,18.81,-0.94,-9.64
05503800,5,11.99417889,33.17,22.02,11.33,-0.31,34.84,22.11,3.89,-0.31
05503800,6,11.76491667,38.7,23.95,15.47,6.28,39.02,24.45,15.47,6.43
05503800,7,11.69767595,39.35,25.57,19.93,10.7,40.46,25.74,16.61,10.09
05503800,8,12.08213343,39.98,24.97,18.18,4.78,38.88,24.97,18.18,8.81
05503800,9,12.97492424,36.64,23.02,11.07,-0.42,37.93,23.21,11.07,0.04
05503800,10,12.5513563,34.09,20.96,2.78,-5.66,34.09,21.35,1.24,-5.66
05503800,11,11.11687121,26.93,15.42,-4.3,-18.11,26.93,16.8,-6.02,-18.11
05503800,12,9.681370968,21.22,12.82,-20.11,-30.48,22.8,12.82,-14.41,-21.48
05507600,1,10.14268328,21.07,11.15,-15.55,-28.69,21.7,11.27,-17.47,-24.5
05507600,2,11.1415527,23,11.2,-14.71,-26.6,24.06,11.53,-14.71,-26.6
05507600,3,12.0298607,29.21,16.32,-5.94,-18.18,27.91,16.32,-12.97,-20.94
05507600,4,12.83197727,32.04,18.87,2.7,-7.05,31.6,18.87,0.58,-7.27
05507600,5,12.0646261,33.24,21.55,11.22,1.01,34.17,22.34,4.42,0.86
05507600,6,11.78664394,38.4,24.16,14.89,6.58,39.59,24.16,14.89,7.21
05507600,7,11.67725073,39.62,25.27,20.54,11.19,40.11,25.5,17.5,10.76
05507600,8,12.00452346,39.56,25.18,18.35,5.6,39.57,25.18,18.35,9.17
05507600,9,12.8534697,36.96,23.1,11.68,0.49,38.37,23.54,11.68,0.49
05507600,10,12.5038563,33.88,20.62,3.48,-4.9,33.88,21.29,3.31,-4.75
05507600,11,11.09973485,27.36,14.89,-4.05,-17.44,27.59,16.27,-5.2,-17.44
05507600,12,9.725267595,21.87,12.61,-19.42,-29.86,23.09,12.61,-14.24,-20.39
05508000,1,10.07185484,20.6,8.38,-16.11,-29.17,20.31,8.8,-17.94,-25.48
05508000,2,10.97864039,21.93,10.5,-16.77,-27.36,23.56,10.5,-16.77,-27.36
05508000,3,11.86319648,29.35,15.41,-7.16,-18.75,28.06,15.41,-14.09,-21.69
05508000,4,12.72010606,31.77,18.51,1.69,-8,30.99,18.51,-0.91,-9.5
05508000,5,11.96846774,33.13,21.71,11.46,0.22,34.84,22.04,5.16,0.22
05508000,6,11.70645455,38.41,24.16,15.64,6.51,39.05,24.16,15.64,6.51
05508000,7,11.61492669,39.15,25.39,20.58,11.14,40.13,25.55,17.29,10.37
05508000,8,11.94834311,39.24,25.07,18.7,5.27,38.69,25.07,18.7,9.25
05508000,9,12.80830303,36.69,23.08,11.1,-0.07,37.65,23.36,11.1,0.36
05508000,10,12.39504399,33.66,20.74,2.74,-5.35,33.66,21.07,1.86,-5.35
05508000,11,11.00075,26.72,14.83,-4.76,-18.38,26.89,16.54,-5.93,-18.38
05508000,12,9.639967009,20.99,12.53,-20.7,-29.96,22.66,12.53,-14.32,-21.45
05508805,1,10.06046921,20.89,10.7,-15.67,-28.76,21.08,11.17,-17.48,-24.97
05508805,2,11.06632341,22.94,11.05,-15.75,-26.81,24.3,11.34,-15.75,-26.81
05508805,3,11.95327713,29.22,16.04,-6.18,-18.02,28.16,16.04,-12.97,-21.04
05508805,4,12.79837121,32.01,18.44,2.64,-6.95,31.63,18.44,0.29,-7.38
05508805,5,12.08344575,33.36,21.71,11.46,0.85,34.18,22.44,4.97,0.96
05508805,6,11.80273485,38.35,24.36,14.86,6.78,39.66,24.36,14.86,6.91
05508805,7,11.65077713,39.74,25.47,20.62,10.97,40.12,25.47,17.33,10.87
05508805,8,11.94077713,39.67,25.4,18.47,5.87,39.33,25.4,18.47,9.31
05508805,9,12.81475758,37.07,22.99,11.01,0.42,38.64,23.55,11.01,0.42
05508805,10,12.43670821,33.86,20.58,3.55,-4.75,33.86,21.28,3.25,-4.41
05508805,11,11.01047727,27.26,14.81,-4.55,-17.79,27.63,16,-5.05,-17.79
05508805,12,9.631370968,22.25,12.71,-19.68,-29.56,23.17,12.71,-14.43,-20.51
05514500,1,10.38434751,21.54,12.15,-14.93,-28.73,22.07,12.15,-16.02,-24.97
05514500,2,11.43391794,23.54,11.91,-14.64,-26.38,24.73,11.91,-14.64,-26.38
05514500,3,12.31631232,29.15,16.61,-5.14,-17.76,28.29,16.61,-10.46,-19.8
05514500,4,13.11499242,32.22,19.01,2.83,-6.63,31.82,19.01,1.51,-6.63
05514500,5,12.33878299,32.92,21.18,10.89,1.27,33.97,21.8,4.89,0.69
05514500,6,11.99975758,38.28,24.06,15.22,6.6,40.11,24.06,15.22,6.78
05514500,7,11.87642962,39.51,24.88,20.56,10.44,40.02,25.44,18.87,10.5
05514500,8,12.18709677,39.96,24.92,19.65,5.74,39.61,24.93,19.65,8.77
05514500,9,13.04669697,37.21,22.52,12.06,0.15,38.19,23.19,12.06,0.17
05514500,10,12.7961437,33.47,20.18,3.28,-5.46,33.47,21,3.28,-4.27
05514500,11,11.39501515,27.36,14.71,-3.06,-17.74,28.14,15.36,-5.31,-17.74
05514500,12,9.999307185,21.72,12.56,-19.49,-29.73,23.13,12.35,-13.21,-20.03
05515500,1,8.1728739,17.96,9.01,-20.2,-29.61,17.96,9.01,-20.25,-29.61
05515500,2,9.039115044,21.83,9.62,-16.56,-25.31,21.83,9.62,-16.56,-25.31
05515500,3,10.44486804,28.16,15.93,-7.66,-19.27,29.64,16.13,-9.13,-19.64
05515500,4,11.87961364,31.43,18.26,-0.67,-11.73,30.21,18.02,-0.67,-8.21
05515500,5,12.22751466,33,21.63,7.04,-1.74,35.4,21.63,7.04,-2.9
05515500,6,11.88775758,38.21,23.66,13.71,2.53,37.08,23.66,13.9,2.53
05515500,7,11.3502566,37.68,25.69,18.44,6.3,38.2,25.69,18.44,6.3
05515500,8,11.2598607,37.4,23.98,16.97,4.42,36.25,23.98,16.97,6.83
05515500,9,11.90845455,34.55,22.54,11.46,0.37,35.41,22.11,11.69,0.37
05515500,10,11.11422287,31.04,18.77,3.3,-6.54,31.24,19.74,4.85,-3.22
05515500,11,9.023318182,24.21,14.21,-4.18,-12.35,25.32,14.12,-7.2,-13.83
05515500,12,7.675942082,20.49,13.36,-20.45,-26.94,20.49,13.36,-13.03,-23.96
05517000,1,8.326928152,17.5,8.28,-20.09,-30.14,17.5,8.28,-20.09,-29.94
05517000,2,9.340297667,21.8,8.73,-16.07,-25.2,21.8,8.73,-16.07,-24.84
05517000,3,10.78057918,27.87,16.01,-7.87,-19.06,29.65,15.69,-8.74,-19.36
05517000,4,12.21972727,31.17,18.4,-0.67,-13.05,29.7,18.4,-0.67,-8.39
05517000,5,12.45286657,32.63,21.16,7.5,-2.19,35.27,21.16,7.61,-2.94
05517000,6,12.0435,37.91,23.61,14,2.67,37.99,23.61,14.33,2.67
05517000,7,11.6366349,37.1,25.27,18.99,6.2,38.69,25.27,18.99,6.2
05517000,8,11.59758798,36.8,23.77,17.41,3.52,35.63,23.76,17.46,6.5
05517000,9,12.30870455,34.79,22.52,11.38,-0.42,35.5,21.85,11.38,-0.42
05517000,10,11.47852639,31.02,18.73,2.39,-7.16,31.32,19.43,4.71,-3.44
05517000,11,9.334030303,24.07,13.89,-4.26,-12.45,25.6,13.43,-7.33,-14.73
05517000,12,7.823009531,20.29,13.74,-21.32,-27.62,20.12,13.05,-12.85,-24.7
05517500,1,8.292675953,17.86,8.63,-19.99,-29.74,17.86,8.63,-19.99,-29.74
05517500,2,9.258382944,21.94,9.13,-16.09,-25.25,21.94,9.13,-16.09,-25.06
05517500,3,10.67134164,27.91,15.9,-7.85,-19,29.63,15.81,-8.94,-19.48
05517500,4,12.11231818,31.27,18.09,-0.63,-12.67,29.95,18.09,-0.63,-8.22
05517500,5,12.37636364,32.85,21.31,7.34,-1.95,35.25,21.31,7.34,-2.86
05517500,6,12.01265909,37.9,23.47,14,2.71,37.54,23.47,14.09,2.71
05517500,7,11.55082111,37.4,25.39,18.87,6.25,38.4,25.39,18.87,6.25
05517500,8,11.50673754,36.9,23.86,17.33,3.92,35.85,23.86,17.33,6.64
05517500,9,12.21327273,34.57,22.44,11.44,0.16,35.49,21.97,11.44,0.16
05517500,10,11.39391496,31.12,18.67,2.75,-6.88,31.21,19.44,4.9,-3.3
05517500,11,9.251962121,24.09,13.84,-4.14,-12.38,25.44,13.61,-7.12,-14.35
05517500,12,7.794024927,20.38,13.48,-20.87,-27.31,20.32,13.17,-12.94,-23.96
05518000,1,8.320762463,18.09,8.81,-20.51,-29.97,18.09,8.81,-20.51,-29.64
05518000,2,9.253185841,22.06,9.09,-16.26,-25.5,22.06,9.09,-16.26,-25.35
05518000,3,10.59280792,27.96,15.89,-7.95,-19.15,29.6,15.9,-9.06,-19.22
05518000,4,12.03034848,31.43,18.11,-0.5,-12.53,30.17,18.11,-0.5,-8.04
05518000,5,12.30388563,32.91,21.38,7.3,-1.67,35.27,21.38,7.3,-2.74
05518000,6,11.96537121,37.82,23.41,14.27,2.89,37.44,23.41,14.27,2.89
05518000,7,11.45233138,37.53,25.5,18.86,6.62,38.19,25.5,18.86,6.62
05518000,8,11.41313783,37.18,23.98,17.26,4.22,36.08,23.98,17.26,7.01
05518000,9,12.15468182,34.38,22.38,11.53,0.24,35.55,21.95,11.53,0.24
05518000,10,11.37493402,31.23,18.64,3,-6.62,31.23,19.42,4.96,-3.3
05518000,11,9.236984848,24.08,13.73,-4.14,-12.63,25.42,13.49,-6.82,-14.17
05518000,12,7.834512463,20.35,13.33,-20.98,-27.64,20.3,13.27,-13.07,-23.65
05520500,1,8.375725806,18.23,8.94,-20.92,-30.28,18.23,8.94,-20.92,-29.58
05520500,2,9.291158488,22.15,8.95,-16.43,-25.73,22.15,8.95,-16.43,-25.68
05520500,3,10.56858504,28.05,15.84,-8.06,-19.25,29.56,15.96,-9.21,-19.25
05520500,4,12.00153788,31.46,18.08,-0.4,-12.66,30.31,18.08,-0.4,-7.9
05520500,5,12.27147361,33.04,21.31,7.34,-1.51,35.22,21.31,7.34,-2.64
05520500,6,11.94926515,37.69,23.32,14.43,3.09,37.42,23.32,14.43,3.09
05520500,7,11.40306452,37.6,25.56,18.94,7.03,38.09,25.56,18.94,7.03
05520500,8,11.37881965,37.42,24.13,17.22,4.45,36.07,24.13,17.22,7.35
05520500,9,12.15960606,34.4,22.29,11.64,0.03,35.57,21.95,11.65,0.03
05520500,10,11.4061217,31.32,18.5,3.17,-6.46,31.32,19.31,4.98,-3.33
05520500,11,9.273439394,24.04,13.6,-4.18,-12.9,25.35,13.63,-6.55,-14.09
05520500,12,7.900927419,20.33,13.32,-21.15,-27.94,20.2,13.32,-13.08,-23.24
05525500,1,9.000513196,18.65,10.47,-21.86,-31.48,18.65,10.47,-21.86,-30.04
05525500,2,9.946049879,22.42,9.58,-16.72,-27.9,22.42,9.58,-16.72,-27.42
05525500,3,11.23642962,28.99,15.89,-7.38,-19.24,29.56,16.03,-9.82,-20.49
05525500,4,12.85896212,31.58,18.43,-1.76,-13.82,30.64,18.43,0.23,-10.07
05525500,5,12.7461437,34.25,21.6,7.87,-1.88,35.53,21.5,8.11,-2.71
05525500,6,12.31993939,37.88,24.24,14.75,2.98,37.43,24.24,14.75,2.98
05525500,7,11.81793988,37.74,25.1,18.82,6.97,38.66,25.1,18.97,6.97
05525500,8,12.22769062,39.16,23.85,17.07,5.02,36.02,23.85,17.07,6.46
05525500,9,13.54045455,35.07,22,11.32,-2.33,36.48,21.56,11.32,-2.33
05525500,10,12.58228006,32.28,18.97,3.01,-7.15,32.28,20.11,3.97,-5.35
05525500,11,10.17788636,25.4,15.33,-4.55,-15.65,26,14.93,-7.2,-15.65
05525500,12,8.599923021,20.92,13.91,-21.54,-29.95,21.7,13.91,-15.01,-24.07
05526000,1,8.939941349,18.65,10.01,-21.9,-31.6,18.65,10.01,-21.9,-29.74
05526000,2,9.88154465,22.42,9.17,-16.85,-27.73,22.42,9.17,-16.85,-27.22
05526000,3,11.1257478,28.71,15.87,-7.73,-19.16,29.59,16.03,-9.67,-19.95
05526000,4,12.70907576,31.75,18.32,-1.22,-13.61,30.55,18.32,0.17,-8.91
05526000,5,12.69047654,34.03,21.5,7.63,-1.53,35.62,21.52,7.63,-2.7
05526000,6,12.30716667,37.78,23.4,15.19,3.05,37.23,23.4,15.19,3.05
05526000,7,11.75395161,37.75,25.28,19.08,7.19,38.38,25.28,19.39,7.19
05526000,8,12.04741202,38.83,24.02,17.18,4.7,35.95,24.02,17.18,6.67
05526000,9,13.24465152,34.82,22.02,11.72,-1.57,35.74,21.65,11.72,-1.57
05526000,10,12.38073314,32.1,18.75,3,-7.07,32.1,20.12,4.06,-5.03
05526000,11,10.00997727,24.71,14.69,-4.52,-14.65,25.73,14.57,-7.11,-15.2
05526000,12,8.526759531,20.64,13.86,-21.86,-29.63,21.29,13.86,-14.79,-23.54
05542000,1,9.081282991,18.59,9.92,-21.28,-31.75,18.59,9.92,-21.28,-30.13
05542000,2,9.910675784,22.21,7.99,-18.66,-28.41,22.21,7.99,-18.66,-28.41
05542000,3,11.17486804,29.22,15.34,-8.88,-20.88,29.33,16.53,-10.58,-20.88
05542000,4,12.81191667,32.85,18.02,-0.87,-13.12,31.58,18.02,0.68,-8.9
05542000,5,12.87554252,34.12,21.08,7.43,-2.2,35.4,21.74,7.69,-2.16
05542000,6,12.4277197,37.92,24.13,15.46,3.54,36.68,24.13,15.46,3.54
05542000,7,11.73475806,38.89,25.72,18.94,7.92,38.89,25.72,18.94,7.92
05542000,8,11.94384164,39.29,24.31,17.07,4.46,35.91,24.31,17.07,7.17
05542000,9,13.10574242,35.68,21.9,10.68,-1.59,35.68,22.41,10.68,-1.59
05542000,10,12.30867302,32.08,19.82,3.69,-7.61,32.08,20.46,1.36,-5.49
05542000,11,10.0232803,25.85,14.37,-4.79,-15.03,25.85,15.41,-6.16,-14.42
05542000,12,8.69002566,20.74,13.76,-22.87,-29.28,21.4,13.76,-17.43,-24.63
05552500,1,8.827859238,15.63,4.98,-24.09,-32.38,15.63,4.98,-24.09,-32.49
05552500,2,9.523893805,18.97,6.11,-22.05,-31.26,20.01,6.11,-22.05,-31.26
05552500,3,10.40291056,27.78,13.22,-10.03,-22.95,27.99,15.11,-12.32,-22.95
05552500,4,11.786,30.68,17.2,-1.16,-13.19,30.68,17.2,-0.19,-8.99
05552500,5,12.353739,32.92,20.6,6.61,-2.28,34.63,20.6,7.36,-2.58
05552500,6,12.16534848,37.53,21.95,13.18,2.89,36.11,23.02,13.18,2.89
05552500,7,11.55554252,38.83,25.73,18.05,7.73,38.83,25.73,17.91,7.73
05552500,8,11.37895894,38.1,24.75,16.27,4.84,35.11,24.75,16.27,6.3
05552500,9,12.05491667,34.17,21.48,9.07,-1.46,34.42,21.65,9.07,-1.46
05552500,10,11.38424487,30.75,19.47,3.74,-7.99,30.75,19.47,0.32,-6.2
05552500,11,9.399136364,23.4,12.08,-5.42,-15.89,23.86,12.34,-7.94,-15.05
05552500,12,8.291206012,18.84,10.37,-22.49,-30.06,19.5,10.37,-15.28,-25.26
05554500,1,9.189677419,18.34,9.88,-21.19,-31.52,18.34,9.88,-21.19,-30.23
05554500,2,10.04198713,21.85,8.79,-17.54,-28.04,21.85,8.79,-17.54,-28.04
05554500,3,11.36096774,29.1,15.44,-8.13,-20.08,29.5,15.95,-9.56,-20.08
05554500,4,13.03341667,32.52,17.94,-1.43,-13.41,31.39,17.94,0.86,-10.77
05554500,5,12.95008798,33.96,21.67,8.11,-2.15,35.43,21.67,8.11,-2.15
05554500,6,12.46986364,37.92,24.15,15.32,3.25,37.26,24.15,15.32,3.25
05554500,7,11.88714809,38.66,25.44,19.34,7.37,39.26,25.44,18.9,7.37
05554500,8,12.261261,39.39,23.99,17.32,4.5,36,23.94,17.32,6.84
05554500,9,13.51321212,35.52,22.05,11.67,-2,36.35,21.91,11.74,-2
05554500,10,12.55742669,32.17,19.12,3.72,-7.74,32.17,20.24,2.33,-5.57
05554500,11,10.23317424,25.72,15.05,-4.64,-15.23,25.72,14.52,-5.94,-15.23
05554500,12,8.784358504,20.88,13.85,-22.23,-29.37,21.76,13.85,-16.53,-23.88
05555300,1,9.204633431,18.46,9.66,-21.15,-31.45,18.46,9.66,-21.15,-30.35
05555300,2,10.03650845,21.61,8.71,-18.18,-28.37,21.61,8.71,-18.18,-28.37
05555300,3,11.33518328,29.32,15.36,-8.3,-20.48,29.27,16.22,-10.05,-20.48
05555300,4,12.99277273,32.63,18.13,-1.12,-13.01,31.51,18.13,1.07,-10.47
05555300,5,12.94874633,34.07,21.42,8.1,-2.35,35.25,21.42,8.1,-2.35
05555300,6,12.48932576,37.87,24.2,15.78,3.33,36.98,24.2,15.78,3.33
05555300,7,11.88344575,38.58,25.49,19.44,7.7,39.23,25.49,18.8,7.7
05555300,8,12.17343842,39.23,24.05,17.49,4.46,35.68,23.96,17.49,6.93
05555300,9,13.38009848,35.56,21.95,11.1,-1.69,36.03,22.2,11.1,-1.69
05555300,10,12.50625367,32.17,19.44,3.83,-7.7,32.17,20.31,1.7,-5.68
05555300,11,10.21665152,25.65,14.67,-4.72,-15.12,25.65,14.56,-5.85,-15.04
05555300,12,8.810406891,20.71,13.74,-22.56,-29.23,21.49,13.74,-16.84,-24.37
05556500,1,9.149391496,17.04,6.33,-22.74,-31.38,17.04,6.33,-22.81,-32.71
05556500,2,9.837916331,20.74,6.8,-22.24,-30.77,20.74,7.33,-22.24,-30.77
05556500,3,11.00921554,28.77,14.65,-9.87,-22.68,28.43,15.88,-13.06,-22.78
05556500,4,12.76613636,32.59,18.61,-1.33,-12.73,31.07,18.61,0.26,-9.1
05556500,5,12.80982405,34.03,21.24,6.98,-3.38,35.12,21.37,7.38,-3.38
05556500,6,12.35481818,37.26,23.9,14.72,3.34,35.54,23.9,14.72,3.34
05556500,7,11.7661437,37.98,25.29,18.49,8.28,37.76,25.29,18.16,8.28
05556500,8,11.86367302,38.37,24.19,16.09,3.97,35.59,23.97,16.44,6.2
05556500,9,12.99219697,34.64,22.62,9.11,-1.63,34.64,22.55,9.11,-1.63
05556500,10,12.3168695,31.47,19.33,3.83,-8.51,31.47,19.33,0.76,-6.35
05556500,11,10.05174242,24.9,12.02,-5.22,-15.91,24.9,13.71,-8.38,-16.44
05556500,12,8.722650293,19.43,12.56,-22.92,-29.11,20.6,12.56,-16.65,-26.92
05569500,1,9.29026393,19.92,6.85,-21.61,-30.76,17.4,6.85,-21.61,-31.34
05569500,2,10.05881738,19.53,7.7,-21.12,-30.17,21.79,9.27,-21.12,-30.17
05569500,3,11.32552053,29.88,15.42,-9.21,-21.03,28.08,15.69,-13.14,-22.82
05569500,4,12.83589394,32.69,18.26,-0.71,-12.02,31.26,18.26,-0.86,-10.54
05569500,5,12.55359238,33.89,21.69,6.71,-3.13,35.35,21.69,8.79,-3.13
05569500,6,12.1229697,38.43,24.67,14.91,4.37,36.21,24.67,14.91,4.37
05569500,7,11.68579912,38.71,24.97,18.75,9.62,38.48,25.19,16.82,9.83
05569500,8,11.89352639,38.69,24.29,16.54,4.77,35.88,24.18,18.08,7
05569500,9,13.02389394,35.36,22.41,10.44,-1.05,36.33,23.05,10.44,-0.64
05569500,10,12.32710411,31.84,19.67,3.79,-7.55,31.84,19.86,0.08,-5.7
05569500,11,10.39009848,25.54,13.65,-5.53,-15.86,25.54,14.52,-7.68,-16.1
05569500,12,8.940692815,19.96,13.18,-23.45,-29.69,21.16,13.18,-15.49,-25.66
05570000,1,9.318533724,19.88,6.36,-21.24,-30.58,17.65,6.36,-21.24,-30.59
05570000,2,10.07749799,19.78,8.11,-21.11,-30.13,22.17,9.28,-21.11,-30.13
05570000,3,11.31638563,29.89,15.3,-8.89,-20.91,27.96,15.5,-12.96,-22.81
05570000,4,12.77342424,32.5,18.04,-0.59,-11.55,31.35,18.04,-0.98,-10.94
05570000,5,12.45919355,33.97,21.79,7.17,-2.76,35.38,21.79,9.17,-2.76
05570000,6,12.0460303,38.61,24.59,14.82,4.77,36.41,24.59,14.82,4.77
05570000,7,11.64770528,38.77,24.99,19.19,10.15,38.7,25.12,16.96,9.99
05570000,8,11.8657478,38.78,24.37,17.19,5.02,36.11,24.32,18.52,7.36
05570000,9,12.98750758,35.55,22.38,10.55,-0.93,36.65,23.06,10.55,-0.55
05570000,10,12.32337243,32.65,19.9,3.65,-7.19,32.65,20.05,0.36,-5.43
05570000,11,10.41415152,25.87,14.02,-5.32,-16.22,25.87,14.71,-7.68,-16.22
05570000,12,8.965810117,20.49,13.19,-23.33,-29.64,21.34,13.19,-15.25,-25.28
05582000,1,9.311473607,19.41,11.66,-19.13,-30.36,19.41,11.66,-19.62,-29.54
05582000,2,10.14991955,21.3,10.54,-16.76,-27.62,22.72,10.54,-16.76,-27.62
05582000,3,11.45520528,29.33,15.63,-7.21,-18.7,28.47,16.39,-9.5,-19.39
05582000,4,12.95506818,32.32,18.28,-0.39,-9.57,31.31,18.28,1.68,-11.91
05582000,5,12.64557185,33.99,21.39,9.84,-2.24,35.18,21.71,10.06,-2.24
05582000,6,12.30268939,38.3,24.32,15.29,4.01,37.72,24.32,15.29,4.01
05582000,7,11.87007331,38.35,25.11,20.76,9.54,39.37,25.11,18.33,9.54
05582000,8,12.26910557,38.84,23.93,18.88,4.47,36.51,23.93,18.88,7.98
05582000,9,13.58344697,35.98,22.39,12.41,-1.26,37.59,22.59,12.41,-1.26
05582000,10,12.77203079,33.07,19.74,4.23,-6.82,33.07,20.49,1.61,-5.54
05582000,11,10.57069697,26.03,15.73,-4.27,-16.26,26.39,15.11,-7.15,-16.26
05582000,12,8.969373167,21.19,14.23,-22.26,-29.32,21.72,14.23,-14.86,-22.46
05584500,1,9.485395894,19.38,7,-19.39,-29.92,18.96,7,-20.07,-29.09
05584500,2,10.27827836,21.3,8.9,-20.76,-29.47,23.54,9.32,-20.76,-29.47
05584500,3,11.35396628,29.03,15.07,-8.79,-20.28,27.46,15.52,-12.78,-22.72
05584500,4,12.54325758,32.08,17.88,-0.08,-10.34,31.05,17.88,-2.15,-12.86
05584500,5,12.07326246,34.11,21.71,8.7,-1.19,35.26,22.42,10.13,-1.19
05584500,6,11.74387879,38.87,24.71,14.34,5.8,37.66,24.71,14.34,5.8
05584500,7,11.52532258,39.47,25.12,20.43,10.26,39.86,25.12,16.01,10.26
05584500,8,11.78118035,39.46,25.02,18.75,5.76,37.21,25.02,18.75,8.59
05584500,9,12.80174242,36.53,22.44,10.46,-0.8,37.97,22.85,10.46,0.12
05584500,10,12.22425953,34.46,20.15,3.01,-5.8,34.46,20.78,1.68,-4.63
05584500,11,10.51265152,26.59,15.02,-5.79,-17.65,26.59,15.24,-7.34,-17.65
05584500,12,9.15125,21.64,12.98,-22.63,-29.34,22.38,12.98,-15.17,-23.48
05585000,1,9.500065982,19.73,7.69,-19.03,-29.7,19.24,7.69,-19.99,-29.03
05585000,2,10.32899437,21.79,9.28,-20.56,-29.09,23.81,9.49,-20.56,-29.09
05585000,3,11.39045455,29.05,15.06,-8.68,-20.06,27.57,15.57,-12.8,-22.43
05585000,4,12.55908333,32.14,17.99,0.11,-9.89,31.04,17.99,-1.89,-12.3
05585000,5,12.07014663,34.09,21.58,8.65,-1.01,35.2,22.39,10.38,-1.01
05585000,6,11.75552273,38.84,24.62,14.58,5.8,38.01,24.62,14.58,5.8
05585000,7,11.55337243,39.48,25.19,20.49,10.38,39.93,25.19,15.98,10.38
05585000,8,11.83928152,39.29,25.07,18.7,5.83,37.68,25.07,18.7,8.73
05585000,9,12.86906818,36.46,22.48,10.43,-0.51,38.23,22.95,10.43,0.03
05585000,10,12.28155425,34.45,20.07,3.19,-5.65,34.45,20.92,1.81,-4.57
05585000,11,10.55685606,26.68,15.19,-5.85,-17.68,26.68,15.53,-7.13,-17.68
05585000,12,9.182225073,21.62,13.09,-22.43,-29.3,22.52,13.09,-15.01,-23.11
05591550,1,8.993951613,19.44,12.45,-20.95,-30.06,19.44,12.45,-19.03,-29.8
05591550,2,9.924320193,22.56,11.31,-16.62,-27.05,22.56,11.31,-16.62,-27.05
05591550,3,11.10158358,28.98,16.46,-7.73,-16.04,28.16,17.5,-10.07,-19.74
05591550,4,12.4267803,30.79,18.83,0.8,-7.06,30.79,18.83,0.8,-6.99
05591550,5,12.05711877,33.7,22.08,9.57,-1.13,34.94,22.08,9.06,-1.13
05591550,6,11.91218182,37.83,25.09,15.33,4.04,38.87,25.09,15.33,4.04
05591550,7,11.56130499,38.3,25.1,19.58,9.15,40.07,25.1,20.09,9.15
05591550,8,12.0483871,38.75,23.95,19.73,4.88,37.38,23.95,19.73,8.31
05591550,9,13.20893182,36.45,22.54,12.84,-0.13,37.27,21.95,12.84,-0.13
05591550,10,12.43799853,32.85,19.56,3.86,-6.47,33.4,20.61,2.94,-4.01
05591550,11,10.33826515,25.94,15.59,-4.2,-15.03,26.66,15.34,-7.91,-15.19
05591550,12,8.670714809,21.56,15.39,-21.86,-29.23,21.56,15.39,-14.49,-19.25
05592050,1,9.125879765,19.92,12.74,-19.55,-29.57,19.92,12.74,-18.6,-28.14
05592050,2,10.10072405,22.56,11.47,-15.87,-27.26,22.56,11.47,-15.87,-27.26
05592050,3,11.26828446,28.89,15.85,-6.8,-16.17,28.04,17.17,-9.49,-19.77
05592050,4,12.59920455,30.68,18.96,0.89,-6.78,30.68,18.96,1.7,-7.57
05592050,5,12.1875,34.05,21.91,10.46,-0.82,35.13,21.91,9.25,-0.82
05592050,6,12.04018939,37.48,24.35,14.91,4.72,38.61,24.35,14.91,4.72
05592050,7,11.72167889,38.27,24.93,20.92,10.37,39.85,25.19,20.18,10.11
05592050,8,12.23326979,38.87,23.93,19.69,4.93,37.58,23.93,19.69,8.5
05592050,9,13.44466667,36.38,22.41,12.84,-0.69,37.47,22.11,12.84,-0.69
05592050,10,12.67532258,33.09,19.78,4.45,-6.19,33.13,20.36,1.87,-4.64
05592050,11,10.53051515,26.46,16.01,-3.14,-15.85,26.89,15.6,-8.09,-15.85
05592050,12,8.866660557,21.56,14.88,-21.77,-28.91,21.56,14.88,-13.8,-19.5
05592500,1,9.153145161,19.7,12.74,-19.19,-29.69,19.7,12.74,-18.32,-28.67
05592500,2,10.09533387,22.25,11.13,-16.06,-27.29,22.3,11.13,-16.06,-26.87
05592500,3,11.28926686,28.79,15.85,-6.7,-16.49,28.39,16.81,-9.2,-19.37
05592500,4,12.6582197,31.18,18.86,1.01,-7.45,31.18,18.86,1.18,-7.83
05592500,5,12.29107771,33.39,21.81,10.87,-0.72,34.92,21.81,9.83,-0.72
05592500,6,12.10654545,37.9,24.6,14.82,4.54,38.75,24.6,14.82,4.54
05592500,7,11.73244135,38.02,24.78,20.55,9.84,39.93,24.94,20.3,9.84
05592500,8,12.20418622,38.82,23.79,19.45,4.93,37.15,23.79,19.45,8.48
05592500,9,13.41944697,36.23,22.11,13.52,-0.65,37.47,21.94,13.52,-0.65
05592500,10,12.70046188,33.1,19.72,4.23,-6.51,33.22,20.32,2.96,-4.41
05592500,11,10.54455303,26.26,15.96,-3.78,-15.17,26.96,15.15,-7.22,-15.17
05592500,12,8.861315982,21.6,14.75,-21.33,-29,21.5,14.75,-13.56,-20.28
05592575,1,9.28776393,19.95,13.58,-17.09,-28.87,19.95,13.58,-18.78,-28.87
05592575,2,10.34356396,23.45,12.03,-15.58,-28.13,23.45,13.01,-15.58,-26.2
05592575,3,11.37560117,28.93,16.61,-5.91,-15.72,28.16,17.83,-8.4,-18.03
05592575,4,12.54111364,31.86,19.32,1.24,-5.98,31.17,19.32,1.24,-5.42
05592575,5,12.0677566,33.7,22.1,10.82,0.82,34.32,22.1,9.75,0.69
05592575,6,12.02686364,38.1,24.37,14.56,5.3,40.13,24.37,14.56,5.3
05592575,7,11.75032991,38.26,24.98,19.09,11.16,40.85,26.07,20.09,9.91
05592575,8,12.30265396,39.11,24.63,20.18,5.83,37.97,24.63,20.18,8.61
05592575,9,13.31367424,36.91,22.27,13.71,-0.36,37.36,22.48,13.71,-0.36
05592575,10,12.80502199,32.98,20.02,4.35,-6.31,33.97,20.28,1.94,-4.32
05592575,11,10.71525,26.58,16.39,-3.58,-14.54,27.63,15.79,-6.97,-14.58
05592575,12,9.074329179,22.2,14.57,-20.69,-28.67,20.99,14.45,-11.57,-19.99
05593000,1,9.210571848,19.8,12.95,-18.18,-29.26,19.8,12.95,-18.14,-28.55
05593000,2,10.17936444,22.46,11.22,-15.93,-27.35,22.56,11.22,-15.93,-26.46
05593000,3,11.33355572,28.68,16.02,-6.62,-16.2,28.35,16.82,-8.8,-18.77
05593000,4,12.63689394,31.28,18.94,1.23,-6.94,31.28,18.94,1.26,-6.9
05593000,5,12.23743402,33.39,21.84,11.28,-0.09,34.7,21.84,10.16,-0.09
05593000,6,12.0852197,38.07,24.57,14.86,4.93,39.13,24.57,14.86,4.93
05593000,7,11.72478739,38.14,24.68,20.41,10.35,40.08,24.95,20.85,10.11
05593000,8,12.20901026,38.78,23.86,19.58,5.19,37.17,23.86,19.58,8.66
05593000,9,13.37565152,36.21,21.95,13.58,-0.46,37.45,22.05,13.58,-0.46
05593000,10,12.73980938,33.12,19.77,4.27,-6.47,33.42,20.28,3.08,-4.28
05593000,11,10.61876515,26.39,16.07,-3.71,-14.82,27.19,15.02,-6.9,-14.82
05593000,12,8.943592375,21.85,14.58,-20.87,-28.86,21.45,14.58,-12.91,-20.18
05593575,1,9.585271261,20.19,14.41,-16.34,-26.72,20.27,14.41,-16.48,-26.54
05593575,2,10.61352373,24.94,13.85,-14.6,-26.28,24.94,13.85,-14.6,-24.52
05593575,3,11.57211144,29.16,17.2,-6.16,-14.72,28.05,17.2,-6.59,-15.33
05593575,4,12.4555,32.14,18.79,2.36,-4.89,31.69,18.79,2.39,-4.89
05593575,5,11.84218475,33.24,22.26,10.24,2.15,34,22.26,10.24,1.76
05593575,6,11.86192424,38.69,24.42,14.88,6.85,40.53,25.59,14.88,6.85
05593575,7,11.54579179,38.91,25.23,18.37,12.22,40.59,26.42,18.79,10.82
05593575,8,12.11433284,39.7,25.3,20.11,6.83,39.7,25.3,20.11,8.87
05593575,9,12.97941667,37.2,22.59,11.83,0.83,37.03,22.96,11.83,0.83
05593575,10,12.85019795,32.84,20.13,4.24,-5.52,34.15,20.36,2.62,-4.15
05593575,11,10.94635606,27.66,16.98,-3.01,-13.86,28.18,16.03,-4.6,-13.86
05593575,12,9.398702346,23.01,14.46,-19.25,-27.93,22.47,14.13,-10.43,-18.93
05593900,1,9.165087977,20.4,12.89,-16.41,-29.01,20.4,12.89,-17.85,-28.2
05593900,2,10.20518906,23.63,11.75,-15.49,-27.37,23.63,12.02,-15.49,-27.37
05593900,3,11.32367302,29.08,16.28,-6.24,-16.38,28.01,16.73,-8.29,-18.3
05593900,4,12.62464394,31.4,19.05,1.03,-6.54,31.26,19.05,1.03,-7.05
05593900,5,12.15774927,33.97,21.56,11.18,0.19,34.33,21.56,9.4,0.19
05593900,6,12.04633333,37.67,24.36,13.74,5.29,39.21,24.35,13.74,5.29
05593900,7,11.76824047,38.19,25.05,18.95,11.3,40.29,25.74,19.82,9.56
05593900,8,12.28458944,39.17,24.46,19.81,5.02,38.04,24.46,19.81,8.88
05593900,9,13.48205303,37,22.56,12.78,-0.57,37.72,22.73,12.78,-0.57
05593900,10,12.8008651,32.87,20.13,4.61,-6.18,33.37,20.43,2.52,-4.58
05593900,11,10.64321212,26.8,16.24,-3.34,-16.47,27.45,16.3,-7.11,-16.47
05593900,12,8.97297654,21.64,14.75,-21.05,-28.86,21.12,14.75,-10.9,-19.97
05594000,1,9.333665689,20.85,13.17,-16.15,-28.06,20.85,13.17,-17.25,-26.94
05594000,2,10.36393403,24.55,12.64,-15.33,-27.19,24.55,12.64,-15.33,-26.43
05594000,3,11.38657625,29.21,16.52,-6.24,-15.98,28.1,16.88,-7.84,-17.14
05594000,4,12.51025758,31.85,19.01,1.7,-6.08,31.63,19.01,1.7,-5.84
05594000,5,11.96319648,33.51,22.14,11.04,1.26,34.19,22.14,10.69,1.36
05594000,6,11.86012121,38.05,24.47,14.03,6.59,39.81,24.47,14.03,6.59
05594000,7,11.5902346,38.38,25.42,18.65,11.66,40.43,26.42,20.19,10.4
05594000,8,12.09029326,39.07,24.63,19.79,5.74,39.07,24.63,19.79,9.28
05594000,9,13.17471212,37.16,22.3,12.55,0.12,37.69,22.78,12.55,0.12
05594000,10,12.71354839,33.05,20.22,4.52,-5.9,33.68,20.35,2.66,-4.31
05594000,11,10.71083333,27.01,16.44,-3.36,-15.73,27.73,15.54,-6.49,-15.73
05594000,12,9.104934018,22.17,14.43,-20.17,-28.46,21.78,14.43,-10.7,-19.25
05595730,1,9.547250733,20.65,14.36,-16.43,-27.6,20.65,14.36,-17.07,-27.6
05595730,2,10.5752856,24.19,13.68,-14.65,-26.59,24.19,13.68,-14.65,-24.41
05595730,3,11.51568182,28.87,17.39,-6.28,-14.43,27.95,17.39,-6.62,-16.22
05595730,4,12.43259848,31.96,19.06,2.11,-5.26,31.46,19.06,2.11,-4.82
05595730,5,11.84095308,33.3,22.23,9.98,1.65,33.78,22.23,9.98,1.65
05595730,6,11.88025,38.74,24.33,14.95,6.35,40.67,25.55,14.95,6.35
05595730,7,11.54204545,38.71,25.12,18.26,12.15,40.57,25.98,18.76,10.53
05595730,8,12.15708944,39.39,25.24,20.22,6.81,39.39,25.24,20.22,8.96
05595730,9,13.00886364,36.79,22.52,12.02,0.71,36.75,22.84,12.02,0.83
05595730,10,12.86933284,32.87,20.02,3.83,-5.96,33.92,20.44,2.53,-4.19
05595730,11,10.94821212,27.58,16.91,-3.28,-13.42,27.99,16.05,-4.82,-13.42
05595730,12,9.397756598,22.99,14.5,-19.48,-27.94,22.04,13.83,-10.34,-19.3
06037500,1,11.67060117,6.39,0.27,-20.15,-39.18,7.75,0.27,-16.76,-35.73
06037500,2,13.34015286,11.38,0.01,-20.75,-42.72,8.63,-0.15,-16.6,-36.18
06037500,3,13.8926393,13.22,0.61,-8.51,-31.21,14.04,1.64,-8.51,-31.21
06037500,4,13.94618939,19.43,2.05,-6.92,-25.04,20.31,2.05,-6.92,-23.92
06037500,5,13.67708211,24.33,6.37,-0.62,-14.89,24.33,6.37,-0.44,-14.89
06037500,6,15.09944697,29.1,9.85,2.11,-6.33,28.75,11.25,2.11,-5.27
06037500,7,17.38587977,31.13,12.4,5.44,-5.41,31.13,12.4,5.44,-1.44
06037500,8,17.5104912,30.45,10.46,6.7,-6.26,30.45,10.77,6.08,-6.26
06037500,9,15.92376515,26.27,8.5,-2.77,-17.47,27.51,9.27,-2.77,-11.25
06037500,10,12.69471408,23.12,4.26,-8.37,-23.5,23.12,5.09,-10.52,-26.89
06037500,11,10.7640303,13.98,3.78,-18.94,-30.52,14.3,3.78,-18.94,-30.36
06037500,12,10.84115836,5.4,-0.09,-26.86,-39.3,8.44,-0.09,-20.54,-37.01
06043500,1,10.25667155,8.67,-0.18,-18.93,-33.79,9.68,-0.18,-18.56,-32.03
06043500,2,11.71527755,11.49,1.72,-26.88,-41.08,11.01,2.06,-20.02,-33.09
06043500,3,12.56540323,15.17,1.02,-10.07,-28.35,15.2,4.63,-11.02,-26.87
06043500,4,13.26985606,21.13,3.83,-8.29,-25.39,21.27,3.83,-8.29,-21.18
06043500,5,13.3156305,25.21,7.77,0.47,-11.95,25.21,7.77,0.55,-11.55
06043500,6,14.38954545,30.14,11.51,3.32,-6.23,29.47,12.62,3.32,-4.97
06043500,7,16.25271261,31.75,13.49,6.8,-6.72,31.75,13.49,6.8,0.04
06043500,8,16.32065249,31.13,12.48,6.65,-4.16,30.94,12.48,6.65,-4.16
06043500,9,14.71624242,27.66,11.14,-2.51,-16.28,28.95,11.14,-2.51,-9.47
06043500,10,12.20131965,23.84,6.53,-10.45,-23.44,23.84,7.59,-10.45,-23.44
06043500,11,10.13813636,15.68,5.6,-18.39,-28.55,14.66,5.6,-18.39,-27.31
06043500,12,9.764622434,7.18,-0.12,-29.48,-39.04,9.36,0.96,-23.91,-33.63
06154410,1,11.26256598,16.72,6.86,-28.79,-38.58,16.72,6.86,-24.96,-34.08
06154410,2,11.2877313,18.55,4.56,-27.28,-36.45,18.55,5.59,-24.18,-35.03
06154410,3,11.34345308,21.32,8.02,-18.71,-28.96,21.32,7.53,-22.46,-30.56
06154410,4,11.76303788,25.9,11.8,-8.96,-19.7,25.9,12.25,-10.8,-19.7
06154410,5,11.74360704,30.12,14.79,-2.05,-9.07,28.56,14.79,-1.71,-9.07
06154410,6,12.23178788,35.37,19.37,6.4,-2.06,32.8,18.75,6.4,-2.06
06154410,7,13.76612903,36.31,21.13,8.8,2.22,36.31,21.13,8.8,2.39
06154410,8,13.86654692,37.16,20.55,4.31,-1.17,36.53,20.55,4.31,-0.36
06154410,9,12.94295455,32.85,18.53,-2.38,-8.99,32.69,18.53,-1.2,-8.42
06154410,10,11.65247801,29.53,13.5,-11.54,-22.66,29.53,14.75,-11.54,-21.98
06154410,11,10.61368939,23.75,9.56,-25.24,-34.35,23.75,10.14,-20.02,-27.24
06154410,12,10.64741202,15.4,4.39,-28.22,-41.56,15.4,4.39,-23.42,-34.66
06188000,1,10.1763563,6.63,0.09,-20.49,-35.8,7.71,0.09,-19.17,-34.11
06188000,2,11.99868866,12.13,0.77,-22.64,-39.37,8.96,-0.33,-19.43,-34.78
06188000,3,13.00331378,13.57,-0.01,-10.87,-30.11,14.31,2.01,-10.87,-27.94
06188000,4,13.52259091,19.89,2.35,-7.31,-24.34,19.49,2.35,-7.31,-23.78
06188000,5,13.08201613,23.35,5.49,-2.54,-15.47,23.35,5.49,-1.32,-15.06
06188000,6,14.0105303,26.54,8.67,0.63,-7.18,26.84,10.65,1.2,-7.18
06188000,7,15.77208211,29.13,11.75,4.22,-3.66,29.13,11.75,4.22,-1.21
06188000,8,15.5876393,28.58,10.18,5.57,-5.02,28.31,10.18,5.7,-5.02
06188000,9,14.05898485,25.06,9.3,-4.93,-17.32,26.32,9.3,-4.93,-12.12
06188000,10,11.41141496,22.02,4.37,-10.61,-25,22.02,4.79,-11.81,-25.57
06188000,11,9.601848485,12.79,3.43,-19.8,-29.03,13.01,3.43,-19.8,-29.62
06188000,12,9.424633431,5.55,-0.8,-28.68,-40.37,7.71,-0.8,-22.84,-34.25
06191500,1,10.66500733,6.9,0.25,-20.04,-36.55,8.13,0.25,-18.27,-32.65
06191500,2,12.25944489,11.03,-0.24,-20.58,-39.99,8.96,-0.43,-17.89,-33.33
06191500,3,13.08622434,13.49,0.12,-9.52,-29.16,13.94,1.94,-9.52,-27.35
06191500,4,13.49003788,19.12,2.53,-6.88,-23.34,19.99,2.53,-6.88,-22.84
06191500,5,13.17774194,23.58,6.23,-2.38,-14.44,23.58,6.23,-1.1,-14.44
06191500,6,14.24542424,27.17,9.19,1.46,-6.61,27.25,10.81,1.46,-5.84
06191500,7,16.02951613,29.76,11.69,4.86,-4.91,29.76,11.69,4.86,-1.07
06191500,8,15.99300587,28.55,10.29,8.25,-4.86,28.76,10.29,6.49,-4.86
06191500,9,14.48603788,25.23,9.36,-3.62,-16.97,26.47,9.36,-3.62,-11.38
06191500,10,11.78606305,22.21,4.37,-9.98,-23.83,22.21,4.89,-11.22,-24.24
06191500,11,9.999787879,13.07,4.04,-19.27,-29.29,13.22,4.04,-19.27,-28.65
06191500,12,9.928647361,5.31,-0.36,-26.89,-39.42,7.65,-0.36,-20.9,-33.47
06192500,1,10.64026393,7.99,0.45,-19.28,-35.31,9.24,0.45,-18.42,-32.02
06192500,2,12.13497989,11.54,0.61,-22.1,-39.28,10.13,0.86,-18.44,-33.18
06192500,3,12.98271261,14.85,0.67,-9.33,-28.5,14.85,3.2,-9.33,-26.46
06192500,4,13.52029545,20.41,3.15,-6.62,-22.49,21.05,3.15,-6.62,-21.27
06192500,5,13.37207478,24.65,7.15,-1.22,-12.93,24.65,7.15,-0.32,-12.93
06192500,6,14.46616667,28.24,10.3,2.31,-5.61,28.36,11.41,2.31,-5.08
06192500,7,16.32829912,30.88,12.45,6.2,-4.26,30.88,12.45,6.2,-0.45
06192500,8,16.3329912,29.46,11.14,8.3,-4.22,29.94,11.14,7.91,-4.22
06192500,9,14.79940909,26.4,10.02,-2.92,-16.14,27.79,10.02,-2.92,-10.58
06192500,10,12.09618035,23.33,4.97,-9.31,-23.67,23.33,5.53,-10.79,-23.67
06192500,11,10.15634848,14.04,5.03,-18.34,-28.86,14.04,5.03,-18.34,-27.98
06192500,12,9.988445748,6.48,0.23,-26.92,-39.38,8.7,0.23,-21.13,-33
06221400,1,11.37489003,12.18,0.54,-27.79,-34.6,13.67,0.54,-22.05,-32.95
06221400,2,12.16154465,12.63,-1.16,-27.6,-39.67,10.5,-1.16,-20.09,-32.67
06221400,3,12.72292522,15.16,1.1,-16.88,-29.66,12.73,2.99,-13.56,-29.62
06221400,4,12.54337121,16.96,4.74,-14.86,-26.63,16.34,4.74,-8.7,-25.2
06221400,5,11.31628299,20.15,9.47,-10.89,-20.88,20.15,9.47,-4.06,-16.71
06221400,6,12.14298485,25.63,10.18,-2.48,-11.76,23.87,10.71,-0.76,-7.86
06221400,7,13.21631965,27.43,13.09,3.21,-12.43,27.43,13.09,3.21,-4.13
06221400,8,13.30481672,25.47,11.71,3.21,-8.57,25.47,11.71,3.21,-4.78
06221400,9,11.83978788,23.3,9.85,-8.64,-18.96,23.3,9.98,-4.28,-15.35
06221400,10,10.27670821,19.77,5.75,-12.51,-26.18,18.68,5.75,-15.02,-26.18
06221400,11,10.22664394,17.49,3.44,-22.22,-35.65,13.69,3.44,-20.56,-31.96
06221400,12,10.54177786,9.83,-0.27,-27.73,-42.72,9.16,-0.27,-24.85,-37.65
06224000,1,12.26071848,11.5,0.1,-25.77,-34.81,13.49,0.1,-19.67,-31.34
06224000,2,12.86511665,12.33,-1.25,-25.78,-39.03,10.71,-1.25,-20.25,-31.63
06224000,3,13.20735337,16.39,1.42,-14.83,-28.73,13.19,2.48,-12.16,-28.73
06224000,4,12.95720455,17.11,3.85,-13.18,-24.28,17.13,3.77,-8.52,-24.06
06224000,5,11.93104106,21.34,8.66,-9.25,-19.92,21.34,8.66,-2.8,-16.43
06224000,6,12.82260606,26.5,10.33,-1.16,-10.72,24.81,10.93,1.33,-6.74
06224000,7,13.83792522,27.79,13.2,5.64,-10.04,27.79,13.2,5.64,-3.6
06224000,8,13.92482405,26.39,11.53,4.94,-8.36,26.39,11.53,4.94,-3.96
06224000,9,12.51752273,24.52,9.82,-8.76,-17.92,23.74,10.1,-3.46,-14.69
06224000,10,11.0247434,18.94,5.22,-11.07,-25.01,18.94,5.56,-15.18,-25.01
06224000,11,11.01090909,16.07,3.38,-23.73,-35.48,14.37,3.38,-19.06,-30.26
06224000,12,11.45163856,9.93,-0.82,-26.37,-40.95,9.98,-0.82,-23.54,-35.08
06225500,1,12.19673754,9.45,0.15,-22.12,-35.49,11.36,0.15,-20.6,-29.48
06225500,2,13.14388576,10.22,-1.65,-21.96,-36.78,10.41,-1.65,-18.65,-32.28
06225500,3,13.7711217,14.39,0.31,-11.51,-26.89,14.78,2.24,-11.06,-26.89
06225500,4,13.90705303,19.8,3.52,-8.97,-21.91,20.57,3.52,-6.08,-21.48
06225500,5,13.47277126,24.42,8.13,-5.01,-15.14,24.42,8.13,-0.2,-14.14
06225500,6,14.80620455,28.25,9.99,2.57,-8.99,27.36,10.51,2.57,-4.82
06225500,7,16.1170088,30.15,12.25,8.03,-6.29,30.15,12.25,8.03,-1.62
06225500,8,16.11012463,28.77,11.33,8.68,-4.08,28.77,11.33,8.68,-3.08
06225500,9,14.69875758,25.07,9.82,-3.09,-15.63,27.2,9.82,-2.36,-11.12
06225500,10,12.58744135,22.01,4.24,-10.08,-23.37,22.01,5.37,-11.95,-23.85
06225500,11,11.52226515,15.87,3.88,-17.16,-30.22,14.81,3.88,-17.16,-29.84
06225500,12,11.49397727,9.2,-1,-26.23,-40.14,8.85,-1,-21.57,-34.75
06278300,1,10.4768915,13.3,0.89,-28.85,-40.2,10.91,0.89,-23.71,-32.65
06278300,2,11.66514079,12.63,0.46,-25.38,-44.79,11.12,0.03,-21.59,-36.13
06278300,3,12.11031525,13.5,2.48,-21.02,-36.42,13.61,3.8,-15.9,-28.13
06278300,4,11.83062879,18.74,6.2,-16.67,-29.76,16.16,3.47,-14.41,-26.16
06278300,5,11.27565982,22.79,7.88,-7.07,-19.8,18.92,6.94,-4.5,-17.07
06278300,6,12.36664394,27.98,13.92,-3.25,-10.15,24.66,12.33,-0.56,-7.66
06278300,7,13.51627566,28.01,12,4.51,-9.75,26.68,13.1,4.51,-2.51
06278300,8,13.16349707,31.62,11.84,-0.41,-7.31,26.02,11.84,3.03,-5.8
06278300,9,11.80438636,23.95,10.69,-11.18,-25.5,22.76,10.69,-5.68,-15.06
06278300,10,10.04610704,17.93,6.03,-14.28,-27.67,18.81,7.66,-14.45,-26.7
06278300,11,9.740166667,13.02,4.3,-20.33,-34.8,13.73,4.3,-19.63,-31.71
06278300,12,9.982162757,9.72,-0.17,-30.75,-45.69,8.8,1.63,-24.72,-35.91
06280300,1,9.689985337,10.26,-0.21,-25.6,-36.99,9.83,-0.21,-21.61,-32.31
06280300,2,10.94236525,7.45,-0.74,-25.05,-42.2,8.05,0.27,-19.17,-33.73
06280300,3,12.06118768,11.59,1.28,-14.19,-29.59,11.88,3.02,-14.19,-27.12
06280300,4,12.65013636,16.53,3.27,-11.44,-24.77,17.8,3.27,-8.63,-24.94
06280300,5,11.88041789,20.53,6.27,-9.91,-18.7,20.53,6.27,-4,-16.23
06280300,6,12.70432576,25.81,10.03,-1.63,-11.29,24.61,9.27,-1.22,-6.47
06280300,7,13.83596041,27.41,12.25,2.35,-8.83,26.7,12.25,3.16,-2.2
06280300,8,13.63291789,26.99,11.25,5.76,-5.63,25.54,11.25,5.76,-3.53
06280300,9,12.17262879,25.67,9.49,-8.12,-18.92,23.69,9.49,-5.44,-14.47
06280300,10,10.05395894,19.5,4.94,-13.16,-25.1,19.5,5.57,-13.94,-27.28
06280300,11,9.058954545,12.85,3.94,-20.84,-30.8,11.18,3.94,-20.84,-31.05
06280300,12,9.157760264,8.55,-0.59,-28.66,-41.79,7.11,-0.59,-25.14,-35.8
06289000,1,10.47167155,12.69,2.93,-22.25,-36.45,12.7,3.81,-21.21,-33.02
06289000,2,11.27029767,14.39,1.19,-25.22,-38.83,11.01,2.2,-21.94,-33.29
06289000,3,11.99213343,16.05,3.45,-14.84,-28.88,16.05,4.23,-14.72,-26.89
06289000,4,12.06573485,20.93,6.49,-10.9,-22.72,21.67,6.62,-10.9,-21.47
06289000,5,11.81321848,25.22,9.63,-3.93,-14.71,23.65,9.74,-3.93,-11
06289000,6,12.82584848,31.26,14.4,2.27,-5.52,28.75,14.6,2.27,-5.02
06289000,7,14.2466349,32.16,16.45,9.4,-3.87,32.16,16.45,9.4,0.86
06289000,8,14.13628299,31.08,15.98,4.44,-2.34,29.84,15.98,4.44,-2.34
06289000,9,12.89991667,27.4,13.56,-7.15,-18.98,27.4,13.56,-3.41,-11.95
06289000,10,11.0101393,22.54,9.25,-12.14,-24.66,23.37,10.74,-12.77,-24.66
06289000,11,10.07678788,16.54,5.87,-19.23,-31.02,16.54,5.87,-18.25,-28.34
06289000,12,9.967972874,8.77,1.4,-29.33,-43.75,10.31,2.92,-24.64,-33.49
06291500,1,10.7725,13.83,4.51,-20.43,-34.19,14.84,5.83,-20.43,-32.71
06291500,2,11.41797265,15.61,3.1,-25.31,-36.56,13.88,3.52,-21.56,-31.86
06291500,3,12.23029326,19.27,6.18,-12.52,-26.89,19.27,6.18,-15.77,-27.35
06291500,4,12.45356818,23.68,8.49,-7.93,-19.12,24.57,8.81,-7.93,-19.12
06291500,5,12.32915689,27.47,11.96,-1.63,-10.99,27.24,11.96,-1.51,-8.77
06291500,6,13.3294697,33.29,16.45,4.02,-3.44,31.62,16.44,4.02,-3.44
06291500,7,14.88204545,35.47,18.58,11.83,-0.98,35.47,18.58,11.83,1.86
06291500,8,14.86575513,33.48,18.01,6.15,-0.49,33.48,18.01,6.15,-0.49
06291500,9,13.67313636,30.9,16.14,-4.44,-15.05,30.85,16.14,-1.74,-9.39
06291500,10,11.75834311,25.87,10.94,-10.72,-24.14,26.41,12.73,-10.93,-24.14
06291500,11,10.5995,19.22,8.26,-18.52,-29.36,19.22,8.26,-17.75,-26.93
06291500,12,10.32429252,11.15,3.05,-28.34,-42.28,12.41,4.06,-23.46,-31.93
06311000,1,11.22530059,15.62,1.64,-25.91,-35.69,11.84,1.64,-21.89,-31.23
06311000,2,11.86632341,15.33,2.24,-28.77,-39.14,12.14,-0.49,-20.62,-33.29
06311000,3,12.09123167,14.5,5.13,-17.32,-30.65,15.86,3.24,-14.6,-25.77
06311000,4,11.87026515,19.91,7.71,-11.3,-25.38,19.28,4.8,-11.3,-22.73
06311000,5,11.52921554,25.02,11.08,-6.27,-14.78,22.04,7.99,-3.05,-13.86
06311000,6,12.9290303,29.37,16.75,0.69,-9.8,27.74,12.96,1.12,-4.75
06311000,7,14.19447947,29.86,16.46,6.72,-4.2,29.43,14.26,6.72,-0.85
06311000,8,13.9711217,30.15,14.15,3.37,-4.51,29.23,14.15,5.18,-2.9
06311000,9,12.67034091,27.67,15.08,-7.84,-19.71,26.28,12.12,-4.29,-12.34
06311000,10,10.85129032,20.9,7.08,-11.99,-24.44,22.14,7.93,-13.88,-24.88
06311000,11,10.43393182,14.51,4.4,-16.86,-33.84,15.62,4.4,-18.51,-30.65
06311000,12,10.80187683,13.72,0.27,-27.26,-41.12,10.06,1.69,-22.59,-34.2
06332515,1,11.28190616,12.59,1.29,-28.95,-38.65,14.29,1.29,-28.95,-36.82
06332515,2,11.7837329,17.33,1.65,-31.17,-37.95,17.33,0.6,-29.25,-37.95
06332515,3,12.59430352,24.62,6.36,-19.56,-32.4,24.36,4.75,-21.41,-32.4
06332515,4,14.81988636,31.04,11.99,-7.26,-20.59,30.89,11.99,-8.77,-20.59
06332515,5,15.00438416,35.17,17.22,2.24,-9.36,34.14,16.1,2.24,-9.36
06332515,6,14.56524242,40,20.78,9.19,-1.1,36.03,20.17,9.19,-1.1
06332515,7,15.67540323,41.91,21.66,14.37,4.23,41.91,21.66,14.37,4.23
06332515,8,16.34607038,38.39,22.49,10.68,-0.36,40.48,21.22,10.68,-0.36
06332515,9,15.74481818,37.67,18.62,2.07,-6.79,37.67,18.21,6.01,-6.52
06332515,10,13.62733138,32.82,11.21,-10.7,-21.95,32.82,14.28,-10.7,-21.95
06332515,11,11.32096212,25.96,5.79,-21.23,-30.7,25.96,4.99,-17.18,-28.55
06332515,12,10.7421151,12.81,0.36,-31.35,-41.08,14.17,1.47,-25.85,-34.21
06334500,1,12.7982478,19.11,2.9,-23.11,-32.94,19.11,2.9,-23.11,-32.94
06334500,2,13.07228479,20.97,1.49,-28.58,-38,20.14,2.65,-21.01,-36.69
06334500,3,13.92120968,25.03,6.45,-15.8,-31.15,27,6.45,-18.7,-31.98
06334500,4,14.6880303,30.12,10.11,-6.55,-18.19,30.27,10.72,-6.55,-20.48
06334500,5,14.58277126,33.65,16.2,1.93,-7.01,33.65,15.36,1.93,-7.01
06334500,6,15.35047727,40.2,20.72,7.19,0.39,40.28,19.02,7.19,0.54
06334500,7,16.81807918,41.32,21.44,16.57,3.69,41.32,21.47,16.57,4.94
06334500,8,17.22534457,39.07,20.92,10.99,0.67,39.07,20.92,10.99,0.67
06334500,9,16.86040909,37.19,17.08,0.64,-8.87,37.19,18.09,4.41,-7.67
06334500,10,14.85999267,32.11,10.06,-9.51,-24.66,32.83,12.01,-9.51,-24.66
06334500,11,13.29517424,25.61,4.87,-17.98,-29.53,25.61,5.08,-17.98,-26.62
06334500,12,12.74834311,17.71,0.98,-27.61,-39.17,17.71,1.95,-22.2,-33.01
06339100,1,11.28851906,14.29,2.26,-28.39,-37.77,15.54,2.26,-28.39,-35.53
06339100,2,11.76358005,17.46,2.64,-30.57,-36.59,17.46,1.38,-28.47,-36.59
06339100,3,12.66961877,24.93,6.34,-18.24,-31.81,25.68,5.35,-20.86,-31.81
06339100,4,14.65876515,30.98,11.36,-7.75,-20.68,30.7,11.36,-8.83,-20.68
06339100,5,14.74861437,34.77,17.11,1.68,-7.74,33.4,16,1.68,-7.74
06339100,6,14.54729545,40.54,21.86,7.72,-0.77,36.31,19.63,7.72,-0.77
06339100,7,15.81090176,41.97,22.49,14.6,4.54,41.97,22.49,14.6,4.54
06339100,8,16.31148827,39.25,22.52,11.69,0.47,40.81,20.73,11.69,0.47
06339100,9,15.68777273,37.77,18.23,2.37,-6.42,37.77,17.89,5.19,-6.42
06339100,10,13.57983871,32.96,10.52,-11.27,-21.6,33.11,13.87,-11.27,-21.6
06339100,11,11.5322197,25.91,5.63,-21.18,-30.46,25.91,5.11,-16.16,-27.34
06339100,12,10.89246701,14.85,1.12,-30.63,-38.97,15.3,1.25,-25.91,-34.96
06339500,1,11.38719208,15.27,1.39,-27.75,-36.58,15.31,1.39,-27.75,-35.56
06339500,2,11.84344328,18.31,2.12,-30.09,-36.38,18.31,1.04,-28.58,-36.38
06339500,3,12.65458944,24.95,6.81,-18.42,-32.17,25.26,4.59,-20.89,-32.17
06339500,4,14.62377273,31.71,11.81,-7.83,-20.65,31.06,11.81,-8.28,-20.65
06339500,5,14.6955132,34.43,17.57,2.04,-7.81,33.24,15.91,2.04,-7.81
06339500,6,14.43617424,39.74,21.51,7.46,-0.53,37.29,20.02,7.46,-0.53
06339500,7,15.58607038,41.48,22.59,15.49,4.72,41.48,22.59,15.49,4.72
06339500,8,16.1192522,39.04,22.77,12.14,1.5,40.25,20.66,12.14,1.5
06339500,9,15.60562879,37.82,18.77,2.59,-6.22,37.14,18.77,5.07,-6.22
06339500,10,13.67286657,33.27,10.58,-10.59,-21.17,33.47,14.15,-10.59,-21.17
06339500,11,11.67421212,26.39,5.56,-20.96,-30.23,26.39,5.15,-15.51,-27.08
06339500,12,10.97002566,14.86,0.5,-30.15,-38.91,15.88,0.5,-25.29,-35.09
06340500,1,11.35878299,15.04,0.93,-27.75,-36.49,14.96,0.93,-27.75,-35.59
06340500,2,11.80952534,18.28,1.81,-30.13,-36.64,18.28,0.99,-28.75,-36.64
06340500,3,12.58235337,24.89,6.93,-18.59,-32.18,24.98,4.34,-21.21,-32.18
06340500,4,14.60451515,31.83,12.06,-7.75,-20.53,31.13,12.06,-8.24,-20.53
06340500,5,14.68645894,34.45,17.65,2.09,-7.97,32.96,15.84,2.09,-7.97
06340500,6,14.36570455,39.51,21.12,7.37,-0.59,37.54,20.1,7.37,-0.59
06340500,7,15.45998534,41.16,22.43,15.62,4.77,41.16,22.43,15.62,4.77
06340500,8,16.01244868,39.07,22.78,12.15,1.63,40.03,20.93,12.15,1.63
06340500,9,15.51843182,37.86,18.83,2.63,-6.22,36.87,18.83,5.01,-6.22
06340500,10,13.62559384,33.22,10.65,-10.32,-20.94,33.22,14.27,-10.32,-20.94
06340500,11,11.60256818,26.19,5.54,-20.87,-30.2,26.19,4.96,-15.89,-27.11
06340500,12,10.8838893,14.13,0.07,-30.14,-39.16,15.63,0.25,-25.29,-34.72
06344600,1,11.3358651,14.87,2.51,-27.32,-37.41,15.59,2.51,-27.32,-35.9
06344600,2,11.77189863,17.98,3.06,-29.96,-36.34,17.98,0.9,-27.6,-36.34
06344600,3,12.67800587,24.73,5.48,-18.25,-31.95,25.89,5.14,-20.6,-31.95
06344600,4,14.48012121,30.93,10.64,-8.2,-20.92,30.65,10.64,-9.11,-20.92
06344600,5,14.50834311,34.27,16.65,1.2,-7.16,33.46,15.61,1.2,-7.16
06344600,6,14.46627273,40.2,22.07,7.21,-0.74,37.11,19.32,7.21,-0.74
06344600,7,15.76584311,41.37,22.73,15.05,4.89,41.37,22.73,15.05,4.89
06344600,8,16.28195015,39.11,22.04,12.66,1.01,40.58,20.66,12.66,1.01
06344600,9,15.67522727,37.68,17.91,2.5,-6.65,37.68,17.72,5.09,-6.65
06344600,10,13.59446481,32.84,9.8,-11.34,-21.69,33.46,13.52,-11.34,-21.69
06344600,11,11.65636364,25.83,5,-21.35,-30.74,25.83,4.63,-16.65,-27.44
06344600,12,11.0082478,15.58,0.66,-30.32,-38.31,15.58,1.52,-25.6,-35.57
06350000,1,11.7161217,17.83,1.55,-25.83,-36.29,16.15,1.55,-25.83,-37.57
06350000,2,12.13423974,20.04,2.5,-29.79,-36.25,20.04,1.25,-27.34,-36.25
06350000,3,12.96071114,24.95,5.94,-18.12,-33.62,25.83,4.95,-19.77,-33.62
06350000,4,14.56678788,32.14,10.32,-8.6,-22.49,32.14,10.32,-8.6,-22.49
06350000,5,14.4755132,34.21,16.21,1.52,-8.32,34.21,16.21,1.52,-8.32
06350000,6,14.54181061,39.89,21.64,6.91,-0.58,39.89,19.48,6.91,-0.58
06350000,7,15.81608504,41.59,21.92,14.81,4.63,41.15,21.92,14.81,4.63
06350000,8,16.41239003,39.6,20.96,12.55,1.33,39.6,20.89,12.55,1.33
06350000,9,16.06254545,38.28,17.74,2.73,-7.44,37.79,17.74,4.85,-7.44
06350000,10,14.13379765,33.52,10.12,-11.01,-21.93,34.05,13.14,-11.01,-21.93
06350000,11,12.37590909,26.92,5.05,-20.89,-30.47,26.92,5.05,-16.89,-27.08
06350000,12,11.56607771,18.08,0.55,-28.73,-37.79,18.08,0.73,-24.82,-35.81
06352000,1,11.80917889,18.56,1.35,-25.47,-36.13,16.71,1.35,-25.47,-37.88
06352000,2,12.23068383,20.44,2,-29.72,-36.16,20.44,1.36,-26.82,-36.16
06352000,3,13.07780792,24.87,5.75,-18.07,-34.14,25.82,4.57,-20.09,-34.14
06352000,4,14.67758333,32.33,10.42,-8.59,-22.63,32.33,10.42,-8.59,-22.63
06352000,5,14.54725806,34.08,16.53,1.71,-8.67,34.08,16.53,1.71,-8.67
06352000,6,14.65192424,40.63,21.79,6.98,-0.71,40.63,19.79,6.98,-0.71
06352000,7,15.9258871,42.06,21.67,14.86,4.8,41.16,21.67,14.86,4.8
06352000,8,16.54695015,39.74,21.29,12.37,1.27,39.74,21.29,12.37,1.27
06352000,9,16.25962121,38.3,17.51,2.86,-7.51,37.97,17.44,4.78,-7.51
06352000,10,14.30604839,33.66,10.14,-11,-21.92,33.87,12.92,-11,-21.92
06352000,11,12.57043939,27.17,4.8,-20.58,-30.04,27.17,4.8,-16.97,-26.81
06352000,12,11.69293255,18.46,1.02,-28.33,-37.62,18.46,1.02,-24.48,-35.56
06353000,1,11.76824047,18.82,1.3,-25.66,-35.79,17.04,1.3,-25.66,-36.69
06353000,2,12.15591311,20.95,1.84,-29.19,-36.7,20.95,1.46,-26.81,-36.7
06353000,3,12.97819648,25.18,5.79,-18.23,-33.81,26.87,4.91,-19.47,-33.81
06353000,4,14.77259091,32.57,11.95,-8.17,-21.3,32.57,11.95,-8.17,-21.3
06353000,5,14.61690616,33.57,16.61,2.15,-8.49,33.57,16.61,2.15,-8.49
06353000,6,14.59835606,42.12,21.82,7.87,-0.64,42.12,21.22,7.87,-0.64
06353000,7,15.74131965,41.64,22.2,15.46,5.57,41.27,21.9,15.46,5.57
06353000,8,16.31372434,39.61,21.97,12.59,2.24,39.61,21.97,12.59,2.26
06353000,9,16.12706818,37.91,17.64,2.62,-6.66,37.89,17.77,5.14,-6.66
06353000,10,14.26770528,33.26,10.48,-10.67,-21.51,33.26,13.63,-10.67,-21.51
06353000,11,12.43983333,27.17,5.31,-20.13,-29.37,27.17,5.31,-15.48,-26.31
06353000,12,11.54070015,18.33,1.09,-28,-36.96,18.33,1.09,-24.24,-34.68
06354000,1,11.73254399,18.29,0.98,-25.96,-35.93,16.69,0.98,-25.96,-36.28
06354000,2,12.10868866,20.77,1.69,-29.17,-37.06,20.77,1.27,-27.36,-37.06
06354000,3,12.88840176,25.23,5.88,-18.23,-33.31,26.75,4.8,-18.97,-33.31
06354000,4,14.73618939,32.51,12.2,-8.1,-20.98,32.51,12.2,-8.1,-20.98
06354000,5,14.59921554,33.43,16.49,2.24,-8.46,33.43,16.37,2.24,-8.46
06354000,6,14.51521212,41.84,21.75,7.76,-0.58,41.84,21.32,7.76,-0.58
06354000,7,15.60491935,41.15,22.28,15.62,5.45,41.09,22.07,15.62,5.45
06354000,8,16.1565176,39.34,21.79,12.76,2.3,39.41,21.79,12.76,2.52
06354000,9,15.95590909,37.86,17.85,2.52,-6.61,37.73,17.85,5.22,-6.61
06354000,10,14.15846041,33.1,10.56,-10.51,-21.32,33.1,13.87,-10.51,-21.32
06354000,11,12.30418939,26.95,4.98,-20.26,-29.67,26.95,4.98,-15.11,-26.47
06354000,12,11.4351173,17.92,0.58,-28.27,-37.33,17.92,0.58,-24.3,-34.61
06359500,1,12.47876833,19.87,1.16,-24.23,-34.47,19.87,0.62,-24.23,-35
06359500,2,12.8515527,21.66,0.96,-28.63,-36.43,21.66,2.2,-22.72,-36.43
06359500,3,13.65247801,25.74,5.72,-16.84,-33.93,26.85,5.46,-18.68,-33.93
06359500,4,14.86105303,31.07,10.27,-7.02,-19.18,31.79,11.56,-7.09,-19.77
06359500,5,14.53714076,33.97,16.64,2.95,-8.29,33.97,15.92,2.95,-8.29
06359500,6,14.98650758,42.15,22.04,8.22,1.16,42.15,20.28,8.22,1.26
06359500,7,16.31918622,42.8,22.11,16.39,6.29,42.8,21.73,16.39,6.29
06359500,8,16.95282991,40.07,21.03,12.16,2.11,40.07,21.03,12.16,2.11
06359500,9,16.90431818,38.19,17.48,2.53,-6.75,38.19,17.63,6.59,-6.75
06359500,10,14.96884164,33.12,10.26,-10.39,-22.96,33.15,12.12,-10.39,-22.96
06359500,11,13.39832576,27.25,5.57,-18.93,-28.91,27.25,5.38,-16.31,-25.22
06359500,12,12.46907991,17.38,1.06,-26.97,-37.92,17.47,1.06,-22.44,-33.29
06360500,1,12.07211877,19.06,1.05,-24.04,-34.05,18.65,0.7,-24.04,-35.2
06360500,2,12.47106195,21.69,1.43,-28.03,-36.36,21.69,2.29,-22.82,-36.36
06360500,3,13.28481672,25.84,6.03,-16.79,-33,26.98,6.03,-18.54,-33
06360500,4,14.70975758,31.79,11.4,-6.97,-18.33,31.61,11.67,-6.97,-18.33
06360500,5,14.38618035,34.86,16.87,3.24,-7.61,34.86,16.44,3.24,-7.61
06360500,6,14.68944697,42.55,22.15,9.24,1.66,42.55,21.38,9.24,1.66
06360500,7,15.88199413,43,22.54,16.83,6.75,43,22.16,16.83,6.75
06360500,8,16.43410557,39.87,21.55,13.27,3.1,39.92,21.25,13.27,3.1
06360500,9,16.40154545,38.07,18.14,3.15,-5.7,38.14,18.14,7.14,-5.7
06360500,10,14.53631965,33.28,10.69,-10.04,-21.89,33.28,12.96,-10.04,-21.89
06360500,11,12.90091667,26.55,6.22,-18.77,-28.35,26.55,6.22,-15.4,-24.63
06360500,12,11.91211144,17.9,1.08,-26.9,-36.95,17.9,1.08,-22.86,-33.24
06404000,1,12.32201613,19.86,4.86,-18.48,-30.34,21.15,6.11,-18.48,-27.5
06404000,2,12.64486726,19.07,5.99,-28.1,-34.31,19.84,5.99,-20.29,-34.31
06404000,3,12.86283724,23.59,7.3,-17.87,-26.81,24.13,9.44,-18.14,-26.81
06404000,4,12.9919697,29.03,12.51,-8.45,-16.87,28.15,12.51,-8.45,-17.73
06404000,5,12.67090909,32.13,16.57,1.67,-7.81,32.13,16.57,1.11,-7.81
06404000,6,13.49467424,37.46,19.53,4.84,-1.04,37.46,19.71,4.84,-1.04
06404000,7,14.13817449,39.02,21.6,11.73,2.2,39.02,23.36,14.23,2.2
06404000,8,14.37115103,36.52,22.76,7.85,1.36,36.8,22.76,7.85,1.36
06404000,9,14.46196212,34.65,19.38,-0.8,-8.31,35.25,19.38,0.08,-6.61
06404000,10,13.11480205,29.36,12.81,-8.56,-20.53,30.63,13.42,-8.56,-20.53
06404000,11,12.17616667,23.55,9.29,-15.12,-26.12,23.55,9.29,-14.29,-23.67
06404000,12,11.95574413,19.09,3.89,-24.52,-36.68,19.31,6.12,-19.33,-29.3
06406000,1,12.17082111,19.86,6.67,-18.14,-30.49,21.71,7.45,-18.14,-27.59
06406000,2,12.57441673,20.04,7.49,-27.8,-33.64,20.25,7.49,-19.82,-33.64
06406000,3,13.00040323,24.46,8.22,-17.18,-26.19,25.35,11.14,-17.61,-26.22
06406000,4,13.28862879,30.2,13.49,-7.85,-15.22,29.67,13.49,-7.85,-17.47
06406000,5,12.92655425,32.87,17.13,2.37,-7.2,32.87,17.13,1.85,-7.2
06406000,6,13.68787121,38.76,21.34,5.59,-0.49,38.76,21.34,5.59,-0.49
06406000,7,14.38629765,40.2,23.19,12.91,3.64,40.2,24.68,15.2,3.64
06406000,8,14.606239,37.62,24.33,8.8,2.13,38.16,24.33,8.8,2.13
06406000,9,14.6540303,35.75,20.5,0.04,-7.51,36.34,20.5,0.68,-5.21
06406000,10,13.33966276,30.5,14.9,-8.33,-19.9,31.71,14.96,-8.33,-19.9
06406000,11,12.27034848,24.93,10.2,-15.19,-25,24.93,10.2,-14.21,-22.69
06406000,12,11.85518695,19.18,4.9,-24.23,-36.11,19.77,6.73,-19.24,-28.95
06408700,1,12.32936217,18.84,2.05,-21.15,-33.63,17.46,4.1,-18.96,-33.22
06408700,2,13.19623492,15.2,3.28,-29.12,-38.42,17.66,3.28,-19.19,-38.42
06408700,3,13.3208871,19.79,5.67,-18.85,-30.36,19.83,4.62,-17.47,-30.36
06408700,4,13.2545303,25.59,8.11,-8.2,-24.25,23.4,8.11,-8.61,-24.25
06408700,5,13.13497067,27.62,12.99,-2.67,-13.26,27.62,12.18,-2.67,-11.94
06408700,6,14.25631061,31.67,16.6,1.46,-4.72,31.7,15.53,1.46,-4.3
06408700,7,15.22697947,33.13,18.28,10.3,-1.92,33.13,17.72,10.3,-1.43
06408700,8,15.51947947,31.53,18.14,5.73,-4.72,31.57,15.38,5.73,-3.96
06408700,9,14.90259848,30.17,13.13,-3.78,-14.6,30.42,15.22,-1.41,-12.26
06408700,10,12.86709677,25.92,10.92,-8.65,-24.99,26.19,10.03,-10.28,-24.99
06408700,11,11.8577803,19.39,4.92,-18.34,-32.11,19.73,7.13,-18.34,-26.72
06408700,12,11.87076613,16.18,1.5,-27.33,-41.17,15.17,5.31,-22.08,-33.68
06409000,1,12.40884164,18.69,1.05,-20.04,-32.22,17.13,3.08,-19.05,-32.22
06409000,2,13.1738214,15.44,2.62,-28.15,-37.76,16.72,2.62,-18.64,-37.76
06409000,3,13.30113636,20.2,5.76,-18.71,-30.37,20.2,4.18,-17.08,-30.37
06409000,4,13.29513636,25.95,8.54,-8.25,-22.88,23.86,8.54,-9.1,-22.88
06409000,5,13.14593109,27.85,12.96,-1.42,-12.23,27.85,12.59,-0.74,-10.72
06409000,6,14.26111364,32.16,16.19,1.98,-4.91,32.16,16,1.98,-4.23
06409000,7,15.18636364,33.98,18.21,10.22,-1.07,33.98,18.09,10.76,-0.83
06409000,8,15.44078446,32.11,17.61,6.23,-3.79,31.94,15.76,6.23,-2.85
06409000,9,14.93418939,30.48,14.58,-3.2,-14.13,30.48,15.52,-0.91,-11.68
06409000,10,13.01094575,26.45,10.38,-8.46,-24.23,26.45,10.82,-9.72,-24.23
06409000,11,11.97149242,19.82,4.54,-17.03,-31.65,19.82,6.76,-17.03,-26.99
06409000,12,11.95845674,15.77,1,-26.86,-40.72,15.15,4.43,-19.9,-32.72
06426500,1,12.82295455,17.92,2.55,-22.47,-33.88,16.48,2.55,-22.47,-33.88
06426500,2,12.99268705,19.43,3.1,-29.07,-37.68,19.11,3.23,-20.79,-37.68
06426500,3,13.9627346,25.31,5.96,-15,-27.22,25.86,5.96,-17.42,-27.86
06426500,4,14.70181818,29.15,10.16,-6.83,-18.82,29.15,8.85,-8.46,-21.07
06426500,5,14.75645161,32.82,13.99,2.74,-9.07,32.82,13.99,2.72,-9.07
06426500,6,16.14936364,38.3,18.51,6.74,-0.1,39.09,18.82,6.74,-0.1
06426500,7,17.505,40.29,20.26,16.64,3.22,40.13,20.26,16.64,4.25
06426500,8,17.65710411,38.03,19.56,9.22,1.49,38.03,19.56,9.22,0.24
06426500,9,17.15743939,36.07,17.53,-0.39,-8.85,36.6,17.53,2.3,-5.86
06426500,10,15.17945748,30.31,10.4,-9.49,-23.44,31.6,11.74,-10.93,-23.44
06426500,11,13.41678788,23.61,6.64,-18.16,-30.19,23.61,6.64,-18.16,-28.48
06426500,12,12.70627933,16.98,3.32,-28.95,-39.97,16.27,3.77,-20.78,-32.82
06431500,1,11.98043255,18.92,3.31,-20.16,-31.89,17.9,4.84,-19.64,-31.18
06431500,2,12.6151971,16.89,3.43,-29.51,-35.86,18.2,3.58,-19.33,-35.36
06431500,3,12.96807918,21.33,5.08,-17.7,-28.28,21.42,6.37,-17.93,-28.28
06431500,4,13.06688636,26.7,9.96,-7.51,-21.92,25.02,9.96,-7.51,-21.92
06431500,5,12.93648094,29.36,14.02,-1.76,-11.02,29.36,13.9,-1.76,-8.53
06431500,6,13.9224697,33.38,16.76,3.62,-2.2,34.24,17.23,3.62,-1.67
06431500,7,14.85020528,35.78,19.06,12.81,-0.06,35.78,19.22,12.81,1.68
06431500,8,15.10197947,33.5,19.29,6.64,-2.31,33.5,17.61,6.64,-1.17
06431500,9,14.58112121,31.97,15.47,-2.53,-11.81,31.97,16.92,-0.1,-9.98
06431500,10,12.71467009,27.5,10.66,-8.6,-23.26,27.94,11.44,-10.53,-23.26
06431500,11,11.66432576,20.82,6.76,-18.56,-29.25,20.82,8.44,-18.56,-25.27
06431500,12,11.54821848,16,1.72,-27.69,-39.33,15.8,5.66,-19.36,-31.56
06440200,1,13.03637097,20.95,1.41,-21.32,-32.4,23.37,2.17,-21.32,-31.01
06440200,2,13.59734513,23.13,3.06,-25.69,-35.9,22.96,5.86,-19.54,-35.9
06440200,3,14.34421554,28.12,8.27,-16.56,-32.37,28.73,8.69,-17.02,-32.37
06440200,4,15.13359091,33.5,13.29,-5.11,-14.47,33.5,13.49,-5.69,-16.64
06440200,5,14.50603372,35.82,19.32,4.64,-5.86,35.82,19.32,1.72,-5.86
06440200,6,14.94635606,42.7,23.68,9.59,0.26,42.7,23.68,9.59,0.26
06440200,7,15.92434751,45.27,23.75,16.26,6.21,45.27,24.8,18.24,6.21
06440200,8,16.49669355,41.97,23.33,12.8,2.95,42.5,23.33,12.8,3.4
06440200,9,16.80758333,40.81,20.7,4.73,-7.34,40.81,20.7,6.2,-5.59
06440200,10,15.35604106,34.01,12.65,-8.34,-19.43,34.01,14.39,-8.61,-19.43
06440200,11,13.98855303,28.32,8.5,-16.84,-27.02,28.32,7.82,-14.95,-23.57
06440200,12,12.89968842,21.31,1.98,-24.14,-36.26,21.31,2.2,-20.58,-32.08
06441500,1,12.55662023,19.62,1.23,-21.95,-32,20.94,1.06,-21.95,-33.74
06441500,2,13.12643604,22.83,2.57,-25.55,-37.33,22.83,3.81,-20.37,-37.33
06441500,3,13.86708211,27.65,7.41,-16.04,-31.4,29,8.59,-17.53,-31.4
06441500,4,14.96732576,33.84,14.52,-4.89,-15.02,33.84,14.52,-5.79,-15.28
06441500,5,14.41587977,36.67,18.84,5.35,-6.02,36.67,18.84,3.08,-6.02
06441500,6,14.68382576,42.77,23.76,10.6,0.65,42.77,23.76,10.6,0.65
06441500,7,15.70502199,45.87,24.01,16.84,6.95,45.87,24.68,16.84,6.95
06441500,8,16.1323827,42.37,23.04,13.28,4.11,42.31,23.04,13.28,4.28
06441500,9,16.39151515,40.82,21.67,5.02,-5.77,40.82,21.67,7.6,-5.14
06441500,10,14.85607771,34.63,12.68,-8.41,-18.27,34.63,15.37,-8.41,-18.42
06441500,11,13.44330303,28.93,8.23,-17.33,-26.1,28.93,7.08,-14.04,-22.88
06441500,12,12.25130499,21.71,1.58,-24.09,-35.19,21.71,1.15,-21.86,-31.68
06447000,1,13.2986437,19.32,2.41,-19.85,-31.14,21.23,2.41,-19.85,-29
06447000,2,13.73312953,21.75,1.93,-26.44,-34.16,21.55,3.64,-19.01,-34.16
06447000,3,14.63601173,26.06,7.07,-16.37,-28.67,27.13,7.66,-15.3,-28.67
06447000,4,15.2002197,32.46,10.73,-5.6,-14.29,32.46,10.88,-6.77,-17.3
06447000,5,14.72722874,34.33,17.13,3.07,-7.12,34.63,17.13,1.88,-7.12
06447000,6,15.46779545,40.21,20.33,7.44,0.81,40.1,20.33,7.44,0.81
06447000,7,16.3058651,42.3,21.03,15.65,5.05,42.3,21.6,17.54,5.05
06447000,8,16.67230205,39.52,20.72,11.44,3.04,39.98,20.52,11.44,3.53
06447000,9,16.96543182,37.89,18.4,2.54,-8.72,37.95,18.94,3.97,-4.81
06447000,10,15.64445015,32.46,11.06,-9.07,-19.93,32.46,11.93,-9.07,-19.93
06447000,11,14.20910606,26.94,5.87,-16.54,-26.14,26.94,5.87,-15.52,-24.04
06447000,12,13.20517229,20.09,1.87,-24.48,-37.77,20.09,1.87,-17.83,-29.03
06447500,1,13.07223607,19.95,1.97,-20.95,-33.12,21.68,1.97,-20.95,-30.28
06447500,2,13.51991955,22.28,1.78,-26.14,-34.9,22.25,3.7,-20.07,-34.9
06447500,3,14.45389296,27.3,7.7,-17.68,-30.75,27.68,7.73,-14.5,-30.75
06447500,4,15.12084848,33.14,12.54,-5.46,-15.29,33.14,12.54,-7.28,-15.75
06447500,5,14.8022434,35.43,17.38,2.02,-6.56,36.02,17.38,1.16,-6.56
06447500,6,15.33839394,40.36,22.06,7.51,0.82,40.36,22.06,7.51,0.82
06447500,7,16.06168622,42.82,22.54,15.03,4.76,42.82,22.54,16.67,4.76
06447500,8,16.40071114,39.85,21.32,11.42,2.31,40.71,21.32,11.42,3.39
06447500,9,16.82549242,38.71,19.86,1.91,-8.52,38.7,19.66,4.16,-4.5
06447500,10,15.56139296,32.96,12.23,-9.92,-19.64,32.96,12.82,-9.92,-19.64
06447500,11,14.15784848,27.71,6.88,-16.71,-27.69,27.71,6.21,-16.23,-24.03
06447500,12,12.94496701,20.97,1.84,-25.31,-38.2,20.97,1.84,-19.46,-30.34
06450500,1,12.83,20.48,2.03,-20.94,-32.85,22.14,2.03,-20.94,-29.57
06450500,2,13.35493162,22.59,2.22,-25.66,-35.03,22.72,4.55,-19.91,-35.03
06450500,3,14.21599707,27.95,8,-17.18,-31.2,28.05,9.16,-15.67,-31.2
06450500,4,14.92561364,33.84,13.19,-5.32,-14.78,33.84,13.19,-6.08,-15.24
06450500,5,14.521261,35.76,18.11,3.88,-5.86,35.76,18.11,2.01,-5.86
06450500,6,14.90472727,40.9,22.54,8.09,0.78,40.67,22.54,8.09,0.78
06450500,7,15.68939883,43.72,23.89,16.05,5.4,43.72,23.89,17.05,5.4
06450500,8,16.04490469,40.3,21.8,12.37,2.93,41.78,21.8,12.37,3.8
06450500,9,16.46176515,38.89,20.44,3.17,-7.16,38.77,20.44,5.46,-4.52
06450500,10,15.1951393,33.71,12.74,-9.43,-18.26,33.71,13.6,-9.43,-18.26
06450500,11,13.79051515,28.12,7.95,-16.99,-26.75,28.12,7.61,-15.76,-22.35
06450500,12,12.61964076,21.55,2.38,-24.87,-36.47,21.55,2.38,-19.77,-29.99
06452000,1,12.9651173,19.37,2.03,-20.06,-31.62,20.92,2.03,-20.06,-29.03
06452000,2,13.45167337,22.17,2.23,-25.83,-34.13,22.17,3.9,-19.41,-34.13
06452000,3,14.32416422,26.99,6.79,-16.23,-29.38,27.52,8.49,-15.8,-29.38
06452000,4,14.99177273,33.52,11.92,-5.29,-13.54,33.52,11.92,-5.54,-15.44
06452000,5,14.51508065,34.67,17.51,4.46,-5.67,34.67,17.51,3.38,-5.67
06452000,6,15.0159697,40.61,21.14,8.13,0.88,40.05,21.14,8.13,0.88
06452000,7,15.79796921,42.69,22.48,16.52,5.66,42.69,22.69,17.78,5.66
06452000,8,16.07354839,39.76,21.37,12.41,3.65,40.99,21.37,12.41,4.25
06452000,9,16.48024242,37.98,19.22,3.52,-7.36,37.83,19.51,5.37,-4.47
06452000,10,15.24651026,32.93,12,-8.97,-18.09,32.93,12.77,-8.97,-18.09
06452000,11,13.82806061,27.51,6.67,-16.41,-25.4,27.51,6.67,-15.1,-22.05
06452000,12,12.74933284,20.92,2.07,-24.36,-36.29,20.92,2.07,-18.67,-29.11
06453600,1,12.10715543,20.68,1.71,-20.93,-31.38,20.29,1.71,-20.93,-32.41
06453600,2,12.59762671,23.55,4.86,-24.23,-32.96,23.99,4.86,-21.07,-32.96
06453600,3,13.47644428,28.77,9.8,-15.3,-27.97,29.98,14.65,-16.4,-27.97
06453600,4,14.39511364,35.58,15.37,-3.77,-12.75,35.58,14,-3.77,-15.18
06453600,5,13.84505132,35.6,18.98,6.93,-4.38,35.6,18.98,6.4,-3.85
06453600,6,13.85380303,41.02,23.35,10.79,2.39,38.36,23.35,10.79,2.39
06453600,7,14.18271994,42.71,24.54,17.19,7.42,42.71,24.54,17.19,7.42
06453600,8,14.16181818,40.51,23.47,14.41,4.44,42.62,23.43,14.41,5.11
06453600,9,14.9549697,38.03,21.67,6.09,-3.83,36.68,21.67,7.58,-3.83
06453600,10,14.15032991,34.5,15.35,-7.52,-12.26,34.5,15.38,-7.52,-14.26
06453600,11,12.69725758,28.08,10.7,-15.75,-23.06,28.08,11.73,-12.95,-21.54
06453600,12,11.45952713,22.2,2.87,-23.93,-34.5,22.2,3.2,-21.26,-31.15
06454500,1,13.95395161,18.88,4.5,-19.39,-32.21,20.38,4.5,-19.39,-29.7
06454500,2,14.11291231,20.3,2.68,-27.62,-34.44,20.3,2.68,-20.25,-34.44
06454500,3,15.07431085,26.09,6.12,-14.13,-27.82,26.18,6.12,-15.39,-26.47
06454500,4,15.67956061,30.46,8.44,-6.81,-15.61,30.44,9.74,-8.3,-18.42
06454500,5,15.35305718,33.77,14.14,2.8,-8.58,33.77,13.75,0.68,-8.52
06454500,6,16.60238636,38.74,18.03,5.45,-1.37,39,18.99,5.45,-0.69
06454500,7,17.46179619,40.08,19.34,15.41,3.86,39.97,19.5,15.41,4.65
06454500,8,17.76269062,37.88,18.55,11.29,2.18,37.88,17.89,11.29,2.18
06454500,9,17.94836364,36.58,16.23,1.44,-9.97,37.64,16.84,1.44,-7.21
06454500,10,16.56776393,30.95,9.46,-8.53,-21.73,30.95,10.57,-9.47,-21.76
06454500,11,14.98159091,25.14,4.71,-17.64,-23.86,25.14,4.71,-16.18,-26.33
06454500,12,14.01677053,19.58,1.67,-25.95,-39.07,19.58,1.86,-18.67,-30.76
06464500,1,12.42942082,20.68,2.25,-20.92,-32.46,20.68,2.25,-20.92,-31.1
06464500,2,12.97332261,23.68,2.58,-25.66,-33.68,23.68,4.64,-21.09,-33.68
06464500,3,13.83494868,28.69,8.76,-16.78,-30.29,29.09,10.62,-16.78,-30.29
06464500,4,14.54787121,35.59,14.04,-4.99,-13.53,35.59,13.23,-4.99,-14.77
06464500,5,14.09456012,36.33,18.15,5.62,-5.51,36.33,17.81,5.35,-4.35
06464500,6,14.27180303,41.36,22.12,8.37,1.12,38.95,22.12,8.37,1.12
06464500,7,14.95007331,43.57,24.78,15.78,6.57,43.57,24.78,16.36,6.57
06464500,8,15.05703079,39.78,22.61,13.18,4.75,42.28,22.61,13.18,4.75
06464500,9,15.6449697,38.16,20.8,4.1,-5.07,38.1,20.8,6.74,-4.38
06464500,10,14.59745601,34.07,13.63,-9.32,-15.34,34.07,14.28,-9.32,-15.64
06464500,11,13.19884848,28.74,9.1,-16.97,-24.72,28.74,8.44,-15.4,-21.35
06464500,12,12.04004399,22.19,2.76,-25.48,-34.56,22.19,2.59,-20.55,-29.81
06468170,1,10.5316349,8.51,0.09,-27.55,-37.58,11.22,0.09,-27.55,-37.58
06468170,2,10.9015527,14.56,1.55,-30.16,-39.2,14.56,1.55,-30.16,-39.2
06468170,3,11.02130499,21,7.47,-18.88,-31.75,23.22,7.31,-21.78,-31.75
06468170,4,13.40963636,31.7,12.6,-9.62,-18.62,29.87,11.82,-9.62,-19.21
06468170,5,14.07326979,33.61,19.36,2.25,-7.19,32.96,16.69,2.25,-6.74
06468170,6,13.06334091,37.27,21.67,8.25,1.34,37.27,21.67,8.25,1.34
06468170,7,13.52184018,40.26,21.65,15.56,5.73,36.16,21.78,15.56,5.92
06468170,8,14.22607038,39.8,21.78,12.75,0.01,37.03,21.37,12.75,2.07
06468170,9,13.91984848,36.81,18.32,2.7,-5.29,35.07,19.5,7.03,-5.29
06468170,10,12.31696481,31.38,12.73,-9.47,-19.48,31.38,14.72,-9.47,-19.48
06468170,11,10.18762121,23.91,7.24,-22.06,-31.93,23.91,6.9,-18.69,-27.98
06468170,12,9.64255132,9.84,-0.61,-29.57,-38.59,11.84,-0.61,-24.69,-33.96
06468250,1,10.50935484,8.45,0.1,-27.64,-37.46,11.13,0.1,-27.64,-37.46
06468250,2,10.88272727,14.35,1.58,-30.35,-39.19,14.35,1.58,-30.35,-39.19
06468250,3,10.97472874,20.86,7.31,-18.88,-31.7,23.25,7.53,-22.04,-31.7
06468250,4,13.34364394,31.68,12.49,-9.7,-18.58,29.79,11.85,-9.7,-19.01
06468250,5,14.02921554,33.59,19.31,2.31,-7.18,33,16.66,2.31,-6.66
06468250,6,13.01584091,37.11,21.69,8.28,1.37,37.11,21.69,8.28,1.37
06468250,7,13.45849707,40.11,21.62,15.44,5.73,36.09,21.94,15.44,5.96
06468250,8,14.1457478,39.8,21.73,12.74,-0.09,36.82,21.41,12.74,2.02
06468250,9,13.85537121,36.97,18.2,2.84,-5.31,35.02,19.61,7.14,-5.31
06468250,10,12.25263196,31.4,12.58,-9.32,-19.38,31.4,14.63,-9.32,-19.38
06468250,11,10.13437121,23.88,7.3,-22.01,-31.87,23.88,6.91,-18.67,-28.06
06468250,12,9.59954912,9.69,-0.72,-29.51,-38.51,11.94,-0.72,-24.75,-33.95
06470800,1,10.97496334,12.72,-1.23,-26.4,-36.83,13.08,-0.37,-26.4,-37.54
06470800,2,11.38749799,14.98,1.87,-29.34,-39.28,15.71,1.87,-29.34,-39.28
06470800,3,11.42352639,24.59,6.66,-16.86,-29.41,26.31,10.84,-18.04,-29.41
06470800,4,13.66094697,34.95,14.53,-8.14,-16.91,34.95,12.1,-8.14,-16.91
06470800,5,14.14697214,33.98,18.83,3.25,-7.37,34.02,18.83,3.25,-7.37
06470800,6,13.26539394,37.17,23.79,9.29,1.65,35.73,23.79,9.29,1.76
06470800,7,13.61166422,40.2,24.12,15.55,5.92,39.77,23.1,15.55,5.92
06470800,8,14.03087977,38.71,22.73,13.09,1.98,37.21,22.73,13.09,2.67
06470800,9,14.17128788,38.74,19.53,4.61,-5.54,34.58,20.7,7.15,-5.54
06470800,10,12.683739,32.98,13.2,-6.62,-14.99,32.98,14.76,-6.62,-14.99
06470800,11,10.56176515,22.06,8.31,-19.56,-29.38,23.19,8.31,-16.58,-27.88
06470800,12,9.889046921,11.65,-0.87,-28,-36.41,12.63,0.16,-25.25,-34.73
06477500,1,11.25865103,18.19,1.19,-22.71,-33.16,19.3,1.19,-22.71,-33.12
06477500,2,11.74830249,22.38,4.43,-24.37,-37.23,22.38,4.43,-23.56,-37.23
06477500,3,12.45598974,27.24,9.59,-15.73,-26.96,30.29,13.89,-17.48,-28.38
06477500,4,13.99120455,35.56,16.93,-4,-13.41,35.56,13.8,-4.78,-15.13
06477500,5,13.54997801,35.98,19.71,6.75,-4.86,35.98,19.71,6.75,-5.16
06477500,6,13.36388636,42.17,24.45,12.32,1.96,38.93,24.45,12.32,1.96
06477500,7,13.70887097,42.83,24.61,16.14,7.33,42.83,25.49,16.14,7.16
06477500,8,13.78806452,42.67,24.42,15.05,4.37,40.99,23.35,14.9,5.24
06477500,9,14.52652273,39.18,21.11,5.96,-4.21,37.44,21.05,7.9,-4.21
06477500,10,13.50587243,34.53,15.24,-6.44,-12.58,34.53,15.96,-6.44,-15.67
06477500,11,11.84786364,28.07,9.82,-15.99,-24.5,28.07,9.64,-11.66,-21.84
06477500,12,10.60858871,20.78,1.58,-25.65,-34.05,20.78,1.86,-23.79,-32.35
06479215,1,10.55754399,17.12,0.02,-27.53,-36.75,11.75,0.02,-27.53,-37.24
06479215,2,10.86374899,15.26,3.4,-28.76,-39.04,15.26,3.4,-28.76,-39.04
06479215,3,10.87427419,22.74,6.07,-18.46,-29.59,24.86,12.66,-19.71,-29.7
06479215,4,12.7715,32.1,15.42,-8,-17.18,32.1,13.07,-8,-17.77
06479215,5,12.88438416,33.01,19.08,4.87,-6.44,33.9,19.08,4.85,-6.44
06479215,6,12.24555303,39.52,23.95,9.3,0.55,34.54,23.95,9.3,1.77
06479215,7,12.36834311,38.21,25,13.85,6.31,38.09,24.91,13.85,6.31
06479215,8,12.42419355,37.52,23.74,13.79,2.12,34.77,23.15,13.79,4
06479215,9,12.88340909,35.3,21.06,5.02,-5.7,33.35,21.06,7.25,-5.35
06479215,10,11.88274927,30.47,16.12,-5.54,-14.31,30.47,14.51,-5.54,-14.31
06479215,11,10.13137121,22.78,8.13,-19.2,-28.39,23.56,8.12,-15.72,-27.16
06479215,12,9.543548387,13.72,1.68,-28.09,-36.11,13.72,0.08,-23.97,-33.43
06479438,1,10.60360704,17.49,-0.18,-26.95,-36.45,11.99,-0.18,-26.95,-37.11
06479438,2,10.89672566,15.69,3.58,-28.29,-38.94,15.69,3.58,-28.29,-38.94
06479438,3,10.91431818,22.93,6.24,-18.09,-29.23,25.32,13.06,-19.28,-29.54
06479438,4,12.83738636,32.26,15.74,-7.68,-16.67,32.26,13,-7.68,-17.73
06479438,5,12.92618768,33.41,19.07,5.1,-6.56,34.25,19.07,5,-6.56
06479438,6,12.31894697,39.7,23.96,9.13,0.84,34.73,23.96,9.13,1.9
06479438,7,12.42928886,38.52,25.03,14,6.21,37.94,24.96,14,6.21
06479438,8,12.47856305,37.56,23.66,13.77,2.21,34.91,23.27,13.77,3.85
06479438,9,12.96538636,35.33,20.93,5.16,-5.42,33.32,20.93,7.4,-5.09
06479438,10,11.98743402,30.36,15.87,-5.55,-14.12,30.36,14.54,-5.55,-14.12
06479438,11,10.22559848,23.3,8.21,-18.94,-27.99,23.91,8.25,-15.26,-27.05
06479438,12,9.600428886,14.11,1.47,-27.86,-35.74,14.11,0.22,-23.72,-33.89
06480000,1,10.69493402,18.22,-0.21,-24.96,-34.76,13.83,-0.21,-24.96,-35.86
06480000,2,10.93490748,16.05,4.22,-26,-37.58,16.05,4.22,-26,-37.58
06480000,3,11.04789589,24.29,6.84,-15.72,-27.6,27.25,14.4,-18.25,-29.32
06480000,4,12.96998485,32.73,16.04,-5.6,-15.02,32.65,13.17,-5.6,-16.68
06480000,5,12.97508065,34.55,19.55,6.34,-6.46,35.68,19.55,6.07,-6.46
06480000,6,12.45745455,39.49,23.79,10.31,2.54,35.66,23.79,10.31,3.31
06480000,7,12.47082845,39.5,24.76,16.19,6.67,37.5,25.12,16.19,6.67
06480000,8,12.47417155,38.57,23.66,14.09,3.22,35.48,23.52,14.09,3.7
06480000,9,13.16227273,35.27,20.52,5.72,-4.37,33.72,20.52,8.05,-3.4
06480000,10,12.34225073,30.95,15.41,-5,-12.68,30.95,15.41,-5,-14.03
06480000,11,10.4964697,24.78,8.39,-17.44,-26.06,25.21,10.32,-13.2,-25.95
06480000,12,9.748757331,16.01,1.76,-26.81,-34.13,16.01,2.26,-23.61,-34.21
06600500,1,10.68087977,18.89,-0.09,-22.21,-33.01,16.85,0.54,-20.84,-33.01
06600500,2,10.97925181,19.74,5.64,-22.25,-32.86,19.78,5.64,-22,-32.86
06600500,3,11.84678152,28.91,10.49,-13.61,-25.03,28.25,15.59,-17.12,-26.48
06600500,4,13.81750758,33.05,15.99,-1.62,-13.69,33.05,15.77,-1.68,-15.33
06600500,5,13.35920821,34.25,21.16,7.45,-4.15,37.68,21.16,5.58,-4.15
06600500,6,12.84967424,40.03,23.81,12.91,2.97,36.63,23.81,12.91,4.52
06600500,7,12.40995601,38.66,24.1,17.69,7.22,38.66,24.74,17.69,7.03
06600500,8,12.37091642,38.22,23.76,14.58,3.48,37.36,23.19,17.8,5.24
06600500,9,13.80950758,35.05,20.63,4.89,-4.47,34.18,22.53,9.06,-3.3
06600500,10,13.33538123,32.42,19.49,-2.79,-11.29,32.42,19.49,-3.64,-12.42
06600500,11,11.35948485,25.06,11.77,-13.58,-24.61,25.06,12.01,-10.38,-24.61
06600500,12,9.927041789,17.72,6.21,-25.07,-32.9,17.72,5.71,-22.86,-31.19
06601000,1,11.29867302,20.77,0.15,-19.35,-31.03,20.08,1.37,-19.88,-32.57
06601000,2,11.68674175,21.5,6.93,-21.43,-31.93,21.89,6.93,-19.62,-31.93
06601000,3,12.95673021,30.9,13.06,-11.34,-25.47,30.39,16.38,-16.72,-25.87
06601000,4,14.39768182,33.54,16.97,-1.46,-12.34,33.54,16.87,-1.46,-14.37
06601000,5,13.5521261,34.96,20.4,7.72,-3.79,37.92,20.4,6.29,-3.79
06601000,6,13.14330303,41.16,24.06,13.69,3.28,37.61,24.06,13.69,5.25
06601000,7,12.73256598,40.92,24.74,18.43,7.63,40.92,24.74,19.82,6.85
06601000,8,12.71280792,39.18,23.86,15.23,3.26,37.81,23.7,17.78,5.59
06601000,9,14.28128788,37.78,21.36,4.26,-5.21,37.78,21.93,9.47,-2.95
06601000,10,13.93818182,32.99,19.83,-3.47,-12.35,32.99,19.83,-3.47,-12.35
06601000,11,12.19951515,26.84,12.44,-12.88,-24.15,26.84,12.44,-9.92,-24.15
06601000,12,10.59620968,20.41,4.8,-23.8,-32.43,20.41,7.16,-21.14,-29.33
06606600,1,10.3091349,18.13,0,-22.36,-32.74,16.82,0.03,-21.82,-32.45
06606600,2,10.52205953,18.57,5.32,-23.73,-33.34,18.21,5.32,-23.73,-33.34
06606600,3,11.13092375,28.4,9.42,-13.38,-24.44,27.83,15.08,-17.54,-25.92
06606600,4,13.17431818,32.61,15.92,-2.61,-13.62,32.61,15.92,-2.68,-14.72
06606600,5,12.93016862,33.74,21.42,7.14,-4,37.82,21.42,5.06,-4
06606600,6,12.44898485,38.48,23.72,12.47,3.53,36.82,23.72,13,4.77
06606600,7,12.04271994,38,23.78,17.27,7.85,37.99,24.88,17.27,7.28
06606600,8,11.98335777,37.85,23.64,14.09,4.32,36,23.47,17.28,4.93
06606600,9,13.30303788,34.58,20.5,5.13,-3.66,34.01,22.18,8.35,-2.69
06606600,10,12.73853372,32.62,18.85,-2.46,-10.81,32.62,18.85,-2.81,-12.16
06606600,11,10.79139394,25.62,11.71,-13.7,-22.68,25.62,11.18,-10.7,-22.08
06606600,12,9.517008798,18.22,4.95,-25.68,-31.99,18.22,5.29,-23.2,-31.16
06607200,1,10.49681818,18.79,0.32,-21.49,-31.81,17.69,0.45,-21.04,-31.33
06607200,2,10.85814159,19.2,6.26,-21.95,-32.71,19.21,6.26,-21.62,-32.71
06607200,3,11.8354912,30.66,11.9,-12.75,-23.57,27.94,15.48,-17.7,-26.2
06607200,4,13.61967424,32.31,16.3,-1.1,-13.07,32.31,16.3,-2.03,-13.68
06607200,5,13.02780059,33.11,21.73,7.38,-3.19,38.05,21.73,5.15,-3.44
06607200,6,12.56454545,39.14,24,12.7,3.65,35.98,24,12.7,5.12
06607200,7,12.02472874,38.3,24.46,17.7,8.2,38.3,24.53,18.18,7.02
06607200,8,12.06324047,38.1,23.6,14.45,3.61,36.12,23.6,17.72,5.49
06607200,9,13.48730303,36.15,20.9,5.11,-3.28,36.15,22.23,8.79,-2.51
06607200,10,13.05281525,32.46,20.08,-2.2,-11.48,32.46,20.08,-2.72,-11.54
06607200,11,11.23090152,26.13,12.7,-12.8,-23.56,26.13,12.32,-9.97,-23.56
06607200,12,9.766008065,19.04,6.13,-24.85,-32.36,19.04,6.9,-22.57,-29.24
06609500,1,10.52019062,18.74,0.94,-20.5,-31.53,18.25,0.98,-20.97,-31.09
06609500,2,10.92409493,19.14,6.59,-21.64,-32.6,19.71,6.59,-21.05,-32.6
06609500,3,12.05859238,31.19,12.5,-11.95,-24.27,28.51,15.94,-17.96,-25.26
06609500,4,13.65343939,32.83,16.4,-1.2,-12.58,32.83,16.25,-2.2,-12.9
06609500,5,12.9088783,33.22,21.78,7.72,-2.57,37.64,21.78,5.17,-3.22
06609500,6,12.46537879,38.85,24.04,13.28,4.48,35.8,24.04,13.28,4.91
06609500,7,11.9126173,38.41,24.34,17.79,8.64,38.41,24.49,18.9,7.35
06609500,8,12.01374633,38.22,24.19,14.72,4.03,37.22,24.19,17.63,6.06
06609500,9,13.46767424,37.74,21.34,5.06,-3.15,37.74,21.97,8.91,-2.25
06609500,10,13.02221408,32.33,20.85,-1.71,-10.84,32.33,20.85,-2.07,-10.84
06609500,11,11.327,26.4,13.54,-12.37,-23.01,26.4,12.75,-9.72,-23.01
06609500,12,9.805351906,19.27,6.99,-24.21,-32.2,19.27,7.67,-22.11,-28
06614800,1,10.94286657,9.33,-0.26,-20.81,-35.52,9.33,-0.26,-20.81,-30.02
06614800,2,11.7527675,10.29,-1.43,-22.54,-41.05,9.83,0.02,-24.4,-40.58
06614800,3,12.91912023,16.93,0,-17.94,-33.43,13.16,1.08,-17.94,-33.43
06614800,4,13.12311364,17.08,2.43,-14.16,-34.38,17.08,2.43,-9.91,-24.52
06614800,5,12.94461144,21.73,4.82,-5.12,-17.6,21.73,4.82,-5.12,-19.98
06614800,6,14.28286364,24.43,10.12,-2.26,-8.95,22.9,7.81,-2.26,-7.56
06614800,7,14.56733138,25.28,9.91,3.65,-5.54,25.28,9.3,3.65,-3.63
06614800,8,14.0268915,24.98,8.12,3,-5.87,23.04,7.93,3,-3.31
06614800,9,13.23162121,21.85,8.71,-5.72,-17.21,21.88,7.04,-2.37,-14.65
06614800,10,11.47129765,17.36,4.34,-10.88,-25.26,17.36,5.89,-12.81,-25.32
06614800,11,10.48510606,15.45,0.67,-18.44,-28.12,14.15,1.46,-18.44,-28
06614800,12,10.24936217,10.49,-2.7,-24.36,-32.84,8.65,-1.76,-23.3,-32.17
06622700,1,9.814002933,12.84,1.49,-17.66,-33.67,10,-1.26,-17.2,-30.82
06622700,2,10.57144811,11.02,1.32,-22.47,-35.44,10.78,0.72,-22.53,-38.44
06622700,3,11.47005132,14.9,1.56,-16.63,-30.04,15.22,1.19,-16.63,-30.04
06622700,4,12.48362879,20.12,4.42,-11.55,-24.9,18.5,3.68,-8.66,-23.31
06622700,5,13.00060117,24.05,6.81,-2.14,-14.48,24.05,7.05,-2.14,-16.14
06622700,6,14.68896212,27.89,11.7,1.94,-6.29,26.89,11.2,1.94,-5.79
06622700,7,15.13820381,29.28,12.82,7.92,-1.77,29.28,11.22,7.92,-0.77
06622700,8,14.62937683,27.07,11.8,8.15,-2.33,27.07,11.8,8.15,-2.33
06622700,9,13.69626515,25.08,9.93,-1.78,-15.18,25.97,10.19,-1.69,-11.62
06622700,10,11.53938416,19.71,5.64,-11.58,-24.19,19.71,6.19,-12.75,-26.97
06622700,11,9.857613636,17.21,3.09,-20.49,-27.26,14.38,2.65,-20.49,-27.26
06622700,12,9.551884164,13.16,0.45,-25.01,-35.58,9.28,-0.67,-20.58,-31.84
06623800,1,10.03457478,10.57,-0.68,-20.24,-36.11,10.71,-1.29,-17.6,-29.42
06623800,2,10.82761062,11.58,-0.79,-20.81,-38.83,9.27,0.64,-18.8,-34.87
06623800,3,11.80318182,14.64,1.74,-14,-27.71,14.72,3.43,-14,-27.71
06623800,4,12.30619697,18.54,4.03,-9.16,-25.23,17.69,4.29,-6.86,-22.79
06623800,5,12.42353372,23.45,7.42,-2.2,-15.12,23.45,7.42,-1.81,-13.83
06623800,6,13.47916667,26.69,11.09,1.54,-7.9,26.18,11.93,1.54,-6.19
06623800,7,13.75039589,29.01,12.46,7.39,-1.86,27.81,12.46,7.39,-1.56
06623800,8,13.37008065,28.35,12.43,8.2,-3.37,26.73,12.45,8.2,-1.92
06623800,9,12.78953788,25.09,9.82,-3.77,-16.97,25.72,11.31,-1.91,-11.96
06623800,10,11.11441349,20.03,8.33,-10.24,-21.99,20.03,8.33,-10.92,-23.87
06623800,11,9.591515152,17.26,2.81,-19.02,-29.28,14.69,3.53,-19.02,-28.25
06623800,12,9.496935484,13.26,-1.3,-23.99,-36.2,8.98,-1.23,-21.21,-30.27
06632400,1,9.508819648,12.06,1.84,-18.67,-33.17,9.58,-1.15,-17.38,-30.17
06632400,2,10.296428,11.85,2.26,-23.23,-35.13,10.89,0.53,-23.87,-40.02
06632400,3,11.18880499,14.81,2.3,-17.78,-30.71,15.31,1.53,-17.78,-30.71
06632400,4,12.31118182,20.65,5.71,-13.21,-26.14,18.26,3.6,-9.59,-23.6
06632400,5,12.79376833,23.63,6.76,-2.5,-15.25,23.63,6.76,-3.28,-15.92
06632400,6,14.53746212,28.57,12.48,1.96,-6.5,26.57,11.34,1.96,-5.76
06632400,7,15.03366569,28.96,12.67,8.03,-1.97,28.96,11.69,8.03,-1.19
06632400,8,14.53016129,26.68,11.35,7.45,-2.56,26.68,11.35,7.45,-2.54
06632400,9,13.56187879,24.4,9.08,-2.61,-15.71,25.49,10.41,-3.18,-11.33
06632400,10,11.34142229,19.63,5.93,-11.99,-23.91,19.63,6.16,-13.37,-26.9
06632400,11,9.675242424,17.34,3.65,-20.31,-27.04,14,2.56,-20.31,-27.07
06632400,12,9.330645161,12.18,1.4,-25.27,-35.54,9.38,-0.66,-21.19,-32.31
06746095,1,11.02024194,9.35,-0.13,-19.87,-34.99,9.35,-0.13,-19.87,-30.01
06746095,2,11.82234916,10.25,-1.12,-22.22,-40.44,9.76,0.43,-24.02,-40.44
06746095,3,12.938761,16.8,0.09,-17.68,-33.23,12.72,1.45,-17.68,-33.23
06746095,4,13.26137121,17.73,2.43,-13.24,-33.59,17.73,2.43,-9.12,-24.34
06746095,5,13.28827713,21.92,4.81,-4.84,-16.75,21.92,4.81,-4.84,-19.81
06746095,6,14.74900758,24.93,10.2,-0.89,-8.53,23.32,8.56,-0.89,-6.59
06746095,7,15.03991202,26,9.89,4.88,-5.02,26,9.28,4.88,-3.03
06746095,8,14.49954545,25.56,8.21,4.1,-5.25,23.9,8.17,4.1,-3.22
06746095,9,13.70751515,22.64,8.76,-5.2,-16.88,22.83,7.23,-1.91,-14.08
06746095,10,11.82439883,17.73,4.39,-10.35,-24.22,17.93,6.28,-12.34,-25.14
06746095,11,10.62839394,15.42,0.78,-17.99,-27.89,14.36,1.64,-17.99,-27.46
06746095,12,10.35833944,10.92,-2.27,-23.26,-32.37,8.69,-1.62,-22.53,-31.98
06784000,1,13.53728006,21.78,-0.08,-18.55,-29.93,21.04,0.15,-18.55,-29.47
06784000,2,13.896428,24.32,2.78,-22.06,-30.85,24.57,3.69,-18.31,-30.85
06784000,3,15.04087243,29.79,9.34,-12.97,-25.72,29.75,11.04,-14.48,-25.2
06784000,4,15.62504545,33.41,13.82,-4.04,-12.18,33.41,12.6,-4.04,-14
06784000,5,14.36994135,36.35,19.45,7.4,-5.92,36.35,19.45,6.39,-5.23
06784000,6,14.48912879,40.36,21.99,9.27,2.01,38.49,22.03,9.27,2.49
06784000,7,14.37678152,40.91,23.04,18.94,6.14,39.76,23.04,17.78,6.68
06784000,8,14.43624633,40.12,21.38,15.3,4.3,38.62,21.18,15.73,5.05
06784000,9,15.89196212,36.7,19.68,3.95,-7.5,37.68,19.68,5.36,-5.34
06784000,10,15.73236804,32.15,14.96,-6.36,-12.46,34.01,14.96,-6.36,-13.84
06784000,11,14.5952803,26.67,10.38,-14.11,-22.58,27.99,10.07,-11.35,-21.1
06784000,12,13.26979106,19.73,0.6,-22.91,-34.32,19.95,5.11,-17.45,-27.67
06799500,1,11.44954545,21.26,0.17,-18.81,-31.25,20.64,1.26,-18.81,-31.41
06799500,2,11.84431215,21.76,6.37,-21.9,-31.93,22.42,6.37,-20.22,-31.8
06799500,3,13.02502933,30.83,12.65,-11.67,-24.92,30.36,16.33,-16.14,-25.66
06799500,4,14.33818182,33.31,16.94,-2.17,-12.17,33.3,16.79,-2.17,-14.36
06799500,5,13.46010997,35.44,20.06,7.91,-3.25,37.39,20.06,6.57,-3.25
06799500,6,13.07243939,40.96,23.7,13.28,3.56,37.6,23.89,13.28,4.84
06799500,7,12.69138563,40.85,24.75,18.51,6.94,40.85,24.75,19.27,6.94
06799500,8,12.65510264,39.74,23.89,15.11,3.58,37.83,23.36,16.42,5.84
06799500,9,14.21713636,36.53,21.18,4.3,-5.17,36.48,21.81,9.19,-3.27
06799500,10,13.9246261,32.89,18.99,-3.91,-11.96,33.11,18.99,-3.91,-11.96
06799500,11,12.26160606,26.85,12.22,-13.19,-23.75,26.85,12.22,-10.52,-23.15
06799500,12,10.75423387,19.89,4.4,-23.73,-32.88,19.89,6.44,-20.48,-29.38
06803510,1,11.56513196,21.4,3,-17.37,-30.02,21.06,3,-17.37,-28.21
06803510,2,12.1390185,25.13,8.1,-19.35,-29.6,25.13,8.1,-16.88,-29.6
06803510,3,13.39194282,31.11,14.06,-10.7,-24.61,32.33,15.23,-15.16,-24.61
06803510,4,14.22916667,35.39,17.39,-1.07,-9.35,34.33,17.05,-1.07,-12.22
06803510,5,13.13875367,35.86,21.13,9.15,-2.2,37.33,21.13,6.09,-2.2
06803510,6,12.86130303,40.85,24.95,13.46,5.28,38.01,24.66,13.46,5.9
06803510,7,12.42028592,41.73,25.53,19.31,8.41,41.73,25.53,18.75,8.41
06803510,8,12.57768328,40.94,24.77,17.05,6.12,38.92,24.51,17.39,6.42
06803510,9,14.05443939,40.4,24.11,5.29,-3.07,40.4,22.55,9.14,-2.28
06803510,10,13.8913783,33.85,22.96,-2.24,-12.78,33.85,22.96,-2.24,-12.78
06803510,11,12.62249242,28.95,13.91,-12.22,-19.91,28.95,13.91,-9.12,-19.91
06803510,12,11.09322581,20.6,5.34,-21.38,-31.5,20.6,9.56,-18.38,-26.11
06803530,1,11.47065249,21.23,2.8,-17.65,-30.56,20.83,2.8,-17.65,-28.5
06803530,2,12.02141593,24.8,7.95,-19.69,-29.67,24.8,7.95,-17.34,-29.67
06803530,3,13.28312317,31.15,13.96,-10.68,-24.47,32.2,15.46,-15.41,-24.47
06803530,4,14.16068939,34.98,17.7,-1.07,-9.24,34.34,17.03,-1.07,-12.03
06803530,5,13.1173827,35.64,21.08,8.43,-2.08,37.5,21.08,5.97,-2.08
06803530,6,12.81977273,40.45,24.8,13.36,5.15,37.92,24.51,13.36,5.97
06803530,7,12.36167155,41.59,25.16,19.18,8.51,41.59,25.16,18.76,8.51
06803530,8,12.48335777,40.86,24.43,16.88,6.07,38.48,24.11,17.37,6.58
06803530,9,13.98892424,39.8,24,5.27,-3.27,39.8,22.45,9.11,-2.38
06803530,10,13.78851906,33.53,22.74,-2.39,-12.48,33.56,22.74,-2.39,-12.48
06803530,11,12.48420455,28.8,13.6,-12.19,-20.05,28.8,13.6,-9.32,-20.05
06803530,12,10.94323314,20.44,5.5,-22.11,-31.41,20.44,9.26,-18.87,-25.81
06808500,1,10.79155425,19.06,2.76,-18.36,-31.16,18.34,2.76,-19.58,-30.11
06808500,2,11.29629928,21.75,7.51,-20.85,-32.17,21.75,7.51,-20.85,-32.17
06808500,3,12.53310117,31.63,13.3,-11.72,-25.74,29.58,16.87,-17.33,-25.74
06808500,4,13.78654545,33.02,17.22,-0.74,-11.87,32.97,16.67,-1.52,-11.76
06808500,5,12.84137097,34.09,21.86,8.8,-1.87,37.04,21.86,4.71,-2.22
06808500,6,12.4007197,38.54,24.43,14.51,4.63,36.12,23.58,14.51,5.09
06808500,7,11.87619501,38.86,24.32,19.23,9.08,38.86,24.56,17.78,7.83
06808500,8,12.09258065,38.33,24.74,16.43,4.56,38.21,24.74,18.33,7.04
06808500,9,13.56218182,38.24,21.94,5.21,-3.64,38.24,21.97,9.14,-2.11
06808500,10,13.19953812,33.12,21.73,-0.68,-9.97,33.12,21.73,-1.12,-9.97
06808500,11,11.64087879,26.5,14.33,-11.46,-21.73,26.5,13.42,-8.76,-21.73
06808500,12,10.11723607,18.99,8.55,-23.93,-32.22,18.99,8.13,-20.62,-26.27
06810000,1,10.81534457,19.05,2.88,-18.29,-30.91,18.32,2.88,-19.06,-29.75
06810000,2,11.36342719,21.4,7.42,-20.97,-32.26,21.44,7.42,-20.97,-32.26
06810000,3,12.54793255,31.6,13.55,-11.79,-25.85,29.22,16.92,-17.06,-25.85
06810000,4,13.74185606,33.06,17.24,-0.48,-11.56,32.43,16.81,-1.3,-11.55
06810000,5,12.78085777,34.12,21.72,9.17,-1.6,36.9,21.72,4.36,-1.97
06810000,6,12.36434848,38.4,24.31,14.91,4.87,36.02,23.33,14.91,5.07
06810000,7,11.89166422,38.68,24.18,19.4,9.27,38.68,24.8,17.97,8.08
06810000,8,12.13727273,38.61,24.82,17.31,4.6,38.15,24.82,18.53,7.15
06810000,9,13.56303788,37.99,21.8,5.58,-3.55,37.99,22.02,9.22,-1.96
06810000,10,13.21829912,33.25,21.51,-0.36,-9.58,33.25,21.51,-1.09,-9.58
06810000,11,11.64607576,26.22,14.19,-11.01,-21.42,26.22,13.28,-8.61,-21.42
06810000,12,10.16217742,18.5,8.71,-23.7,-32.13,18.5,8.71,-20.17,-26.17
06811500,1,11.54449413,21.4,4.4,-17.28,-29.25,20.58,4.4,-16.87,-27.95
06811500,2,12.23695897,25.09,9.61,-19.37,-29.59,25.09,9.61,-18.82,-29.59
06811500,3,13.37065249,31.8,14.66,-12.03,-25.76,31.03,16.14,-15.18,-25.76
06811500,4,14.06504545,35.02,17.9,-0.45,-8.93,33.51,17.68,-1.39,-11.18
06811500,5,12.96608504,36.36,21.36,8.94,-1.59,36.97,21.36,6.72,-1.59
06811500,6,12.64220455,39.68,24.58,14.2,5.24,37.89,24.1,14.2,5.69
06811500,7,12.29639296,40.45,24.84,18.84,9.99,40.45,25.33,18.65,9.34
06811500,8,12.54839443,40.77,24.8,18.29,6.4,38.94,24.53,18.48,6.86
06811500,9,13.94725758,40.19,22.92,5.24,-3.71,40.19,22.26,9.39,-2.25
06811500,10,13.83182551,33.4,22.4,-0.54,-10.98,33.4,22.4,-0.91,-10.98
06811500,11,12.49484848,28.3,14.16,-10.89,-18.46,28.3,14.16,-8.88,-18.33
06811500,12,11.0240066,19.93,8.71,-21.53,-32.09,19.93,8.71,-17.58,-25.8
06813000,1,11.06563783,19.6,4.13,-17.68,-30.21,18.94,4.13,-17.92,-28.27
06813000,2,11.73152051,23.65,8.03,-20.77,-31.57,23.65,8.03,-20.77,-31.57
06813000,3,12.8652346,31.83,14.61,-11.46,-26.07,30.08,17.44,-16.14,-26.07
06813000,4,13.7675,34.19,17.79,0.26,-10.53,32.47,17.11,-0.79,-10.6
06813000,5,12.70365103,35.65,21.97,9.79,-1.17,36.99,21.97,5.11,-1.17
06813000,6,12.32273485,38.47,24.58,14.92,4.97,36.62,23.68,14.92,5.36
06813000,7,11.93334311,38.99,24.41,18.44,10.08,39.53,25.49,18.83,8.56
06813000,8,12.26979472,39.64,25.02,19.09,4.88,38.36,25.02,19.1,8.03
06813000,9,13.67439394,38.1,21.86,5.99,-3.75,38.1,22.84,9.2,-1.71
06813000,10,13.42241202,33.62,21.63,0.42,-9.11,33.62,21.65,-0.63,-9.11
06813000,11,11.90919697,27.47,14.94,-10.07,-20.01,27.47,14.94,-8.17,-20.01
06813000,12,10.43457478,19.79,10.62,-22.86,-31.9,19.79,10.62,-18.55,-25.29
06814000,1,11.65763196,21.87,4.75,-16.07,-28.53,19.87,4.75,-15.86,-26.32
06814000,2,12.46284795,25.02,10.77,-19.81,-28.39,25.02,10.77,-17.52,-28.39
06814000,3,13.54955279,31.41,14.82,-11.75,-26.09,31.63,17.31,-15.17,-26.09
06814000,4,14.01210606,35.11,18.19,-0.34,-9.1,33.17,18.19,-2.22,-10.33
06814000,5,12.87935484,35.94,21.59,9.14,-2.04,36.79,21.59,6.43,-2.04
06814000,6,12.62856818,39.41,24.66,14.35,4.93,37.73,24.04,14.35,4.81
06814000,7,12.47380499,40.39,24.9,17.94,10.32,40.26,25.21,17.89,8.88
06814000,8,12.81184018,41.18,25.72,18.13,6.83,39.13,25.29,18.13,6.83
06814000,9,13.92275758,39.94,22.67,5.29,-3.62,39.94,22.9,9.08,-2.19
06814000,10,13.85472141,33.33,21.78,-0.42,-10.04,33.33,21.78,-0.9,-10.04
06814000,11,12.57009848,27.97,14.98,-10.25,-17.67,27.97,14.98,-8.5,-17.67
06814000,12,11.19000367,20.66,10.84,-20.91,-32.3,20.66,10.84,-16.52,-24.87
06815000,1,11.62558651,21.61,4.64,-15.88,-28.4,19.99,4.64,-15.72,-26.22
06815000,2,12.40063556,25.03,10.49,-19.44,-28.22,25.03,10.49,-17.01,-28.22
06815000,3,13.48804985,31.55,14.79,-11.17,-25.54,31.41,16.99,-15.17,-25.54
06815000,4,13.99588636,35.11,18.24,-0.1,-8.89,33.34,18.24,-1.89,-10.4
06815000,5,12.88201613,35.89,21.69,10.7,-1.59,36.94,21.69,6.96,-1.59
06815000,6,12.62178788,39.34,24.79,14.75,5.09,38,24.28,14.75,5.15
06815000,7,12.4317522,40.52,24.94,18.63,10.55,40.1,25.42,18.44,9.2
06815000,8,12.76165689,41.26,25.5,18.49,7.05,39.5,25.43,18.49,7.12
06815000,9,13.93029545,40.34,22.68,5.61,-3.4,40.34,22.99,9.38,-2.06
06815000,10,13.83880499,33.43,21.95,-0.02,-9.95,33.43,21.95,-0.8,-9.95
06815000,11,12.53854545,27.94,14.66,-9.96,-17.76,27.94,14.66,-8.01,-17.76
06815000,12,11.14725806,20.62,10.01,-20.96,-32.08,20.62,10.01,-16.36,-24.79
06817000,1,10.82293255,18.8,3.71,-17.73,-30.88,18.35,3.71,-19.42,-30.06
06817000,2,11.43952534,21.94,7.58,-21.39,-33.09,21.94,7.58,-21.39,-33.09
06817000,3,12.56422287,31.4,14.21,-12.09,-26.22,28.84,17.03,-16.46,-26.22
06817000,4,13.67953788,33.06,17.46,-0.19,-11.52,31.88,16.71,-1.24,-11.48
06817000,5,12.65203812,34.63,21.2,9.75,-1.44,36.5,21.2,3.4,-2
06817000,6,12.28084091,38.13,23.75,15.4,4.84,35.93,23.17,15.4,4.65
06817000,7,11.88671554,38.17,24.22,20.07,8.9,38.81,25.04,17.58,8.16
06817000,8,12.19398094,38.97,24.94,17.97,4.4,38.23,24.94,17.97,7.03
06817000,9,13.49525758,37.35,21.61,6.38,-3.84,37.35,22.04,9.42,-1.84
06817000,10,13.18821848,33.52,20.97,-0.02,-9.39,33.52,21.18,-1.22,-9.39
06817000,11,11.61214394,26.01,13.84,-10.16,-21.15,26.01,13.71,-8.81,-21.15
06817000,12,10.22462977,18.97,9.99,-24.12,-32.16,18.83,9.99,-19.67,-27.12
06817500,1,10.81832111,18.87,3.77,-17.45,-30.62,18.09,3.77,-19.14,-29.23
06817500,2,11.46971842,22.38,7.48,-21.29,-32.76,22.38,7.48,-21.29,-32.76
06817500,3,12.57026393,31.3,14.3,-11.69,-25.91,28.87,17.15,-16.17,-25.91
06817500,4,13.57205303,33.18,17.53,0.11,-11.08,32,16.62,-1,-11.21
06817500,5,12.54627566,34.67,21.28,10.02,-1.15,36.56,21.28,3.41,-1.54
06817500,6,12.20830303,38.15,23.85,15.26,5,36.06,23.37,15.26,4.84
06817500,7,11.86195015,38.26,24.24,20.09,9.22,39.06,25.27,17.93,8.39
06817500,8,12.18032991,39.11,24.93,18.25,4.58,38.3,24.93,18.25,7.46
06817500,9,13.42969697,37.25,21.64,6.8,-3.62,37.25,22.3,9.37,-1.59
06817500,10,13.14113636,33.35,20.75,0.33,-8.84,33.35,21.2,-1.08,-8.84
06817500,11,11.59490152,25.98,14.07,-9.87,-20.91,25.98,14.07,-8.53,-20.91
06817500,12,10.22509897,19.3,10.52,-23.68,-32.08,19.15,10.52,-19.22,-27.01
06820500,1,10.83134897,19.44,4.82,-16.31,-29.57,18.46,4.82,-18.22,-27.38
06820500,2,11.5805712,23.08,8.63,-20.1,-30.69,23.34,8.63,-20.1,-30.69
06820500,3,12.60820381,30.61,14.86,-10.07,-24.35,28.89,17.37,-15.18,-24.35
06820500,4,13.30363636,33.13,17.95,0.82,-9.81,32.51,16.78,-1.07,-10.78
06820500,5,12.31464809,33.9,21.58,10.83,-0.39,36.62,21.58,3.48,-0.39
06820500,6,12.04759091,38.12,23.61,14.74,5.34,36.51,24.13,14.74,5.47
06820500,7,11.80756598,38.45,24.75,20.55,9.74,39.66,25.75,18.77,9.09
06820500,8,12.15889296,39.78,24.93,18.83,5.14,38.98,24.93,18.83,8.26
06820500,9,13.24356818,37.02,22.21,8.57,-3.03,37.02,23.36,9.98,-1.11
06820500,10,12.99612903,32.74,20.49,1.3,-8,32.74,21.22,-0.53,-8
06820500,11,11.56940152,25.8,14.17,-8.75,-20.22,25.8,14.17,-7.5,-20.22
06820500,12,10.27563416,20.02,10.78,-22.54,-32.13,19.75,10.78,-17.5,-25.26
06847000,1,14.85036657,22.65,0.68,-14.7,-29.68,24.83,0.68,-14.7,-24.59
06847000,2,15.18450523,25.88,2.56,-20.29,-28.16,25.88,3.26,-15.77,-26.85
06847000,3,16.54538123,30.2,7.69,-10.27,-20.81,30.37,7.69,-12.46,-23.74
06847000,4,16.83034848,35.02,11.59,-4.76,-13.01,34.53,12.2,-4.76,-13.01
06847000,5,15.63438416,38.67,16.54,6.19,-4.28,38.67,17.24,4.94,-3.42
06847000,6,16.23017424,39.84,20.97,8.37,1.61,43.36,20.97,8.37,1.61
06847000,7,16.11422287,41.96,21.77,16.98,7.05,41.96,21.77,16.98,8.48
06847000,8,15.92965543,40.6,20.35,16.64,6,40.6,20.67,17.87,6
06847000,9,16.9255,37.85,19.52,4.66,-5.59,39.02,19.52,5.86,-2.28
06847000,10,16.90659824,33.62,14.43,-6.33,-12.58,33.67,14.43,-6.61,-16.21
06847000,11,15.9169697,27.1,7.4,-11.27,-19.13,27.94,8.45,-10.41,-19.73
06847000,12,14.72484238,21.5,1.46,-20.06,-33.85,21.5,2.92,-14.49,-26.82
06847900,1,14.62780792,23.33,0.47,-14.49,-28.69,25.41,0.47,-14.49,-24.34
06847900,2,15.05827836,26.42,3.62,-19.45,-27.7,26.42,4.09,-15.61,-26.53
06847900,3,16.52202346,30.91,9.63,-9.9,-21.49,30.18,9.63,-12.24,-24.06
06847900,4,16.77748485,35.91,12.66,-4.76,-12.59,34.49,12.66,-4.76,-13.26
06847900,5,15.49162757,38.84,17.64,6.75,-3.66,38.84,18.05,4.6,-3.56
06847900,6,16.02930303,40.85,22.37,8.29,1.4,43.78,21.86,8.29,1.4
06847900,7,15.85410557,41.89,22.69,16.45,7.12,41.89,22.69,16.45,8.09
06847900,8,15.64777859,41.03,22.08,17.54,6.71,40.27,22.08,17.92,6.71
06847900,9,16.68047727,38.75,19.64,4.77,-4.87,39.53,19.64,5.69,-2.65
06847900,10,16.70376833,34.32,16.08,-5.33,-12.81,34.32,16.08,-5.76,-15.7
06847900,11,15.75612121,26.65,8.09,-11.72,-19.62,27.86,8.28,-9.36,-19.62
06847900,12,14.4568585,22.01,2.62,-20.55,-33.67,22.01,5.62,-14.82,-27.29
06853800,1,13.10082845,24.95,2.17,-15.7,-27.58,21.39,3.08,-15.33,-25.21
06853800,2,13.78081255,26.92,7.8,-19.33,-27.98,26.92,7.8,-16.5,-26.08
06853800,3,14.9230132,30.27,12.3,-10.03,-21.24,31.87,15.13,-12.81,-22.55
06853800,4,15.4047197,37.14,16.61,-2.85,-11.26,33.85,16.61,-2.85,-11.99
06853800,5,13.88230938,36.87,19.77,9.42,-3,36.87,20.51,5.87,-3
06853800,6,14.14355303,41.95,23.66,11.32,3.87,42.91,23.67,11.32,3.87
06853800,7,14.033739,42.41,24.38,18.18,8.35,42.41,24.54,18.34,8.81
06853800,8,13.96203812,42.62,25.43,16.98,7.22,40.79,25.43,16.98,7.4
06853800,9,15.01118939,38.88,21.79,3.17,-5.07,39.37,21.84,8.31,-3.1
06853800,10,15.02099707,34.02,21.24,-4.4,-13.53,34.02,21.24,-4.4,-13.53
06853800,11,14.13972727,29.34,12.55,-11.75,-18.81,29.34,12.52,-8.29,-18.77
06853800,12,12.58743402,21.04,5.27,-21.44,-33.46,20.62,7.63,-15.94,-24.86
06860000,1,15.56489736,24.03,0.32,-14.72,-29.75,25.08,1.12,-14.72,-24.39
06860000,2,15.77148029,26.51,2.88,-20.64,-27.97,28.2,3.53,-15.39,-26.71
06860000,3,17.06767595,30.37,7.38,-8.45,-19.73,31.25,8.7,-12.59,-21.71
06860000,4,17.32980303,35.18,11.15,-5.18,-13.58,34.79,12.32,-5.18,-13.58
06860000,5,16.26973607,39.88,16.4,7.18,-3.56,39.88,17.03,4.19,-4.01
06860000,6,16.83864394,40.57,21.6,10.17,1.36,42.7,20.65,10.17,1.36
06860000,7,16.70837243,41.09,21.35,16.26,7.13,41.09,21.35,16.26,9.24
06860000,8,16.28030059,40.06,19.9,17.63,6.21,40.06,20.52,17.94,6.21
06860000,9,17.20289394,38.43,18.18,4.33,-5.6,38.44,18.54,4.76,-1.69
06860000,10,17.30033724,33.72,13.8,-6.17,-13.33,33.96,13.8,-7.89,-15.48
06860000,11,16.47363636,26.35,6.07,-9.68,-18.7,27.92,8.23,-10.46,-20.73
06860000,12,15.37,22.42,2.75,-19.78,-30.94,22.42,3.31,-14.69,-27.51
06869500,1,14.09549853,24.42,0.49,-12.81,-25.61,26.57,2.65,-12.81,-22.45
06869500,2,14.71504425,28.3,6.65,-18.5,-25.39,29.16,6.65,-14.61,-24.47
06869500,3,15.85506598,31.15,10.92,-8.06,-20,31.64,11.09,-13.03,-22
06869500,4,16.08301515,37.57,15.67,-2.92,-11.1,35.19,13.63,-2.92,-11.1
06869500,5,14.77958211,37.77,19.68,8.48,-2.23,37.77,19.31,5.58,-2.23
06869500,6,15.15422727,41.93,24.33,10.15,3.09,44.28,22.98,10.15,3.09
06869500,7,15.14854106,42.13,24,18.69,8.18,42.13,24,18.49,9.95
06869500,8,14.92912023,41.94,24.27,19.66,8.18,40.44,24.27,19.66,8.85
06869500,9,15.65812879,39.02,21.14,5.12,-3.5,40.85,22.73,6.81,-1.9
06869500,10,15.81785924,34.99,19.83,-4.3,-10.72,34.99,19.83,-5.31,-11.65
06869500,11,15.08681061,29.57,10.6,-10.37,-17.94,29.57,10.26,-6.98,-17.94
06869500,12,13.65652126,22.11,5.94,-19.68,-31.36,22.11,7.28,-13.35,-26.53
06876700,1,12.93266129,25.39,3.01,-13.09,-26.89,23.56,4.22,-12.6,-23.31
06876700,2,13.76269509,28.18,9.22,-17.98,-26.33,28.18,9.22,-13.85,-24.75
06876700,3,14.75536657,30.57,14.07,-9.79,-19.44,32.09,16.12,-13.46,-20.85
06876700,4,15.07350758,37.66,19.11,-1.34,-9.53,35.18,16.42,-1.34,-11.02
06876700,5,13.75271261,37.49,21.04,8.93,-2.23,37.49,21.62,7.21,-2.23
06876700,6,14.03081818,42.19,25.4,12.25,4.63,43.56,25.02,12.25,5.15
06876700,7,14.1333871,43.08,26.05,19.24,8.59,43.08,26.02,18.62,10.21
06876700,8,14.00033724,43.03,26.79,18.67,8.32,41.61,26.79,18.67,8.9
06876700,9,14.60583333,42.05,22.95,5.11,-2.34,42.05,24.31,8.24,-1.36
06876700,10,14.71007331,35.37,22.25,-2.48,-10.36,35.37,22.25,-2.77,-10.36
06876700,11,13.89222727,30.52,15,-9.63,-16.71,30.52,13.02,-7.15,-16.71
06876700,12,12.36420088,21.38,9.8,-20.3,-31.6,21.38,8.12,-13.18,-23.67
06878000,1,12.13445748,23.04,5.88,-14.73,-26.49,22.09,5.71,-13.1,-22.87
06878000,2,12.9517136,27.3,10.46,-17.8,-26.07,27.3,10.46,-13.27,-25
06878000,3,13.8798827,30.6,15.47,-9.34,-20.57,32.41,16.71,-13.86,-20.57
06878000,4,14.18290909,36.06,18.9,0.38,-8.53,33.84,17.67,0.38,-9.94
06878000,5,12.99975806,37.59,22.26,11.8,-1.61,37.59,22.26,8.71,-1.61
06878000,6,13.15769697,40.03,25.56,14.66,5.03,41.71,25.22,14.66,5.94
06878000,7,13.25704545,42.1,26.33,19.75,9.71,42.27,26.33,18.81,10.6
06878000,8,13.31882698,42.54,27.57,19,8.51,41.86,27.57,19,8.51
06878000,9,13.88012121,42.72,23.85,5.75,-2.09,42.72,24.22,9.43,-0.71
06878000,10,13.89692082,34.23,22.29,-0.35,-10.22,34.23,22.29,-1.83,-10.22
06878000,11,12.8962803,28.36,15.57,-9.18,-15.88,28.36,14.59,-6.62,-14.97
06878000,12,11.57475806,21.15,12.24,-20.27,-30.9,21.15,11.33,-13.02,-24.1
06879650,1,12.07857771,22.87,7.21,-13.79,-27,23.16,5.78,-13.79,-23.22
06879650,2,12.82197104,27.4,10.11,-17.35,-25.83,27.4,10.11,-13.51,-25.7
06879650,3,13.65360704,30.18,15.97,-9.88,-22.35,31.77,16.81,-14.07,-22.35
06879650,4,13.81800758,34.42,19.4,0.64,-8.97,33.15,19.24,0.32,-9.09
06879650,5,12.56322581,36.96,22.73,12.1,-1.42,37.11,22.73,7,-1.42
06879650,6,12.42796212,38.27,24.78,15.68,5,39.5,25.17,15.68,5.2
06879650,7,12.57835044,41.36,25.77,19.21,10,42.49,26.15,19.41,9.32
06879650,8,12.95431818,42.13,26.79,18.53,8,41.93,26.79,18.53,8
06879650,9,13.6527803,42.31,24.02,6.48,-1.68,42.31,24.42,9.46,-0.6
06879650,10,13.72330645,34.45,21.37,0.24,-10.02,34.45,21.37,-2.27,-10.02
06879650,11,12.68912879,28.32,15.74,-8.36,-15.78,28.32,14.22,-7.26,-15.04
06879650,12,11.49115469,21.41,12.08,-20.16,-31.01,21.41,11.93,-13.05,-24.67
06883000,1,12.17042522,23.46,1.58,-17.39,-28.84,21.4,2.16,-16.76,-26.17
06883000,2,12.75094127,26.15,8.32,-20.02,-28.49,26.15,8.32,-17.28,-27.32
06883000,3,14.0429912,31,12.93,-10.97,-22.06,31.67,15.68,-13.97,-22.73
06883000,4,14.74327273,35.51,15.93,-2.92,-10.73,34.5,15.35,-2.92,-11.54
06883000,5,13.29498534,36.51,20.42,8.77,-2.42,36.87,20.42,8.15,-2.42
06883000,6,13.45915909,41.21,23.26,11.66,4.1,40.64,24.03,11.66,4.82
06883000,7,13.0720088,40.87,23.87,17.15,9.13,40.71,24.56,17.66,9.49
06883000,8,13.06582111,41.98,23.9,17.04,7.41,38.73,23.9,17.04,7.63
06883000,9,14.40640152,38.01,21.23,3.48,-3.93,38.01,21.69,7.09,-3.4
06883000,10,14.3269868,34.15,21.43,-5,-12.59,34.46,21.43,-5,-12.59
06883000,11,13.28530303,28.84,12.44,-11.59,-18.94,28.84,12.44,-9.26,-18.94
06883000,12,11.73529692,20.51,4.52,-21.02,-32.56,20.51,7.19,-16.21,-24.42
06884400,1,13.05615103,22.5,0.33,-16.36,-27.61,20.77,1.07,-16.36,-25.47
06884400,2,13.58850362,25.27,5.47,-19.89,-28.24,25.27,5.47,-16.63,-26.85
06884400,3,14.84339443,30.54,10.64,-10.89,-21.79,31.25,12.11,-13.55,-23.68
06884400,4,15.37489394,34.79,14.52,-3.05,-10.68,33.97,14.11,-3.05,-12.89
06884400,5,13.98774194,36.12,19.31,8.99,-3.14,36.5,19.31,6.81,-3.14
06884400,6,14.15284848,41.04,22.65,10.54,4.09,40.01,22.68,10.54,4.09
06884400,7,13.89803519,41.2,23.38,19.28,7.95,40.46,23.38,19.28,8.89
06884400,8,13.91156158,41.36,23.06,17.04,6.56,38.47,23.06,17.21,7.21
06884400,9,15.24631818,37.4,21.04,3.97,-4.92,37.8,21.44,6.64,-3.23
06884400,10,15.21720674,33.37,18.66,-4.7,-12.77,34.17,18.66,-4.7,-12.77
06884400,11,14.13885606,28.01,11.48,-12.24,-19.51,28.01,11.56,-8.99,-18.61
06884400,12,12.69286657,20.09,2.78,-20.9,-33.36,20.35,6.86,-16.14,-25.73
06885500,1,11.75387097,21.9,5.95,-15.19,-27.81,20.45,5.76,-15.19,-24.63
06885500,2,12.57058729,25.12,11.09,-19.43,-27.67,25.12,11.09,-15,-27.67
06885500,3,13.61400293,31.17,15.69,-10.57,-25.35,32.01,17.62,-15.13,-25.35
06885500,4,13.95753788,34.94,18.79,0.06,-8.97,33.36,18.79,-2.28,-9.66
06885500,5,12.80483138,35.64,22.27,10.7,-2.04,36.66,22.27,6.6,-2.04
06885500,6,12.56834848,39.07,24.85,14.93,4.83,37.95,24.74,14.93,4.99
06885500,7,12.50925953,40.88,25.02,17.83,10.46,40.57,25.28,18.5,8.63
06885500,8,12.89654692,41.45,26.11,18.27,7.22,39.94,26.11,18.27,7.22
06885500,9,13.8439697,40.99,23.4,5.96,-2.99,40.99,23.37,9.29,-1.72
06885500,10,13.80930352,33.19,21.47,0.16,-10.22,33.19,22.17,-0.94,-10.22
06885500,11,12.59605303,28.02,14.92,-9.54,-17.18,28.02,14.85,-7.73,-17.18
06885500,12,11.2823827,20.84,11.75,-20.82,-31.81,20.84,10.85,-15.05,-24.59
06888500,1,11.87071114,22.65,7.44,-14.27,-27.14,23.19,6.59,-14.27,-23.76
06888500,2,12.58855994,27.68,10.18,-17.3,-25.78,27.68,9.84,-13.3,-25.52
06888500,3,13.4476393,29.78,15.39,-9.72,-21.92,31.33,17.05,-14.19,-21.92
06888500,4,13.55171212,33.92,19.38,0.94,-8.54,33.45,19.38,-1.08,-8.84
06888500,5,12.30130499,36.57,22.52,11.73,-0.85,36.57,22.52,6.16,-0.85
06888500,6,12.15440909,37.74,24.52,15.41,5.12,39.21,24.97,15.41,5.12
06888500,7,12.36145894,40.95,25.52,18.25,10.2,41.69,25.56,19.5,9.71
06888500,8,12.78622434,41.98,26.19,18.65,8.24,42.13,26.19,18.65,8.24
06888500,9,13.42012879,42.23,23.82,6.72,-1.15,42.23,24.02,9.71,-0.57
06888500,10,13.43883431,34.26,21.46,0.29,-9.3,34.26,21.55,-2.24,-9.3
06888500,11,12.44958333,28.38,15.25,-7.91,-15.86,28.38,14.44,-7.26,-14.99
06888500,12,11.2722324,21.74,12.3,-20.32,-31.02,21.74,12.3,-13,-24.45
06889200,1,11.67194282,21.75,7.94,-14.24,-27.76,22.67,6.37,-14.24,-23.55
06889200,2,12.45444087,25.84,11.1,-18.66,-26.82,25.84,11.1,-14.11,-26.82
06889200,3,13.39217742,30.73,16.59,-9.02,-23.93,31.77,17.48,-14.87,-23.93
06889200,4,13.64253788,34.08,19.59,0.96,-8.62,33.85,19.24,-2.39,-9.44
06889200,5,12.54496334,35.61,23,11.34,-1.58,35.82,23,5.56,-1.58
06889200,6,12.25637121,38.5,24.92,15.85,5.03,39.06,25.3,15.85,5.15
06889200,7,12.31173021,40.65,25.44,18.02,10.07,40.64,25.98,19.58,9.49
06889200,8,12.76241935,41.67,26.33,19.03,7.73,40.78,26.33,19.03,7.73
06889200,9,13.57501515,41.9,24.03,7.68,-1.52,41.9,24.07,9.85,-0.98
06889200,10,13.54265396,33.05,21.25,0.91,-9.66,33.05,22.02,-1.57,-9.66
06889200,11,12.40340152,27.99,16.19,-8.3,-17,27.99,14.44,-6.69,-17
06889200,12,11.17346408,21.05,12.39,-21.46,-31.12,21.05,12.03,-13.87,-23.85
06889500,1,11.69085044,21.87,8.21,-13.78,-27.48,23.08,6.25,-13.78,-23.32
06889500,2,12.44501207,26.12,11.17,-18.38,-26.31,26.12,11.17,-13.47,-26.31
06889500,3,13.35349707,30.81,16.63,-8.95,-23.49,31.78,17.88,-14.59,-23.49
06889500,4,13.59527273,34.15,19.88,1.09,-8.44,34.2,19.46,-1.9,-9.2
06889500,5,12.50376833,35.72,23.18,11.72,-1.3,35.87,23.18,5.68,-1.3
06889500,6,12.22001515,38.53,25.12,16.1,5.27,39.17,25.59,16.1,5.38
06889500,7,12.27585777,40.53,25.53,18.25,10.04,40.74,25.78,20.1,9.74
06889500,8,12.74162757,41.73,26.56,19.21,7.95,41.01,26.56,19.21,7.95
06889500,9,13.55606818,42.09,24.12,7.82,-1.13,42.09,24.42,10.16,-0.85
06889500,10,13.53480205,33.31,21.4,1.18,-9.44,33.31,21.98,-1.33,-9.44
06889500,11,12.41436364,28.13,16.09,-7.92,-16.72,28.13,14.25,-6.39,-16.72
06889500,12,11.18663856,21.23,12.41,-21.17,-31.03,21.23,12.17,-13.51,-23.59
06892000,1,11.09072581,21.56,7.7,-14.31,-27.51,23.13,5.72,-14.33,-24.01
06892000,2,11.86370072,24.86,10.92,-17.8,-25.9,24.69,10.92,-13.13,-25.25
06892000,3,12.76821114,30.24,16.28,-8.71,-20.97,30.66,17.94,-14.65,-21.4
06892000,4,13.0127803,33.33,19.92,2.1,-7.8,34.19,19.21,-1.66,-8.37
06892000,5,12.05258065,34.49,23.13,11.92,-0.02,34.99,23.13,5.31,-0.02
06892000,6,11.76028788,38.39,25.16,16.6,6.04,39.94,24.97,16.6,6.28
06892000,7,11.73113636,39.73,26.06,18.95,10.75,40.88,26.06,20.88,10.75
06892000,8,12.12391496,41.9,26.39,19.57,7.38,40.83,26.39,19.57,8.7
06892000,9,12.86278788,40.11,23.99,10.54,-0.74,40.11,24.6,11.55,-0.25
06892000,10,12.79087243,33.88,21.5,2.01,-8.23,33.88,21.59,-0.09,-8.23
06892000,11,11.67931818,26.6,16.24,-6.75,-16.85,26.6,15.41,-5.56,-16.85
06892000,12,10.57214076,21.02,12.65,-21.31,-30.72,21.84,12.65,-13.55,-23.02
06894000,1,10.74821848,21.49,10.05,-15.88,-27.25,23.27,10.05,-15.46,-23.56
06894000,2,11.49658085,24.38,10.55,-15.51,-24.86,26.11,10.32,-13.09,-24.32
06894000,3,12.35530792,29.67,16.29,-7.45,-19.21,29.6,17.32,-14.35,-20.57
06894000,4,12.53992424,33.03,20.09,2.66,-7.25,33.08,20.09,-0.3,-7.44
06894000,5,11.69797654,33.48,23.03,11.62,0.05,33.89,23.03,3.65,0.05
06894000,6,11.46248485,38.92,24.51,16.24,6.02,39.62,25.39,16.24,6.08
06894000,7,11.46186217,39.23,25.89,18.75,10.94,40.95,25.89,18.37,10.94
06894000,8,11.8013783,41.68,25.52,19.7,6.87,41.83,25.91,19.4,10.12
06894000,9,12.46495455,40.42,23.26,11.38,0.13,40.42,23.67,11.5,0.38
06894000,10,12.34542522,33.89,21.27,2.95,-8.13,33.89,21.43,1.07,-8.13
06894000,11,11.25304545,26.85,15.63,-4.57,-16.87,26.87,16.35,-4.57,-16.87
06894000,12,10.31925587,21.07,13.06,-19.78,-30.39,21.72,13.06,-13,-21.85
06897500,1,10.74145894,19.69,5.2,-15.94,-29.57,18.34,5.2,-18.64,-27.33
06897500,2,11.52364441,23.29,8.66,-20.88,-30.59,23.85,8.66,-20.88,-30.59
06897500,3,12.49989736,30.12,14.83,-9.89,-24.21,28.4,16.92,-14.93,-24.21
06897500,4,13.16385606,32.76,18.4,0.82,-9.84,32.21,16.43,-1.55,-11.16
06897500,5,12.23233871,32.85,21.47,10.63,-0.2,36.47,21.47,2.98,-0.2
06897500,6,12.01059848,38.42,23.35,14.16,5.62,36.79,24.14,14.16,5.81
06897500,7,11.82079912,38.47,24.97,20.43,9.71,39.98,25.61,18.44,9.33
06897500,8,12.15880499,39.99,24.87,18.43,4.91,39.26,24.83,18.43,8.37
06897500,9,13.14133333,36.47,22.49,9.85,-2.67,36.47,23.36,10.39,-1.02
06897500,10,12.86309384,32.29,20.48,1.61,-7.62,32.29,20.92,-0.29,-7.62
06897500,11,11.46090152,25.55,14.05,-7.96,-20.73,25.55,14.03,-7.52,-20.73
06897500,12,10.2226283,20.03,10.59,-22.53,-32.3,20.28,10.59,-17.12,-26.04
06898000,1,10.60530059,19.11,5.11,-17.56,-30.54,18.3,4.41,-20.49,-30.15
06898000,2,11.28432019,21.4,7.82,-21.73,-33.26,22.53,7.82,-21.73,-33.26
06898000,3,12.27751466,30.87,14.45,-11.56,-24.51,29.07,16.23,-16.17,-24.51
06898000,4,13.31168939,32.51,18.39,-0.01,-11.91,31.67,16.16,-1.11,-11.08
06898000,5,12.34870235,33.34,20.9,9.16,-1.29,36.28,20.9,2.42,-1.91
06898000,6,12.06007576,38.51,23.87,14.55,4.81,36.05,23.1,14.55,4.81
06898000,7,11.79082845,38.72,24.41,20.23,9.46,39.28,25.28,17.92,8.87
06898000,8,12.10304252,39.74,24.88,17.18,4.43,38.5,24.82,17.18,7.04
06898000,9,13.20339394,36.68,22.07,8.28,-3.32,36.68,22.6,9.83,-1.52
06898000,10,12.85291056,32.81,20.7,0.7,-8.95,32.81,20.7,-1.02,-8.95
06898000,11,11.32570455,25.85,13.77,-8.95,-21.74,25.85,13.23,-8.95,-21.74
06898000,12,10.0948827,19.67,10.81,-23.86,-32.15,19.25,10.81,-19.01,-28.12
06899500,1,10.61282258,19.7,4.99,-16.62,-30.19,18,4.99,-19.8,-28.76
06899500,2,11.35740145,22.36,8.3,-21.61,-32.08,23.45,8.3,-21.61,-32.08
06899500,3,12.31719941,30.4,14.65,-10.41,-24.1,28.98,16.39,-15.6,-24.1
06899500,4,13.17416667,32.52,18.45,0.37,-11.01,31.62,16.33,-0.58,-10.81
06899500,5,12.26845308,32.28,21.13,9.87,-0.8,36.33,21.13,2.77,-0.86
06899500,6,12.01769697,38.46,23.34,14.19,5.3,36.44,23.55,14.19,5.3
06899500,7,11.82891496,38.8,24.72,20.22,9.74,39.83,25.21,18.39,9.09
06899500,8,12.14067449,39.93,25.12,17.62,4.57,38.95,24.77,17.62,8.1
06899500,9,13.13812121,36.24,22.38,9.68,-2.78,36.53,23.04,10.22,-1.12
06899500,10,12.79972141,32.27,20.77,1.44,-7.62,32.27,20.77,-0.38,-7.62
06899500,11,11.33954545,25.63,13.87,-8.09,-21.43,25.63,13.42,-8.09,-21.43
06899500,12,10.11365103,19.93,10.78,-23.13,-32.21,19.99,10.78,-17.91,-27.54
06903400,1,10.57225806,20.54,6.05,-17.5,-30.55,17.53,4.87,-21.12,-30.21
06903400,2,11.31016895,21.4,8.67,-23.01,-33.8,23.54,8.67,-23.01,-33.8
06903400,3,12.19995601,30.6,14.51,-10.39,-23.84,29.26,15.7,-16.98,-23.84
06903400,4,13.22553788,31.98,18.69,-0.25,-12.49,30.9,16.19,-0.25,-10.56
06903400,5,12.33693548,32.3,20.52,8.93,-1.78,36.02,20.52,3.02,-1.78
06903400,6,12.02052273,38.66,23.28,14.03,4.9,36.12,23.01,14.03,4.9
06903400,7,11.82480938,39.53,24.62,18.82,9.37,39.87,24.74,18.03,8.9
06903400,8,12.14425953,40.13,25.59,16.85,4.47,38.38,24.79,16.85,7.34
06903400,9,13.11590909,36.23,22.58,9.75,-3.13,36.94,23.31,10.09,-1.1
06903400,10,12.74081378,31.71,20.88,1.27,-8.57,31.71,20.88,-0.54,-8.57
06903400,11,11.30723485,25.32,14.12,-8.34,-22.38,25.32,13.06,-8.34,-22.38
06903400,12,10.1186437,20.07,11.78,-23.46,-32.49,20.08,11.78,-18.47,-28.84
06906800,1,11.05033724,21.56,12.85,-14.94,-27.91,23.53,12.85,-15.58,-22.84
06906800,2,11.9349638,24.43,10.99,-14.38,-25.21,24.87,10.99,-14.38,-25.21
06906800,3,12.6885044,29.5,15.55,-5.64,-17.27,28.95,16.22,-10.82,-18.89
06906800,4,13.13845455,33.22,19.37,2.79,-7.77,31.33,19.37,0.77,-7.77
06906800,5,12.09278592,32.63,21.72,10.93,0.23,33.03,21.72,3.08,0.16
06906800,6,11.67479545,39.01,24.25,14.74,6.41,38.63,24.56,14.74,6.92
06906800,7,11.74316716,40.22,25.28,18.72,11.55,39.85,26.17,20.72,11.55
06906800,8,12.19235337,39.99,25.67,19.6,6.33,42.01,25.67,19.5,8.92
06906800,9,12.83819697,38.88,23.07,11.24,-1.44,38.88,23.04,11.24,0.31
06906800,10,12.85012463,33.63,20.95,2.25,-5.94,33.63,20.95,1.81,-5.94
06906800,11,11.74299242,26.25,15.7,-3.65,-18.04,27.37,16.61,-4.72,-18.04
06906800,12,10.60830645,23.07,13.13,-19.66,-30.55,23.07,13.13,-11,-19.7
06908000,1,10.90205279,20.48,9.62,-15.57,-27.7,23.18,10.79,-15.46,-23.29
06908000,2,11.74518906,24.13,10.51,-14.64,-25.02,24.75,10.51,-14.64,-24.77
06908000,3,12.57177419,29.69,15.85,-6.75,-17.75,27.93,16.26,-13.65,-20.32
06908000,4,12.95940152,32.7,19.31,2.99,-7.25,31.47,19.31,-0.7,-7.25
06908000,5,12.05659091,32.81,22.22,10.86,0.27,33.91,22.22,2.66,-0.01
06908000,6,11.71964394,39.36,24.82,14.88,6.58,38.57,24.82,14.88,6.58
06908000,7,11.74215543,38.75,25.09,18.79,10.95,40.18,25.97,19.29,10.95
06908000,8,12.17910557,40.37,25.45,19.93,6.23,41,25.45,19.31,9.03
06908000,9,12.97241667,39.25,22.79,11.18,-0.86,39.25,23.24,11.18,0.14
06908000,10,12.86165689,33.92,21.03,2.59,-6.56,33.92,21.03,1.09,-6.56
06908000,11,11.59562879,26.5,15.72,-4.11,-19.09,27.29,16.51,-5.05,-19.09
06908000,12,10.45942815,21.62,13.9,-20.37,-31.05,22.22,13.9,-13.26,-20.94
06910800,1,11.70349707,22.7,7.84,-14.95,-26.82,23.44,7.84,-14.29,-23.06
06910800,2,12.35762671,27.29,10.59,-17.13,-25.69,27.29,9.95,-13.6,-24.26
06910800,3,13.23241935,29.3,15.46,-9.18,-19.91,30.93,17.24,-13.59,-19.91
06910800,4,13.23284091,34.06,19.08,1.42,-8.04,34.06,19.08,-1.09,-8.2
06910800,5,11.97683284,35.65,22.08,10.23,-0.01,35.65,22.08,5.36,-0.01
06910800,6,11.86592424,37.35,24.29,15.71,5.76,39.59,24.58,15.71,5.76
06910800,7,12.16131232,40.43,25.71,18.18,10.74,42.16,25.71,19.68,10.13
06910800,8,12.60986804,41.94,25.66,18.57,8.93,42.94,25.66,18.57,8.93
06910800,9,13.15904545,42.06,23.57,6.98,-0.78,42.06,23.8,10.28,-0.4
06910800,10,13.12679619,34.44,21.07,0.52,-8.63,34.44,21.82,-1.96,-8.63
06910800,11,12.18190152,28.85,15.2,-7.42,-15.55,28.85,14.63,-6.99,-14.28
06910800,12,11.04521628,22.21,12.49,-20.61,-30.47,22.21,12.49,-12.36,-22.82
06911900,1,11.66341642,22.52,7.77,-15.09,-26.86,23.76,7.24,-14.34,-23.15
06911900,2,12.31482703,27.2,10.33,-17.15,-25.84,27.2,10.33,-13.43,-24.42
06911900,3,13.19041789,29.5,15.54,-9.08,-20.36,31.02,17.54,-13.81,-20.36
06911900,4,13.23403788,33.95,19.45,1.47,-8.01,33.95,19.45,-0.92,-8.14
06911900,5,12.00605572,35.56,22.31,10.37,0.02,35.56,22.31,5.26,0.02
06911900,6,11.86656061,37.5,24.39,15.7,5.71,39.77,24.88,15.7,5.71
06911900,7,12.12878299,40.46,25.71,18.19,10.83,42.04,25.71,19.97,10.13
06911900,8,12.59520528,41.92,25.87,18.62,8.87,42.96,25.87,18.62,8.87
06911900,9,13.17912121,42.11,23.66,7.24,-0.74,42.11,24.1,10.42,-0.34
06911900,10,13.13827713,34.41,21.28,0.76,-8.53,34.41,21.85,-1.72,-8.53
06911900,11,12.16868939,28.6,15.32,-7.32,-15.62,28.6,14.54,-6.78,-14.25
06911900,12,11.02631598,22.2,12.53,-20.57,-30.48,22.2,12.53,-12.39,-22.88
06913500,1,11.60908358,22.46,8.66,-15.07,-26.36,24.31,8.66,-13.79,-22.39
06913500,2,12.27044248,26.42,10.97,-16.62,-25.56,26.42,10.97,-12.75,-23.44
06913500,3,13.10317449,29.41,15.8,-7.61,-18.62,31.01,17.56,-13.33,-19.02
06913500,4,13.14337121,33.85,19.53,1.76,-7.65,33.85,19.53,0.68,-7.65
06913500,5,11.9160044,34.75,22.4,11.15,0.63,34.75,22.4,5.67,0.63
06913500,6,11.75556818,37.68,24.44,16.32,6.28,39.84,24.69,16.32,6.47
06913500,7,12.01574047,39.8,25.64,19.39,11.32,42.28,25.77,20.73,10.65
06913500,8,12.50304985,41.63,25.8,19.54,8.95,42.87,25.8,19.54,9.44
06913500,9,13.08363636,42.09,23.6,9.31,-0.51,42.09,24.23,11.4,-0.16
06913500,10,13.04332111,34.43,21.31,1.58,-8.36,34.43,21.8,-0.97,-8.36
06913500,11,12.05050758,29.09,15.93,-6.33,-15.12,29.09,15.21,-5.96,-13.74
06913500,12,10.952511,22.39,12.71,-20.07,-29.8,22.39,12.71,-11.86,-22.22
06914000,1,11.56749267,21.62,10.63,-14.16,-25.96,24.29,10.63,-13.25,-22.37
06914000,2,12.26786806,25.47,11.06,-15.36,-24.6,26.05,11.06,-12.96,-25.03
06914000,3,13.0461437,29.86,16.02,-5.67,-17.41,30.67,17.7,-13.09,-18.44
06914000,4,13.11116667,32.88,19.61,2.17,-7.4,33.03,19.61,2.17,-7.4
06914000,5,11.83331378,33.68,22.45,11.37,0.84,33.68,22.45,5.64,0.63
06914000,6,11.64471212,37.77,24.54,16.38,6.54,39.07,24.64,16.38,7.06
06914000,7,11.89926686,39.78,25.54,19.63,11.45,42.02,26.3,20.51,11.21
06914000,8,12.42690616,41.14,25.49,19.67,8.28,42.16,26.04,19.67,9.58
06914000,9,12.97334091,41.53,23.45,11.28,-0.43,41.53,24.13,11.28,-0.16
06914000,10,12.9283871,34.05,21.01,1.64,-8.13,34.05,22.11,-0.45,-8.13
06914000,11,11.92486364,28.63,16.12,-6.03,-14.6,28.63,15.63,-6.03,-13.28
06914000,12,10.88520894,22.03,12.58,-19.29,-29.24,22.03,12.58,-11.38,-22.48
06917000,1,11.52402493,21.04,11.09,-13.09,-25.46,23.46,12.35,-13.05,-22.72
06917000,2,12.25613837,25.87,12.17,-13.87,-24.13,25.95,11.24,-13.37,-24.68
06917000,3,13.00092375,29.84,16.46,-5.06,-17.06,29.84,17.5,-11.66,-18.22
06917000,4,13.16889394,32.18,19.64,3.55,-7.05,32.07,19.64,3.13,-7.05
06917000,5,11.93428886,33.4,22.68,12.14,0.41,33.4,22.68,6.47,0.29
06917000,6,11.68700758,37.92,24.58,16.22,7.13,38.22,24.58,16.22,7.68
06917000,7,11.91739003,40.32,25.77,21.7,11.02,41.67,26.21,20.98,11.02
06917000,8,12.49565249,40.53,25.19,19.7,7.73,42.25,26.33,20.17,9.43
06917000,9,13.00274242,41.12,23.25,10.81,-0.84,41.12,24.55,10.81,-0.07
06917000,10,13.01636364,33.83,21.09,2.23,-7.75,33.83,21.66,0.34,-7.75
06917000,11,11.97913636,27.75,16.09,-5.12,-14,27.75,17.19,-5.12,-13.75
06917000,12,10.88479839,21.79,13.06,-18.63,-29.48,22.13,13.06,-11.57,-21.69
06918460,1,11.56285924,22.21,13.34,-13.54,-26.56,22.83,13.34,-13.67,-23.17
06918460,2,12.30459372,26.18,12.62,-13.85,-23.36,27.74,11.46,-13.85,-23.81
06918460,3,12.88917889,29.89,16.2,-5.7,-17.95,29.89,16.28,-5.7,-17.95
06918460,4,13.27957576,31.86,19.44,2.55,-7.46,31.86,19.44,2.22,-7.46
06918460,5,12.01777126,32.25,21.52,10.92,0.21,33.21,21.7,3.13,-0.28
06918460,6,11.83472727,37.94,23.34,18.16,6.41,38.4,24.32,18.12,6.95
06918460,7,12.12228006,41.53,24.67,19.93,9.13,40.55,25.83,19.93,9.13
06918460,8,12.75228006,39.79,24.7,18.42,7.26,42.31,25.53,18.42,7.91
06918460,9,13.03404545,39.66,22.56,10.35,-1.02,39.66,24.28,10.35,0.01
06918460,10,13.09571848,32.28,20.38,0.73,-7.95,31.93,20.57,0.73,-7.95
06918460,11,12.20355303,27.37,16,-2.82,-14.59,27.57,16.15,-3.61,-14.32
06918460,12,11.05992669,23.88,13.26,-18.45,-27.1,23.88,12.75,-9.34,-21.32
06919500,1,11.38587243,22.65,12.42,-13.23,-26.16,22.94,12.42,-13.17,-21.82
06919500,2,12.13670153,25.94,12.21,-13.42,-23.13,27.04,11.8,-13.42,-22.77
06919500,3,12.78247801,30.52,16.83,-5.01,-17.28,30.52,16.92,-6.35,-17.28
06919500,4,13.10792424,32.91,19.09,3,-6.18,32.91,19.09,1.85,-6.18
06919500,5,11.96667155,32.64,22.02,11.5,0.87,33.01,22.02,4.26,0.01
06919500,6,11.70019697,38.61,24.01,17.3,6.68,37.26,24.84,17.3,7.6
06919500,7,11.94593842,41.64,25.93,20.28,10.2,40.65,25.93,21.21,10.2
06919500,8,12.55144428,40.41,25.51,18.98,7.71,42.4,25.72,18.98,9
06919500,9,12.90458333,40.5,23.16,9.24,-1.16,40.5,24.69,9.24,0.32
06919500,10,12.95554985,32.52,21.53,1.56,-7.43,32.52,21.53,1.56,-7.43
06919500,11,11.95718939,27.65,17.08,-2.81,-14.79,27.98,17.08,-2.81,-14.79
06919500,12,10.81163856,23.28,13.32,-18.14,-27.93,23.28,13.32,-9.72,-20.37
06921070,1,11.46241935,22.46,13.85,-13.64,-27.72,22.28,13.85,-13.64,-23.54
06921070,2,12.28940467,26.22,11.93,-13.58,-23.08,26.9,11.89,-13.58,-23.43
06921070,3,12.95130499,29.13,16.27,-5.37,-17.49,29.13,16.36,-6.34,-17.49
06921070,4,13.31506818,32.19,19.5,3.2,-7.28,32.19,19.5,2.18,-7.28
06921070,5,12.16278592,32.3,21.89,11.22,-0.51,33.36,21.89,2.97,-0.3
06921070,6,11.93910606,37.92,23.67,16.76,5.68,38.67,24.13,16.76,6.91
06921070,7,12.16220674,41.35,24.41,20.18,9.9,39.41,25,20.18,9.9
06921070,8,12.60818182,39.62,24.26,20.17,6.33,41.25,24.48,20.17,8.3
06921070,9,12.98307576,39.29,22.19,11.36,-1.84,39.29,23.67,11.36,0.26
06921070,10,12.99082111,32.84,20.46,2.03,-7.21,32.06,20.93,2.03,-7.21
06921070,11,12.05828788,27.35,16.43,-3.44,-15.41,27.68,16.43,-3.44,-14.54
06921070,12,10.97185484,24.07,13.4,-18.49,-27.97,24.07,12.57,-9.67,-20.54
06921200,1,11.46168622,22.75,13.87,-13.78,-27.59,22.33,13.87,-13.78,-23.13
06921200,2,12.32,26.17,12.23,-13.35,-23.42,26.59,12.23,-13.35,-24.3
06921200,3,12.97119501,29.13,16.46,-5.14,-17.19,29.39,16.86,-6.66,-17.33
06921200,4,13.30964394,32.57,19.49,3.37,-7.22,32.57,19.49,2.18,-7.22
06921200,5,12.17480938,32.74,22.67,11.07,-0.34,33.21,22.67,3.2,-0.26
06921200,6,11.91230303,38.55,24.13,16.26,5.63,38.41,24.68,16.26,6.84
06921200,7,12.13957478,41.93,24.93,20.19,10.16,39.62,25.77,20.19,10.16
06921200,8,12.56780792,39.89,24.69,19.89,6.2,41.69,24.69,19.89,8.38
06921200,9,12.97322727,39.61,22.68,11.12,-2.33,39.61,24.03,11.12,0.29
06921200,10,12.99774927,32.83,21.08,2.24,-6.97,32.41,21.38,2.24,-6.97
06921200,11,12.02095455,27.5,16.8,-3.47,-15.12,27.85,16.8,-3.47,-14.64
06921200,12,10.95391129,23.72,13.29,-18.72,-28.49,23.72,13.06,-9.86,-19.92
06928000,1,11.41719208,22.36,13.79,-12.47,-28.67,21.88,13.79,-13.14,-23.36
06928000,2,12.26281577,25.93,11.52,-12.86,-23.02,26.67,12.23,-12.86,-23.02
06928000,3,13.01998534,28.59,16.66,-5.7,-17.18,29.51,16.66,-5.7,-17.18
06928000,4,13.44249242,32.09,19.35,4.32,-7.08,31.16,19.35,2.18,-6.83
06928000,5,12.37157625,31.89,21.18,11.57,-0.88,33.98,21.18,4.68,-0.13
06928000,6,12.03004545,37.52,23.11,16.65,5.42,39.88,23.17,16.65,6.9
06928000,7,12.23211877,39.55,23.9,20.42,10.34,39.34,24.07,20.42,10.34
06928000,8,12.63096774,39.15,23.39,20.96,5.5,39.88,23.96,20.96,7.77
06928000,9,13.02740909,38.78,22.31,11.64,-1.32,38.78,22.71,12.32,-0.2
06928000,10,13.06192082,32.66,19.63,3.21,-6.15,32.28,20.23,3.21,-6.15
06928000,11,12.03109091,27.27,15.97,-3.06,-15.54,27.18,15.97,-3.67,-14.67
06928000,12,10.9286107,23.67,13.93,-17.68,-27.92,23.67,12.79,-9.24,-19.66
06933500,1,11.4535044,22.51,14.14,-12.33,-28.51,22.17,14.14,-13.46,-23.49
06933500,2,12.32243765,25.92,12.36,-12.71,-23.23,26.31,12.36,-12.71,-23.23
06933500,3,13.09010997,28.63,16.78,-5.3,-17.24,29.84,16.78,-5.43,-17.24
06933500,4,13.54916667,32.12,19.05,4.34,-6.87,31.41,19.05,2.72,-6.81
06933500,5,12.48108504,31.98,21.19,11.51,-0.64,34.38,21.19,4.64,0.09
06933500,6,12.11899242,37.67,23.12,16.51,5.57,40.22,23.22,16.51,6.92
06933500,7,12.29681085,39.24,23.83,20.27,10.38,39.6,24.2,20.27,10.38
06933500,8,12.68565982,39.35,23.46,21.1,5.24,40.02,24.16,21.11,7.82
06933500,9,13.10838636,38.27,22.12,11.92,-1.25,38.27,22.6,12.37,-0.38
06933500,10,13.19203812,32.52,19.56,3.01,-6.23,32.54,20.19,3.01,-5.63
06933500,11,12.11232576,27.51,15.91,-2.77,-15.12,27.35,15.99,-3.47,-14.73
06933500,12,10.96426686,23.24,14.18,-17.81,-27.99,23.24,13.14,-9.05,-19.32
06934000,1,11.34840909,22.71,14.36,-12.87,-28.13,22.56,14.36,-14.07,-23.51
06934000,2,12.24868061,25.26,12.61,-12.86,-23.64,25.83,12.61,-12.86,-23.64
06934000,3,13.01140029,28.98,16.84,-5.31,-17.37,29.68,16.84,-6.03,-17.37
06934000,4,13.50281061,32.43,18.72,4.18,-6.73,31.68,18.72,2.79,-6.7
06934000,5,12.44755132,32.03,21.29,11.22,-0.33,34.42,21.29,4.51,0.42
06934000,6,12.06869697,38.03,23.02,16.24,5.85,40.29,23.54,16.24,7.23
06934000,7,12.21248534,39.24,23.88,20.28,10.59,39.72,24.62,20.31,10.59
06934000,8,12.60126833,39.67,23.72,21.1,5.37,40.37,24.47,21.1,8.18
06934000,9,13.06694697,37.91,22.17,12.23,-1.07,37.91,22.74,12.23,-0.22
06934000,10,13.14239736,32.47,19.71,2.96,-6.28,32.55,20.35,2.96,-5.42
06934000,11,12.05310606,27.49,15.81,-2.78,-15.09,27.56,16.1,-3.47,-15.09
06934000,12,10.89272727,22.93,13.96,-18.09,-28.47,22.93,13.16,-9.18,-19.12
07014500,1,11.38623167,22.01,15.54,-12.91,-28.6,22.32,15.54,-14.77,-24.53
07014500,2,12.34052293,26.64,13.67,-13.72,-24.24,24.97,13.67,-13.72,-24.24
07014500,3,13.14812317,28.7,17.24,-5.6,-17.56,29.48,17.24,-5.83,-17.56
07014500,4,13.79099242,32.44,19.63,2.87,-6.95,32.57,19.63,3.49,-6.53
07014500,5,12.7598607,32.27,21.15,9.9,-0.25,34.86,21.34,4.29,0.08
07014500,6,12.40051515,37.71,23.37,15.67,5.98,41.41,23.37,15.67,6.8
07014500,7,12.44032991,38.7,23.95,19.51,10.25,39.92,24.55,19.51,10.25
07014500,8,12.79256598,40.39,23.6,21.07,4.58,40.39,24.38,21.07,7.47
07014500,9,13.29369697,36.94,22.12,12.39,-1.25,36.07,22.54,12.39,-1.04
07014500,10,13.44702346,31.93,19.44,2.42,-7.86,33.19,20.12,2.42,-5.38
07014500,11,12.16593939,27.16,15.68,-2.4,-14.94,27.71,16.16,-4.42,-14.7
07014500,12,10.87141496,22.7,15.16,-18.37,-29.42,22.7,14.96,-10.23,-19.07
07019000,1,11.13995601,21.78,15.23,-13.41,-27.86,22.1,15.23,-15.33,-24.33
07019000,2,12.15891392,25.4,13.54,-13.72,-24.41,25.89,13.54,-13.72,-24.41
07019000,3,12.98934751,28.85,17.4,-5.09,-16.76,29.09,17.4,-6.04,-16.76
07019000,4,13.71271212,32.77,19.82,3.01,-6.47,32.26,19.82,3.84,-6.05
07019000,5,12.74991935,32.48,21.41,10.1,0.42,34.68,21.41,5.05,0.55
07019000,6,12.41884091,38.17,23.4,15.64,6.48,41.42,23.63,15.64,7.08
07019000,7,12.33921554,38.86,23.86,19.45,10.25,40.03,25.05,19.45,10.81
07019000,8,12.72790323,40.43,23.96,20.95,4.76,40.43,24.45,20.95,8
07019000,9,13.36131818,37.18,22.05,12.89,-0.76,36.88,22.8,12.89,-0.76
07019000,10,13.48232405,32.32,19.19,3.33,-7.46,33.36,20.1,3.33,-4.7
07019000,11,12.10459091,27.13,15.8,-2.08,-14.59,28.15,15.8,-4.67,-14.59
07019000,12,10.71408724,22.56,14.76,-18.36,-28.84,22.56,14.8,-9.83,-18.48
07029500,1,11.36349707,23.42,16.67,-12.3,-23.86,23.42,16.67,-7.52,-16.6
07029500,2,12.15462591,26.92,15.22,-7.82,-17.24,27.46,16.71,-7.82,-17.24
07029500,3,13.26421554,29.78,18.22,-2.12,-11.02,30.49,19.54,-2.91,-11.8
07029500,4,13.88406061,32.81,18.95,8.08,-4.45,32.81,18.95,6.77,-4.45
07029500,5,12.73563783,33.79,21.68,16.32,2.62,33.84,21.68,14.73,1.77
07029500,6,12.22701515,37.5,23.64,20.16,7.82,39.74,23.64,20.16,8.64
07029500,7,11.77804252,39.02,24.41,23.87,12.62,38.6,24.41,20.46,12.7
07029500,8,12.3391129,41.25,24.71,23.19,9.21,41.25,24.71,23.19,9.56
07029500,9,13.26307576,37.88,23.26,16.96,3.08,36.79,23.52,17.82,3.67
07029500,10,14.0698827,32.37,21.53,5.42,-3.15,35.95,20.55,5.42,-2.69
07029500,11,13.0282197,28.95,18.01,2.48,-8.7,29.8,18.01,0.22,-10.01
07029500,12,11.19978006,24.85,18.91,-13.11,-21.16,24.32,18.15,-3.92,-12.75
07049000,1,10.98258065,22.73,15.72,-12.47,-26.15,22.03,15.72,-11.63,-19.36
07049000,2,11.66288817,26.12,13.34,-12.34,-22.02,26.4,13.34,-11.53,-21.4
07049000,3,12.19491935,30.04,16.37,-4.82,-17.04,30.04,16.94,-4.44,-17.04
07049000,4,12.41134848,32.85,19.18,4.02,-5.9,32.85,19.18,4.02,-5.93
07049000,5,11.10365836,31.81,21.75,10.55,1.85,32.36,21.75,5.48,-0.6
07049000,6,10.88281061,35.89,23.21,17.97,6.92,38.63,24.31,17.97,7.81
07049000,7,11.19938416,40.7,25.44,21.1,11.52,38.88,25.87,20.14,11.52
07049000,8,11.62640762,39.21,24.98,20.26,7.74,41.95,27.48,20.26,9.17
07049000,9,11.73190909,38.87,22.98,11.74,0.59,38.87,24.45,12.48,1.29
07049000,10,11.81300587,31.08,20.71,-0.85,-7.78,31.01,20.82,-0.85,-7.78
07049000,11,11.22826515,27.03,16.21,-2.02,-14.4,26.96,16.96,-2.43,-11.83
07049000,12,10.41802419,23.25,14.83,-15.35,-24.64,23.25,14.94,-7.24,-16.11
07052500,1,11.67790323,22.18,13.36,-12.57,-27.24,22.36,13.36,-13.37,-22.75
07052500,2,12.49551086,26.04,11.34,-13.67,-23.72,27.41,11.21,-13.67,-23.72
07052500,3,13.18920088,29.22,15.39,-5.62,-17.53,29.49,15.91,-5.62,-17.53
07052500,4,13.59670455,31.92,19.34,3.77,-7.2,31.91,19.34,2.78,-7.2
07052500,5,12.34169355,31.97,20.51,11.12,-0.24,33.79,20.95,3.48,-0.11
07052500,6,12.1334697,37.59,22.59,17.58,5.95,39.43,23.42,17.58,7.09
07052500,7,12.35892229,40.69,23.38,20.45,9.39,39.59,24.03,20.45,9.39
07052500,8,12.87180352,40.02,23.74,20.61,6.72,41.16,24.68,20.61,8.16
07052500,9,13.17309091,38.95,21.46,11.97,-0.79,38.95,23.21,12.06,-0.03
07052500,10,13.25788856,32.39,19.86,1.23,-7.19,31.97,19.86,1.23,-7.19
07052500,11,12.38480303,26.98,15.37,-2.48,-15.04,27.39,15.37,-2.98,-14.11
07052500,12,11.20893695,24.2,13.67,-17.55,-26.82,24.2,12.79,-8.67,-20.58
07056000,1,11.13286657,21.59,15.55,-11.24,-25.26,22.31,15.55,-10.2,-18.09
07056000,2,11.86436042,24.52,13.24,-11.24,-20.93,25.24,13.24,-10.6,-19.81
07056000,3,12.43279326,29.56,16.73,-4.97,-15.23,29.56,16.73,-4.97,-15.23
07056000,4,12.62843939,32.28,18.93,4.39,-6.05,32.28,18.93,4.39,-6.05
07056000,5,11.2773827,32.04,21.24,10.78,1.79,32.93,21.24,4.95,0.22
07056000,6,11.0434697,35.7,23.31,17.88,7.87,39.54,23.47,17.88,7.87
07056000,7,11.27093109,40.88,24.19,20.92,11.21,38.94,24.57,20.21,11.62
07056000,8,11.65527126,38.84,24.87,20.62,7.31,42.73,26.58,20.62,9.13
07056000,9,11.91140152,38.74,22.08,12.02,0.84,38.74,23.77,12.02,1.2
07056000,10,12.11851173,31.44,20.3,0.03,-7.12,31.52,20.73,0.03,-7.12
07056000,11,11.51939394,27.53,16.19,-1.3,-13.51,27.21,16.33,-1.34,-11.67
07056000,12,10.60299853,23.09,14.73,-13.99,-23.26,23.09,14.82,-7.26,-15.85
07057500,1,11.67333578,22.88,13.82,-10.02,-27.14,22.88,13.82,-13.09,-20.45
07057500,2,12.55506838,25.08,12.59,-11.15,-22.56,26.99,12.59,-10.91,-22.56
07057500,3,13.40928152,28.22,16.53,-2.59,-15.63,31.18,16.53,-3.75,-15.84
07057500,4,13.84401515,31.62,19.34,4.97,-6.6,31.94,19.34,3.14,-6.6
07057500,5,12.66157625,32.92,20.67,12.62,-0.23,34.77,20.67,5,0.06
07057500,6,12.37807576,37.16,23.35,18.38,6.01,41.17,23.35,18.38,6.79
07057500,7,12.56519795,38.87,23.33,20.98,10.54,39.76,23.31,20.98,10.54
07057500,8,12.99900293,39.4,23.1,21.59,5.53,40.51,24.27,21.3,8.12
07057500,9,13.34163636,38.33,21.81,13.04,-0.18,38.33,21.93,14.09,0.12
07057500,10,13.51157625,32.56,19.28,2.41,-5.88,32.87,20.04,2.41,-5.39
07057500,11,12.44648485,27.42,15.28,-0.5,-13.93,27.62,15.92,-2.62,-13.2
07057500,12,11.17269428,22.19,14.1,-15.77,-25.92,23.08,13.14,-7.31,-18.4
07058000,1,11.711261,23.06,13.57,-10.13,-27.18,23.06,13.57,-12.88,-20.89
07058000,2,12.58692679,25.36,11.47,-11.59,-22.86,27.29,12.19,-11.42,-22.86
07058000,3,13.43469941,28.67,15.94,-3.75,-16.11,30.8,16.1,-3.95,-16.11
07058000,4,13.85937879,32.23,19.36,4.94,-6.5,32.07,19.36,2.93,-6.47
07058000,5,12.63805718,32.5,20.58,12.36,-0.51,34.48,20.58,5.03,0.08
07058000,6,12.35736364,37.24,23.18,17.85,5.89,41.02,23.18,17.85,7.27
07058000,7,12.5771261,39.45,23.27,20.94,10.27,39.41,23.61,20.94,10.27
07058000,8,13.01807918,39.69,23.43,21.65,6.17,40.43,24.39,21.17,7.99
07058000,9,13.33616667,38.59,21.69,12.89,-0.52,38.59,21.78,13.85,0.16
07058000,10,13.46407625,32.63,19.33,2.36,-5.91,32.56,19.82,2.36,-5.34
07058000,11,12.44575758,27.79,15.44,-0.82,-14.24,27.98,15.47,-2.63,-13.25
07058000,12,11.23258431,23.05,13.81,-15.86,-26.48,23.09,13,-7.37,-18.68
07060710,1,11.92688416,23.13,15.98,-8.74,-23.94,22.67,15.98,-10.23,-17.58
07060710,2,12.69218825,26.64,15.27,-9.8,-20.56,26.64,15.27,-9.38,-19.15
07060710,3,13.43767595,29.3,16.79,-3.08,-13.33,30.42,16.83,-3.08,-13.95
07060710,4,13.89038636,32.88,19.6,6.21,-6.34,32.88,19.6,5.11,-6.34
07060710,5,12.57607771,33.33,21.47,11.92,0.71,34.87,21.47,5.42,0.71
07060710,6,12.45040909,38.05,24,19.61,7.65,42,24.12,19.61,7.91
07060710,7,12.61708944,41.21,23.97,21.05,11.08,41.41,23.97,21.05,11.4
07060710,8,13.0859824,40.52,24.32,20.15,6.24,44.43,25.47,20.15,8.65
07060710,9,13.49018939,39.63,22.6,14.03,0.7,39.63,22.6,14.4,1.1
07060710,10,13.8323827,32.87,20.89,2.34,-5.91,33.18,19.99,2.34,-4.89
07060710,11,12.67629545,28.42,15.67,0.15,-12.13,28.33,15.67,0.08,-11.2
07060710,12,11.49001833,24.62,15.87,-13.15,-23.22,24.62,14.02,-5.21,-15.49
07066000,1,11.80089443,22.33,14.29,-10.93,-28.03,22.33,14.29,-12.49,-21.84
07066000,2,12.68831054,24.72,13.38,-11.92,-22.8,26.17,13.38,-11.92,-22.8
07066000,3,13.56170088,28.37,15.75,-3.01,-16.03,31.11,16.63,-4.07,-16.03
07066000,4,14.10740909,32,19.12,5.38,-7.18,31.81,19.12,3.11,-7.18
07066000,5,13.00120968,32.97,20.68,11.54,-0.26,34.86,20.68,5.13,-0.26
07066000,6,12.72725758,37.56,23.3,18.19,5.79,41.38,23.3,18.19,6.44
07066000,7,12.80662757,38.48,23.11,20.73,10.48,40.03,23.11,20.73,10.47
07066000,8,13.18952346,40.06,22.99,20.88,4.29,40.06,23.92,21.32,7.64
07066000,9,13.61927273,37.54,21.72,12.74,-0.49,37.33,21.98,13.71,-0.49
07066000,10,13.80473607,32.04,19.6,2.65,-6.3,33.1,19.26,2.65,-6.25
07066000,11,12.67131818,27.32,15.45,-0.97,-14.09,27.72,16.29,-3,-13.53
07066000,12,11.25808651,22.23,14.84,-16.04,-26.34,22.79,12.9,-7.88,-18.36
07067000,1,11.76932551,22.1,14.91,-11.35,-28.36,22.1,14.91,-12.9,-22.65
07067000,2,12.66332261,25.03,13.58,-12.17,-22.76,25.56,13.58,-12.17,-22.76
07067000,3,13.52960411,28.53,16.22,-3.31,-16.16,30.81,16.71,-4.08,-16.16
07067000,4,14.12640152,32.3,18.76,4.93,-6.97,32.13,18.76,3.32,-6.97
07067000,5,13.03906158,32.49,20.87,11.22,-0.22,34.87,20.87,4.96,-0.1
07067000,6,12.77040152,37.4,23.51,17.01,5.95,41.53,23.51,17.01,6.52
07067000,7,12.80297654,38.5,23.23,20.02,10.57,40.05,23.31,20.02,10.57
07067000,8,13.15579912,40.2,22.98,21.04,4.2,40.2,24.01,21.29,7.56
07067000,9,13.60759091,37.29,21.69,13.12,-0.61,36.95,22,13.77,-0.54
07067000,10,13.83637097,31.71,19.2,3,-6.9,33.32,19,3,-5.99
07067000,11,12.62665152,27.46,15.48,-0.99,-14.19,27.73,16.32,-3.28,-13.4
07067000,12,11.2248937,22.3,15.2,-16.11,-26.86,22.63,13.9,-8.03,-18.29
07068000,1,11.75441349,21.99,14.94,-11.01,-27.89,21.99,14.94,-12.88,-21.8
07068000,2,12.65908286,24.89,13.68,-11.58,-22.31,25.75,13.68,-11.58,-22.31
07068000,3,13.5291349,28.37,16.17,-2.7,-15.42,30.71,16.84,-3.51,-15.42
07068000,4,14.15018939,32.51,18.89,5.49,-6.74,31.98,18.89,3.78,-6.68
07068000,5,13.05842375,32.55,20.95,11.74,0.06,34.83,20.95,5.1,0.19
07068000,6,12.80765152,37.51,23.77,17.38,6.06,41.44,23.77,17.38,6.72
07068000,7,12.79036657,38.42,23.24,20,10.83,40.01,23.35,20,10.87
07068000,8,13.14160557,40,23.3,21.35,4.33,40.13,24.08,21.35,8
07068000,9,13.63242424,37.34,21.71,13.69,-0.19,36.9,22.09,14.42,-0.18
07068000,10,13.91934018,31.97,19.17,3.61,-7.05,33.44,18.99,3.61,-5.57
07068000,11,12.67511364,27.53,15.25,-0.32,-13.71,27.76,16.1,-3.06,-12.76
07068000,12,11.23905425,22.14,15.36,-15.46,-26.15,22.45,13.84,-7.65,-17.91
07069500,1,11.85700147,22.57,15.11,-8.23,-26.06,22.57,15.11,-12.2,-19.46
07069500,2,12.75035398,25.14,14.22,-9.2,-20.56,26.21,14.22,-9.2,-20.45
07069500,3,13.59408358,28.56,17.97,-1.34,-13.36,30.85,17.97,-2.34,-14.7
07069500,4,14.17141667,33.29,19.12,6.81,-6.23,32.33,19.12,5.52,-6.23
07069500,5,12.98065249,33.16,21.12,12.78,0.86,34.74,21.12,4.88,0.49
07069500,6,12.80600758,37.88,24.25,19.39,6.87,41.31,24.25,19.39,7.48
07069500,7,12.79130499,39.68,23.54,20.52,11.52,41.22,23.54,20.52,11.07
07069500,8,13.17070381,39.85,24.33,21.57,5.47,42.33,24.66,21.57,9.49
07069500,9,13.70275,38.12,22.23,14.64,1.03,38.12,22.23,15.71,1.03
07069500,10,14.12545455,33.2,20.12,4.65,-6.59,33.65,19.96,4.65,-5.01
07069500,11,12.8722197,28.3,15.75,1.05,-12.31,27.91,15.75,-1.87,-11.39
07069500,12,11.42288856,22.55,16.39,-13.01,-23.66,23.09,14.63,-5.93,-16.76
07071500,1,11.88472874,22.45,14.64,-10.54,-27.21,22.45,14.64,-12.51,-20.4
07071500,2,12.78644409,25.08,13.65,-10.68,-22,26.44,13.65,-10.68,-22
07071500,3,13.66231672,28.41,17.09,-1.8,-14.75,31.35,17.09,-2.89,-15.16
07071500,4,14.23883333,32.6,19.24,6.12,-6.8,31.62,19.24,4.09,-6.8
07071500,5,13.08739003,33.08,20.72,12.48,0.17,34.91,20.72,4.92,0.28
07071500,6,12.87281818,37.71,23.77,18.54,6.06,41.45,23.77,18.54,6.83
07071500,7,12.89165689,38.69,23.29,20.23,10.74,40.88,23.29,20.23,10.62
07071500,8,13.25659091,39.93,23.22,21.56,4.42,41.29,24.2,21.56,8.51
07071500,9,13.72226515,37.79,21.82,13.82,0.21,37.42,22.09,14.84,0.21
07071500,10,14.01233871,32.64,19.71,3.74,-6.86,33.46,19.63,3.74,-5.7
07071500,11,12.85388636,27.7,15.19,0.47,-13.18,27.84,16.05,-2.46,-12.41
07071500,12,11.38482771,21.94,15.36,-14.7,-25.02,23,12.96,-7.1,-17.53
07072000,1,11.86620968,22.44,14.88,-9.55,-26.75,22.44,14.88,-12.45,-20.09
07072000,2,12.76668544,25.09,13.87,-10.05,-21.32,26.25,13.87,-10.05,-21.32
07072000,3,13.63209677,28.45,17.39,-1.54,-14.14,31.12,17.39,-2.27,-14.92
07072000,4,14.21774242,32.91,19.18,6.48,-6.49,31.88,19.18,4.68,-6.49
07072000,5,13.05554985,32.94,20.91,13,0.49,34.83,20.91,4.94,0.46
07072000,6,12.85166667,37.63,24.01,18.86,6.38,41.35,24.01,18.86,7.09
07072000,7,12.84491202,39.05,23.4,20.37,11.04,40.98,23.4,20.37,10.92
07072000,8,13.20848974,39.77,23.71,21.51,4.86,41.7,24.38,21.51,8.92
07072000,9,13.71173485,37.76,22.02,14.28,0.57,37.64,22.09,15.29,0.57
07072000,10,14.07008065,32.86,19.79,4.26,-6.78,33.57,19.72,4.26,-5.33
07072000,11,12.86382576,27.97,15.27,1.1,-12.77,27.85,15.62,-2.27,-11.81
07072000,12,11.39609971,22.08,15.79,-13.88,-24.49,22.94,13.7,-6.65,-17.03
07083000,1,14.70835044,11.57,-3.26,-20.04,-36.08,11.57,-3.26,-16.92,-30.44
07083000,2,15.33251006,12.37,-2.69,-24.27,-43,12.37,-0.45,-16.4,-35.07
07083000,3,15.8929912,15.22,-2.07,-15.1,-32.54,15.22,-1.63,-15.1,-32.54
07083000,4,14.66968182,15.93,-0.42,-10.69,-29.12,15.93,0.4,-8.16,-23.37
07083000,5,13.61643695,22.26,3.48,-3.75,-18.27,22.26,4.38,-3.25,-17.67
07083000,6,15.15006061,23.27,6.93,0.2,-10.38,24.18,7.87,0.2,-7.57
07083000,7,15.11533724,27.53,8.65,5.62,-3.14,25.18,8.65,5.62,-2.68
07083000,8,14.35189883,24.09,7.32,3.28,-4.16,23.3,7.5,3.28,-4.16
07083000,9,14.23547727,22.27,5,-1.28,-13.73,22.27,6.37,-0.75,-13.63
07083000,10,13.14480938,19,3.55,-8.86,-22.28,19,5.09,-10.87,-24.04
07083000,11,13.6677197,16.28,-0.79,-19.35,-27.82,16.28,-0.72,-19.35,-27.82
07083000,12,13.86377199,10.42,-1.83,-23.59,-34.12,10.42,-1.83,-23.59,-31.11
07142300,1,14.0797654,25.56,2.93,-12.53,-25.08,26.83,3.61,-11.65,-21.34
07142300,2,14.67419952,29.85,7.74,-16.65,-25.85,30.09,7.74,-12.77,-23.09
07142300,3,15.42302053,32.97,14.2,-6.35,-18.82,33,14.47,-13.2,-20.5
07142300,4,15.65765152,37.87,18.06,0.27,-9.43,35.38,15.67,0.27,-9.43
07142300,5,14.37131232,38.8,21.68,9.33,-0.2,38.8,21.68,7.96,-2.17
07142300,6,14.28478788,40.79,24.15,14.76,5.45,43.03,24.15,14.76,5.45
07142300,7,14.57426686,42.34,24.61,19.19,8.94,42.33,24.61,16.74,10.69
07142300,8,14.45856305,41.1,25.5,18.08,9.73,41.72,25.5,18.08,10.47
07142300,9,14.97004545,40.31,21.63,6.42,-2.68,41.09,22.97,7.41,-1.22
07142300,10,15.28153226,35.28,20.67,-4.05,-9.71,35.85,20.67,-4.05,-10.51
07142300,11,14.83372727,31.24,12.47,-7.62,-15.6,31.24,12.47,-6.05,-16.17
07142300,12,13.475011,23.3,10.18,-18.55,-28.42,23.3,7.88,-11.13,-25.5
07144200,1,12.585,23.68,7.33,-11.22,-24.42,23.81,5.3,-11.22,-21.94
07144200,2,13.28643604,27.16,10.08,-17.06,-27.13,27.16,10.08,-12.77,-26.34
07144200,3,13.97377566,30.54,15.62,-6.45,-17.89,32.1,16.29,-13.11,-20.31
07144200,4,14.20463636,36.22,18.29,1.46,-7.19,35.18,16.51,0.66,-9.11
07144200,5,13.01145894,36.01,22.43,10.32,-0.43,37.48,22.43,7.2,-0.5
07144200,6,13.27020455,39.88,24.88,14.93,6.28,41.2,24.67,14.93,6.55
07144200,7,13.49353372,41.89,25.62,19.47,9.51,43.81,25.98,18.56,11.61
07144200,8,13.51936217,42.39,25.86,19.03,9.53,43.19,25.86,19.03,9.53
07144200,9,13.91330303,40.31,23.75,7.22,-2.28,41.09,23.88,8.95,-0.57
07144200,10,13.96928886,35.18,21.39,-0.45,-8.79,35.18,22.46,-3.05,-9.54
07144200,11,13.24551515,30.79,15.48,-6.86,-14.7,30.79,13.21,-5.8,-15.27
07144200,12,11.93109238,21.63,11.76,-18.27,-28.8,21.63,10.66,-11.68,-23.4
07144780,1,13.25427419,24.58,6.03,-11.72,-23.51,26.36,3.58,-10.73,-21.23
07144780,2,13.8902494,28.29,9.18,-16.28,-26.48,28.04,9.18,-12.18,-24.52
07144780,3,14.55893695,31.92,15.42,-6.23,-18.63,32.98,15.42,-12.49,-20.69
07144780,4,14.8397803,37.67,18.46,1.5,-7.87,35.68,16.97,1.5,-8.65
07144780,5,13.60412023,38.36,22.14,10.24,0.01,38.36,22.14,7.89,-1
07144780,6,13.82791667,41.36,24.28,15.52,6.22,41.98,24.28,15.52,6.22
07144780,7,14.05960411,41.74,24.82,19.33,9.29,43.04,25.18,18.09,11.4
07144780,8,14.00438416,42.41,25.57,17.9,9.7,42.56,25.57,17.9,10.03
07144780,9,14.37470455,40.83,22.35,6.25,-2.54,40.72,23.35,8.42,-0.87
07144780,10,14.54749267,35.12,20.98,-2.19,-8.65,35.12,21.35,-3.18,-10.31
07144780,11,13.91762879,31.38,14.61,-7.17,-15.12,31.38,13.06,-4.95,-16
07144780,12,12.60059018,21.92,11.03,-18.11,-28.03,21.74,9.21,-11.32,-24.52
07145700,1,12.54989736,23.31,9.78,-11.2,-23.46,23.62,7.89,-9.95,-19.91
07145700,2,13.20902655,29.88,12.34,-14.1,-25.27,29.88,10.48,-11.51,-25.97
07145700,3,13.75433284,30.87,17.02,-5.58,-17.92,31.44,17.02,-11.14,-18.91
07145700,4,13.99823485,35.8,19.3,3.41,-6.46,35.8,19.3,1.06,-7.29
07145700,5,12.68038856,37.43,23.12,12.38,1.18,38.24,23.12,8.13,0.8
07145700,6,12.91331818,40.86,24.84,17.23,7.22,40.94,24.84,16.67,7.48
07145700,7,13.21589443,42.9,25.83,21.75,10.22,42.83,26.34,18.55,12.46
07145700,8,13.29410557,43.34,25.63,20.34,9.64,43.05,25.63,20.34,11.06
07145700,9,13.59444697,41.37,24.26,9.46,-1.46,41.37,24.79,9.99,0.61
07145700,10,13.64258065,35.21,21.29,1.06,-9.2,35.21,22.6,-1.89,-9.2
07145700,11,12.94563636,30.58,16.35,-4.83,-13.09,30.58,16.18,-4.83,-13.85
07145700,12,11.81927053,21.72,12.86,-17.15,-26.21,21.91,12,-10.36,-21.91
07147070,1,12.36723607,23.9,9.3,-11.64,-24.93,22.86,7.35,-11.64,-21.89
07147070,2,13.09871279,26.91,11.03,-16.53,-27.18,26.91,10.18,-12.8,-26.85
07147070,3,13.72823314,30.65,16.46,-5.78,-17.8,31.62,17.14,-13.39,-19.79
07147070,4,13.79792424,34.76,18.82,2.54,-6.73,34.76,17.81,0.5,-8.42
07147070,5,12.44568182,35.65,22.67,10.66,-0.41,37.19,22.67,7.52,-0.41
07147070,6,12.51402273,39.66,24.62,16.43,6.42,39.83,24.62,15.42,6.53
07147070,7,12.8641129,41.53,25.62,21.33,9.81,42.56,26,18.13,11.19
07147070,8,13.09596041,42.32,25.46,19.41,9.1,43.48,25.46,19.41,9.19
07147070,9,13.53542424,41.09,24.15,9.68,-2.16,41.09,23.88,9.97,-0.78
07147070,10,13.62873167,34.9,21.44,1.09,-9.78,34.9,21.92,-2.44,-9.78
07147070,11,12.88868939,30.32,16.26,-5.88,-13.75,30.32,15.51,-5.88,-15.47
07147070,12,11.68407625,21.46,12.04,-18.34,-28.66,21.52,12.04,-11.38,-22.36
07147800,1,12.53130499,23.69,10.22,-11.27,-24.46,23.3,8.33,-11.1,-21.39
07147800,2,13.27103781,28.27,12.18,-15.18,-25.86,28.27,9.93,-12.4,-27.09
07147800,3,13.83026393,30.38,16.73,-5.85,-17.69,31.32,17.07,-12.66,-19.62
07147800,4,13.87818182,34.4,18.33,2.51,-6.41,34.4,18.11,1.31,-7.3
07147800,5,12.37237537,35.24,22.6,11.47,-0.51,36.91,22.6,7.55,-0.51
07147800,6,12.31934091,39.71,24.34,16.68,6.41,39.74,24.34,16.31,6.95
07147800,7,12.72416422,41.86,24.99,21.19,10.09,42.27,25.99,19.52,11.21
07147800,8,13.10445015,42.07,25.28,20.52,8.53,42.92,25.28,20.52,9.41
07147800,9,13.49109848,41.35,24,11.18,-1.92,41.35,24.28,10.83,-0.65
07147800,10,13.68752933,34.76,21.13,1.63,-9.96,34.76,21.32,-2.05,-9.96
07147800,11,12.97445455,30.04,16.35,-5.57,-13.5,30.04,15.03,-5.57,-15.49
07147800,12,11.83174487,21.7,12.35,-17.99,-27.88,21.7,12.35,-11.07,-22.17
07148400,1,14.55847507,25.82,5.33,-11.48,-25.19,27.41,4.44,-10.37,-21.08
07148400,2,15.05998391,31.09,8.51,-14.11,-25.93,31.09,8.28,-12.81,-25.75
07148400,3,15.56674487,33.86,15.51,-5.68,-17.79,33.17,15.51,-12.33,-20.92
07148400,4,15.76527273,37.85,18.1,1.99,-7.63,36.58,16.65,1.99,-7.67
07148400,5,14.39221408,39.77,22.63,11.15,-0.02,39.77,22.63,8.94,-1.43
07148400,6,14.21135606,42.22,25.45,17.08,5.99,43.53,25.45,18.07,5.99
07148400,7,14.56929619,43.4,25.58,18.85,9.19,43.8,25.94,17.14,10.97
07148400,8,14.54160557,42.43,26.31,19.01,9.09,43.34,26.31,19.01,10.99
07148400,9,15.04770455,41.3,22.34,9.65,-2.4,41.25,24.29,8.39,-0.29
07148400,10,15.43405425,35.53,21.43,-2.14,-11.15,35.74,21.43,-2.51,-11.15
07148400,11,15.08233333,32.21,15.06,-4.48,-13.92,32.21,13.54,-4.48,-15.2
07148400,12,13.83016129,23.97,12.43,-16.69,-26.46,23.97,9,-10.14,-23.99
07149000,1,14.15227273,24.6,5.69,-11.76,-24.86,26.98,4.13,-10.41,-21.09
07149000,2,14.71823009,30.29,8.04,-14.87,-26.34,30.29,7.97,-12.7,-25.2
07149000,3,15.27414956,33.63,15.38,-5.65,-18.18,32.87,15.38,-12.42,-20.77
07149000,4,15.49665909,37.8,17.87,2.04,-7.7,35.98,16.5,2.04,-7.98
07149000,5,14.15846774,39.49,22.48,11.09,0.26,39.49,22.48,8.62,-1.4
07149000,6,14.08639394,42.03,24.91,16.61,5.95,43.04,24.91,17.33,5.95
07149000,7,14.416239,43.05,25.39,19.28,9.16,43.38,25.62,17.09,11.08
07149000,8,14.36453812,42.4,26.13,18.59,9.55,43.13,26.13,18.59,10.93
07149000,9,14.83292424,41.33,22.18,8.36,-2.58,41.05,23.89,8.44,-0.53
07149000,10,15.14209677,35.26,21.39,-2.35,-10.55,35.26,21.39,-2.52,-10.55
07149000,11,14.73169697,31.9,14.94,-5.11,-14.49,31.9,13.24,-4.67,-15.47
07149000,12,13.45619868,23.3,11.9,-17.23,-26.82,23.3,8.57,-10.54,-24.26
07151500,1,13.18004399,23.48,8.38,-11.32,-24.14,25.43,6.05,-9.95,-20.52
07151500,2,13.79584875,29.49,10.31,-14.47,-26.13,29.49,10.22,-11.74,-25.59
07151500,3,14.35642962,32.07,16.6,-5.22,-18.04,32.22,16.6,-11.58,-19.92
07151500,4,14.62912121,36.31,18.17,3.25,-6.96,36.31,17.6,1.89,-7.57
07151500,5,13.34807918,38.56,22.6,12.16,0.84,38.56,22.6,8.93,-0.01
07151500,6,13.54996212,41.55,24.71,17.18,6.88,41.58,24.71,17.07,6.88
07151500,7,13.83579912,42.71,25.31,20.75,9.71,43.49,25.94,17.9,11.89
07151500,8,13.80420821,43.18,25.77,19.39,9.98,43.25,25.77,19.39,11.03
07151500,9,14.13528788,41.37,22.78,8.47,-1.92,41.07,24.45,9.3,0.16
07151500,10,14.23884164,35.13,21.18,-0.32,-9.61,35.13,21.66,-2.21,-9.61
07151500,11,13.66418939,31.28,16.15,-4.49,-13.81,31.28,14.08,-4.49,-14.47
07151500,12,12.47034091,22.31,12.52,-16.98,-26.47,21.96,10.55,-10.39,-23.01
07152000,1,13.15802786,23.6,9.23,-10.72,-24.21,25.23,7.62,-9.75,-20.07
07152000,2,13.7730008,30.82,11.45,-13.4,-25.23,30.82,10.95,-11.36,-26.77
07152000,3,14.29716276,31.48,16.98,-4.81,-17.85,32.05,16.98,-11.3,-19.59
07152000,4,14.56946212,35.97,18.56,3.59,-6.73,35.97,18.56,2.27,-6.91
07152000,5,13.24259531,38.28,22.89,12.96,1.19,38.42,22.89,9.39,0.12
07152000,6,13.38216667,41.29,24.93,17.52,7.41,41.73,24.93,17.26,7.41
07152000,7,13.68306452,43.12,25.66,20.99,9.93,43.56,26.4,18.23,12
07152000,8,13.72964076,43.23,25.74,20.46,9.71,43.55,25.74,20.46,11.18
07152000,9,14.04020455,41.32,23.48,10.48,-1.65,41.32,24.96,9.94,0.55
07152000,10,14.17231672,35.09,21.25,0.57,-9.88,35.09,22.03,-1.66,-9.88
07152000,11,13.58675,31.25,16.34,-4.26,-13.18,31.25,15.3,-4.26,-13.51
07152000,12,12.43320748,22.5,12.92,-16.64,-25.75,22.5,10.75,-9.92,-22.03
07163000,1,12.97071114,25.47,12.88,-9.31,-22.07,27.3,14,-9.29,-18.11
07163000,2,13.3538214,32.94,14.44,-11.26,-24.26,32.94,13.33,-11.26,-26.83
07163000,3,13.7236217,33.25,18.55,-3.8,-15.39,33.25,18.55,-6.9,-17.1
07163000,4,13.89416667,37.06,20.82,5.23,-4.79,37.06,20.82,5.23,-4.79
07163000,5,12.25244135,37.05,23.92,13.01,1.96,36.42,23.92,9.34,0.63
07163000,6,12.0004697,38.78,25.3,18.29,7.86,39.76,26.15,18.29,8.92
07163000,7,12.67265396,44.22,26.24,21.18,11.96,44.22,27.72,19.91,12.5
07163000,8,13.18967009,42.11,26.88,23.66,10.16,44.97,28.74,23.68,11.05
07163000,9,13.40783333,42.19,24.46,12.58,-0.46,42.19,25.48,13.48,2.38
07163000,10,13.79757331,34.38,22.31,2.82,-8.74,34.38,23.16,0.69,-8.74
07163000,11,13.18555303,30.12,18.28,-1.5,-11.63,30.63,18.28,-1.5,-10.81
07163000,12,12.2048937,24.24,14.28,-14.74,-24.75,25.63,14.28,-7.05,-17.25
07167500,1,12.69650293,23.13,10.67,-12.46,-24.94,24.37,9.2,-11.87,-23.34
07167500,2,13.43545455,27.54,12.61,-15.14,-25.42,26.96,10.72,-12.31,-27.28
07167500,3,14.02335777,29.67,17.1,-6.03,-17.76,30.58,17.1,-12.93,-19.11
07167500,4,13.9420303,33.66,18.44,2.34,-6.53,33.66,18.52,2.04,-6.53
07167500,5,12.28249267,34.75,22.76,11.47,-0.44,35.83,22.76,5.79,-0.44
07167500,6,12.0905303,39.14,24.19,16.68,6.55,39.14,24.19,16.32,7.35
07167500,7,12.59893695,42.21,24.77,21.21,10.43,42.1,26.66,18.72,10.67
07167500,8,13.21395894,41,25.3,20.18,7.81,42.92,25.3,20.18,8.63
07167500,9,13.66622727,41.6,23.57,11.38,-2.1,41.6,23.37,11.46,-0.85
07167500,10,13.92449413,34.66,20.3,2.39,-9.77,34.66,20.38,-1.65,-9.77
07167500,11,13.1910303,29.78,16.09,-5.94,-13.62,29.78,15.48,-5.94,-15.76
07167500,12,12.04292155,21.61,12.82,-18.33,-28.07,21.96,12.82,-11.02,-22.3
07172000,1,12.89953079,23.88,11.34,-12.04,-24.32,25.32,10.66,-10.71,-21.56
07172000,2,13.63316975,30.05,11.91,-12.53,-23.32,30.05,11.24,-11.49,-27.56
07172000,3,14.06758798,30.7,16.9,-4.67,-17.3,30.98,17.05,-10.88,-19.09
07172000,4,14.06469697,33.81,19.75,2.47,-5.64,33.81,19.75,2.47,-6.05
07172000,5,12.36867302,34.52,22.7,12.49,0.12,36.04,22.7,7.13,0.01
07172000,6,12.09364394,39.23,24.45,17.17,6.29,39.61,24.45,17.17,8
07172000,7,12.62089443,42.17,25.86,20.85,11.03,42.41,27.39,19.87,11.33
07172000,8,13.28565249,41.26,25.71,21.21,7.59,42.69,25.71,21.21,9.43
07172000,9,13.61751515,42.26,24.16,11.83,-1.57,42.26,23.6,12.43,-0.14
07172000,10,13.97384897,34.48,20.77,2.58,-10.01,34.48,21.46,-0.71,-10.01
07172000,11,13.30349242,29.64,16.75,-4.43,-13.61,30.12,16.58,-4.43,-14.38
07172000,12,12.17848607,22.65,13.14,-17.31,-26.35,22.95,13.14,-10.31,-20.93
07177500,1,12.93806452,24.26,14.11,-10.31,-23.82,26.02,14.11,-10.07,-20.47
07177500,2,13.50255028,31.83,15.17,-11.21,-24.38,31.83,14.78,-11.21,-28.85
07177500,3,13.86505132,32.17,18.19,-3.71,-15.93,32.17,18.19,-6.73,-17.2
07177500,4,13.92488636,34.78,20.81,4.54,-4.42,34.62,20.81,4.54,-4.42
07177500,5,12.2247654,34.76,23.6,13.12,0.95,35.41,23.6,11.1,0.95
07177500,6,11.90662879,38.11,25.1,18.72,7.24,39.18,25.13,18.72,9.05
07177500,7,12.53159091,42.69,26,21.11,12.33,43.52,27.19,19.89,12.53
07177500,8,13.25441349,42.33,26.88,23.62,8.91,43.84,26.88,23.56,9.9
07177500,9,13.51843182,42.04,25.06,12.98,-0.86,42.04,25.06,13.89,1.09
07177500,10,13.9082478,33.84,22.31,3.67,-9.02,33.84,22.31,1.36,-9.02
07177500,11,13.32379545,28.85,17.99,-1.63,-12.34,30.36,18.5,-1.63,-11.87
07177500,12,12.22560117,24.32,14.35,-15.39,-25.07,24.67,14.35,-7.82,-19.12
07180500,1,12.37196481,24.01,9.17,-12.43,-25.83,22.85,7.74,-12.43,-23.38
07180500,2,13.07223652,27.26,11.08,-17.03,-27.32,27.26,9.98,-12.97,-26.84
07180500,3,13.76994135,29.92,16.57,-6.18,-18.21,31.62,17.33,-13.66,-19.87
07180500,4,13.75338636,34.18,19.04,2.44,-7.15,34.18,17.76,-0.32,-8.4
07180500,5,12.31598974,34.93,22.58,10.39,-1.24,36.45,22.58,6.98,-1.24
07180500,6,12.29347727,38.99,24.39,16.13,6.03,39.43,24.39,15.22,6.2
07180500,7,12.65478006,41.14,25.24,20.42,9.61,42.03,25.78,17.98,10.44
07180500,8,12.99587243,42.09,25.26,19.46,8.73,43.22,25.26,19.46,8.73
07180500,9,13.49660606,41.39,23.74,9.96,-2.39,41.39,23.61,9.91,-1.34
07180500,10,13.65538856,34.81,21.2,1.09,-10.18,34.81,21.2,-2.48,-10.18
07180500,11,12.88240909,30.2,16.02,-6.06,-14.16,30.2,15.48,-6.06,-15.41
07180500,12,11.70380132,21.67,12.41,-18.76,-29.63,22.16,12.41,-11.64,-22.59
07183000,1,11.96972874,22.76,8.32,-13.46,-25.87,22.92,8.05,-12.94,-22.59
07183000,2,12.66570394,26.83,10.45,-16.53,-25.71,26.83,10.09,-12.06,-25.06
07183000,3,13.4256085,29.21,15.73,-6.74,-17.79,31.23,17.17,-13.31,-19.3
07183000,4,13.48130303,33.85,18.77,2.58,-7.55,33.85,18.21,0.72,-7.79
07183000,5,12.17840909,34.92,22.17,11.8,0.01,34.92,22.17,6.83,0.01
07183000,6,12.11876515,37.82,24.29,16.75,6.11,39.42,24.21,16.75,6.69
07183000,7,12.41956012,40.41,25.14,20.37,10.59,42.12,25.67,19.3,10.57
07183000,8,12.81204545,41.36,25.84,20.09,8.93,42.74,25.84,20.09,9
07183000,9,13.33153788,41.67,23.42,10.12,-1.38,41.67,23.72,11.23,-0.48
07183000,10,13.37256598,34.63,21.03,1.32,-9.14,34.63,21.64,-1.67,-9.14
07183000,11,12.46993939,29.35,15.82,-6.04,-14.82,29.35,14.65,-5.87,-14.08
07183000,12,11.31736437,21.76,12.32,-19.35,-29.54,21.76,12.32,-11.54,-22.15
07184000,1,11.48231672,22.1,12.68,-12.38,-24.3,23.31,12.68,-12.57,-22.33
07184000,2,12.18489139,26.59,13.18,-12.56,-23.16,27.39,11.24,-11.45,-24.84
07184000,3,12.80115103,29.18,16.92,-3.71,-17.03,30.08,17.58,-8.39,-17.54
07184000,4,13.00630303,32.38,19.09,4.37,-6.21,32.17,19.09,1.8,-6.21
07184000,5,11.7593915,33.01,22.44,12.7,1.2,33.32,22.39,7.93,0.58
07184000,6,11.61840152,37.61,24.41,17.98,7.57,37.88,24.62,17.98,8.47
07184000,7,11.9501393,41.33,25.37,21.67,11.49,41.99,26.2,20.24,11.49
07184000,8,12.62912757,40.31,25.87,20.62,8.74,42.59,26.1,21.43,9.15
07184000,9,12.92873485,41.03,23.02,11.25,-0.79,41.03,25.17,11.25,0.6
07184000,10,13.00741202,33.28,21.53,3.26,-7.79,33.28,21.53,1.11,-7.79
07184000,11,12.0477803,28.03,16.63,-4.27,-13.31,28.03,18.5,-4.27,-13.29
07184000,12,10.91805352,21.97,13.22,-17.91,-27.3,22.58,13.22,-10.21,-20.6
07186000,1,11.53035191,22.45,13.73,-13.14,-25.84,22.85,13.73,-13.14,-22.37
07186000,2,12.25123894,25.94,12.58,-13.07,-23.2,27.54,11.31,-13.07,-23.37
07186000,3,12.85388563,29.97,16.51,-4.61,-17.67,29.97,16.93,-5.64,-17.67
07186000,4,13.19400758,32.31,19.45,3.02,-6.98,32.31,19.45,2.41,-6.98
07186000,5,11.97402493,32.25,21.63,11.69,0.65,32.9,21.93,4.55,-0.05
07186000,6,11.75642424,37.95,23.6,17.96,6.82,38.17,24.26,17.96,7.64
07186000,7,12.0506085,41.33,24.97,20.88,9.9,40.91,25.96,21.16,9.9
07186000,8,12.70260997,39.69,25.03,19.12,7.85,42.41,25.75,19.12,8.53
07186000,9,12.99148485,40.04,22.83,10.26,-1,40.04,24.87,10.26,0.27
07186000,10,13.07821848,32.11,20.76,1.42,-7.91,31.84,20.94,1.42,-7.91
07186000,11,12.16018939,27.49,15.79,-2.58,-14.19,27.68,17.05,-2.92,-13.87
07186000,12,11.0228849,22.99,13.04,-18.05,-27.18,23.15,12.7,-9.32,-20.71
07195800,1,11.67402493,23.76,16.08,-11.64,-24.89,23.01,16.08,-11.1,-19.89
07195800,2,12.36405471,29.6,14.24,-12.11,-24.31,29.6,13.39,-11.66,-24.31
07195800,3,12.86569648,30.6,17.18,-5.18,-18.03,30.6,17.46,-4.67,-18.03
07195800,4,13.16597727,33.85,19.85,4.39,-7.01,33.85,19.84,4.39,-7.01
07195800,5,11.90585044,32.56,22.32,12,0.66,32.78,22.41,6.95,-0.31
07195800,6,11.61034848,37.2,23.55,18.92,6.16,38.42,25.71,19.26,7.27
07195800,7,12.17091642,40.99,24.88,21.44,10.93,40.86,26.1,20.83,10.94
07195800,8,12.67582111,39.36,24.93,21.09,8.48,42.57,26.82,21.09,8.92
07195800,9,12.79400758,40.27,22.89,11.98,-0.94,40.27,24.79,13.15,0.79
07195800,10,12.86318182,31.49,21.2,1.59,-7.22,31.49,21.31,1.59,-7.22
07195800,11,12.10644697,27.7,17.3,-2.52,-14.02,27.7,17.83,-2.52,-12.05
07195800,12,11.18204912,23.71,14.38,-15.43,-26.01,23.71,15.71,-7.07,-16.99
07196500,1,11.67727273,23.39,15.73,-10.24,-23.94,23.21,15.73,-10.04,-18.9
07196500,2,12.29906677,29.68,14.45,-11.62,-23.18,29.68,13.56,-10.53,-23.18
07196500,3,12.79071114,31.07,17.71,-4.95,-17.15,31.07,17.75,-4.41,-17.15
07196500,4,13.03837121,33.87,19.81,5.08,-6.08,33.87,19.81,5.08,-6.08
07196500,5,11.7415176,32.68,22.37,12.61,1.17,32.98,22.37,7.76,0.21
07196500,6,11.45498485,36.97,23.69,19.39,6.51,38.43,25.67,19.39,7.97
07196500,7,12.00720674,41.26,25.04,21.67,11.52,40.68,25.87,20.55,11.67
07196500,8,12.49343109,39.77,24.97,22.02,9.21,42.61,26.72,22.02,9.21
07196500,9,12.60603788,40.22,23.35,12.39,-0.51,40.22,24.52,13.71,1.09
07196500,10,12.73868035,31.77,21.76,1.61,-6.91,31.77,21.32,1.61,-6.91
07196500,11,12.0435,27.58,17.79,-2.17,-13.09,27.52,17.98,-2.17,-11.08
07196500,12,11.12440616,24.07,15.19,-15.04,-25.06,24.07,15.22,-6.83,-16
07196900,1,11.35833578,23.12,16.19,-10.15,-24.35,22.81,16.19,-9.88,-18.63
07196900,2,11.86646822,29.74,14.97,-12.45,-21.49,29.74,14.59,-10.34,-21.49
07196900,3,12.2808651,31.16,18.63,-5.08,-16.54,31.16,18.01,-4.54,-16.54
07196900,4,12.44312121,32.9,19.76,4.6,-5.52,32.9,19.76,4.6,-5.52
07196900,5,11.18895894,32.56,22.34,11.99,1.58,32.58,22.34,6.97,-0.11
07196900,6,10.92647727,36.62,24.19,18.78,6.27,38.07,25.36,18.78,7.75
07196900,7,11.41521261,41.47,25.07,21.07,11.09,39.59,25.63,19.54,11.82
07196900,8,11.84188416,40.04,25.06,20.48,9.15,42.64,27.3,20.48,9.15
07196900,9,11.93681061,39.65,23.4,11.83,-0.73,39.65,24.55,12.57,1.2
07196900,10,12.17199413,31.39,22.3,0.36,-6.52,31.94,21.65,0.36,-6.52
07196900,11,11.58915152,27.37,17.84,-2.92,-13.23,27.29,17.82,-2.92,-11.32
07196900,12,10.73929252,24.58,16.38,-14.58,-24.79,24.58,16.38,-6.85,-15.11
07197000,1,11.6245088,23.54,15.85,-9.38,-23.32,23.54,15.85,-9.38,-18.22
07197000,2,12.175358,30.08,14.82,-11.68,-22.16,30.08,14.35,-9.69,-22.16
07197000,3,12.62839443,31.38,18.46,-4.88,-16.48,31.38,17.92,-4.21,-16.48
07197000,4,12.83598485,33.76,19.93,5.36,-5.28,33.76,19.93,5.36,-5.28
07197000,5,11.52819648,32.89,22.39,12.76,1.56,33.14,22.35,8.06,0.44
07197000,6,11.2767197,37.15,24.07,19.36,6.56,38.52,25.5,19.36,7.98
07197000,7,11.8563563,41.6,25.11,21.34,11.5,40.48,25.67,19.98,11.93
07197000,8,12.29979472,39.95,24.99,21.7,9.12,42.78,27.04,21.7,9.12
07197000,9,12.40970455,40.44,23.56,12.58,-0.48,40.44,24.35,14.18,1.11
07197000,10,12.58686217,31.97,22.26,1.94,-6.52,32.33,21.67,1.94,-6.52
07197000,11,11.92818182,27.75,18.29,-2.34,-12.46,27.66,18.2,-2.34,-10.87
07197000,12,11.02196481,24.68,16.15,-14.28,-24.58,24.68,15.93,-6.56,-15.67
07208500,1,15.37883431,16.88,2.51,-12.37,-32.9,16.88,2.51,-10,-24.65
07208500,2,15.25074014,18.07,4,-15.11,-32.34,15.64,4,-17.42,-29.41
07208500,3,15.23651026,19.34,3.15,-8.2,-24.77,19.83,3.82,-8.14,-24.32
07208500,4,15.67012121,24.8,5.55,-4.45,-20.13,22.71,5.55,-2.38,-14.68
07208500,5,15.933739,29.49,9.94,1.73,-11.81,29.49,9.94,2.88,-10.81
07208500,6,17.22675758,31.61,11.34,9.09,-5.21,31.61,13.15,10.29,-4
07208500,7,16.21992669,30.61,12.04,13.19,-0.93,30.61,13.51,15.13,1.72
07208500,8,15.24475073,28.47,11.61,13.03,-1.11,28.47,12.75,14.1,-0.18
07208500,9,15.73329545,27.5,9.69,6.89,-7.61,27.61,10.65,4.65,-7.61
07208500,10,15.56563783,23.59,8.07,-5.63,-20.36,23.6,10.54,-5.63,-20.36
07208500,11,14.75706061,20.11,3.87,-7.6,-22.84,19.9,3.55,-7.6,-22.84
07208500,12,14.4843585,16.89,1.14,-12.71,-33.07,14.98,1.14,-12.14,-28.6
07211500,1,16.1064956,18.32,1.62,-12.54,-27.48,18.32,1.62,-10.68,-23.7
07211500,2,16.20971038,19.2,4.56,-14.04,-30.05,18.74,4.56,-16.65,-28.63
07211500,3,16.44232405,22.11,4.18,-7.03,-22.1,22.79,4.55,-7.03,-22.1
07211500,4,16.89643939,25.79,5.51,-2.8,-16.08,25.96,5.93,-1.39,-13.41
07211500,5,16.79354839,31.75,11.35,4.32,-6.94,31.75,11.35,4.32,-7.03
07211500,6,17.69084091,33,12.85,12.75,-1.17,33,14.71,13.12,-1.17
07211500,7,16.81209677,33.02,13.76,17.59,3.47,33.02,14.17,17.08,3.47
07211500,8,15.98858504,30.83,12.98,16.2,2.46,31.35,13.94,16.2,2.46
07211500,9,16.63372727,29.88,10.98,8.76,-5.71,30.98,12.17,5.17,-5.71
07211500,10,16.72492669,26.38,9.51,-3.62,-18.71,26.38,11.41,-3.62,-18.71
07211500,11,15.95869697,22.52,3.98,-5.89,-20.29,22.52,3.98,-5.89,-20.29
07211500,12,15.4351063,17.21,2.23,-12.83,-27.02,17.21,2.23,-9.1,-26.33
07221000,1,15.57019062,18.56,2.52,-11,-26.36,18.56,2.52,-10.24,-22.93
07221000,2,15.61692679,20.42,4.86,-13.13,-27.2,18.81,4.86,-14.85,-30.67
07221000,3,16.13902493,21.75,4.16,-4.95,-21.43,22.61,5.06,-4.95,-21.43
07221000,4,16.76665909,26.35,6.14,-2.99,-17.98,25.47,6.24,0.59,-11.6
07221000,5,16.77965543,30.89,12.27,4.08,-7.81,30.89,12.27,4.34,-7.13
07221000,6,17.73949242,33.88,12.72,11.82,-1.98,33.88,13.82,14.17,-0.95
07221000,7,16.57952346,32.86,13.2,16.17,3.11,33.2,14.85,17.35,3.52
07221000,8,15.77571114,30.85,12.91,15.08,2.19,30.9,13.96,17.06,2.26
07221000,9,16.3212803,29.78,11.33,6.64,-5.64,30.92,12.18,4.62,-4.8
07221000,10,16.35239736,25.89,8.72,-3.51,-17.9,26.09,11.43,-3.51,-17.9
07221000,11,15.62118939,22.56,5.55,-4.18,-19.63,22.56,4.56,-4.18,-19.63
07221000,12,14.93909457,18.73,1.79,-12.02,-27.19,18.4,1.79,-8.84,-24.2
07226500,1,16.36908358,22.99,4.09,-13.6,-21.54,22.99,4.09,-13.6,-20.31
07226500,2,16.98664521,24.9,4.97,-12.98,-23.68,26,6.49,-14.26,-26.37
07226500,3,17.5354912,28.46,8.31,-5.22,-16.31,28.46,8.31,-6.27,-16.31
07226500,4,17.98976515,31.97,11.3,-1,-9.95,31.86,11.94,-1,-9.27
07226500,5,17.20606305,36.21,16.83,4.74,-2.54,36.21,16.83,4.74,-4.23
07226500,6,17.22341667,38.94,19.6,17.47,3.32,38.94,19.67,18.45,3.32
07226500,7,16.32772727,37.85,19.38,17.95,8.2,38.4,19.49,17.95,8.2
07226500,8,15.60862903,37.3,18.88,18.17,7.45,37.3,18.88,18.88,7.46
07226500,9,16.24674242,36.19,17.49,7.94,-1.7,36.19,17.89,6.04,-1
07226500,10,16.9718695,32.15,14.1,-2.58,-14.76,32.15,15.53,-3.61,-14.76
07226500,11,16.74865152,28.07,7.59,-3.04,-18.18,28.07,7.68,-5.28,-18.18
07226500,12,15.82443182,22.17,4.22,-13.56,-25.16,22.17,4.62,-8.81,-21.98
07243500,1,12.66404692,25.98,13.44,-8.59,-20.98,26.13,14.87,-8.59,-17.56
07243500,2,13.03296862,32.96,15.17,-10.6,-21.82,32.96,14.58,-10.6,-22.69
07243500,3,13.38940616,32.97,18.29,-3.4,-14.82,34.16,19.65,-5.64,-16.06
07243500,4,13.58473485,36.84,20.27,5.79,-3.86,36.84,20.21,5.33,-4.07
07243500,5,11.96425953,37.04,23.77,13.45,2.38,35.72,23.77,10.25,0.63
07243500,6,11.75462121,38.49,25.26,18.91,8.44,39.42,26.27,18.91,9.4
07243500,7,12.49810117,42.76,25.95,20.57,12.6,42.96,27.39,19.65,13.22
07243500,8,13.00757331,41.75,26.66,22.91,11.44,44.6,28.44,22.91,11.29
07243500,9,13.09660606,42.08,24.08,12.76,0.65,42.08,25.67,14.55,2.73
07243500,10,13.39756598,34.19,22.04,2.99,-7.83,34.19,22.89,0.95,-7.83
07243500,11,12.82806061,29.17,18.38,-1.55,-10.93,29.67,18.65,-1.55,-10.62
07243500,12,11.93920088,23.79,14.71,-14.13,-24.35,25.44,15.37,-6.65,-16.17
07252000,1,10.99662023,21.6,15.83,-10.51,-25.02,21.84,15.83,-9.9,-17.72
07252000,2,11.6993564,26.58,13.52,-11.01,-21.02,26.58,13.52,-9.45,-19.61
07252000,3,12.18790323,29.79,16.75,-4.22,-15.51,29.79,16.75,-4.22,-15.51
07252000,4,12.34880303,32.61,18.86,4.49,-5.26,32.61,18.86,4.49,-5.26
07252000,5,11.00520528,32.33,21.67,11.19,2.41,32.72,21.67,6.04,-0.09
07252000,6,10.76441667,35.96,23.33,18.25,7.39,38.94,24.19,18.25,8.33
07252000,7,11.09884164,40.93,24.14,21.52,11.87,38.57,25.27,19.28,12.46
07252000,8,11.45994868,38.66,25.09,19.81,7.95,42.32,27.14,19.81,9.4
07252000,9,11.55831061,38.99,23.48,12.54,1.53,38.99,24.36,12.65,1.68
07252000,10,11.73428152,31.17,21,0.15,-7.45,31.36,21,0.15,-7.45
07252000,11,11.20529545,27.07,16.42,-1.14,-13.22,27.39,16.81,-1.18,-10.95
07252000,12,10.35519795,23.22,14.47,-13.79,-23.06,23.22,14.86,-6.27,-14.75
07261000,1,11.6668915,24.54,15.8,-7.48,-21.71,24.54,15.8,-8.14,-15.55
07261000,2,12.43492357,26.35,14.89,-8.59,-18.63,26.35,14.89,-6.63,-17.1
07261000,3,13.06267595,29.62,19.18,-1.17,-11.22,29.69,17.89,-2.13,-11.28
07261000,4,13.53709848,33.7,19.7,8.41,-4.45,33.19,19.96,7.49,-4.45
07261000,5,12.24826979,34.83,22.13,11.09,2.44,34.83,22.13,8.35,2.18
07261000,6,11.98218182,38,24.14,20.68,8.81,41.24,25,20.68,8.81
07261000,7,12.16842375,42.68,25.01,23,12.14,41.31,25.75,21.37,13.36
07261000,8,12.63766129,41.82,25.29,20.85,8.17,43.77,25.83,20.85,10.09
07261000,9,13.16271212,40.29,22.73,16.29,2.55,40.29,23.55,16.29,3.14
07261000,10,13.6015176,32.99,21.01,3.46,-4.28,34.16,20.22,3.46,-3.83
07261000,11,12.42952273,28.74,17.05,-0.01,-9.75,28.74,17.05,0.59,-9.89
07261000,12,11.24121334,24.69,17.31,-11.52,-20.96,24.69,14.83,-4.57,-13.48
07263295,1,11.86016862,25.17,16.34,-5.76,-20.24,25.17,16.34,-6.3,-15.47
07263295,2,12.5914642,27.63,14.73,-8.15,-17.38,26.29,14.73,-5.93,-17.38
07263295,3,13.35340176,30.07,19.93,-0.79,-12.02,30.13,18.98,-2.77,-12.02
07263295,4,13.70565909,34.69,19.8,7.25,-4.3,32.5,21.29,7.15,-4.3
07263295,5,12.27470674,34.7,22.35,11.48,2.8,34.77,22.35,9.49,1.72
07263295,6,12.08530303,37.73,25.08,20.05,9.28,40.84,25.63,20.05,9.28
07263295,7,12.43349707,43.1,25.18,23.32,12.4,41.42,25.18,20.35,12.92
07263295,8,12.7908871,42.05,24.75,21.66,8.85,43.43,25.35,21.66,10.86
07263295,9,13.17254545,40.2,23.11,16.29,3.35,40.2,23.11,16.29,3.96
07263295,10,13.52284457,32.57,21.65,4.77,-3.37,34.63,20.33,4.77,-3.37
07263295,11,12.49019697,28.4,17.53,-0.82,-8.69,28.58,18.23,0.63,-9.9
07263295,12,11.36039956,25.52,17.18,-10.94,-19.24,25.52,15.11,-4.78,-12.44
07288500,1,10.40260264,24.9,16.34,-4.65,-17.52,24.9,16.34,-5.23,-13.45
07288500,2,11.04924377,26.97,16.8,-7.47,-13.99,27.12,17.57,-7.47,-13.99
07288500,3,11.92465543,29.78,18.99,0.14,-8.04,30.11,18.44,-3.64,-8.04
07288500,4,12.35406061,33.92,21.66,9.62,-1.6,33.72,21.66,6.33,-0.82
07288500,5,11.62538856,35.47,23.21,16.85,6.11,35.47,23.16,11.72,3.09
07288500,6,11.23915909,38.87,24.82,23.61,11.7,37.29,25.31,23.61,11.7
07288500,7,10.94002933,40.97,26.33,23.82,15.05,39.12,26.33,21.2,15.8
07288500,8,11.58143695,40.82,26.5,24.42,11.6,40.82,26.5,24.42,11.72
07288500,9,12.63148485,38.73,23.49,17.31,5.71,38.73,24.72,18.1,5.92
07288500,10,13.1851393,33.75,22.37,5.43,-1.95,36.58,22.18,5.43,-1.95
07288500,11,11.85920455,29.65,20.25,3.05,-5.73,30.13,20.25,0.02,-8.38
07288500,12,10.3296151,27.55,19.85,-11.16,-18.18,26.43,18.75,-2.23,-9.8
07290000,1,11.8472654,26.21,17.05,-4.97,-17.87,26.21,17.05,-3.49,-13.62
07290000,2,12.50131134,28.17,17.09,-6.53,-14.26,28.21,18.03,-6.53,-14.26
07290000,3,13.34077713,30.15,19.95,0.38,-9.82,30.27,19.34,0.38,-9.82
07290000,4,13.5647197,33.47,20.63,9.54,-2.92,32.84,20.27,10.14,-1.07
07290000,5,12.55158358,34.4,23.07,19.35,5.37,34.35,22.84,14.98,3.01
07290000,6,12.00234848,38.49,24.4,24.04,8.4,37.5,24.4,24.04,10.72
07290000,7,11.5660044,39.61,24.69,26.36,14.82,37.94,24.69,23.96,14.69
07290000,8,12.0518695,40.55,25.27,24.96,11.57,40.55,25.27,24.96,11.57
07290000,9,13.01723485,38.87,24.07,16.84,4.4,38.87,24.07,17.86,5.38
07290000,10,14.02727273,33.49,21.8,7.83,-2.38,36.35,21.76,7.83,-2.38
07290000,11,13.31642424,29.83,20.28,4.64,-6.1,30.33,20.28,1.77,-7.98
07290000,12,11.73563416,27.23,20.52,-8.47,-17.83,27.02,21.07,-1.09,-10.06
07290650,1,12.12634897,27.32,18.53,-2.42,-16.01,27.32,18.53,-2.42,-12.1
07290650,2,12.63987932,28.3,18.62,-4.76,-12.24,28.97,19.24,-4.76,-12.24
07290650,3,13.27281525,31.11,20.71,1.32,-8.64,30.92,20.21,1.84,-8.64
07290650,4,13.39875758,33.5,21.43,10.11,-1.97,32.81,21.06,10.11,-0.09
07290650,5,12.43610704,35.54,23.87,19.82,5.46,35.54,23.87,16.96,3.21
07290650,6,11.81834848,37.81,25.36,23.5,8.2,37.81,25.36,23.5,12.23
07290650,7,11.47572581,39.35,24.64,26.56,15.58,39.35,24.87,25.31,16.34
07290650,8,11.91964809,41.11,26.01,24.32,12.71,41.11,26.01,24.32,12.71
07290650,9,12.64475758,40.41,24.55,17.27,4.27,40.41,24.55,17.27,6.44
07290650,10,13.9377566,34.5,22.24,6.62,-1.98,36.19,22.93,6.62,-1.98
07290650,11,13.3235,30.52,20.58,4.92,-5.25,30.52,20.58,2.2,-6.37
07290650,12,11.93262463,27.79,20.54,-6.88,-15.95,27.52,21.89,-0.2,-9.08
07291000,1,12.23052053,27.17,18.71,-2.07,-15.79,27.17,18.71,-2.07,-11.84
07291000,2,12.70200322,28.01,19,-4.17,-12.54,29,20.06,-4.17,-12.54
07291000,3,13.36895161,30.9,20.64,1.38,-8.27,30.93,20.22,1.69,-8.27
07291000,4,13.49189394,33.32,21.2,8.92,-1.83,32.72,21.48,8.92,-0.13
07291000,5,12.49776393,35.73,24.22,19.48,5.25,35.73,24.22,16.66,2.68
07291000,6,11.82440152,37.88,25.13,24.22,7.55,38.2,25.14,24.22,11.91
07291000,7,11.44890762,39.24,24.66,26.3,15.61,39.24,24.89,25.37,16.58
07291000,8,11.85245601,40.49,25.98,23.74,12.98,40.49,25.98,23.74,13.06
07291000,9,12.50404545,40.37,24.46,16.93,4.39,40.37,24.59,16.93,6.62
07291000,10,13.84707478,33.98,22.79,8.8,-2.04,36,22.84,8.8,-2.04
07291000,11,13.27362121,30.43,20.81,5.93,-5.17,30.43,20.81,2.14,-6.27
07291000,12,11.99233138,27.3,20.31,-6.98,-15.7,27.01,21.97,0.3,-8.95
07292500,1,12.20658358,27.22,18.8,-1.69,-15.43,27.22,18.8,-1.69,-11.36
07292500,2,12.62880129,27.93,19.26,-3.81,-12.39,29.06,20.22,-3.69,-12.39
07292500,3,13.27272727,30.83,20.55,1.69,-7.78,30.89,20.24,1.72,-7.78
07292500,4,13.39658333,33.39,21.49,9.81,-1.7,32.71,22.26,9.81,-0.03
07292500,5,12.41498534,35.82,24.41,19.73,5.62,35.82,24.41,16.83,2.85
07292500,6,11.71491667,37.86,25.09,24.89,7.98,38.15,25.25,24.89,11.98
07292500,7,11.34049853,38.94,24.67,26.13,15.8,38.94,24.96,25.83,16.6
07292500,8,11.74503666,40.23,26.04,23.8,12.98,40.23,26.04,23.8,12.98
07292500,9,12.39203788,40.22,24.6,17.32,4.87,40.22,24.74,17.32,6.95
07292500,10,13.74956745,33.78,22.97,9.93,-1.76,35.93,22.97,9.93,-1.76
07292500,11,13.21603788,30.21,20.6,6.06,-4.91,30.21,20.6,2.53,-5.91
07292500,12,11.97549853,27.39,19.88,-6.61,-15.55,27.2,21.89,1.39,-8.73
07295000,1,12.01668622,27.06,18.94,-1.36,-14.28,27.06,18.94,-1.64,-10.04
07295000,2,12.36395817,27.89,19.46,-3.74,-11.9,29.33,20.43,-2.93,-11.9
07295000,3,12.95753666,30.72,20.29,1.56,-6.77,31,20.22,1.74,-6.77
07295000,4,13.07465152,33.05,21.92,11.92,-1.29,32.5,23.53,10.59,0.27
07295000,5,12.11628299,35.99,24.7,20.68,6.38,35.99,24.7,17.05,3.29
07295000,6,11.34362121,37.46,25.25,24.42,9.33,38.16,25.51,24.42,12.26
07295000,7,10.98735337,38.23,24.87,26.42,16.03,38.23,25.05,26.5,16.99
07295000,8,11.38355572,39.6,26.04,24.03,13.37,39.6,26.04,24.03,13.37
07295000,9,12.01802273,40.62,25,17.64,5.9,40.62,25,17.64,7.41
07295000,10,13.366239,33.79,23.48,10.66,-1.16,35.62,23.48,10.66,-1.16
07295000,11,12.95524242,29.66,19.82,5.48,-4.61,29.66,20.12,3.49,-5.41
07295000,12,11.83508798,27.5,19.49,-6.1,-15.17,27.47,21.73,1.54,-8.24
07299670,1,15.14770528,29.22,9.88,-8.93,-16.4,29.22,9.88,-8.93,-15.52
07299670,2,15.30695897,32.67,12.58,-7.75,-18.33,35.65,10.24,-8.44,-16.42
07299670,3,16.10733871,35.08,17.47,-2.19,-12.86,36.07,17.47,-5.99,-13.27
07299670,4,16.39743939,36.55,19.38,3.31,-3.65,40.75,19,3.31,-3.65
07299670,5,14.9441349,43.43,23.3,8.73,2.76,43.43,24.17,8.73,0.4
07299670,6,14.36345455,45.27,25.17,21.5,9.23,46.05,27.64,21.94,9.72
07299670,7,14.57623167,42.87,26.26,21.02,14.3,44.79,27.36,21.02,14.6
07299670,8,14.62743402,42.66,25.55,20.77,12.78,44.09,27.35,20.77,12.78
07299670,9,14.51207576,42.59,23.18,11.31,0.43,42.59,24.22,11.32,3.85
07299670,10,15.22620235,39.95,20.7,1.29,-6.72,39.95,23.02,0.19,-7.37
07299670,11,14.97681061,33.11,17.61,-0.16,-10.65,33.11,17.61,-1.5,-10.85
07299670,12,14.33261364,27.57,11.46,-11.61,-22.14,29.44,11.46,-7.32,-15.22
07301410,1,15.01695015,27.64,6.8,-12.45,-23.01,27.08,6.8,-12.45,-18.3
07301410,2,15.3807321,30.5,10.97,-12.14,-20.74,32.64,9,-11.23,-21.41
07301410,3,16.09907625,33.39,14.97,-5.75,-15.85,33.6,14.97,-8.98,-17.13
07301410,4,16.25575758,36.49,18.9,0.9,-7.24,36.85,16.64,0.9,-7.24
07301410,5,14.95623167,39.62,21.25,8.15,1.26,39.62,21.25,8.15,-1.78
07301410,6,14.30097727,42,23.21,17.14,6.46,44.52,24.29,17.14,6.46
07301410,7,14.56691349,41.28,23.89,19.86,10.35,42.59,25.14,19.86,12.17
07301410,8,14.53985337,40.75,23.71,19.04,9.26,42.76,24.2,19.04,9.26
07301410,9,14.63839394,40.26,21.77,9.2,-1.27,40.26,22.8,7.88,1.13
07301410,10,15.22966276,35.36,18.58,-2.6,-10.2,35.42,20.75,-2.98,-10.2
07301410,11,15.13952273,30.94,13.76,-5.56,-12.95,30.94,13.67,-5.56,-13.43
07301410,12,14.17398094,25.86,10.65,-15.93,-23.21,25.86,10.65,-9.64,-18.68
07301500,1,15.10465543,27.07,6.49,-12.03,-22.08,27.05,6.49,-12.03,-17.97
07301500,2,15.47306516,30.4,10.38,-11.28,-20.37,32.49,8.64,-10.76,-20.73
07301500,3,16.24107771,33.54,14.59,-5.6,-15.54,33.57,14.59,-7.59,-16.73
07301500,4,16.44018939,35.97,18.28,1.52,-7.13,37.2,16.76,1.52,-7.13
07301500,5,15.1391129,39.78,21.12,8.12,0.99,39.78,21.12,8.12,-1.88
07301500,6,14.50443182,41.96,23.22,17.73,6.65,44.52,23.94,17.73,6.65
07301500,7,14.71547654,41.21,23.51,20.04,10.69,42.64,24.41,20.04,11.91
07301500,8,14.63219208,40.86,23.32,19.61,9.29,42.83,23.83,19.61,9.29
07301500,9,14.71735606,40.35,21.48,9.27,-1.03,40.35,22.59,7.37,1.37
07301500,10,15.29389296,36.64,18.5,-2.32,-10,36.64,20.64,-2.37,-10
07301500,11,15.17519697,30.81,13.51,-4.48,-12.94,30.81,13.77,-4.66,-13.49
07301500,12,14.24309751,25.71,10.09,-15.39,-22.59,25.71,9.8,-8.55,-18.66
07307800,1,15.35274194,29.3,8.12,-11.71,-16.84,29.3,8.12,-10.48,-16.17
07307800,2,15.81958166,31.92,10.87,-8.9,-18.21,33.48,10.25,-9.31,-16.85
07307800,3,16.65945748,35.2,17.06,-4.47,-13.26,34.59,17.06,-7.35,-13.78
07307800,4,16.85816667,36.77,18.46,0.02,-5.31,40.5,18.46,0.02,-5.31
07307800,5,15.40227273,42.33,22.34,6.66,2.65,42.33,22.57,6.66,-0.87
07307800,6,14.53565909,45.09,23.61,19.68,8.41,45.09,25.81,20.63,8.92
07307800,7,14.45043255,41.83,24.53,18.52,13.42,44.27,26.63,18.52,13.42
07307800,8,14.42659824,41.58,24.98,18.63,12.4,42.21,25.11,19.72,12.4
07307800,9,14.39905303,40.55,21.31,9.87,1.88,40.55,23.15,8.82,3.27
07307800,10,15.20546921,38.83,19.3,-0.23,-7.15,38.83,20.72,-1.94,-8.54
07307800,11,15.2167197,31.82,16.5,-1.74,-11.48,31.82,16.5,-2.76,-11.48
07307800,12,14.5992522,27.36,11.43,-11.86,-20.88,27.4,11.43,-6.84,-15.9
07315200,1,13.80618768,29.16,15.44,-6.91,-15.94,29.16,15.44,-6.91,-14.68
07315200,2,13.87907482,33.02,15.46,-8.64,-19.03,33.24,15.05,-8.28,-15.39
07315200,3,14.33918622,33.56,18.08,-2.69,-11.56,33.56,18.9,-4.16,-12.66
07315200,4,14.40698485,37.53,21.41,6.09,-3.39,37.53,21.41,6.09,-3.39
07315200,5,12.89321848,39.95,23.43,12.33,4.56,39.95,24.11,9.84,1.35
07315200,6,12.58365909,40.58,25.58,22.74,10.44,42.79,27.3,23.4,10.98
07315200,7,13.36428152,42.82,26.13,25.45,14.64,44.03,27.6,21.99,14.46
07315200,8,13.69539589,42.23,27,20.85,11.83,43.86,28.64,20.85,11.83
07315200,9,13.58180303,42.72,25.12,12.48,3.2,42.72,25.73,15.91,5.24
07315200,10,13.94797654,36.51,22.19,3.8,-5.91,37.8,23.65,3.09,-5.91
07315200,11,13.64384848,30.69,19.99,-0.53,-8.41,32.77,19.99,-0.53,-8.41
07315200,12,13.1456305,28.96,15.61,-10.96,-22.64,28.96,14.86,-5.12,-13.38
07315700,1,13.5395088,27.9,14.79,-7.09,-18.05,27.04,14.79,-7.09,-17.38
07315700,2,13.59815768,33.45,14.91,-7.68,-17.82,33.45,15.04,-8.63,-17.06
07315700,3,13.90015396,33,17.84,-3.61,-13.23,33.3,19.25,-3.06,-13.59
07315700,4,14.01180303,37,20.66,7.12,-3.81,37,20.66,6.02,-3.81
07315700,5,12.45320381,39.17,23.29,12.39,3.65,39.17,23.61,9.88,-0.1
07315700,6,12.27626515,40.11,25.6,22.56,9.49,41.27,26.74,22.83,10.78
07315700,7,13.20232405,42.82,26.5,23.99,14.15,43.53,27.94,20.81,13.51
07315700,8,13.64403226,41.64,26.47,20.21,11.88,44.01,28.1,20.21,11.88
07315700,9,13.46620455,43.17,25.49,12.37,2.6,43.17,24.41,15.38,4.6
07315700,10,13.82892962,35.88,21.84,3.13,-7.24,36.12,23.14,1.6,-7.24
07315700,11,13.44359091,29.45,19.3,-0.9,-8.66,31.55,19.3,-0.9,-8.84
07315700,12,12.8327456,26.73,15.78,-11.93,-23.01,27.25,15.78,-5.91,-15.01
07335700,1,12.06318182,23.33,15.86,-8.03,-20.24,23.33,15.86,-9.73,-19.2
07335700,2,12.5720354,27.79,14.73,-11.68,-18.54,27.79,14.73,-7.9,-18.03
07335700,3,13.20236804,28.09,19.03,-4.85,-16.45,28.62,18.69,-6.7,-16.45
07335700,4,13.26604545,32.46,19.75,5.33,-8.06,31.96,19.73,3.65,-4.94
07335700,5,11.2515176,32.76,22.98,10.86,0.12,32.86,22.72,7.26,-0.2
07335700,6,11.07106818,37.13,24.96,16.75,4.72,39.05,24.96,16.75,6.79
07335700,7,11.80715543,42.07,24.42,19.85,9.59,40.7,25.39,15.21,10.15
07335700,8,12.49065249,40.23,24.37,17.02,7.13,41.73,25.98,17.02,7.13
07335700,9,12.56468182,39.91,23.07,12.47,-0.73,39.91,23.07,12.66,0.31
07335700,10,12.53371701,32.42,22.91,1.95,-7.5,32.46,21.49,1.95,-7.5
07335700,11,11.92170455,28.49,18.92,-1.39,-10.57,28.49,18.24,-2.78,-11.93
07335700,12,11.3736437,24.6,16.49,-11.26,-22.46,24.6,16.48,-5.62,-15.28
07340000,1,12.72729472,25.04,16.45,-4.52,-18.28,25.04,16.45,-5.36,-16.01
07340000,2,13.07909091,30,15.18,-8.6,-16.5,30,15.18,-4.51,-16.5
07340000,3,13.72153226,29.16,19.01,-1.91,-12.6,30.49,18.96,-3.56,-12.6
07340000,4,13.85995455,33.7,19.89,8.48,-4.1,33.7,20.49,7.01,-2.76
07340000,5,12.06251466,35.15,22.38,13.66,3.13,35.15,22.38,10.57,1.17
07340000,6,11.84125,37.24,24.23,20.53,8.85,39.74,24.7,20.53,10.25
07340000,7,12.48244868,41.73,24.25,23.61,12.54,40.78,24.87,18.11,13.04
07340000,8,13.16665689,41.4,24,20.71,10.48,43.85,25.91,20.71,10.48
07340000,9,13.38316667,41.51,23.19,14.51,2.83,41.51,23.19,15.42,3.62
07340000,10,13.65615103,32.96,22.58,5.23,-5.9,33.93,21.4,5.23,-5.9
07340000,11,12.88463636,28.73,18.21,1.58,-7.91,28.92,17.25,0.73,-9.39
07340000,12,12.10771628,26.19,16.23,-9.96,-19.69,26.19,16.23,-2.63,-13.62
07340300,1,12.07767595,24.11,16.48,-6.66,-19.3,24.11,16.48,-7.44,-16.99
07340300,2,12.62877715,28.61,14.52,-9.45,-17.04,28.61,15.82,-5.33,-17.04
07340300,3,13.24858504,29.32,19.58,-2.69,-13.24,29.32,18.74,-5.67,-13.24
07340300,4,13.33978788,32.98,20.15,7.08,-6.62,31.45,20.58,4.38,-3.46
07340300,5,11.47987537,33.49,22.06,9.63,1.33,33.49,22.06,9.15,0.76
07340300,6,11.22278788,36.65,24.2,18.75,6.41,38.79,24.67,18.75,8.65
07340300,7,11.72518328,41.3,24.35,20.87,10.5,39.9,25.14,16.39,12.43
07340300,8,12.3647654,40.54,24.33,17.36,8.75,42.33,26.49,17.36,9.24
07340300,9,12.64346212,40.75,23.17,12.87,1.31,40.75,23.17,12.87,2.8
07340300,10,12.8558651,32.26,22.29,2.71,-6.73,32.77,20.77,2.71,-6.73
07340300,11,12.16299242,28.58,17.46,-0.52,-9.12,28.58,18.08,-1.01,-9.87
07340300,12,11.48173754,25.16,16.95,-11.32,-21.73,25.16,16.51,-5,-13.31
07346000,1,12.46882698,26.49,18.41,-3.71,-16.18,26.49,18.41,-2.05,-12.97
07346000,2,12.72004827,31.78,17.44,-6.09,-13.33,31.78,17.68,-2.44,-12.23
07346000,3,13.29821114,30.68,20.23,0.25,-8.84,30.78,20.04,-0.75,-8.84
07346000,4,13.42269697,34.42,21.29,9.27,-1.65,34.42,21.37,9.27,-0.64
07346000,5,11.92868768,37.1,23.7,17.15,5.11,37.1,23.7,14.81,3.98
07346000,6,11.6330303,38.12,25.94,23.44,11.07,39.18,25.97,23.44,12.84
07346000,7,12.00545455,41.27,26.06,25.61,14.8,41.27,26.35,21.43,15.67
07346000,8,12.79736804,42.06,25.68,20.77,12.32,43.39,28.34,20.77,12.95
07346000,9,13.15957576,42.5,24.69,16.39,4.11,42.5,25.08,17.29,6.38
07346000,10,13.63018328,34.61,23.67,7.17,-3.99,34.72,22.2,7.17,-3.99
07346000,11,12.69779545,29.56,20.26,3.6,-5.78,29.88,20.4,3.6,-6.22
07346000,12,12.03478006,28.78,18.98,-9.22,-18.75,28.78,17.57,-0.88,-9.29
07346045,1,12.37096774,26.42,18.49,-3.01,-16.11,26.42,18.49,-1.98,-13.1
07346045,2,12.64473049,31.28,17.4,-5.11,-12.5,31.28,17.4,-2.31,-12.39
07346045,3,13.30627566,31.15,20.96,2.18,-8.53,31.27,20.96,-1.14,-8.53
07346045,4,13.45241667,34.2,21.16,9.62,-1.22,34.2,21.16,9.62,-0.17
07346045,5,11.97967742,37.45,23.71,17.45,5.15,37.45,23.71,15.16,3.76
07346045,6,11.65888636,38.34,25.79,23.99,11.13,39.8,25.98,23.07,12.64
07346045,7,11.97958211,41.35,25.95,24.91,14.76,41.35,26.59,21.09,16.11
07346045,8,12.73742669,42.12,26.04,20.79,12.14,43.73,28.35,20.79,12.78
07346045,9,13.12851515,42.34,24.57,17.15,4.45,42.34,24.73,17.15,6.43
07346045,10,13.6776393,34.45,23.41,7.27,-3.52,35.02,22.09,7.27,-3.52
07346045,11,12.73282576,29.4,19.97,3.86,-5.41,29.72,20.62,3.32,-6.69
07346045,12,11.97561584,28.47,19.41,-8.42,-18.7,28.47,17.85,-0.43,-9.2
07346050,1,12.46217742,26.66,18.58,-3.83,-16.18,26.66,18.58,-2.4,-13.03
07346050,2,12.73483508,31.81,17.57,-6.17,-13.15,31.81,18.26,-2.22,-11.98
07346050,3,13.29347507,30.77,20.12,-0.17,-8.56,30.97,20.49,-0.59,-8.56
07346050,4,13.40353788,34.46,21.46,9.19,-1.79,34.46,21.79,9.19,-0.63
07346050,5,11.91228739,37.24,24,17.57,5.05,37.24,24,15.38,3.86
07346050,6,11.6027803,38.17,25.94,24.04,11.29,39.24,25.94,23.72,12.99
07346050,7,11.97142962,41.28,26.04,25.95,14.77,41.28,26.61,21.65,15.74
07346050,8,12.76818182,42.07,25.62,21.47,12.49,43.16,28.2,21.47,12.93
07346050,9,13.12318182,42.58,24.92,16.31,4.08,42.58,25.08,17.45,6.55
07346050,10,13.5728739,34.66,23.86,7.29,-4.03,34.66,22.34,7.29,-4.03
07346050,11,12.65358333,29.67,20.48,3.04,-6.12,29.68,20.54,3.04,-6.12
07346050,12,12.0425,28.97,19.1,-9.05,-18.59,28.97,17.98,-0.84,-9.28
07346070,1,12.38760264,26.53,18.51,-3.42,-16.09,26.53,18.51,-1.96,-13.09
07346070,2,12.67169751,31.42,17.66,-5.5,-12.54,31.42,18.08,-2.11,-11.99
07346070,3,13.26268328,31.02,20.27,0.87,-8.38,31.02,20.38,-1.2,-8.38
07346070,4,13.38738636,34.27,21.52,9.34,-1.52,34.27,21.6,9.34,-0.27
07346070,5,11.92734604,37.44,24.13,17.92,5.14,37.44,24.13,15.71,3.72
07346070,6,11.60408333,38.27,25.84,24.37,11.04,39.64,25.96,23.55,12.98
07346070,7,11.93973607,41.29,25.98,25.35,14.7,41.29,26.58,21.39,16.08
07346070,8,12.71054985,42.1,25.91,21.78,12.47,43.28,28.3,21.78,12.86
07346070,9,13.08648485,42.47,24.8,16.87,4.4,42.47,24.92,17.77,6.8
07346070,10,13.58835777,34.55,23.73,7.36,-3.75,34.59,22.24,7.36,-3.75
07346070,11,12.66430303,29.37,20.21,3.65,-5.91,29.64,20.67,3.59,-6.39
07346070,12,12.00747801,28.73,19.35,-8.58,-18.35,28.73,18.22,-0.49,-9.19
07359610,1,12.17854106,24.73,17.22,-6.37,-19.08,24.73,17.22,-6.52,-16.2
07359610,2,12.77971842,28.97,14.77,-8.09,-17.36,28.97,15.87,-5.16,-17.36
07359610,3,13.49145161,29.95,19.65,-1.85,-12.87,29.95,18.5,-4.32,-12.87
07359610,4,13.66498485,33.63,20.59,7.76,-5.75,31.6,20.87,5.2,-4.29
07359610,5,11.96734604,34.01,22.1,9.11,1.46,34.01,22.1,9.11,1.07
07359610,6,11.75064394,37.12,24.08,18.82,7.43,39.57,25.69,18.82,8.66
07359610,7,12.17512463,41.95,24.75,21.87,11.11,40.7,24.86,17.39,13.03
07359610,8,12.74874633,41.32,24.54,18.65,8.57,42.83,26.97,18.65,9.66
07359610,9,13.07030303,40.47,23.54,13.67,1.75,40.47,23.54,14.15,3.17
07359610,10,13.34333578,32.52,21.98,3.7,-5.94,33.5,20.64,3.7,-5.94
07359610,11,12.49644697,28.21,17.61,-0.14,-9.83,27.89,18.32,0.28,-9.83
07359610,12,11.67205279,25.49,17.4,-11.83,-21.16,25.49,16.58,-4.4,-12.87
07362100,1,12.41371701,25.68,17.49,-3.94,-17.08,25.68,17.49,-2.77,-14.35
07362100,2,12.97520515,30.3,16.62,-5.59,-13.41,28.34,17.13,-2.85,-13.41
07362100,3,13.8984824,31.08,19.63,0.88,-9.83,31.08,19.63,1.35,-9.83
07362100,4,14.03319697,34.46,21.24,10.08,-2.92,32.94,21.24,7.89,-1.14
07362100,5,12.50561584,35.81,23.34,16.38,4.41,35.81,23.34,13.34,1.77
07362100,6,12.06722727,38.29,24.66,22.22,9.5,39.27,25.5,22.22,10.71
07362100,7,12.07208211,40.08,25.77,23.35,13.39,40.08,25.77,20.39,14.81
07362100,8,12.73442815,42.35,25.09,23.12,10.03,42.72,26.96,22.02,12.14
07362100,9,13.33886364,41.66,23.25,17.4,3.62,41.66,24,18.11,5.8
07362100,10,14.03288856,33.74,22.45,6.88,-3.45,35.83,21.5,6.88,-3.45
07362100,11,13.08838636,28.66,19.1,3.53,-7.41,28.66,19.92,1.83,-7.96
07362100,12,12.07939883,26.42,18.54,-8.23,-17.64,27.2,17.42,-1.62,-10.01
07362587,1,12.05434751,24.68,16.39,-6.92,-20.53,24.71,16.39,-7.17,-16.47
07362587,2,12.74248592,28.09,14.98,-9.22,-18.45,27.06,14.98,-6.97,-18.45
07362587,3,13.52148094,30.09,20,-1.8,-13.19,29.93,19.1,-3.3,-13.19
07362587,4,13.86203788,34.96,19.69,5.89,-5.33,32.3,21.54,6.97,-5.33
07362587,5,12.39526393,34.23,22.26,11.22,0.89,34.23,22.26,8.78,0.36
07362587,6,12.24312879,38.24,25.15,18.29,8.89,40.86,25.69,18.29,8.89
07362587,7,12.66469208,43.05,25.07,22.05,11.2,41.26,25.08,19.06,11.54
07362587,8,12.95085044,42.18,24.92,20.62,8.86,42.72,24.92,20.62,10.63
07362587,9,13.25224242,39.63,23.1,15.25,3.06,39.63,23.1,15.31,3.23
07362587,10,13.61159824,32.61,22.1,4.22,-3.53,34.25,20.3,4.22,-3.87
07362587,11,12.61598485,28.37,17,-1.76,-9.04,28.52,18.23,-0.26,-11.3
07362587,12,11.5493585,25.43,16.03,-11.49,-20.14,25.43,14.74,-5.78,-13.62
07363500,1,11.70861437,26.02,17.09,-5.38,-17.72,26.02,17.09,-4.67,-14.44
07363500,2,12.32245374,28.43,15.53,-6.58,-14.7,27.35,15.53,-3.93,-14.52
07363500,3,13.20945015,30.08,19.33,0.82,-9.89,30.51,18.23,-2.08,-9.89
07363500,4,13.55509848,34.3,20.31,9.27,-2.71,33.34,20.52,7.93,-2.32
07363500,5,12.2005132,35.57,22.85,13.08,4.26,35.57,22.85,12.78,2.01
07363500,6,11.85610606,38.32,24.59,23.19,9.23,39.65,25.75,23.19,10.46
07363500,7,11.92282991,41.63,25.7,24.9,13.86,40.78,25.7,20.67,14.86
07363500,8,12.40354106,41.65,25.52,23.82,9.77,42.83,27.15,23.82,11.89
07363500,9,12.98196212,40.04,23.04,17.16,3.88,40.04,23.57,18.39,5.45
07363500,10,13.49945748,32.91,21.65,6.3,-3.2,35.09,20.75,6.3,-3.2
07363500,11,12.42709848,27.86,18.13,1.61,-7.6,28.79,18.75,1.48,-8.43
07363500,12,11.32008065,25.13,18.28,-9.57,-18.48,25.13,16.34,-3.19,-10.85
07373000,1,11.87243402,27.23,18.31,-2.05,-14.04,27.23,18.31,-2.05,-10.87
07373000,2,12.21426388,28.9,18.78,-2.93,-11.35,29.09,19,-2.93,-11.35
07373000,3,12.82796188,31.14,20.48,1.91,-6.69,31.44,20.48,2.25,-6.69
07373000,4,12.96930303,34.16,22.48,8.58,-1.13,32.78,22.42,8.58,0.39
07373000,5,11.99676686,38.18,24.66,18.25,6.04,38.18,24.66,16.26,4.06
07373000,6,11.46953788,38.9,25.68,22.98,10.62,38.9,25.71,22.98,12.7
07373000,7,11.40755865,40.16,25.47,26.2,15.2,40.16,25.64,24.5,16.73
07373000,8,11.97324047,42.14,26.09,24.93,11.72,42.14,26.4,23.94,13.54
07373000,9,12.42417424,41.42,24.64,18.34,5.26,41.42,25.38,19.49,7.03
07373000,10,13.54934751,34.09,23.2,8.59,-2.42,35.78,23.2,8.59,-2.42
07373000,11,12.80781061,29.97,20.23,4.51,-5.17,29.74,21.27,3.93,-5.63
07373000,12,11.69353739,28,19.74,-4.89,-14.68,28,21.3,-0.25,-7.88
07375000,1,12.43665689,27.73,19.19,-0.06,-14.52,27.73,19.19,-0.11,-9.68
07375000,2,12.57138375,28.09,19.32,-1.83,-11.5,29.15,20.97,-0.82,-11.5
07375000,3,13.09881965,31.1,20.56,3.34,-6.3,30.49,21.82,2.67,-6.3
07375000,4,13.09050758,33.95,22.54,8.8,-1.22,32.64,23.49,8.8,-0.03
07375000,5,12.32286657,35.61,24.34,19.86,5.67,35.61,24.34,18.03,3.43
07375000,6,11.51092424,38.24,25.44,23.8,8.5,38.24,26.12,23.8,11.93
07375000,7,11.08096041,38.95,24.95,24.21,16.84,38.95,25.89,25.87,16.84
07375000,8,11.28204545,40.18,26.61,25.38,13.32,40.18,26.61,24.93,13.32
07375000,9,11.77454545,39.11,26.06,20.04,6.03,39.11,26.06,21.2,7.57
07375000,10,13.41875367,34.07,23.29,9.59,-0.98,35.71,23.29,9.59,-0.57
07375000,11,13.22884848,30,21.1,5.35,-3.64,30,21.22,4.28,-4.4
07375000,12,12.15288856,27.91,21.56,-4.76,-14.53,27.91,22.26,1.38,-8.28
07375500,1,12.39314516,27.44,19.11,-0.16,-14.89,27.44,19.11,-0.56,-10.16
07375500,2,12.61063556,27.96,19.38,-2.48,-11.88,29.21,20.83,-1.59,-11.88
07375500,3,13.18406158,30.95,20.37,2.9,-6.77,30.67,21.36,2.36,-6.77
07375500,4,13.21157576,33.77,22.15,8.66,-1.26,32.55,23.51,8.66,-0.14
07375500,5,12.37972141,35.72,24.28,20.07,5.81,35.72,24.28,17.57,3.23
07375500,6,11.59934848,38.21,25.11,23.83,8.32,38.21,25.87,23.83,11.9
07375500,7,11.17762463,38.61,24.52,24.39,16.62,38.61,25.49,26.14,16.62
07375500,8,11.42972874,40.21,26.29,25.1,13.56,40.21,26.29,24.67,13.56
07375500,9,11.93743182,39.35,25.44,19.5,5.9,39.35,25.44,20.71,7.35
07375500,10,13.49921554,33.95,23.03,9.92,-0.95,35.9,23.04,9.92,-0.91
07375500,11,13.23412879,30.1,20.43,5.59,-3.74,30.1,20.43,3.86,-4.75
07375500,12,12.12539589,27.57,21.27,-5.31,-14.88,27.57,22.01,1.36,-8.43
07376000,1,12.27760997,27.83,19.22,-0.3,-14.36,27.83,19.22,-0.66,-9.47
07376000,2,12.48420756,28.06,19.49,-2.67,-11.61,29.32,20.82,-1.33,-11.61
07376000,3,13.03463343,30.81,20.38,2.65,-6.38,30.76,21.4,2.46,-6.38
07376000,4,13.05861364,33.63,22.21,8.87,-1.13,32.59,24.05,8.87,0.15
07376000,5,12.22222141,35.75,24.36,20.04,5.93,35.75,24.36,17.74,3.43
07376000,6,11.41421212,37.87,25.14,23.84,8.69,38.2,26.1,23.84,12.09
07376000,7,11.00559384,38.45,24.75,24.54,16.75,38.45,25.55,26.41,16.75
07376000,8,11.29260264,39.99,26.35,25.01,13.68,39.99,26.35,24.63,13.68
07376000,9,11.80905303,39.46,25.06,19.69,6.22,39.46,25.54,20.75,7.36
07376000,10,13.36106305,33.95,23.23,10.5,-0.67,35.71,23.34,10.5,-0.67
07376000,11,13.1175303,29.9,20.35,5.99,-3.63,30.02,20.37,4.29,-4.52
07376000,12,12.04858138,27.77,21.13,-5.11,-14.67,27.77,22.21,1.9,-8.14
07378000,1,11.96087243,27.76,19.22,-0.9,-13.4,27.76,19.22,-0.95,-9.13
07378000,2,12.18127112,28.03,19.42,-2.98,-11.03,29.41,20.5,-1.66,-11.03
07378000,3,12.72416422,30.43,20.25,2.26,-5.94,30.9,20.99,2.4,-5.94
07378000,4,12.77477273,33.08,22.04,10.34,-0.7,32.55,24.39,10.34,1.02
07378000,5,11.88522727,35.76,24.45,20.05,6.49,35.76,24.45,17.34,3.97
07378000,6,11.04159848,37.3,25.08,24.35,9.91,38.17,26.15,24.35,12.74
07378000,7,10.67741935,37.82,25.05,25.66,16.76,37.82,25.72,26.72,17.28
07378000,8,11.02077713,39.75,26.26,25.38,14.14,39.75,26.26,24.27,14.14
07378000,9,11.56033333,39.89,24.86,19.44,6.86,39.89,25.54,19.44,7.75
07378000,10,13.06565982,33.76,23.64,10.15,-0.58,35.54,23.64,10.15,-0.58
07378000,11,12.83670455,29.83,20.39,6.39,-3.74,29.99,20.37,4.52,-4.67
07378000,12,11.81540323,27.59,20.56,-5.28,-14.34,27.61,22.02,2.97,-7.76
07378500,1,12.11098974,27.61,19.14,-0.57,-14.14,27.61,19.14,-0.83,-9.77
07378500,2,12.37151247,27.99,19.45,-3,-11.52,29.29,20.58,-1.88,-11.52
07378500,3,12.9383871,30.6,20.26,2.37,-6.43,30.85,20.94,2.27,-6.43
07378500,4,12.99835606,33.36,21.93,9.84,-1.02,32.51,23.87,9.84,0.6
07378500,5,12.10074047,35.78,24.44,20.31,6.21,35.78,24.44,17.41,3.56
07378500,6,11.30118182,37.57,24.91,24.42,9.06,38.17,25.83,24.42,12.39
07378500,7,10.92119501,38.2,24.8,25.38,16.67,38.2,25.4,26.68,16.99
07378500,8,11.25902493,39.91,26.17,25.08,13.74,39.91,26.17,24.42,13.74
07378500,9,11.81141667,39.8,24.87,19.58,6.24,39.8,25.38,19.58,7.62
07378500,10,13.29571848,33.81,23.26,10.26,-0.83,35.65,23.29,10.26,-0.83
07378500,11,12.99692424,29.8,20.43,6.63,-3.92,29.8,20.43,3.98,-4.85
07378500,12,11.91752199,27.38,20.47,-5.47,-14.68,27.43,21.82,2.42,-8.06
08013000,1,11.9559824,27.48,19.02,-1.87,-13.52,27.48,19.02,-1.87,-10.13
08013000,2,12.22396621,29.24,18.99,-2.35,-10.38,29.36,20.02,-2.15,-10.38
08013000,3,12.75064516,30.76,20.23,2.18,-6.25,31.45,20.77,2.16,-6.25
08013000,4,12.86868182,33.72,22.02,8.09,-0.91,32.91,22.55,8.09,0.56
08013000,5,11.94041789,38.32,24.82,18.81,6.02,38.32,24.82,16.94,3.88
08013000,6,11.44307576,38.85,25.65,23.94,10.18,38.85,25.94,24.19,12.89
08013000,7,11.41995601,40.53,25.18,26.18,15.7,40.53,25.81,24.92,17
08013000,8,11.96398094,42.19,26.25,25.15,12.44,42.19,26.25,23.68,13.83
08013000,9,12.33212879,41.5,24.71,17.42,5.36,41.5,25.56,18.71,7.91
08013000,10,13.47441349,34.5,23.19,7.32,-2.19,35.41,23.19,7.32,-2.19
08013000,11,12.76017424,29.82,20.71,4.38,-4.79,30.09,21.62,4.35,-5.84
08013000,12,11.74943915,28.05,20.38,-5.46,-14.4,28.05,21.34,0.49,-7.83
08013500,1,11.86139296,27.38,19.08,-1.73,-13.07,27.38,19.08,-1.73,-9.8
08013500,2,12.08337088,28.9,19.07,-1.98,-9.99,29.01,20.03,-1.76,-9.99
08013500,3,12.56136364,30.55,20.28,2.46,-6.14,31.02,20.72,2.12,-6.14
08013500,4,12.66422727,33.64,22.2,8.28,-0.47,32.77,22.54,8.28,0.84
08013500,5,11.74225073,37.93,24.96,19.33,6.36,37.93,24.96,17.22,4.09
08013500,6,11.23919697,38.57,25.46,24.02,10.38,38.57,26.08,24.2,13.2
08013500,7,11.21337977,40.17,25.11,26.38,16,40.17,25.8,25.37,17.35
08013500,8,11.7676393,42.19,26.09,25.16,12.83,42.19,26.09,23.8,14.13
08013500,9,12.12785606,41.38,24.64,18.02,5.79,41.38,25.78,18.78,8.25
08013500,10,13.30282991,34.59,23.51,7.38,-2.05,35.15,23.51,7.38,-2.05
08013500,11,12.63176515,30.02,21.27,4.44,-4.34,30.04,21.56,4.44,-5.45
08013500,12,11.67431452,28.01,20.65,-5.34,-14,28.01,21.54,0.99,-7.59
08014500,1,11.86172287,27.28,19.29,-1.75,-12.86,27.28,19.29,-1.75,-9.53
08014500,2,12.05905873,28.85,19.11,-2.06,-9.97,28.9,20.28,-1.53,-9.97
08014500,3,12.49955279,30.46,20.15,2.65,-6.21,30.88,20.81,1.94,-6.21
08014500,4,12.58109091,33.59,22.54,8.27,-0.41,32.66,22.63,8.27,0.92
08014500,5,11.67478739,37.71,24.99,19.47,6.58,37.71,24.99,17.39,4.12
08014500,6,11.18176515,38.43,25.25,23.78,10.34,38.84,26.29,23.99,13.33
08014500,7,11.15721408,40.21,25.13,26.04,16.08,40.21,25.84,25.36,17.31
08014500,8,11.71289589,42.33,26.05,24.95,12.95,42.33,26.05,23.74,14.12
08014500,9,12.04062121,41.46,24.68,18.07,5.89,41.46,25.9,18.75,8.31
08014500,10,13.2203739,34.63,23.74,7.19,-2.01,35.02,23.74,7.19,-2.01
08014500,11,12.57358333,30.18,21.81,4.33,-4.11,30.21,21.81,4.33,-5.26
08014500,12,11.66815616,28.3,20.99,-5.35,-13.8,28.3,21.95,1.3,-7.55
08015500,1,11.81424487,27.35,19,-1.66,-12.87,27.35,19,-1.66,-9.66
08015500,2,12.0160901,28.69,19.08,-1.81,-9.83,28.84,20,-1.52,-9.83
08015500,3,12.47834311,30.41,20.31,2.61,-6.11,30.92,20.68,2.13,-6.11
08015500,4,12.5720303,33.55,22.35,8.39,-0.32,32.62,22.53,8.39,0.92
08015500,5,11.64732405,37.72,24.98,19.53,6.52,37.72,24.98,17.35,4.16
08015500,6,11.14539394,38.44,25.47,24.07,10.47,38.57,26.15,24.21,13.42
08015500,7,11.12289589,39.95,25.07,26.2,16.06,39.95,25.84,25.57,17.48
08015500,8,11.67906891,42.14,26.06,25.29,13.05,42.14,26.06,23.86,14.21
08015500,9,12.03524242,41.3,24.62,18.18,5.98,41.3,25.89,18.82,8.35
08015500,10,13.22355572,34.56,23.58,7.45,-2.02,35,23.58,7.45,-2.02
08015500,11,12.57067424,30,21.3,4.45,-4.2,30.07,21.58,4.45,-5.28
08015500,12,11.63818915,27.97,20.78,-5.24,-13.87,27.97,21.6,1.16,-7.5
08023080,1,12.32271994,26.95,18.12,-2.65,-14.95,26.95,18.12,-1.78,-11.21
08023080,2,12.69950925,30.29,18.63,-4.03,-11.04,30.15,18.73,-2.7,-11.04
08023080,3,13.33558651,30.94,20.39,0.78,-7.9,31.71,20.13,0.99,-7.9
08023080,4,13.37071212,34.05,22.21,8.2,-1.83,33.21,22.21,8.2,-0.48
08023080,5,12.10504399,38.29,24.63,18.28,4.67,38.29,24.63,17.05,3.59
08023080,6,11.64526515,38.54,25.71,22.78,8.83,39.72,26.18,23.51,12.95
08023080,7,11.8186437,41.59,26.28,26.24,13.96,41.59,26.28,22.68,16.28
08023080,8,12.50162023,42.64,26.41,24.11,11.13,42.64,26.41,23.07,12.03
08023080,9,12.98749242,42.45,24.74,16.46,4.41,42.45,25.76,18.26,7.06
08023080,10,13.76169355,34.69,23.33,6.78,-3.2,35.7,22.29,6.78,-3.2
08023080,11,12.93503788,29.67,20.56,3.46,-6.33,30.1,21.71,2.98,-6.33
08023080,12,12.15061584,27.73,20.08,-6.35,-16.45,27.73,20.4,-1.18,-9.03
08025500,1,12.23065982,27.57,18.47,-2.14,-13.98,27.57,18.47,-2.14,-10.46
08025500,2,12.57710378,29.36,18.67,-3.21,-10.83,29.27,19.38,-2.08,-10.83
08025500,3,13.16490469,31.01,20.78,1.6,-6.97,32.42,20.78,2.72,-6.97
08025500,4,13.25763636,33.82,21.53,7.78,-1.89,33,22.3,7.78,-0.51
08025500,5,12.25939883,38.52,24.03,17.79,4.94,38.52,24.09,16.96,3.52
08025500,6,11.81398485,38.76,25.83,22.93,8.95,38.82,26.1,22.79,12.47
08025500,7,11.88920088,41.03,25.14,25.89,14.43,41.03,25.92,24.22,16.2
08025500,8,12.43725806,42.04,26.05,24.99,12.11,42.04,26.05,23.63,12.23
08025500,9,12.72140909,41.91,24.95,15.79,4.47,41.91,25.64,17.76,6.91
08025500,10,13.72030059,34.22,22.75,6.74,-2.92,35.34,22.75,6.74,-2.92
08025500,11,12.92284848,29.49,20.54,3.61,-5.74,30.46,21.76,3.61,-6.03
08025500,12,12.01059751,27.78,20.7,-5.66,-15.43,27.87,21.52,-0.33,-8.89
08029500,1,12.08629765,27.23,19.04,-1.75,-12.22,27.23,19.04,-1.75,-8.98
08029500,2,12.31050684,29.61,19.17,-2.54,-9.17,29.66,19.98,-0.61,-9.17
08029500,3,12.7258651,31.08,20.72,0.64,-7.03,31.89,20.86,2.04,-7.03
08029500,4,12.80476515,33.32,22.62,8.12,-1.36,32.8,22.62,8.12,-0.35
08029500,5,11.86171554,37.86,24.29,18.4,5.79,37.86,24.68,18.12,3.42
08029500,6,11.48109848,38.38,25.39,23.34,10.12,39.06,26.15,22.91,12.79
08029500,7,11.65564516,40.63,24.57,25.19,15.38,40.63,25.58,25.87,16.46
08029500,8,12.196261,42.16,25.6,25.54,12.97,42.16,25.6,23.17,12.97
08029500,9,12.27209091,42.11,24.81,17.01,6.06,42.11,26.15,18.29,7.03
08029500,10,13.32552053,34.31,24.26,7.91,-2.9,34.31,24.26,7.91,-2.9
08029500,11,12.57385606,30.08,21.78,4.47,-4.92,30.34,21.82,4.47,-4.92
08029500,12,11.87366935,28.21,21.75,-4.67,-13.94,28.21,20.82,1.18,-8.39
08032000,1,12.16331378,27.26,18.68,-2.8,-15.54,27.26,18.68,-1.4,-12.4
08032000,2,12.39990346,32.15,18.49,-6.38,-13.08,32.15,19.39,-2.31,-11.73
08032000,3,12.83417889,30.56,20.77,-2.33,-8.1,31.12,19.63,-1.92,-8.1
08032000,4,12.92806061,33.8,22,8.02,-2.01,33.8,22.61,8.02,-0.28
08032000,5,11.50354106,37.31,24.39,18.95,5.88,37.31,24.39,12.63,3.16
08032000,6,11.22640909,38.54,26.1,24.52,10.82,39.22,26.1,24.79,13.18
08032000,7,11.80665689,40.26,25.88,25.19,14.54,40.94,26.56,22.45,16.38
08032000,8,12.5756085,41.5,25.97,24.28,13.26,42.26,27.26,23.82,13.65
08032000,9,12.75214394,42.45,24.74,16.58,4.59,42.45,25.03,19.23,6.91
08032000,10,13.10879032,34.87,24.37,10.59,-3.43,35.1,22.94,10.4,-3.43
08032000,11,12.26933333,29.76,21.54,2.98,-6.26,29.76,21.54,2.98,-6.62
08032000,12,11.80663856,28.59,19.01,-8.08,-17.8,28.59,19.01,-0.69,-8.6
08033500,1,12.28788123,27.2,18.68,-1.87,-14.68,27.2,18.68,-1.09,-11.05
08033500,2,12.54983105,32.17,18.5,-4.02,-10.74,32.17,19.01,-1.3,-10.19
08033500,3,13.0466129,30.68,20.7,-0.69,-7.76,31.14,20.02,-1.04,-7.76
08033500,4,13.08103788,33.75,21.92,7.78,-1.52,33.75,22.33,7.78,-0.01
08033500,5,11.75903226,37.75,24.27,19.7,6.08,37.75,24.27,15.8,3.34
08033500,6,11.45021212,39.29,25.95,25.31,10.45,39.36,25.95,24.49,13.56
08033500,7,11.92601906,40.94,25.6,25.98,15.04,40.94,25.6,24.27,16.17
08033500,8,12.66469941,42.28,25.73,24.72,13.3,42.28,26.32,24.65,13.58
08033500,9,12.8075303,42.95,24.59,18.19,5.5,42.95,25.54,19.86,7.48
08033500,10,13.3831305,34.51,23.88,9.4,-3.32,34.7,23.22,9.4,-3.32
08033500,11,12.59544697,29.42,21.69,4.18,-5.67,29.6,21.69,3.8,-6.01
08033500,12,12.05006965,28.28,19.03,-6.38,-16.87,28.28,19.05,0.12,-8.11
08050800,1,12.47497067,27.42,16.07,-5.53,-16.08,26.45,16.07,-6.15,-14.45
08050800,2,12.68916331,33.78,15.4,-8.5,-15.68,33.78,15.66,-7.75,-14.44
08050800,3,13.04214809,32.79,18.96,-4.12,-10.87,32.79,19.87,-1.29,-11.95
08050800,4,13.00298485,36.34,20.7,7.08,-1.66,36.34,20.97,6.19,-1.66
08050800,5,11.62082845,37.65,23.52,12.17,4.84,37.65,23.52,9.4,0.99
08050800,6,11.51018182,38.67,25.41,21.68,9.86,39.08,25.68,23.47,11.7
08050800,7,12.15166422,42.4,27.33,25.22,15.46,43.47,27.33,22.24,15.78
08050800,8,12.66433284,41.37,26.76,21.54,13.62,43.86,28.11,21.54,13.62
08050800,9,12.58365909,43.1,25.79,13.92,5.15,43.1,25.78,15.21,6.1
08050800,10,12.87228006,33.98,23.44,4.8,-5.2,35.31,23.11,4.61,-5.2
08050800,11,12.30734848,30.35,19.01,-1.1,-7.59,32.06,19.79,-1.1,-7.78
08050800,12,11.8618585,26.45,16.61,-10.75,-20.77,27.2,17.13,-3.51,-13.08
08055500,1,12.84590909,27.97,16.26,-5.37,-15.69,27.47,16.26,-5.37,-14.03
08055500,2,12.94884151,33.29,15.79,-8.24,-15.75,33.29,16.33,-7.53,-14.41
08055500,3,13.24927419,33.31,19.26,-3.48,-10.44,33.31,19.44,-0.75,-11.36
08055500,4,13.23569697,37.41,20.82,6.33,-2.06,37.41,21.01,6.33,-2.06
08055500,5,11.83765396,38.07,23.95,13.33,4.58,37.64,23.95,11.41,1.64
08055500,6,11.71949242,38.92,25.69,21.42,10.45,40.08,26.42,23.41,12.06
08055500,7,12.3794868,42,27.08,26.3,15.51,43.26,27.19,22.4,15.24
08055500,8,12.81505865,41.36,26.6,22.58,13.4,43.5,28.26,22.58,13.4
08055500,9,12.79619697,43.04,25.59,14.13,4.77,43.04,25.4,17.1,6.05
08055500,10,13.18297654,34.33,23.19,5.21,-5.09,35.91,23.63,5.12,-5.09
08055500,11,12.63981061,30.74,19.52,-0.36,-7.32,32.8,19.52,-0.36,-7.32
08055500,12,12.28446848,27.31,16.15,-10,-20.74,27.69,16.77,-3.38,-12.84
08066200,1,12.23640029,26.81,19.31,-1.16,-12.65,26.81,19.31,-1.16,-9.49
08066200,2,12.4675543,31.87,19.03,-3.07,-9.42,31.87,20.17,-0.48,-8.14
08066200,3,12.90717742,31.19,21.57,0.41,-7.12,31.68,21.57,1.13,-7.12
08066200,4,12.88333333,33.66,22.27,8.23,-0.91,33.47,22.48,8.23,0.08
08066200,5,11.75703812,37.87,24.68,19.98,6.26,37.87,24.68,18.84,3.89
08066200,6,11.43687879,39.23,25.89,24.58,10.41,39.23,26.06,24.02,13.59
08066200,7,11.80265396,41.14,25.42,25.54,15.55,41.14,25.67,26.2,16.28
08066200,8,12.49423021,42.39,25.58,24.5,13.34,42.39,25.67,22.29,13.34
08066200,9,12.46226515,43.05,24.58,18.06,6.94,43.05,26.78,19.24,7.18
08066200,10,13.26440616,34.11,24.33,9.75,-3.19,34.11,24.33,9.75,-3.19
08066200,11,12.54566667,30.68,21.84,4.09,-4.58,30.24,21.84,4.09,-4.58
08066200,12,11.96378666,28.37,20.3,-3.94,-15.48,28.37,21.22,1.44,-7.82
08066300,1,12.25859238,26.7,19.46,-1.24,-11.77,26.92,19.46,-1.24,-9.12
08066300,2,12.43483508,30.78,19.28,-2.33,-8.89,30.78,20.49,-0.17,-7.66
08066300,3,12.81938416,31.36,21.58,0.99,-6.97,31.94,21.58,2.23,-6.97
08066300,4,12.77491667,33.62,22.63,8.83,-0.56,32.96,22.63,8.83,0.32
08066300,5,11.69291056,37.77,24.7,20.25,6.57,37.77,24.7,19.21,3.64
08066300,6,11.35771212,39.4,25.88,24.58,10.67,39.4,26.18,23.85,13.81
08066300,7,11.66741202,40.67,25.32,25.27,15.61,40.67,25.7,26.59,16.65
08066300,8,12.31867302,42.34,25.43,24.51,13.59,42.34,25.53,22.28,13.59
08066300,9,12.31838636,42.87,24.39,17.72,7.38,42.87,26.66,19.21,7.45
08066300,10,13.20434018,34.03,24.78,9.99,-2.84,34.03,24.78,9.99,-2.84
08066300,11,12.52433333,30.59,21.87,4.57,-4.08,30.39,22.02,4.57,-4.08
08066300,12,11.93202713,28.42,20.89,-3.61,-14.72,28.42,21.53,1.89,-7.55
08070000,1,11.96937683,26.89,19.53,-1.01,-12.45,26.89,19.53,-1.01,-9.41
08070000,2,12.16037812,31.73,19.31,-2.91,-9.03,31.73,20.16,0.05,-7.93
08070000,3,12.57326979,30.65,21.16,1.57,-6.42,31.68,21.16,2.38,-6.42
08070000,4,12.5042803,33.8,22.65,8.69,-0.75,33.84,22.81,8.69,0.33
08070000,5,11.47208944,37.53,25.13,20.21,7.01,37.53,25.13,19,4.18
08070000,6,11.19484848,39.68,26.26,24.83,11.15,39.68,26.39,24.79,14.45
08070000,7,11.56633431,40.6,26.15,25.48,15.95,40.6,26.4,26.59,17.14
08070000,8,12.24868035,42.05,25.98,25.16,14.64,42.05,26.11,22.37,14.64
08070000,9,12.18250758,43.16,24.41,18.58,7.47,43.16,27.13,19.89,8.45
08070000,10,12.89303519,34.66,24.63,10.14,-2.27,34.66,24.63,10.14,-2.27
08070000,11,12.20270455,30.45,21.68,4.82,-4.22,30.33,21.72,3.71,-4.22
08070000,12,11.71305352,27.93,18.98,-3.99,-15.37,27.93,20.67,1.47,-7.33
08070200,1,11.901261,26.89,19.65,-0.79,-12.04,26.89,19.65,-0.79,-9.11
08070200,2,12.05533387,31.46,19.47,-2.51,-8.67,31.46,20.32,0.31,-7.67
08070200,3,12.43576979,30.48,21.16,2.02,-6.16,31.72,21.38,2.84,-6.16
08070200,4,12.34045455,33.83,22.77,9.14,-0.51,33.57,22.83,9.14,0.7
08070200,5,11.32428886,37.41,25.21,20.46,7.24,37.41,25.21,19.26,4.31
08070200,6,11.06168939,39.56,26.34,24.86,11.33,39.56,26.56,24.92,14.65
08070200,7,11.42062317,40.35,26.2,25.47,16.12,40.35,26.61,26.45,17.35
08070200,8,12.0817522,42.03,26.03,25.37,14.85,42.03,26.2,22.54,14.85
08070200,9,12.03965152,43.14,24.69,18.58,7.69,43.14,27.23,20.07,8.75
08070200,10,12.78942815,34.62,25.01,10.44,-2,34.62,25.01,10.44,-2
08070200,11,12.13482576,30.54,21.75,5.32,-3.92,30.49,21.84,4.09,-3.92
08070200,12,11.65154326,28.07,19.13,-3.67,-14.96,28.07,20.92,1.68,-7.08
08079600,1,15.23722141,29.01,9.85,-9.99,-15.88,29.01,9.85,-9.52,-15.06
08079600,2,15.96556718,31.87,12.76,-9.23,-18.99,32.68,11.51,-9.84,-15.81
08079600,3,16.76967742,35.44,16.59,-4.38,-11.28,34.29,16.59,-4.38,-11.77
08079600,4,17.06439394,37.32,18.46,-0.19,-4.43,39.86,18.46,-0.19,-4.43
08079600,5,15.61235337,42.36,22.1,8.16,3.61,42.36,22.54,8.16,-0.34
08079600,6,14.60593182,45.69,24.78,19.37,7.92,45.69,25.9,19.72,10.92
08079600,7,14.08931818,42.36,24.96,18.22,13.91,43.7,26.33,18.22,15.11
08079600,8,13.9644868,40.18,24.21,18.17,13.28,43.17,25.26,18.17,13.28
08079600,9,13.92309848,39.93,22.24,10.17,2.43,39.93,23.69,10.19,4.02
08079600,10,14.92271261,38.68,19.54,0.95,-6.01,38.68,21.67,-0.31,-7.8
08079600,11,15.08300758,32.13,16.36,-1.47,-10.84,32.13,16.36,-1.58,-10.84
08079600,12,14.65977273,27.71,11.75,-10.66,-19.37,27.71,11.75,-6.79,-13.91
08082700,1,14.77415689,29.42,11.32,-9.71,-16.29,29.42,12.96,-6.58,-14.78
08082700,2,14.9768222,34,14.15,-8.95,-20.83,34,12.97,-7.95,-16.06
08082700,3,15.59435484,35.79,17.69,-1.75,-10.95,34.38,17.87,-5.34,-11.99
08082700,4,15.93058333,37.89,20.59,2.19,-2.76,41.55,20.59,2.19,-2.76
08082700,5,14.48459677,43.74,23.4,10.93,3.36,43.74,24.25,10.92,1.51
08082700,6,13.67331061,45.74,25.83,22.44,9.89,45.74,27.35,23.46,11.36
08082700,7,13.94952346,42.98,26.25,22.96,14.67,42.98,26.88,22.51,15.11
08082700,8,14.12655425,42.8,26.52,22.92,12.27,43.63,27.53,22.92,12.27
08082700,9,13.983,42.72,24.53,12.34,3.03,42.72,24.52,11.93,5.15
08082700,10,14.5967522,39.47,21.74,2.49,-5.38,39.47,23.46,0.47,-6.94
08082700,11,14.49402273,31.33,17.25,-0.73,-9.01,31.86,17.25,-0.73,-9.01
08082700,12,14.02105938,29.17,14.54,-10.95,-21.64,29.17,14.54,-6.03,-13.47
08085500,1,14.72296921,28.55,12.21,-7.46,-16.17,28.55,12.61,-6.66,-14.29
08085500,2,14.99694288,33.36,14.55,-9.78,-20.21,33.36,13.1,-8.68,-15.2
08085500,3,15.62687683,34.77,16.96,-2.15,-10.83,33.8,17.31,-2.15,-11.88
08085500,4,16.02545455,37.07,20,2.04,-3.02,40.49,20,2.04,-3.02
08085500,5,14.47427419,42.11,23.97,11.99,4.03,42.91,23.97,10.49,0.88
08085500,6,13.6229697,44.72,25.51,21.37,9.89,44.72,26.78,23.6,11.39
08085500,7,13.71814516,41.76,25.39,21.88,14.44,42.93,26.16,21.38,14.92
08085500,8,13.82932551,41.76,25.16,22.73,12.16,43.17,26.7,22.73,12.16
08085500,9,13.72829545,41.55,24.01,12.44,2.85,41.55,24.07,12.82,4.41
08085500,10,14.38847507,38.13,21.01,3.1,-5.09,38.13,22.98,0.59,-6.75
08085500,11,14.37816667,30.11,18.98,0.12,-9.41,31.28,18.98,0.1,-9.41
08085500,12,14.09788123,28.3,14.29,-10.57,-21.15,28.3,13.81,-5.44,-13.49
08086212,1,14.34187683,29.99,13.22,-7.24,-15.86,29.99,14.32,-6.25,-15.54
08086212,2,14.40004023,34.44,15.26,-10.54,-19.82,34.44,14.02,-8.77,-15.19
08086212,3,14.87195748,33.97,17.92,-1.42,-10.8,33.7,18.33,-2.34,-11.92
08086212,4,15.2417803,37.84,20.56,2.49,-2.96,38.92,21.1,2.49,-2.96
08086212,5,13.73365103,41.02,23.98,12.05,3.32,42.61,23.98,9.61,1.15
08086212,6,13.03444697,42.39,25.79,20.85,10.21,42.54,26.16,22.04,11.24
08086212,7,13.38313783,41.69,25.4,22.49,13.79,42.08,26.8,21.08,13.56
08086212,8,13.66388563,42.2,25.56,22.39,11.13,42.71,27.72,22.39,11.13
08086212,9,13.59152273,42.41,24.67,12.91,3.1,42.41,24.67,13.21,4.27
08086212,10,14.17142962,37.01,22.37,3.98,-5.94,37.01,23.7,1.29,-5.94
08086212,11,14.00895455,30.86,18.92,-0.03,-8.36,32.87,18.92,-0.03,-8.36
08086212,12,13.7580022,29.59,14.67,-10.63,-21.81,29.59,14.69,-5.45,-12.51
08086290,1,14.31903959,29.86,12.95,-7.89,-15.77,29.86,15.37,-6.29,-15.54
08086290,2,14.32604988,34.59,15.82,-10.4,-19.25,34.59,14.66,-8.81,-14.91
08086290,3,14.75811584,33.78,18.24,-1.3,-10.36,33.78,18.43,-2.78,-11.74
08086290,4,15.07537121,37.73,20.56,2.49,-3,37.73,21.04,2.49,-3
08086290,5,13.52205279,40.15,23.85,12.32,3.4,41.49,23.61,9.32,1.52
08086290,6,12.92179545,41.44,25.76,20.5,10.33,42.35,25.77,21.65,11.45
08086290,7,13.40519795,41.54,25.27,22.89,13.71,42.42,26.82,21.48,13.61
08086290,8,13.72290323,42.16,25.47,22.76,11.06,42.64,27.72,22.76,11.06
08086290,9,13.62331818,42.57,24.43,12.83,3.32,42.57,24.43,12.83,4.2
08086290,10,14.17157625,36.43,22.68,4.43,-6.14,36.65,23.77,2.31,-6.14
08086290,11,13.95768182,30.56,19.02,0.12,-8.04,33.24,18.64,0.12,-8.04
08086290,12,13.71847507,29.76,14.77,-10.67,-21.88,29.76,15.25,-4.94,-12.55
08095000,1,14.05906891,29.97,16.32,-4.69,-15.35,29.97,17.67,-4.69,-14.01
08095000,2,13.93196299,35.1,16.8,-8.12,-16.33,35.1,15.79,-7.53,-14.15
08095000,3,14.17777859,34.23,19.65,-1.32,-8.76,34.23,18.25,0.08,-10.39
08095000,4,14.21550758,37.55,20.91,2.43,-1.97,37.55,20.91,2.43,-1.45
08095000,5,12.61008065,38.55,23.62,16.54,4.57,37.33,23.62,11.27,1.76
08095000,6,12.44257576,39.5,25.43,21.93,11.27,40.67,26.06,22.48,12.28
08095000,7,13.25580645,40.6,25.46,25.46,14.29,42.56,26.48,22.92,14.48
08095000,8,13.6830132,41.7,25.33,24.14,10.82,42.14,26.99,23.75,10.82
08095000,9,13.57337121,42.82,24.23,14.5,4.29,42.82,24.49,14.5,5.59
08095000,10,13.98143695,35.16,23.96,5.57,-6.09,35.56,23.47,5,-6.09
08095000,11,13.48268182,30.97,19.04,-0.11,-7.82,32.88,20.06,-0.11,-7.82
08095000,12,13.46956378,30.15,17.02,-9.8,-21.03,30.15,17.02,-3.46,-12.09
08101000,1,13.85771261,29.67,16.5,-4.85,-15.71,29.67,16.5,-4.85,-13.9
08101000,2,13.75483508,35.57,16.44,-7.41,-16.4,35.57,16.21,-7.08,-12.41
08101000,3,13.87856305,34.51,18.3,-0.55,-8.23,34.51,18.51,0.07,-10.06
08101000,4,13.88077273,37.24,20.8,3.29,-1.69,37.24,21.28,3.29,-0.78
08101000,5,12.32701613,38.93,23.43,16.76,4.93,37.64,23.43,14.6,2.44
08101000,6,12.11612879,39.26,24.71,23.61,11.75,39.78,25.39,22.44,12.63
08101000,7,12.86514663,39.88,24.77,24.17,14.54,42.28,25.55,23.73,15.69
08101000,8,13.23557918,40.89,25.04,24.74,11.88,41.67,26.62,24.07,11.88
08101000,9,13.08864394,42.41,24.17,15.06,4.84,42.41,24.98,15.06,5.85
08101000,10,13.51570381,35.1,23.75,6.6,-4.66,35.3,23.45,5.22,-4.66
08101000,11,13.18289394,31.33,18.78,1.64,-7.38,32.11,20.37,1.64,-7.38
08101000,12,13.30204545,29.27,17.67,-9.36,-19.55,29.27,17.67,-2.95,-10.34
08103800,1,13.8565176,29.94,16.81,-4.22,-15.59,29.94,16.81,-4.22,-13.6
08103800,2,13.75526951,35.35,16.61,-6.74,-16.57,35.35,16.7,-6.8,-11.54
08103800,3,13.83299853,34.62,18.44,-0.05,-8.14,34.62,18.64,0.5,-9.61
08103800,4,13.85442424,37.55,20.71,4.21,-1.72,37.55,21.42,4.21,-0.47
08103800,5,12.29691349,38.98,23.35,17.46,4.49,37.79,23.35,15.44,2.78
08103800,6,12.10185606,39.22,24.93,23,11.78,39.86,25.31,22.75,12.53
08103800,7,12.82769062,39.81,24.79,24.4,14.79,42.63,25.77,23.64,15.84
08103800,8,13.20700147,40.76,24.91,24.33,12.08,42,26.54,23.77,12.08
08103800,9,13.01834848,42.03,23.97,15.1,4.49,42.03,25.13,15.1,6
08103800,10,13.46412757,35.24,23.67,7.26,-4.45,35.84,23.48,4.78,-4.45
08103800,11,13.17418939,31.81,19.1,2.49,-7.22,32.08,20.57,2.05,-7.22
08103800,12,13.33129765,29.38,17.58,-9.04,-19.56,29.38,17.58,-3.1,-9.56
08103900,1,13.49672287,30.46,18.29,-3.99,-15.37,30.46,18.29,-3.99,-12.4
08103900,2,13.46217216,35.04,17.06,-6,-16.41,35.04,17.9,-5.8,-10.25
08103900,3,13.47786657,34.88,19.19,0.65,-8.14,34.88,19.19,1.51,-8.2
08103900,4,13.51839394,37.62,20.53,6.78,-1.72,37.62,22.7,6.78,-0.33
08103900,5,12.06520528,38.13,23.8,18.23,3.97,37.31,23.82,15.43,4.25
08103900,6,11.94312121,39.15,25.27,22,11.36,40.43,25.27,23.97,12.26
08103900,7,12.67065982,39.96,25.27,24.42,15.23,43.12,26.43,23.8,16.16
08103900,8,13.12827713,40.68,25.9,25.02,12.06,42.56,26.66,22.96,12.06
08103900,9,12.85666667,41.93,24.47,15.22,3.53,41.93,25.33,15.22,6.32
08103900,10,13.22140029,35.32,23.25,7.9,-4.71,36.66,23.39,4.36,-4.71
08103900,11,12.88318182,32.6,20.05,2.81,-7.24,31.33,21.5,3.15,-7.24
08103900,12,12.99687317,28.23,17.3,-7.94,-19.47,28.23,18.15,-3.09,-9.14
08104900,1,13.18991202,30.54,18.9,-3.15,-14.91,30.54,18.9,-3.15,-11.16
08104900,2,13.21257442,35.99,17.36,-5.47,-15.32,35.99,18.28,-5.1,-9.85
08104900,3,13.27239003,34.64,19.96,1.44,-7.26,34.64,19.71,2.39,-7.42
08104900,4,13.32711364,37.25,21.25,7.69,-1.01,37.25,22.04,7.69,0.11
08104900,5,11.95664223,37.76,23.97,17.62,4.5,37.81,23.97,14.28,4.86
08104900,6,11.92735606,39.48,25.32,21.84,11.93,40.95,25.32,24.57,12.94
08104900,7,12.68325513,40.51,25.6,24.29,16,42.81,26.19,24.29,16.48
08104900,8,13.22260264,41.05,24.86,24.8,13.3,42.76,26.11,23.2,13.3
08104900,9,12.85227273,42.56,24.53,16.05,4.35,42.56,25.98,16.69,6.56
08104900,10,13.16374633,35.6,23.53,8.34,-4.06,36.64,23.49,4.54,-4.06
08104900,11,12.68312879,32.64,21.21,2.99,-6.37,30.44,21.57,2.99,-6.37
08104900,12,12.71005132,27.68,17.85,-6.86,-18.54,27.98,18.84,-2.15,-8.52
08109700,1,12.68846041,28.91,19.31,-2.19,-13.6,28.91,19.31,-2.19,-10.62
08109700,2,12.68591311,36.1,19.46,-4.18,-11.63,36.1,19.46,-2.6,-9.68
08109700,3,12.8445088,33.77,20.79,1.49,-6.43,33.77,20.66,3.42,-6.43
08109700,4,12.8802197,35.95,22.38,7.68,-0.42,35.95,22.74,7.68,0.52
08109700,5,11.65131232,37.14,24.55,17.24,6.85,37.14,24.55,16,4.45
08109700,6,11.66578788,40.53,26.51,23.59,12.72,41.08,26.51,23.59,14.17
08109700,7,12.37547654,40.47,26.26,25.52,16.88,40.47,26.26,26.17,16.76
08109700,8,13.08093109,41.78,25.3,24.72,14.73,42.82,26.06,23.48,14.73
08109700,9,12.84890909,43.58,24.98,17.43,6.79,43.58,27.21,19.53,8.05
08109700,10,13.28140762,35.38,24.46,8.86,-2.84,35.93,24.46,7.49,-2.84
08109700,11,12.54959091,31.41,23.04,5.12,-6.16,30.95,23.04,4.62,-6.16
08109700,12,12.38956378,28.47,20.18,-5.25,-16.9,28.47,20.49,-0.21,-7.65
08146000,1,15.3021261,28.92,15.59,-4.11,-15.18,28.92,16.01,-4.42,-13.54
08146000,2,15.34016895,35.04,16.48,-7.18,-17.27,35.04,14.38,-7.55,-12.68
08146000,3,15.40097507,33.84,18.05,0.08,-8.54,34.07,17.86,0.08,-9.82
08146000,4,15.74234091,37.31,19.81,2.99,-3.59,37.59,20.2,2.99,-2.89
08146000,5,13.85882698,39.67,23.64,16.1,4.74,40.26,23.64,13.81,1.79
08146000,6,13.33655303,40.75,24.18,22.44,10.91,40.75,24.46,23.77,11.59
08146000,7,13.79266862,39.84,24.73,25.44,14.19,41.73,24.83,23.75,12.79
08146000,8,14.05979472,40.01,24.61,24.49,12.11,41.43,24.86,25.62,12.11
08146000,9,13.93130303,40.66,22.96,14.16,2.57,40.66,25.41,14.36,3.58
08146000,10,14.67895894,35.75,23.07,8.63,-4.42,35.92,22.85,2.59,-4.6
08146000,11,14.50415152,31.81,19.16,2.74,-8.52,32.14,19.16,0.84,-8.52
08146000,12,14.82335777,29.73,16.18,-8.41,-18.95,29.73,15.75,-2.66,-11.31
08150000,1,15.66024927,29.19,16.02,-3.75,-14.47,29.19,16.02,-3.75,-12.51
08150000,2,15.70985519,34.93,16.03,-6.47,-17.13,34.93,14.11,-6.49,-13.02
08150000,3,15.59280059,33.84,17.84,1.88,-10.7,33.57,17.84,0.45,-10.7
08150000,4,15.76917424,36.67,19.84,3.1,-5.45,36.67,19.92,3.1,-3.06
08150000,5,13.75747801,39.53,22.99,16.88,4.21,38.46,22.99,14.9,1.19
08150000,6,13.14927273,39.74,24.2,21.49,10.9,39.6,24.2,23.44,11.56
08150000,7,13.51718475,39.37,24.26,25.3,14.31,40.72,24.26,24.18,12.35
08150000,8,13.86807918,39.61,24.16,24.93,12.32,40.27,24.16,24.93,11.6
08150000,9,13.72549242,40.24,22.61,13.76,2.18,40.24,24.47,13.77,3.63
08150000,10,14.46608504,35.03,22.61,7.64,-4,35.68,22.59,1.55,-4.51
08150000,11,14.46640909,31.89,19.13,2.75,-8.75,31.24,19.13,0.32,-8.75
08150000,12,15.11140029,27.05,15.92,-7.71,-17.25,28.22,15.78,-3.27,-11.17
08150700,1,15.52233138,28.8,16.4,-3.4,-14.78,28.8,16.4,-3.82,-12.88
08150700,2,15.53271923,35.07,16.27,-6.85,-17.1,35.07,14.49,-6.62,-12.55
08150700,3,15.42121701,33.89,18.22,1.82,-10.56,33.89,18.09,0.51,-10.56
08150700,4,15.58602273,37.04,20.01,3.07,-5.15,37.04,20.14,3.07,-3.27
08150700,5,13.57136364,39.29,23.12,17.37,4.46,38.49,23.12,14.44,1.51
08150700,6,13.08106061,39.64,24.07,21.51,10.88,39.61,24.07,23.84,11.58
08150700,7,13.51200147,39.44,24.38,25.28,13.97,40.98,24.38,24.24,12.14
08150700,8,13.93827713,39.54,24.27,24.54,12.95,40.74,24.27,25.55,12.42
08150700,9,13.78227273,40.38,22.94,13.89,2.28,40.38,24.79,14.08,3.59
08150700,10,14.51631232,35.08,22.65,7.43,-4.58,35.79,22.65,2,-4.58
08150700,11,14.45557576,32.08,19.32,3.21,-8.98,31.34,19.32,0.7,-8.98
08150700,12,14.99587243,27.45,16.44,-7.84,-17.6,28.63,16.13,-1.96,-11.25
08150800,1,14.868761,30.4,17.42,-2.99,-15.39,30.4,17.42,-4.01,-12.89
08150800,2,14.79903459,35.65,16.83,-7.26,-16.51,35.65,15.63,-7.09,-11.82
08150800,3,14.70593109,34.73,19.26,2.2,-9.67,34.73,18.34,0.95,-9.67
08150800,4,14.82190152,37.68,20.65,4.01,-4.26,37.68,21.06,4.01,-2.82
08150800,5,12.89146628,38.79,23.29,18.39,3.22,38.2,23.29,14.15,2.56
08150800,6,12.72415152,39.09,24.8,21.54,10.96,39.99,24.8,23.28,11.25
08150800,7,13.30571114,40.02,24.52,24.13,13.2,41.95,24.53,23.79,12.71
08150800,8,13.86004399,39.96,24.42,23.25,12.25,41.61,24.85,24.21,12.25
08150800,9,13.59436364,41.81,23.95,14.06,2.97,41.81,25.43,15.57,4.33
08150800,10,14.26594575,35.22,23.11,7.31,-5.35,36.16,23.11,3.19,-5.35
08150800,11,14.09872727,32.59,19.52,2.84,-8.84,31.66,19.52,1.51,-8.84
08150800,12,14.41232038,28.44,17.51,-8.03,-18.21,29.37,17.1,-2.56,-10.79
08155200,1,13.0975,30.09,19.38,-3.07,-14.26,30.09,19.38,-3.07,-11.09
08155200,2,13.17583266,36.55,17.93,-5.63,-14.54,36.55,18.47,-4.2,-9.84
08155200,3,13.28912023,33.75,20.35,3.24,-7.12,33.75,19.28,3.24,-7.12
08155200,4,13.38161364,36.94,21.73,6.89,-1.63,36.94,22.17,6.89,0.12
08155200,5,11.97687683,37.57,24.51,16.47,5,38.46,24.24,14.02,4.79
08155200,6,11.99517424,40.19,25.09,22.24,12.46,40.98,25.11,24.95,12.72
08155200,7,12.74808651,40.23,25.15,24.33,16.08,42.05,25.17,24.33,15.16
08155200,8,13.44708211,41.19,24.62,24.27,13.63,42.91,25.79,23.12,13.63
08155200,9,12.9789697,43.02,24.77,16.22,4.76,43.02,26.32,17.58,6.33
08155200,10,13.171239,35.86,23.91,9.15,-3.75,35.81,23.8,5.49,-3.75
08155200,11,12.63246212,31.89,22.07,3.45,-6.01,30.39,22.07,3.45,-6.01
08155200,12,12.63468842,28.56,18.28,-5.7,-17.51,28.56,19,-1.02,-8.78
08158700,1,13.12628299,29.67,18.98,-3.6,-14.52,29.67,18.98,-3.6,-11.15
08158700,2,13.24290426,36.34,17.95,-6.08,-14.91,36.34,18.09,-4.28,-10.27
08158700,3,13.34207478,33.28,19.95,3.03,-7.53,33.28,19.06,3.03,-7.53
08158700,4,13.42764394,36.69,21.55,6.54,-2.41,36.36,21.98,6.54,-0.3
08158700,5,11.98473607,37.68,24.37,16.3,4.95,38.54,24.08,14.64,4.73
08158700,6,11.98027273,39.72,24.84,21.76,12.13,40.78,24.84,24.81,12.14
08158700,7,12.74874633,39.88,25.06,24.17,15.47,41.68,25.06,24.17,14.49
08158700,8,13.51365836,40.71,24.5,23.93,13.22,42.78,25.39,23.09,13.22
08158700,9,13.00459091,42.98,24.43,16.13,4.64,42.98,25.96,17.01,5.84
08158700,10,13.13771994,35.49,23.54,8.48,-4.41,35.21,23.54,5.51,-4.41
08158700,11,12.60384091,31.3,22.19,3.46,-6.67,29.87,22.19,3.46,-6.67
08158700,12,12.64003299,28.85,18.35,-5.53,-17.7,28.85,18.87,-1.09,-9.47
08158810,1,12.93361437,29.69,19.31,-3.32,-14.16,29.69,19.31,-3.32,-10.83
08158810,2,13.05702333,36.54,18.49,-5.74,-14.05,36.54,18.49,-3.77,-9.88
08158810,3,13.22214076,33.41,20.31,3.35,-6.89,33.41,19.73,3.32,-6.89
08158810,4,13.294,36.49,21.77,7.65,-1.69,36.49,21.82,7.65,0.05
08158810,5,11.92142229,37.59,24.52,16.47,5.32,38.25,24.25,14.32,4.9
08158810,6,11.95126515,40.36,25.02,22.65,12.43,40.94,25.02,24.9,12.78
08158810,7,12.72980205,39.95,25.12,24.42,16.37,42.02,25.12,24.42,15.28
08158810,8,13.4726173,41.09,24.62,23.99,13.74,42.92,25.72,22.49,13.74
08158810,9,12.95634848,43.03,24.62,16.44,5.12,43.03,26.29,17.68,6.54
08158810,10,13.0930132,35.88,24.03,8.87,-3.75,35.36,24.03,6.24,-3.75
08158810,11,12.51082576,31.54,22.64,3.65,-6.01,30.38,22.64,3.65,-6.01
08158810,12,12.47868402,28.66,18.53,-5.11,-17.33,28.66,19.31,-1.15,-8.9
08164000,1,12.13640762,28.42,20.05,-1.21,-11.37,28.42,19.71,-1.21,-8.37
08164000,2,12.07182623,33.29,19.88,-2.55,-8.52,32.93,20.37,-0.34,-7.08
08164000,3,12.07184018,33.27,21.27,6.05,-6.31,32.62,21.7,3.89,-6.31
08164000,4,12.02065909,34.09,23.66,12.67,-0.25,34.09,23.66,12.67,2.24
08164000,5,10.93791789,36.87,25.67,19.21,8.47,36.87,25.44,19.21,6.29
08164000,6,11.02916667,40.35,26.59,26.18,13.09,40.9,26.63,26.18,15.12
08164000,7,11.66144428,39.15,26.97,25.21,18.39,39.47,26.97,27.14,18.08
08164000,8,12.41723607,40.36,26.81,26.03,15.75,43.08,26.81,25.52,15.75
08164000,9,12.14410606,43.27,24.98,19.68,8.68,43.27,27.16,20.75,8.68
08164000,10,12.78914223,35.61,25.09,12.04,-2.2,35.61,25.09,12.04,-2.2
08164000,11,12.21012121,31.61,23.55,7.14,-3.72,31.91,23.55,5.71,-3.72
08164000,12,11.92919721,29.1,21.96,-2.33,-14.6,29.1,20.74,1.21,-6.41
08164300,1,12.20024194,28.63,19.91,-1.73,-12.33,28.63,19.55,-1.73,-9.14
08164300,2,12.1977313,34.68,19.75,-3.67,-9.28,34.68,20.01,-1.11,-7.88
08164300,3,12.32219941,33.09,21.22,4.5,-6.64,32.41,21.35,3.39,-6.64
08164300,4,12.32615909,35.12,23.15,11.96,-0.81,35.12,23.3,11.96,1.14
08164300,5,11.25939883,37.23,25.4,17.71,7.53,37.23,25.22,17.71,5.64
08164300,6,11.37348485,40.2,26.31,24.79,12.37,40.45,26.55,24.79,14.23
08164300,7,12.10570381,39.65,26.57,24.78,17.68,39.9,26.57,26.51,17.44
08164300,8,12.90319648,40.64,26.5,24.86,14.72,43.13,26.5,24.86,14.72
08164300,9,12.5405303,43.35,24.52,19.26,8.04,43.35,27.15,20.77,8.04
08164300,10,13.0246261,35.65,24.36,10.59,-2.51,35.65,24.36,10.59,-2.51
08164300,11,12.27771212,31.83,23.28,6,-4.66,31.48,23.28,5.51,-4.66
08164300,12,12.01520161,29.23,21.98,-3.17,-15.72,29.23,20.77,0.7,-6.91
08164600,1,11.99182551,28.31,19.93,-0.66,-10.3,28.48,20.11,-0.66,-7.38
08164600,2,11.84274336,32.89,20.28,-1.59,-7.61,31.07,20.85,0.5,-6.15
08164600,3,11.65981672,33.36,21.6,7.29,-5.81,33.08,21.99,4.19,-5.81
08164600,4,11.50271212,34.22,24.3,12.79,0.2,34.3,24.3,12.79,2.7
08164600,5,10.37826979,36.24,26.34,20.23,8.53,36.24,26.34,20.23,7.14
08164600,6,10.43372727,40.04,27.04,26.9,14.28,41.57,27.04,26.36,15.79
08164600,7,10.93804985,39.16,27.48,25.78,19.35,39.16,27.48,26.26,18.28
08164600,8,11.63689883,40.13,27.09,25.56,16.64,42.65,27.09,25.48,16.64
08164600,9,11.53806061,43.18,25.99,20.8,9.6,43.18,27.46,21.63,9.6
08164600,10,12.36582845,35.7,26.35,13.99,-1.87,35.7,26.35,13.51,-1.87
08164600,11,12.01962879,32.58,23.73,6.89,-3.12,31.96,23.73,6.16,-3.12
08164600,12,11.76493035,28.83,21.29,-1.66,-13.52,28.83,20.69,1.78,-6.29
08165300,1,15.47233871,28,17.36,-3.26,-14.78,28,17.36,-4.46,-12.56
08165300,2,15.41856798,35.3,16.02,-7.46,-16.81,35.3,15.77,-6.02,-13.4
08165300,3,15.16652493,34.16,18.94,3.09,-12.65,34.16,17.89,0.05,-12.65
08165300,4,15.13070455,37.11,20.18,2.01,-5.64,37.11,20.97,2.01,-4.08
08165300,5,13.0031305,38.2,22.93,15.59,4.17,37.72,22.93,12.22,-0.14
08165300,6,12.64020455,40.56,24.63,20.59,9.7,39.23,24.63,22.57,10.83
08165300,7,13.08277859,39.07,24.36,23.94,13.15,39.84,24.36,24.02,11.59
08165300,8,13.77708944,39.34,23.69,22.81,13.19,40.08,23.69,24.31,11.93
08165300,9,13.67837879,40.53,22.86,13.74,2.44,40.53,24.17,14.16,3.2
08165300,10,14.31349707,34.18,22.24,6.03,-5.54,35.32,22.24,1.68,-5.54
08165300,11,14.29496212,32.55,19.58,2.27,-9.55,30.39,19.48,0.88,-9.55
08165300,12,14.9363563,27.62,17.01,-7.62,-16.8,30.71,16.84,-2.21,-12.17
08167500,1,14.60277126,29.14,18.17,-3.2,-14.45,29.14,18.17,-3.74,-12.1
08167500,2,14.60349155,35.47,16.34,-6.86,-16,35.47,16.62,-5.25,-11.6
08167500,3,14.43354839,33.86,19.31,3.64,-10.46,33.86,18.06,1.68,-10.46
08167500,4,14.4465,37.11,20.08,4.04,-4.34,37.11,21.19,4.04,-2.34
08167500,5,12.56068915,37.43,23.09,16.04,3.49,38.33,23.09,14.4,2.04
08167500,6,12.37490909,38.7,24.5,21.93,10.6,39.9,24.5,23.26,11.17
08167500,7,12.93605572,39.54,24.11,24.66,13.77,40.6,24.11,24.63,13.17
08167500,8,13.70914223,39.44,23.8,23.96,13.04,41.37,23.92,24.33,13.04
08167500,9,13.44657576,41.62,23.39,15.03,4.18,41.62,25.09,15.69,4.24
08167500,10,13.91053519,34.34,22.85,6.69,-5.48,35.15,22.85,3.15,-5.48
08167500,11,13.68637121,31.58,19.98,3.96,-8.64,29.84,19.98,1.94,-8.64
08167500,12,14.07990103,27.32,17.41,-6.55,-17.09,28.94,17.41,-1.6,-11.31
08171000,1,13.48292522,29.39,18.81,-3.7,-14.47,29.39,18.81,-3.7,-11.58
08171000,2,13.58242156,35.9,17.42,-6.48,-15.26,35.9,18.05,-5.01,-10.56
08171000,3,13.57087243,33.25,19.74,3.26,-8.13,33.25,18.81,3.26,-8.13
08171000,4,13.65087121,36.99,21.27,5.7,-3.01,36.45,21.79,5.7,-0.64
08171000,5,12.0891349,37.36,23.93,16.26,4.15,38.62,23.86,14.62,4.18
08171000,6,12.03912879,39.18,24.63,21.45,11.39,40.36,24.54,24.41,11.76
08171000,7,12.74557185,39.76,24.67,23.94,14.82,41.24,24.67,23.94,14.09
08171000,8,13.55416422,40.13,24.15,24.31,13.12,42.4,24.72,23.52,13.12
08171000,9,13.10301515,42.77,23.94,15.96,4.21,42.77,25.88,16.54,5.44
08171000,10,13.33279326,35.09,23.73,7.75,-4.9,35.12,23.73,4.78,-4.9
08171000,11,12.87721212,30.69,21.76,3.91,-7.3,29.73,21.76,3.15,-7.3
08171000,12,13.00004032,28.66,18.15,-5.69,-17.57,28.66,18.4,-1.13,-10.04
08171300,1,13.3843915,29.43,18.97,-3.55,-14.27,29.43,18.97,-3.55,-11.34
08171300,2,13.49264682,36.01,17.63,-6.27,-14.82,36.01,18.17,-4.68,-10.29
08171300,3,13.51165689,33.35,19.89,3.4,-7.87,33.35,19.03,3.4,-7.87
08171300,4,13.58201515,36.87,21.41,6.22,-2.68,36.48,21.79,6.22,-0.4
08171300,5,12.05719941,37.42,24.03,16.49,4.57,38.47,23.93,14.75,4.31
08171300,6,12.02019697,39.54,24.69,21.85,11.54,40.46,24.69,25.05,12.08
08171300,7,12.73769795,39.79,24.76,24.09,15.26,41.36,24.8,24.09,14.44
08171300,8,13.53602639,40.21,24.29,24.33,13.35,42.55,25.01,23.38,13.35
08171300,9,13.07698485,42.8,23.94,16.21,4.58,42.8,26.07,16.9,5.81
08171300,10,13.30731672,35.17,23.65,8.12,-4.6,35.21,23.65,5.23,-4.6
08171300,11,12.82606061,30.79,21.97,4.2,-6.98,29.91,21.97,3.45,-6.98
08171300,12,12.91628666,28.71,18.25,-5.49,-17.39,28.71,18.64,-0.99,-9.74
08172000,1,13.29009531,29.29,19.37,-2.86,-13.22,29.29,19.37,-2.86,-10.48
08172000,2,13.41041834,35.98,18.38,-5.44,-13.08,35.98,18.71,-3.67,-9.17
08172000,3,13.44980938,33.61,20.33,4.21,-7.42,33.61,19.77,3.75,-7.42
08172000,4,13.4672197,36.72,21.73,8.12,-1.79,36.72,21.83,8.12,0.51
08172000,5,11.99292522,37.27,24.13,17.47,5.47,37.84,24.2,15.96,4.44
08172000,6,11.95813636,40.46,25.18,23.4,11.45,40.49,25.18,25.76,13.13
08172000,7,12.64188416,39.66,25.13,24.7,16.54,41.21,25.48,24.7,15.47
08172000,8,13.4232478,40.16,24.91,25.06,14.01,42.76,25.52,23.96,14.01
08172000,9,12.99312121,42.94,24.23,17.45,5.67,42.94,26.61,18.03,7.1
08172000,10,13.34622434,35.37,24.21,8.84,-3.83,35.63,24.21,6.84,-3.83
08172000,11,12.85265909,30.59,22.5,4.76,-6.22,30.74,22.5,4.26,-6.22
08172000,12,12.88069282,28.62,18.66,-4.64,-16.47,28.69,19.41,-0.34,-8.93
08175000,1,13.1106305,29.86,19.96,-1.87,-11.25,29.86,19.76,-1.87,-8.77
08175000,2,13.11193886,35.31,19.79,-2.8,-9.04,35.24,19.81,-0.88,-7.04
08175000,3,13.0797434,34.77,20.84,7.12,-6.35,33.94,21.2,3.71,-6.35
08175000,4,13.07145455,36.57,22.73,10.82,0.04,36.57,23.26,10.82,1
08175000,5,11.71796921,37.73,25.43,19.13,7.1,37.72,25.21,18.24,5.46
08175000,6,11.80432576,42.4,26.18,25.4,11.38,42.4,26.18,26.88,14.63
08175000,7,12.4428739,39.87,26.27,25.44,17.58,40.74,26.29,27.02,16.67
08175000,8,13.2098607,40.35,26.23,26.12,15.47,43.87,26.23,25.86,15.47
08175000,9,12.77493939,43.87,24.84,19.57,7.77,43.87,27.03,20.06,8.73
08175000,10,13.4888783,35.9,24.78,11.13,-2.8,35.98,24.78,10.51,-2.8
08175000,11,12.9475303,32.09,23.93,6.47,-5.21,32.52,23.93,5.33,-5.21
08175000,12,12.78818915,28.86,21.52,-3.12,-14.67,29,20.69,0.88,-7.28
08176900,1,12.84983138,29.7,20.11,-1.39,-10.57,29.7,19.83,-1.39,-8.41
08176900,2,12.76315366,35.13,20.21,-2.16,-8.01,34.15,20.21,-0.08,-6.52
08176900,3,12.6147434,35.07,21.29,7.36,-6.1,34.54,21.36,3.54,-6.1
08176900,4,12.54856818,35.85,23.41,12.77,0.08,36.09,23.55,12.77,1.69
08176900,5,11.27040323,37.4,26.1,19.62,8.06,37.4,25.83,18.99,6.1
08176900,6,11.41121212,42.29,26.61,26.55,12.64,42.29,26.61,26.3,15.09
08176900,7,11.99532258,39.89,26.71,25.39,18.09,39.89,26.71,26.58,17.03
08176900,8,12.72124633,40.47,26.67,27.01,16.36,43.62,26.67,25.62,16.36
08176900,9,12.35006061,43.77,25,19.84,8.62,43.77,27.13,20.45,9.29
08176900,10,13.17672287,36.06,25.11,12.48,-2.55,36.06,25.11,11.93,-2.55
08176900,11,12.74206818,32.35,24.02,7.09,-4.54,32.36,24.02,5.25,-4.54
08176900,12,12.52397361,28.76,21.94,-2.65,-13.8,29,20.55,1.25,-7.03
08178880,1,15.13195748,28.74,18.11,-2.59,-13.28,28.74,18.11,-3.71,-11.85
08178880,2,15.13726468,35.18,16.87,-6.15,-15.16,35.18,16.87,-4.64,-11.85
08178880,3,14.89603372,34.31,19.52,5.34,-11.16,34.31,18.1,1.61,-11.16
08178880,4,14.79831061,37.46,20.37,4.11,-4.24,37.19,21.97,4.11,-2.37
08178880,5,12.80583578,37.78,23.33,15.55,4.34,38.31,23.33,13.55,1.12
08178880,6,12.56393182,39.98,24.88,22.22,10.22,39.85,24.88,23.18,11.42
08178880,7,13.05029326,39.27,24.67,24.69,14.21,40.14,24.67,24.69,12.72
08178880,8,13.81403959,39.42,23.98,23.92,13.47,41.23,23.84,23.99,13.44
08178880,9,13.61209091,40.98,23.46,15.4,4.24,40.98,24.89,15.4,4.24
08178880,10,14.12912757,34.51,23.01,6.62,-5.49,35.75,23.01,2.96,-5.49
08178880,11,14.02445455,31.81,20.2,3.51,-8.77,30.47,19.98,2.25,-8.77
08178880,12,14.55788856,28.36,17.5,-6.1,-15.89,29.7,17.5,-1.06,-11.8
08189500,1,12.58713343,30.28,20.07,-0.59,-9.17,30.87,20.61,-0.59,-7.58
08189500,2,12.55707965,35.56,20.25,-1.35,-6.75,33.53,20.43,0.68,-5.97
08189500,3,12.3020088,36.39,21.91,8.08,-5.92,35.47,21.91,4.26,-5.92
08189500,4,12.15144697,37.83,23.75,11.17,0.89,36.42,23.78,11.17,2.6
08189500,5,10.89091642,38.7,26.55,19.9,8.88,38.7,26.5,19.75,7.25
08189500,6,11.10256061,41.89,26.96,26.62,14.32,41.89,26.96,26.28,15.47
08189500,7,11.57807918,40.02,26.75,26.61,18.19,40.02,26.75,27.04,17.99
08189500,8,12.25538123,40.11,26.67,27.79,16.89,42.53,26.67,26.87,16.89
08189500,9,11.84148485,43.5,25.79,20.96,9.44,43.5,27.21,21.11,9.99
08189500,10,12.68716276,36.61,26.25,13.69,-2.09,36.61,26.25,12.59,-2.09
08189500,11,12.37325,33.48,23.56,7.81,-3.85,32.35,23.56,6.04,-3.85
08189500,12,12.2694868,29.18,21.46,-1.93,-12.52,29.69,21.46,1.87,-6.64
08190000,1,15.12406891,28.53,17.24,-1.69,-12.91,28.53,17.24,-1.69,-10.48
08190000,2,15.18895414,35.25,16.65,-4.62,-13.33,35.25,16.31,-4.14,-10.47
08190000,3,14.98235337,34.25,19.09,5.75,-10.02,34.25,18.13,2.16,-10.02
08190000,4,14.99418939,38.06,20.48,5.21,-3.41,37.06,21.58,5.21,-1.12
08190000,5,13.07832111,39.34,23.11,16.69,5.85,38.45,23.11,14.44,1.91
08190000,6,12.6692197,41.37,24.98,21.91,11.84,39.48,24.98,24.6,12.86
08190000,7,12.97102639,39.66,25.08,25.05,15.45,40.56,25.08,25.05,13.37
08190000,8,13.3915176,40.23,23.96,25.36,15.82,40.23,24.03,25.36,13.54
08190000,9,13.16576515,40.55,23.1,15.85,5.5,40.55,24.86,15.15,5
08190000,10,13.71941349,34.82,23.14,8.24,-4.54,36.05,22.85,2.58,-4.54
08190000,11,13.85685606,32.5,19.81,2.71,-7.61,30.72,19.75,1.89,-7.61
08190000,12,14.555,28.15,16.42,-5.92,-15.3,29.93,16.42,-1.06,-10.33
08190500,1,15.01890029,28.35,16.75,-2.02,-12.89,28.35,16.75,-2.02,-10.43
08190500,2,15.1219469,34.84,16.48,-4.51,-12.91,34.84,15.68,-3.99,-10.61
08190500,3,14.92531525,33.85,18.68,5.75,-8.99,33.85,17.66,2.4,-8.99
08190500,4,15.00209091,37.85,20.49,5.75,-3.35,36.5,21.27,5.75,-1.19
08190500,5,13.12334311,39.65,23.15,17.17,5.78,38.92,23.15,14.55,2.33
08190500,6,12.63097727,41.14,24.93,21.68,12.16,39.49,24.93,24.15,12.64
08190500,7,12.88157625,40.06,25.43,25.58,15.76,40.49,25.43,25.58,13.68
08190500,8,13.22126833,40.6,24.28,24.72,15.18,40.6,24.28,24.72,13.57
08190500,9,12.9507803,40.36,23.14,15.56,5.38,40.36,24.84,14.5,5.6
08190500,10,13.50223607,34.87,23.18,8.81,-4.15,35.88,22.76,2.33,-4.15
08190500,11,13.70535606,32.35,19.56,2.31,-7.29,30.6,19.56,1.58,-7.29
08190500,12,14.39097141,27.46,15.98,-5.04,-15.31,29.11,15.98,-1.79,-10.26
08194200,1,13.33740469,31.39,18.47,-0.41,-6.84,32.66,19.93,-0.41,-6.84
08194200,2,13.70463395,37.04,19.26,0.92,-5.52,37.04,20.76,1.47,-5.16
08194200,3,13.88789589,37.87,21.97,10.15,-3.17,37.87,21.97,6.82,-3.17
08194200,4,13.98845455,41.23,22.93,13.12,2.11,40.84,23.77,13.12,2.98
08194200,5,12.86213343,41.85,25.9,19.23,9.66,41.85,25.84,19.23,8.94
08194200,6,12.96129545,43.98,26.36,26.74,15.78,43.98,26.82,28.64,16.64
08194200,7,13.28473607,41.94,26.11,27.42,19.05,42.21,26.41,27.42,18.92
08194200,8,13.51252933,41.33,25.73,27.82,18.28,42.6,26.59,27.82,18.28
08194200,9,12.47341667,43.1,25.34,20.64,10.47,43.1,27.52,20.64,10.47
08194200,10,13.01054985,36.78,26.05,11.71,-0.79,38.22,26.05,11.71,-0.79
08194200,11,12.83306818,33.04,22.37,8.83,-1.85,34.43,22.76,5.5,-2.1
08194200,12,12.8844868,31.05,20.76,-0.09,-9.76,32.46,20.76,4.35,-7.24
08195000,1,15.24024927,28.52,17.63,-2.09,-13.07,28.52,17.63,-2.09,-11.6
08195000,2,15.28236525,35.31,17.04,-5.39,-14.25,35.31,17.04,-4.7,-11.17
08195000,3,15.03524194,34.43,19.4,5.34,-11.28,34.43,18.35,1.57,-11.28
08195000,4,14.96572727,38.1,20.22,4,-3.91,37.07,21.84,4,-1.63
08195000,5,12.98939883,38.59,23.33,15.78,5.66,38.1,23.33,13.25,1.12
08195000,6,12.64170455,41.25,24.93,21.85,10.84,39.06,24.93,24.47,11.74
08195000,7,13.00475073,39.01,24.9,24.62,15.05,40.12,24.9,24.62,12.66
08195000,8,13.57472874,39.73,24.02,24.5,14.74,40.21,23.84,25.53,12.99
08195000,9,13.41315152,40.72,23.3,15.54,4.66,40.72,24.57,15.56,3.91
08195000,10,13.96282991,34.41,22.88,7.25,-5.01,35.85,22.88,2.57,-5.01
08195000,11,14.01181818,32.46,19.96,2.84,-8.25,30.88,19.84,2.2,-8.25
08195000,12,14.69820015,28.49,16.99,-6.69,-15.39,30.17,16.99,-0.51,-11.01
08196000,1,15.07847507,28.53,17.68,-2.1,-12.53,28.53,17.68,-2.1,-11.09
08196000,2,15.15856798,35.54,17.31,-4.48,-13.23,35.54,17.31,-4.39,-10.36
08196000,3,14.93456012,34.66,19.55,6.02,-10.41,34.66,18.91,2.2,-10.41
08196000,4,14.88501515,38.52,20.38,5.1,-3.22,37.29,22.11,5.1,-0.74
08196000,5,12.9920088,38.91,23.58,16.06,6,38.18,23.58,13.68,1.78
08196000,6,12.65812121,41.54,25.08,22.31,11.7,39.59,25.08,24.87,12.44
08196000,7,12.97956012,39.29,25.16,25,15.2,40.55,25.16,25.06,13.09
08196000,8,13.46745601,39.95,24.17,25.36,15.81,40.29,24.02,25.59,13.77
08196000,9,13.25540909,40.77,23.34,16.31,5.59,40.77,24.85,15.46,4.53
08196000,10,13.7708651,34.74,23.14,7.9,-4.82,36.19,23.14,2.84,-4.82
08196000,11,13.84325,32.4,20.05,3.31,-7.71,30.96,19.98,2.6,-7.71
08196000,12,14.53052786,28.69,17.28,-6.21,-14.93,30.17,17.28,0.43,-10.34
08198500,1,15.06454545,29.12,18.27,-1.34,-11.75,29.12,18.27,-1.36,-10.86
08198500,2,15.13763475,35.45,17.48,-3.93,-12.68,35.45,17.48,-3.27,-9.74
08198500,3,14.91865836,34.85,19.88,6.9,-10.24,34.85,18.73,3.22,-10.24
08198500,4,14.78481818,38.8,20.8,6.43,-2.41,37.36,22.26,6.43,-0.33
08198500,5,12.93120235,38.48,23.81,16.27,6.48,38.49,23.81,15.39,2.31
08198500,6,12.69020455,40.83,25.38,22.98,11.94,39.83,25.38,25.01,13.09
08198500,7,13.11851173,39.53,24.92,25.56,15.18,41.14,25.12,25.56,13.38
08198500,8,13.68615836,40,24.23,25.58,15.48,41.58,24.34,25.57,14.91
08198500,9,13.4124697,41.48,23.79,16.92,5.86,41.48,25.71,16.92,5.17
08198500,10,13.94158358,35.11,23.38,8.05,-4.98,36.8,23.6,4.22,-4.98
08198500,11,13.91310606,32.03,20.41,4.89,-7.45,30.98,20.4,3.56,-7.45
08198500,12,14.50679985,28.81,17.51,-5.08,-14.81,29.9,17.51,0.47,-10.62
08200000,1,15.04345308,29.01,18.28,-1.79,-12.21,29.01,18.28,-2.95,-11.24
08200000,2,15.11172969,35.02,17.45,-4.93,-13.77,35.02,17.45,-3.39,-10.58
08200000,3,14.88804985,34.53,19.85,6.06,-10.3,34.53,18.39,2.77,-10.3
08200000,4,14.76915152,38.48,20.49,5.84,-3.22,37.19,22.19,5.84,-1.19
08200000,5,12.89693548,38.11,23.34,16.03,4.98,38.52,23.77,15.05,1.88
08200000,6,12.71431818,39.92,24.88,23.2,11.03,39.88,24.88,24.03,12.22
08200000,7,13.22391496,39.33,24.71,24.65,14.31,40.4,24.87,24.65,12.98
08200000,8,13.94494135,39.82,24.21,25.07,14.13,41.83,24.28,24.5,14.13
08200000,9,13.6297803,41.69,23.71,16.23,5.31,41.69,25.41,16.23,5.3
08200000,10,14.11852639,35.08,23.31,7.31,-5.36,36.32,23.31,3.85,-5.36
08200000,11,13.97815152,31.46,20.55,4.6,-8.24,30.61,20.17,3.32,-8.24
08200000,12,14.47030425,28.71,17.67,-5.13,-15.24,29.28,17.81,-0.11,-11.25
08202700,1,14.95454545,29.43,18.52,-1.11,-11.61,29.43,18.52,-1.82,-10.67
08202700,2,15.04405471,35.32,17.62,-4.05,-12.7,35.32,17.62,-2.79,-9.42
08202700,3,14.8243915,34.7,19.99,6.97,-9.94,34.7,18.92,3.71,-9.94
08202700,4,14.67257576,38.96,20.91,7.01,-2.32,37.33,22.32,7.01,-0.22
08202700,5,12.86346774,38.42,23.73,16.18,6.32,38.57,23.84,16.15,2.51
08202700,6,12.67926515,40.22,25.29,23.41,11.99,40.05,25.29,25.12,13.09
08202700,7,13.17945748,39.61,24.88,25.35,15,41.19,25.25,25.35,13.37
08202700,8,13.79372434,40.21,24.27,26,15.24,42.2,24.72,25.06,15.24
08202700,9,13.4579697,42.21,23.8,17.01,6.24,42.21,26.04,17.01,5.29
08202700,10,13.96668622,35.32,23.71,8.04,-5.09,36.88,23.85,4.68,-5.09
08202700,11,13.86467424,31.82,20.6,4.94,-7.51,30.93,20.46,3.97,-7.51
08202700,12,14.39838343,28.88,17.71,-4.7,-14.86,29.51,17.71,0.46,-10.53
08205500,1,14.64871701,29.49,18.6,-1.26,-10.75,29.49,18.6,-1.26,-9.77
08205500,2,14.77042639,35.77,17.48,-3.03,-11.4,35.77,17.59,-2.07,-8.84
08205500,3,14.62524927,35.29,20.24,7.77,-8.68,35.29,19.31,4.42,-8.68
08205500,4,14.53927273,39.69,21.21,9.68,-1.51,37.62,22.44,9.68,1.06
08205500,5,12.85845308,38.78,24.23,16.58,7.35,38.77,24.23,16.58,3.62
08205500,6,12.72575758,40.29,25.57,24.06,13.04,40.39,25.57,25.58,14.11
08205500,7,13.17152493,39.93,25.14,26.12,15.92,41.69,25.59,26.61,14.2
08205500,8,13.66958211,40.17,24.63,27.11,16.69,42.37,25.02,26.34,16.6
08205500,9,13.23453788,42.48,24.01,17.6,7.17,42.48,26.51,17.6,6.69
08205500,10,13.74615836,35.5,23.91,9.05,-4.4,37.13,24.34,5.59,-4.4
08205500,11,13.6190303,32.2,20.74,5.91,-6.44,31.31,20.74,4.45,-6.44
08205500,12,14.10543988,28.83,17.96,-3.39,-14.29,30.1,17.96,1.2,-9.52
08267500,1,13.77142229,12.85,-0.54,-14.83,-36.13,12.85,0.01,-13.27,-25.35
08267500,2,13.17444891,14.66,0.67,-17.43,-37.1,11.69,1.14,-18.95,-29.28
08267500,3,12.73804252,14.96,2.01,-11.06,-30.36,14.96,2.03,-10,-26.22
08267500,4,13.12933333,21.91,4.33,-9.42,-26.29,17.29,4.3,-5.29,-16.07
08267500,5,13.96,25.67,7.23,-1.23,-13.87,25.67,7.76,-3.97,-11.12
08267500,6,15.7732197,28.08,9.75,5.72,-10.41,27.39,11.62,6.53,-5.44
08267500,7,14.85922287,27.23,10.23,8.98,-6.54,27.23,12.03,11.36,-1.69
08267500,8,13.79774194,25.26,9.8,9.36,-7.11,25.26,10.61,9.36,-3.53
08267500,9,13.76418182,23.01,8.64,0.9,-11.3,23.33,9.62,0.9,-9.91
08267500,10,12.92314516,19.84,6.34,-8.83,-18.52,19.84,7.2,-8.83,-18.52
08267500,11,11.99876515,17.61,3.26,-11.78,-26.69,16.02,3.25,-11.78,-23.65
08267500,12,12.43383798,14.56,-0.01,-17.59,-37.01,10.54,0.62,-17.59,-28.6
08269000,1,14.45123167,13.23,-0.18,-12.37,-33.57,13.23,0.06,-10.71,-25.19
08269000,2,14.00980692,16.23,1.75,-15.79,-33.18,12.41,1.75,-17.68,-29.42
08269000,3,13.88335777,16.73,2.64,-9.24,-26.97,16.73,2.16,-8.43,-24.98
08269000,4,14.49751515,23.42,3.35,-7.42,-23.29,19.91,4.22,-2.55,-15.13
08269000,5,15.25845308,27.88,8.46,0.52,-12.49,27.88,8.46,-0.33,-10.31
08269000,6,16.91024242,29.69,9.88,8.02,-7.71,29.69,12.22,8.64,-3.3
08269000,7,15.86097507,29.21,10.57,11.64,-3.52,29.21,12.43,13.74,0.22
08269000,8,14.88142229,26.94,10.1,12.1,-4.09,26.94,10.87,12.1,-2.31
08269000,9,15.08146212,25.27,9.15,3.97,-9.17,25.86,9.27,3.97,-8.54
08269000,10,14.39891496,22.02,6.36,-6.48,-18.42,22.02,7.45,-6.48,-18.42
08269000,11,13.33367424,18.78,2.81,-9.27,-23.72,17.52,3.67,-9.27,-23.72
08269000,12,13.32657625,15.51,0.27,-14.36,-34.64,12.19,0.32,-13.85,-27.99
08271000,1,13.74337977,12.71,-0.48,-14.77,-35.78,12.71,-0.01,-12.55,-25.11
08271000,2,13.18250201,15.34,0.62,-17.06,-35.44,12.04,1.18,-18.58,-28.98
08271000,3,12.84702346,15.36,2.48,-11.16,-29.63,15.36,2.14,-9.52,-25.89
08271000,4,13.30509848,22.34,3.13,-9.56,-25.8,17.75,4.36,-5.02,-16.09
08271000,5,14.15634164,26.2,7.54,-1.08,-13.87,26.2,8.03,-2.99,-11.51
08271000,6,15.9162197,28.06,9.92,6.13,-10.09,27.94,12.06,6.81,-5.17
08271000,7,14.96986804,27.61,10.32,9.57,-6.12,27.61,12.29,11.84,-1.67
08271000,8,13.93085777,25.47,9.82,9.73,-6.7,25.47,10.59,9.73,-3.55
08271000,9,13.91256061,23.47,8.78,1.42,-10.78,23.81,9.43,1.42,-9.66
08271000,10,13.08032258,20.24,5.66,-8.15,-18.79,20.24,7.26,-8.15,-18.79
08271000,11,12.11043182,18.23,3.2,-11.29,-25.75,16.13,3.48,-11.29,-23.72
08271000,12,12.43469575,15.09,-0.03,-16.99,-36.68,10.71,0.63,-16.99,-28.7
08324000,1,13.87541789,14.76,0.86,-8.6,-24.29,13.64,0.86,-8.86,-24.29
08324000,2,13.86547064,17.13,2.22,-13.53,-28.11,14.81,2.22,-15.01,-26.56
08324000,3,14.49266129,21.24,2.85,-4.71,-21.3,21.24,3.79,-4.71,-21.3
08324000,4,15.57339394,23.98,6.15,-0.77,-17.7,23.48,6.49,0.51,-13.19
08324000,5,16.47554985,31.35,9.84,5.2,-6.67,31.35,9.84,2.36,-7.03
08324000,6,18.00928788,33.19,13.27,12.24,-3.74,33.19,13.71,12.24,-1.5
08324000,7,16.28029326,33.01,14.22,15.09,1.59,33.03,15.52,17.2,1.59
08324000,8,15.24147361,30.13,12.55,13.39,1,30.13,12.55,13.39,1
08324000,9,15.61193939,28.09,10.8,8.22,-7.52,29.1,12.82,6.43,-4.97
08324000,10,15.0742522,23.96,8.24,-3.5,-13.26,23.96,9.97,-3.5,-13.73
08324000,11,13.86863636,18.93,3.89,-5.22,-19.45,18.93,4.1,-5.22,-18.93
08324000,12,13.29154692,15.43,1.96,-11.91,-25.92,14.27,1.96,-11.28,-24.97
08340500,1,15.42521994,17.5,1.4,-5.78,-21.81,17.5,2.1,-6.2,-23.06
08340500,2,15.71887369,20.48,4.22,-9.05,-23.6,19.23,4.22,-11.98,-26.55
08340500,3,17.1525,24.57,5.22,-0.83,-18.32,24.57,5.22,-0.83,-18.32
08340500,4,18.38419697,27.5,8.11,2.64,-11.81,27.76,8.48,3.5,-9.58
08340500,5,18.91445015,34.62,12.86,8.08,-5.16,34.62,13.12,8.08,-5.48
08340500,6,20.04474242,35.99,16.19,17.23,-0.4,35.99,16.32,17.23,-0.4
08340500,7,17.71800587,36.64,17.05,21.82,4.28,36.64,17.05,22.45,4.28
08340500,8,16.8573607,34.08,16.33,19.08,4.18,34.32,16.33,19.08,4.18
08340500,9,17.66713636,31.52,13.68,12.91,-2.99,33.31,15.27,12.91,-2.99
08340500,10,17.77280792,29.13,9.98,0.09,-10.79,29.13,11.32,0.09,-14.38
08340500,11,16.58231061,21.86,4.79,-2.01,-19.37,21.86,5.87,-2.01,-19.37
08340500,12,15.26228372,17.23,3.5,-10.02,-28.52,17.23,3.5,-7.91,-22.17
08377900,1,12.08529326,16.58,0.11,-14.41,-30.52,14.53,0.56,-12.57,-23.23
08377900,2,11.92777152,18.63,3.98,-16.4,-31.81,13.11,2.46,-13.48,-30.16
08377900,3,12.18636364,16.12,4.87,-12.12,-27.89,16.71,3.31,-11.09,-23.82
08377900,4,12.75835606,22.65,6.06,-10.81,-26.02,20.47,5.42,-4.65,-14.34
08377900,5,13.20184018,25.34,10.92,-1.25,-13.72,25.34,8.69,-1.44,-10.02
08377900,6,14.57637879,28.17,12.9,3.88,-8.81,28.17,12.26,7.88,-3.67
08377900,7,13.86096774,27.21,11.05,9.19,-3.74,27.72,13.48,11.47,-0.15
08377900,8,13.0111217,27.3,9.88,7.34,-5.91,27.3,11.58,9.87,-1.5
08377900,9,12.74699242,24.25,9.22,3.88,-11.55,25.15,10.96,3.88,-7.81
08377900,10,12.08645161,20.89,6.88,-7.41,-19.63,20.89,8.29,-7.41,-19.63
08377900,11,11.45557576,18.47,4.9,-9.88,-22.57,17.37,3.61,-9.04,-21.56
08377900,12,11.35369501,16.4,1.1,-17.9,-28.24,13.08,0.58,-15.6,-27.68
08378500,1,12.14498534,16.24,-0.05,-13.74,-29.64,14.45,0.09,-12.04,-22.84
08378500,2,12.0423572,18.7,3.97,-15.75,-31.44,13.22,2.3,-13.63,-29.82
08378500,3,12.37959677,16.47,4.81,-11.33,-26.91,17.22,3.24,-10.56,-23.32
08378500,4,13.00307576,22.93,6.22,-10.05,-25.06,20.69,5.44,-4.14,-13.82
08378500,5,13.42491202,25.89,10.64,-0.49,-12.81,25.89,9.01,-0.83,-9.64
08378500,6,14.75860606,28.66,13.12,4.72,-8.1,28.66,12.58,8.7,-3.15
08378500,7,13.98372434,27.77,11.39,9.66,-3.04,28.33,13.67,12.05,0.19
08378500,8,13.1331085,27.39,10.2,8.28,-4.69,27.39,11.75,10.56,-0.9
08378500,9,12.91145455,24.75,9.49,4.36,-11.31,25.6,11.15,4.35,-7.42
08378500,10,12.27994868,21.19,6.85,-6.95,-19,21.19,8.38,-6.95,-19
08378500,11,11.60993939,18.14,4.97,-9.16,-21.69,17.59,3.48,-8.51,-20.72
08378500,12,11.45194648,16.13,0.91,-16.93,-28.08,13.06,0.54,-14.92,-27.2
08380500,1,14.48208211,17.96,1.74,-10.33,-25.98,17.96,1.74,-9.99,-22.45
08380500,2,14.42376508,20.12,4.71,-13.63,-28.12,17.14,3.93,-13.36,-31.34
08380500,3,15.01989736,20.47,4.43,-6.44,-22.14,21.07,4.2,-5.94,-22.14
08380500,4,15.6577803,25.06,6.77,-5.64,-20.44,23.74,6.12,0.66,-11.95
08380500,5,15.81941349,29.52,11.65,2.57,-9.86,29.52,11.49,2.88,-7.76
08380500,6,16.87074242,32.22,13.36,9.23,-4.04,32.22,12.9,13.31,-0.45
08380500,7,15.72425953,31.23,12.25,13.61,1.55,31.74,14.31,15.39,2.06
08380500,8,14.96317449,30.18,11.92,12.5,-0.24,30.18,13.06,15.59,1.54
08380500,9,15.24664394,28.01,11.42,5.88,-7.71,29.52,11.84,4.2,-5.36
08380500,10,15.12785924,24.54,7.36,-4.61,-17.63,24.54,10.37,-4.61,-17.63
08380500,11,14.48328788,21.05,6.12,-5.49,-19.08,21.05,4.18,-5.49,-19.08
08380500,12,13.94284091,18.23,2.39,-12.87,-28.01,17.33,2.39,-10.26,-24.37
09034900,1,10.86469208,10.51,-3.1,-22.78,-34.19,10.51,-3.1,-19.88,-31.49
09034900,2,11.62648431,8.54,-3.09,-24.84,-39.48,8.54,-0.2,-18.28,-34.53
09034900,3,12.4877346,13.86,-0.54,-17.9,-33.04,12.43,0.71,-17.9,-33.04
09034900,4,12.46183333,14.27,2.14,-15.89,-26.48,14.59,2.57,-9.42,-21.78
09034900,5,11.76799853,19.93,5.98,-5.6,-16.57,19.93,5.98,-5.3,-15.74
09034900,6,12.43249242,23.32,10.28,-1.2,-9.3,22.8,9.18,-1.2,-7.68
09034900,7,12.42583578,24.36,9.73,2.3,-5.17,23.39,9.73,2.3,-5.17
09034900,8,11.71354839,22.44,8.63,2.07,-3.81,21.99,9.01,2.07,-3.66
09034900,9,11.58455303,20.54,7.01,-2.71,-15.35,21.93,8.52,-2.71,-15.35
09034900,10,10.52299853,17.63,4.49,-10.34,-22.99,18.04,4.86,-11.86,-22.99
09034900,11,10.33381818,13.47,-0.02,-19.61,-28.84,13.28,0.6,-19.61,-28.84
09034900,12,10.25416789,8.07,-2.71,-21.98,-32.88,7.55,-2.32,-21.98,-31.16
09035800,1,11.94984604,8.1,-3.29,-20.24,-34.32,8.1,-3.29,-17.95,-31.61
09035800,2,12.75691874,8.54,-2.76,-23.56,-39.04,9.29,0.1,-16.88,-35.44
09035800,3,13.41424487,14.2,-0.14,-16.21,-32.98,14.04,0.35,-16.21,-32.98
09035800,4,13.27506061,16.04,1.74,-13.13,-25.06,16.37,1.98,-7.48,-21.51
09035800,5,13.00932551,21.71,6.06,-4.06,-14.62,21.71,6.06,-3.27,-14.42
09035800,6,14.13553788,24.81,9.78,0.39,-7.21,24.96,8.72,0.39,-6.04
09035800,7,14.05487537,26.43,9.59,2.79,-3.96,25.28,9.59,2.79,-3.96
09035800,8,13.37159824,24.26,8.75,3.24,-3.27,23.79,8.75,3.24,-3.27
09035800,9,13.26572727,22.43,7.04,-0.62,-13.83,23.9,8.3,-0.62,-13.83
09035800,10,11.94608504,18.28,3.71,-8.65,-21.26,19.35,4.66,-12.35,-21.97
09035800,11,11.33314394,13.58,0.09,-19.48,-28.52,12.82,0.31,-19.48,-28.52
09035800,12,11.27790689,8.44,-2.31,-20.41,-32.58,7.71,-1.71,-20.41,-30.27
09035900,1,11.79903226,9.09,-3.13,-20.36,-33.63,9.09,-3.13,-17.89,-30.59
09035900,2,12.56644409,8.99,-3.15,-23.32,-37.88,9.1,0.31,-16.82,-34.62
09035900,3,13.25926686,14.19,-0.19,-16.6,-32.13,13.82,0.38,-16.6,-32.13
09035900,4,13.17687121,15.74,1.74,-13.04,-24.72,16.06,1.99,-7.99,-20.59
09035900,5,12.86912023,21.84,5.83,-3.44,-14.73,21.84,5.83,-3.33,-14.68
09035900,6,14.02895455,24.63,9.99,0.57,-7.89,24.85,8.63,0.57,-6.12
09035900,7,13.93854106,25.66,9.22,3.79,-3.72,24.69,9.22,3.79,-3.72
09035900,8,13.2331085,24.22,8.71,3.77,-2.99,23.51,8.71,3.77,-2.99
09035900,9,13.12751515,22.05,6.84,-1.02,-14,23.47,7.94,-1.02,-14
09035900,10,11.81239003,18.3,4.01,-8.72,-21.37,19.21,4.72,-11.38,-22.03
09035900,11,11.26669697,13.67,-0.24,-18.05,-27.56,13.67,0.19,-18.05,-27.56
09035900,12,11.1480022,8.64,-2.2,-20.54,-32.81,8.17,-2.07,-20.35,-29.59
09047700,1,12.13890762,10.55,-2.63,-19.56,-32.1,10.55,-2.41,-16.6,-28.89
09047700,2,12.82937249,10.26,-1.9,-21.52,-35.84,10.42,1.54,-18.35,-34.03
09047700,3,13.44851173,14.6,-0.93,-16.16,-30.81,15.18,0.22,-16.16,-30.81
09047700,4,13.51628788,16.8,1.13,-12.25,-24.21,16.8,2.13,-7.92,-21.85
09047700,5,13.49548387,22.86,5.05,-2.75,-13.43,22.86,5.05,-2.75,-13.47
09047700,6,15.04980303,24.94,9.87,2.89,-7.67,25.78,9.13,2.89,-5.36
09047700,7,14.89233138,26.5,9,8.2,-2.88,26.5,9.22,8.2,-2.88
09047700,8,14.19780059,24.65,8.41,5.3,-2.92,24.49,8.5,5.3,-2.92
09047700,9,14.14087121,22.97,6.29,0.08,-12.8,24.1,7.36,0.08,-12.8
09047700,10,12.72909824,19.62,4.48,-8.42,-20.28,20.19,4.88,-10.5,-21.88
09047700,11,11.86857576,15.65,0.02,-15.2,-24.49,15.65,0.02,-15.2,-24.49
09047700,12,11.51685117,9.93,-2.1,-18.99,-32.43,9.93,-2.1,-18.99,-28.78
09065500,1,11.41045455,9.22,-3.52,-19.94,-33.2,9.52,-2.37,-18.16,-28.47
09065500,2,12.03136766,9.56,-2.57,-23.16,-36.08,9.56,0.18,-17.39,-32.83
09065500,3,12.66117302,14.78,-0.01,-16.43,-29.14,13.31,0.89,-16.43,-29.14
09065500,4,12.50687121,15.98,2.11,-10.96,-23.69,15.93,2.76,-7.45,-19.75
09065500,5,11.92832845,21.69,6.9,-3.09,-14.78,21.69,6.9,-3.09,-14.26
09065500,6,12.91549242,24.4,9.37,0.2,-9.33,24.67,10.29,0.2,-6.63
09065500,7,12.7945088,25.51,9.86,2.63,-2.29,24.48,10,2.63,-2.29
09065500,8,12.22038856,25.55,9.66,4.07,-3.5,23.37,9.76,4.07,-3.5
09065500,9,12.23295455,21.94,8.24,-1.49,-13.55,22.57,8.88,-1.49,-13.55
09065500,10,11.10832845,17.91,4.67,-8.72,-20.32,18.05,5.66,-11.38,-22.32
09065500,11,10.90359091,14.7,0.62,-17.82,-26.99,14.7,1.32,-17.82,-26.99
09065500,12,10.76488636,9.05,-2.1,-21.77,-32.75,8.79,-1.97,-21.77,-30.94
09066000,1,11.73921554,9.58,-3.35,-19.61,-32.2,9.58,-2.55,-17.89,-28.68
09066000,2,12.3808206,9.53,-2.57,-22.56,-35.36,9.92,0.2,-17.41,-32.94
09066000,3,12.98498534,14.88,-0.37,-16.29,-29.17,13.6,0.69,-16.29,-29.17
09066000,4,12.86349242,16.44,1.76,-10.57,-23.55,16.44,2.62,-7.05,-19.77
09066000,5,12.39486804,21.88,6.56,-3.29,-14.42,21.88,6.56,-3.29,-14
09066000,6,13.51182576,24.58,9.32,0.57,-9.4,25,10.2,0.57,-6.16
09066000,7,13.39860704,26.21,9.52,3.8,-2.61,25.19,9.67,3.8,-2.61
09066000,8,12.81771994,25.73,9.19,4.32,-2.93,24.09,9.46,4.32,-2.93
09066000,9,12.81296212,22.26,7.78,-1.62,-13.15,22.75,8.51,-1.62,-13.15
09066000,10,11.66466276,18.37,4.61,-8.29,-20.33,18.55,5.58,-11.67,-22.18
09066000,11,11.30343182,15,0.21,-17.86,-26.34,15,1.01,-17.86,-26.34
09066000,12,11.07494135,9.47,-2.1,-22.25,-32.91,8.92,-2.1,-22.25,-30.4
09066200,1,11.19215543,9.65,-2.94,-19.62,-34.19,9.65,-2.22,-17.88,-27.54
09066200,2,11.76751408,9.75,-2.4,-22.94,-36.95,10.19,0.35,-17.83,-32.6
09066200,3,12.34412757,15.09,0.49,-15.87,-27.86,14.47,1.12,-15.87,-27.86
09066200,4,12.23134091,16.49,2.88,-9.64,-22.46,16.49,3.47,-7.38,-18.71
09066200,5,11.69615836,22.28,8.02,-2.91,-14.24,22.28,8.02,-2.91,-14.24
09066200,6,12.63484091,24.8,9.4,-0.09,-8.54,25.24,11.21,-0.09,-6.41
09066200,7,12.51620235,26.01,10.81,2.36,-1.52,25.21,11.06,2.36,-1.52
09066200,8,12.05636364,26.13,10.53,4.31,-3.36,24.12,10.77,4.31,-3.36
09066200,9,12.11116667,23.64,9.4,-1.19,-13.12,23.64,9.66,-0.82,-13.12
09066200,10,11.02815249,18.31,4.96,-8.75,-19.69,18.31,6.06,-11.69,-22.11
09066200,11,10.7699697,15.26,1.52,-17.27,-26.6,15.26,2.12,-17.27,-26.6
09066200,12,10.6209824,9.54,-1.97,-21.49,-32.42,9.54,-1.45,-21.49,-31.05
09066300,1,11.38029326,9.49,-2.84,-18.57,-33.37,9.49,-2.2,-16.74,-26.74
09066300,2,12.00955752,9.97,-1.82,-21.72,-36.23,10.76,0.54,-17.51,-32.07
09066300,3,12.56387097,15.35,0.51,-15.04,-27.28,14.93,1.22,-15.04,-27.28
09066300,4,12.58695455,17.87,3.24,-8.42,-21.45,17.87,3.73,-6.62,-18.02
09066300,5,12.44822581,23.32,8.39,-2.01,-13.1,23.32,8.39,-2.01,-13.1
09066300,6,13.6474697,25.65,9.44,0.91,-7.19,26.48,11.55,0.91,-5.05
09066300,7,13.53889296,26.99,11.18,4.28,-1,26.5,11.34,4.28,-1
09066300,8,13.09760997,27.06,10.9,5.12,-2.43,25.44,11.09,5.12,-2.13
09066300,9,13.05381818,24.91,9.71,0.08,-11.97,24.91,9.89,0.08,-11.97
09066300,10,11.79750733,19.26,5.08,-7.73,-18.82,19.35,6.21,-11.33,-21.09
09066300,11,11.05674242,15.23,1.87,-16.37,-24.87,15.23,2.37,-16.37,-24.87
09066300,12,10.78808651,9.81,-1.34,-21.11,-32.17,9.81,-1.33,-21.11,-29.49
09081600,1,12.74255132,11.14,-0.74,-15.55,-36.1,11.14,-0.74,-14.41,-26.79
09081600,2,13.03331456,12.86,-0.11,-22.42,-41.05,12.86,0.95,-14.64,-29.32
09081600,3,13.61524927,17.99,1.92,-10.86,-29.47,17.99,2.7,-10.86,-25.58
09081600,4,13.35159091,19.57,4.51,-6.95,-24.16,19.57,5.64,-4.79,-17.59
09081600,5,13.25894428,25.86,8.8,-1.86,-12.72,25.86,8.8,-1.09,-11.81
09081600,6,14.55046212,27.11,10.76,2.05,-7.8,27.22,12.22,2.05,-4.04
09081600,7,14.57640762,28.93,12.7,9.44,-0.96,28.65,12.81,9.44,-0.8
09081600,8,13.91767595,27.21,11.41,8.1,-1.37,27.39,11.75,8.1,-0.75
09081600,9,13.53166667,25.44,10,0.49,-11.32,26.14,11.19,2.27,-10.43
09081600,10,12.49799853,21.51,7.01,-6.35,-16.54,21.51,7.73,-7.99,-20.2
09081600,11,11.90017424,17.43,3.37,-12.95,-27.35,17.43,3.37,-12.95,-24.14
09081600,12,11.92597141,11.91,-0.13,-18.39,-31.12,11.91,-0.13,-18.39,-29.04
09107000,1,15.55440616,9.91,-2.81,-22.16,-40,10.78,-2.81,-17.05,-30.2
09107000,2,16.09102977,12.01,-2.74,-25.67,-46.39,12.01,-2.74,-15.6,-33.37
09107000,3,16.34319648,15.17,-1.29,-14.78,-36.44,15.1,-0.94,-14.78,-31.05
09107000,4,14.76866667,15.58,0.27,-10.14,-30.38,15.58,0.63,-7.45,-22.8
09107000,5,13.73640029,22.56,3.59,-3.82,-19.44,22.56,4.12,-2.94,-16.88
09107000,6,15.47949242,23.37,7.4,-0.36,-11.07,24.76,8.35,-0.36,-7.07
09107000,7,15.40516129,27.05,8.97,5.75,-4.17,26.18,8.97,5.75,-2.11
09107000,8,14.6222434,23.75,7.36,3.08,-6.25,23.94,7.62,3.08,-4.61
09107000,9,14.4012803,22.66,5.82,-1.71,-14.58,22.55,6.84,-0.39,-12.73
09107000,10,13.32781525,19.36,3.75,-8.03,-20.11,19.36,4.93,-10.82,-22.83
09107000,11,13.96884848,16.38,-0.49,-18.41,-30.67,16.38,-0.32,-18.41,-27.16
09107000,12,14.5057588,10.3,-1.37,-22.08,-36.91,10.3,-1.37,-22.08,-31.59
09132500,1,13.20175953,10.07,-0.31,-13.77,-33.35,10.28,-0.31,-13.28,-26.11
09132500,2,13.41320998,14.08,0.89,-19.42,-37.58,12.86,0.9,-14.76,-28.6
09132500,3,13.9386217,19.04,2.34,-9.55,-26.29,19.04,3.24,-9.55,-24.12
09132500,4,14.05404545,21.41,5.24,-4.55,-20.52,21.41,6.42,-2.95,-15.56
09132500,5,14.31137097,28,9.29,0.59,-10.06,28,9.29,0.59,-10.06
09132500,6,15.93599242,29.03,11.16,5.9,-6.93,29.49,13.15,5.9,-2.93
09132500,7,15.76217742,30.58,13.47,11.23,-0.02,30.51,13.47,11.23,0.47
09132500,8,15.13450147,28.9,12.6,11.32,-0.61,29.26,12.78,11.32,-0.25
09132500,9,14.87862879,27.06,10.43,3.18,-10.09,28.3,11.93,3.18,-8.5
09132500,10,13.78945015,22.76,7.54,-4.4,-15.21,22.76,8.33,-6.94,-19.06
09132500,11,12.662,17.78,3.32,-10.62,-25.24,17.78,3.32,-10.62,-23.79
09132500,12,12.37170455,10.89,0.29,-15.48,-30.94,10.89,0.29,-15.18,-26.17
09210500,1,12.17590909,8.04,-0.86,-20.03,-37.58,10.97,-0.86,-20.03,-29.71
09210500,2,13.02259855,11.02,-0.56,-19.29,-39.66,11.02,0.21,-17.12,-32.1
09210500,3,13.24515396,16.07,-0.14,-9.5,-26.71,16.07,0.85,-9.5,-26.71
09210500,4,13.96806061,21.51,2.59,-4.56,-20.94,21.17,3.64,-4.37,-19.39
09210500,5,14.22468475,25.08,8.39,-0.6,-12.18,25.08,8.39,-0.1,-11.55
09210500,6,15.89558333,28.65,10.93,2.76,-7.01,28.14,12.52,2.76,-6.08
09210500,7,17.13578446,31.28,12.4,8.95,-4.31,31.28,12.4,8.95,-2.7
09210500,8,17.09547654,29.95,11.24,10.35,-5.1,29.95,12.63,10.35,-5.1
09210500,9,15.9825,26.77,9.81,-1.91,-15.42,27.59,10.72,-1.91,-12.24
09210500,10,13.65785924,22.42,4.34,-8.19,-19.26,22.42,7.48,-9.71,-24.45
09210500,11,11.83687879,15.95,2.06,-17.02,-30.63,15.79,2.06,-17.02,-30.63
09210500,12,11.65781158,8.02,-2.57,-26.45,-36.92,8.77,-0.69,-20.27,-31.47
09223000,1,11.46144428,7.99,0.19,-20.1,-36.99,11.3,0.19,-20.1,-28.68
09223000,2,12.48571199,9.95,-0.31,-18.74,-39.28,9.95,0.32,-16.72,-31.41
09223000,3,12.8561437,16.14,0.35,-9.53,-25.71,16.14,1.05,-9.53,-25.71
09223000,4,13.51906061,22.21,2.87,-4.23,-21.19,20.95,3.76,-4.23,-19.57
09223000,5,13.7855132,25.51,8.77,-1.6,-12.14,25.51,8.77,0.32,-11.24
09223000,6,15.48390152,28.41,11.56,2.41,-7.9,28.17,12.41,2.41,-5.74
09223000,7,16.73875367,31.65,12.98,8.13,-4.89,31.65,12.98,8.13,-2.17
09223000,8,16.73375367,30.4,11.95,9.86,-4.4,30.4,12.6,9.86,-4.4
09223000,9,15.56851515,26.81,10.33,-1.3,-15.18,27.55,10.33,-1.3,-11.89
09223000,10,13.11103372,22.56,5.26,-7.16,-18.26,22.56,7.6,-9.7,-23.2
09223000,11,11.19019697,16.14,2.64,-16.89,-29.73,15.34,2.64,-16.89,-29.65
09223000,12,10.92490469,9.23,-1.6,-25.96,-36.01,8.6,-0.71,-19.88,-29.46
09251000,1,12.6481085,11.35,-0.17,-18.47,-36.79,9.93,-0.17,-16.22,-30.32
09251000,2,13.17514883,11.87,0.25,-20.05,-38.13,12.47,1.74,-17.44,-34.24
09251000,3,13.67821114,19.55,2.04,-10.37,-26.59,19.55,2.82,-10.37,-26.59
09251000,4,14.53996212,23.24,5.53,-3.91,-18.71,22.97,5.53,-3.91,-18.58
09251000,5,15.2547434,29.1,8.65,-0.13,-10.05,29.1,8.72,-0.13,-10.27
09251000,6,17.03360606,31.3,11.05,5.37,-5.3,31.05,13.09,5.37,-2.24
09251000,7,17.06181085,32.43,13.52,12.62,-0.5,32.37,13.52,12.62,0.48
09251000,8,16.69568182,31.51,13.31,14.24,-0.53,31.51,13.31,14.08,-0.53
09251000,9,16.30494697,29.42,11.24,2.92,-10.48,30.18,11.61,2.92,-8.98
09251000,10,14.62504399,24.15,8.38,-5.44,-18.47,24.15,9.03,-9.63,-22.3
09251000,11,12.60368182,17.86,2.27,-13.22,-24.9,17.86,2.33,-13.22,-24.9
09251000,12,12.09662023,12.04,-1.72,-20.7,-35.02,11.39,-1.14,-18.03,-28.95
09292500,1,13.48132698,11.02,-2.96,-19.5,-32.35,11.02,-2.96,-17.07,-30.28
09292500,2,14.41916331,13.5,-3.15,-21.44,-36.38,13.5,-0.66,-16.28,-30.73
09292500,3,14.78108504,16.93,-0.56,-10.88,-24.68,16.93,0.27,-10.88,-24.68
09292500,4,14.55875,18.23,2.52,-9.74,-24.83,18.23,2.58,-5.24,-24.57
09292500,5,13.68557185,22.14,6.38,-1.51,-16.29,22.14,6.38,-1.1,-16.27
09292500,6,14.32629545,25.83,10.44,1.52,-10.59,25.83,10.13,1.72,-8.46
09292500,7,14.41116569,27,14.51,5.83,-4.79,26.97,11.1,8.23,-2.47
09292500,8,14.06690616,25.93,9.78,9.18,-4.32,26.2,10.62,9.18,-4.32
09292500,9,13.51514394,24.06,8.32,0.75,-12.97,24.69,9.03,1.16,-9.68
09292500,10,12.70846041,19.73,4.25,-8.07,-20.02,19.73,5.42,-8.86,-23.86
09292500,11,12.73188636,14.46,1.33,-15.71,-26.35,14.46,1.33,-15.71,-26.35
09292500,12,12.70790689,8.73,-3.25,-22.09,-33.74,8.4,-2.88,-17.3,-29.89
09299500,1,13.41634897,11.69,-3.67,-19.45,-30.19,11.69,-3.67,-18.28,-30.71
09299500,2,14.12061947,13.24,-1.53,-19.3,-38.25,12.76,-2.06,-16.7,-31.29
09299500,3,14.12407625,15.92,0.07,-10.99,-24.8,15.92,0.44,-10.99,-24.8
09299500,4,13.95730303,18.36,4.59,-7.23,-23.79,18.36,3.16,-5.62,-23.55
09299500,5,13.3793695,24.52,8.18,-1.44,-13.96,23.9,6.97,-1.44,-15.67
09299500,6,14.50154545,27.29,12.22,2.94,-8.81,27.29,10.37,1.81,-7.81
09299500,7,14.60968475,30.41,16.06,9.2,-6.22,28.28,12.43,9.52,-1.83
09299500,8,14.24822581,28.81,13.98,10.21,-3.25,26.42,10.73,8.46,-3.25
09299500,9,13.63904545,26.03,11.2,1.42,-12.69,25.33,9.21,1.4,-8.91
09299500,10,12.68921554,20.28,6.94,-7.12,-19.29,20.28,6.23,-10.48,-23.64
09299500,11,12.59512879,14.34,1.19,-13.49,-27.7,13.95,0.69,-13.49,-27.7
09299500,12,12.66464809,9.94,-2.72,-20.44,-34.36,9.38,-3.34,-17.14,-30.45
09306242,1,12.12987537,11.87,2.23,-16.01,-34.4,11.87,2.23,-16.01,-26.81
09306242,2,12.34491553,15.65,3.33,-22.82,-32,15.87,3.96,-16.01,-29.13
09306242,3,12.26760997,22.48,6.48,-8.9,-21.44,22.48,6.48,-8.9,-21.16
09306242,4,13.48572727,25.8,10.74,-5.61,-17.25,26.59,10.91,-5.61,-17.25
09306242,5,14.27164956,32.38,15.17,3.07,-8.02,32.38,15.17,1.97,-6.74
09306242,6,15.93224242,34.37,16.89,5.6,-4.29,34.87,18.23,5.6,-0.92
09306242,7,15.84080645,36.12,19.68,15.02,0.32,36.12,19.68,15.02,4.35
09306242,8,15.3698827,35.35,18.01,15.6,3.51,35.35,18.01,15.6,3.66
09306242,9,15.12638636,32.44,16.72,2.65,-8.97,33.01,16.72,2.65,-5.85
09306242,10,13.64762463,26.94,13.27,-8.9,-18.12,27.8,13.27,-8.9,-20.09
09306242,11,11.91718182,19.56,5.77,-9.64,-21.82,19.72,5.77,-9.64,-20.48
09306242,12,11.44982405,13.74,1.78,-21.41,-31.24,14.03,1.9,-15.41,-26.75
09312600,1,11.8098827,13.2,-0.19,-16.69,-39.66,13.2,0.02,-13.36,-26.5
09312600,2,12.57506838,12.87,0.18,-17.98,-40.1,13.25,2.39,-11.03,-28.74
09312600,3,12.68536657,19.45,4.34,-8.23,-25.78,19.45,5.46,-8.23,-22.25
09312600,4,13.11944697,21.58,7.35,-5.74,-20.59,21.58,7.35,-1.91,-17.51
09312600,5,13.39516129,27.18,11.94,-0.99,-13.58,27.18,11.94,0.48,-9.54
09312600,6,15.12827273,29.19,12.35,4.32,-8.52,29.19,14.59,4.32,-5.14
09312600,7,15.23593109,33.12,16.15,11.03,-4.32,33.12,16.15,12.06,0.31
09312600,8,14.95908358,30.41,13.91,9.8,-1.5,30.53,15.19,13.84,-1.5
09312600,9,14.30584848,27.2,11.49,1.71,-10.75,28.98,14.5,2.78,-7.35
09312600,10,12.6836217,24.48,8.76,-5.76,-16.79,24.48,9.74,-5.76,-18.76
09312600,11,11.31612879,17.8,4.05,-11.7,-26.52,17.8,4.71,-11.7,-21.5
09312600,12,11.12228372,11.15,-0.82,-20.46,-31.91,11.15,-0.14,-13.53,-24.13
09352900,1,14.43335777,14.03,-2.06,-14.69,-34.1,14.03,-1.84,-16.9,-27.96
09352900,2,14.33341915,13.26,-1.99,-17.18,-37.79,13.26,-0.62,-19.3,-29.97
09352900,3,14.25282258,17.02,-0.76,-10.12,-29.8,17.02,0.86,-10.12,-25.7
09352900,4,13.40455303,16.8,2.21,-6.56,-25.15,16.8,3.02,-6.1,-19.44
09352900,5,12.26283724,24.97,7.74,-2.31,-15.26,24.97,7.74,-4.25,-15.26
09352900,6,12.89003788,23.55,9.19,1.37,-8.49,23.28,10.19,1.37,-7.88
09352900,7,12.6488783,24.94,10.35,8.11,-5.41,24.94,10.51,8.73,-1.07
09352900,8,11.88115103,23.34,9.27,6.92,-6.36,22.78,9.58,6.92,-1.45
09352900,9,11.72999242,22.21,8.08,-0.65,-10.6,21.96,8.9,1.11,-10.6
09352900,10,11.85003666,18.17,5.56,-7.8,-19.93,18.17,6.72,-7.8,-20.66
09352900,11,12.54916667,14.96,0.73,-12.69,-26.95,14.15,1.19,-12.69,-23.53
09352900,12,13.27769795,12.73,-2.53,-18.86,-32.79,12.73,-2.42,-16.73,-29.14
09378170,1,10.60706745,11.73,2.09,-16.19,-30.21,12.45,2.09,-13.01,-23.46
09378170,2,10.56731295,15.73,2.74,-19.16,-33.43,13.93,2.63,-14.19,-24.31
09378170,3,11.04843842,19.27,4.59,-8.49,-19.74,19.27,4.51,-8.49,-18.17
09378170,4,12.27306061,22.15,7.77,-4.58,-15.24,22.62,8.16,-2.99,-12.43
09378170,5,13.20830645,29.17,12.73,2.62,-8.98,29.17,12.73,1.65,-6.6
09378170,6,14.38443939,30.53,14.76,4.7,-4.72,30.17,16.44,4.7,-2.89
09378170,7,13.84676686,32.39,18.1,14.04,0.8,32.39,18.1,14.04,3.52
09378170,8,12.96318915,29.96,16.16,11.1,3.88,29.96,16.16,11.1,3.88
09378170,9,12.28944697,27.45,12.99,3.35,-4.64,28.33,14.33,2.56,-4.17
09378170,10,11.33565982,23.6,11.9,-3.2,-11.79,23.6,11.9,-6.5,-18.33
09378170,11,10.37664394,17.66,5.33,-9.24,-24.71,17.66,5.58,-8.17,-17.98
09378170,12,10.02866569,11.37,1.4,-13.53,-27.3,11.51,1.4,-12.41,-20.44
09378630,1,10.65978006,11.84,1.98,-15.6,-28.94,12.53,1.98,-12.53,-23.43
09378630,2,10.65701529,16.28,2.99,-18.91,-32.83,14.29,2.77,-13.81,-23.94
09378630,3,11.17483871,19.65,4.65,-8.16,-19.18,19.65,4.43,-8.16,-17.68
09378630,4,12.39516667,22.4,8.09,-3.85,-14.87,22.94,8.27,-2.63,-12.27
09378630,5,13.31745601,29.44,12.87,2.99,-8.75,29.44,12.87,1.94,-6.18
09378630,6,14.47609848,31.03,15.14,5.01,-4.48,30.3,16.44,5.01,-2.74
09378630,7,13.90750733,32.92,18.46,14.33,1.39,32.92,18.46,14.33,3.92
09378630,8,13.02574047,30.24,16.42,11.36,4.16,30.24,16.42,11.36,4.16
09378630,9,12.35603788,27.81,13.56,3.52,-4.23,28.58,14.54,2.75,-4.1
09378630,10,11.42535191,23.97,12.23,-2.93,-11.24,23.97,12.23,-5.94,-18.03
09378630,11,10.45234848,17.73,5.69,-8.73,-24.23,17.73,5.69,-7.75,-18.11
09378630,12,10.07799853,11.48,1.67,-13.02,-26.96,11.65,1.67,-12.1,-20.3
09386900,1,16.00706745,17.91,0.92,-7.69,-25.48,16.07,1.53,-6.98,-27.58
09386900,2,15.66829445,19.53,2.7,-9.83,-25.9,17.06,2.7,-10.69,-28.46
09386900,3,16.49596041,22.62,2.89,-2.58,-20.97,22.62,4.12,-2.58,-20.97
09386900,4,17.81583333,26.69,6.18,-0.74,-14.12,26.69,6.18,0.55,-12.22
09386900,5,18.80879765,33.03,9.3,4.7,-7.99,33.03,11.35,6.61,-8.42
09386900,6,20.24347727,33.93,15.87,12.24,-4.19,33.85,14.85,12.24,-4.09
09386900,7,17.48127566,35.33,14.72,19.11,0.22,35.33,14.88,18.8,0.22
09386900,8,16.43658358,32.53,14.71,16.23,1.43,32.53,14.71,16.23,1.43
09386900,9,17.65887121,30.8,12.31,9.49,-5.98,30.8,12.87,9.49,-5.98
09386900,10,18.00968475,28.05,9.09,-0.18,-14.39,28.05,10.07,-1.83,-14.76
09386900,11,16.94493939,21.53,4.28,-4.87,-24.65,21.53,6.73,-4.87,-24.65
09386900,12,15.84586144,17.73,2.4,-10.58,-31.65,17.73,2.4,-8.19,-25.94
09404450,1,13.11107038,16.01,2.05,-9.47,-21.77,15.98,2.05,-7.61,-24.4
09404450,2,13.33590507,19.09,2.31,-12.36,-23.97,17.83,2.34,-6.6,-20.26
09404450,3,14.03472141,23.41,4.15,-2.68,-15.14,23.41,4.81,-2.04,-15.14
09404450,4,15.17632576,26.68,6.97,0.77,-12.94,25.12,8.52,0.77,-12.94
09404450,5,16.07346774,31.06,11.69,5.49,-6.61,31.06,11.61,6.19,-6.73
09404450,6,17.62003788,31.97,14.72,8.15,-1.54,34.41,14.94,8.15,-1.54
09404450,7,16.53791789,35.2,16.2,17.07,3.12,35.2,16.19,17.07,3.12
09404450,8,15.78730205,32.59,14.92,14.84,3.77,34.29,15.49,14.84,3.77
09404450,9,15.95587121,29.96,13.83,6.96,-2.86,32.84,16.23,10.96,-2.86
09404450,10,15.13863636,26.79,9.01,-2.24,-10.79,26.79,10.06,-2.24,-14.67
09404450,11,13.88067424,21.01,4.98,-6.9,-18.09,21.01,5.03,-6.9,-18.09
09404450,12,12.8702346,16.12,1.53,-12.54,-27.29,16.12,1.53,-8.08,-23.12
09430500,1,15.02121701,18.41,1.56,-3.95,-20.02,18.08,3.48,-3.95,-21.05
09430500,2,15.5149638,22.35,2.74,-3.23,-17.12,20.6,4.27,-8.55,-25.82
09430500,3,16.4348607,25.04,5.44,1.24,-15.55,22.65,6.94,0.03,-15.55
09430500,4,17.90957576,27.8,8.45,1.59,-9.73,27.8,8.94,3.98,-9.73
09430500,5,18.37991935,32.81,12.04,7.96,-5.07,32.81,12.45,7.96,-5.16
09430500,6,18.83280303,35.83,16.65,16.03,-1.22,35.83,16.95,16.03,1.08
09430500,7,15.53817449,34.53,15.71,19.21,5.06,34.53,17.59,19.21,6.2
09430500,8,14.4991129,32.75,14.5,17.76,5.66,32.75,15.76,17.76,6.31
09430500,9,15.55897727,30.53,12.93,13.79,-0.4,31.05,13.66,14.36,1.03
09430500,10,16.35766129,27.22,9.93,1.24,-10.04,27.22,12.09,1.24,-9.77
09430500,11,15.86727273,22.21,5.72,-1.28,-16.1,21.72,6.88,-1.28,-16.1
09430500,12,14.83406158,19.37,2.21,-6.2,-22.93,17.52,4.54,-6.2,-16.39
09430600,1,13.28266129,16.73,1.44,-5.21,-22.51,16.09,3.04,-6.58,-20.82
09430600,2,13.73173773,20.66,2.47,-6.25,-18.8,18.52,3.75,-9.92,-25.31
09430600,3,14.59106305,24.27,6.07,-0.41,-16.33,20.77,6.6,-4.1,-14.68
09430600,4,16.16821212,26.88,8.59,-1.05,-10.85,26.38,8.59,1.66,-10.78
09430600,5,16.88483138,31.84,12.25,4,-7.08,31.84,12.25,4,-7.08
09430600,6,17.38612879,34,16.5,12.73,-3.89,33.91,16.5,12.73,1.24
09430600,7,14.38300587,34.78,15.09,15.49,3.97,34.78,15.94,15.49,6.13
09430600,8,13.38865103,31.71,14.01,15,4.96,31.71,14.95,15,4.96
09430600,9,14.09314394,29.44,13.22,11.38,-1.02,29.33,12.82,12.44,-0.34
09430600,10,14.39285924,25.77,10.14,-2.01,-12.54,25.14,11.78,-2.01,-11.25
09430600,11,13.83728788,21,6.11,-4.79,-16.58,20.24,7.24,-4.79,-16.58
09430600,12,13.02041056,19.05,1.92,-10.27,-21.45,15.87,4.08,-10.27,-17.96
09431500,1,15.3651393,19.27,2.68,-3.36,-17.29,19.27,4.58,-3.36,-19.19
09431500,2,15.95753017,23.26,3.79,-2,-15.64,21.99,4.97,-6.84,-24
09431500,3,16.92912023,26.37,6.27,3.56,-14.11,24.04,7.69,1.65,-14.11
09431500,4,18.33969697,29.54,9.55,2.71,-8.6,29.54,9.55,5.78,-8.6
09431500,5,18.75996334,34.4,13.68,10.14,-4,34.4,13.76,10.14,-4
09431500,6,19.07956061,37.35,18.26,17.34,0.74,37.35,18.33,17.34,2.55
09431500,7,15.74119501,35.95,17.09,20.32,6.5,35.95,18.42,20.32,7.43
09431500,8,14.76409824,34.12,16.18,19.47,7.2,34.12,16.8,19.47,7.47
09431500,9,15.84259091,32.04,14.66,15.08,1.06,32.47,14.9,15.6,2.41
09431500,10,16.70744135,28.86,11.09,3.15,-8.36,28.86,13.14,3.15,-8.36
09431500,11,16.23525758,23.17,6.92,0.46,-14.7,22.79,7.8,0.46,-14.7
09431500,12,15.08971408,20.03,3.33,-4.63,-20.56,18.75,4.88,-4.63,-15.07
09442692,1,15.62479472,17.03,0.4,-5.96,-24.74,16.69,1.48,-6.49,-27.44
09442692,2,15.83250201,20.07,2.04,-7.37,-23.14,18.77,2.05,-9.69,-24.12
09442692,3,17.00211877,22.9,4.64,0.06,-18.48,21.91,5.22,-1.53,-18.48
09442692,4,18.58731818,26.93,7.02,-0.79,-13.33,26.93,10.7,1.5,-11.26
09442692,5,19.29585044,31.78,10.5,4.46,-7.54,31.78,13.63,4.46,-8.76
09442692,6,20.26493939,34.2,14.43,13.45,-4.31,34.2,14.65,13.45,-2.85
09442692,7,16.64225806,34.51,14.26,18.28,1.14,34.51,19.31,18.28,3.06
09442692,8,15.52346041,31.65,12.97,16.36,1.14,31.65,13.91,16.36,4.32
09442692,9,16.69270455,29.09,12.36,13.42,-3.98,29.15,14.78,14.1,-2.22
09442692,10,17.4757478,25.72,9.12,-0.49,-13.54,25.72,11.32,-1.43,-12.66
09442692,11,16.7559697,21.38,5.08,-5.29,-20.61,21.38,5.98,-5.29,-20.61
09442692,12,15.6183761,17.84,1.11,-8.7,-28.2,17.17,3.22,-8.7,-20.87
09444500,1,15.2554912,18.15,2.33,-3.75,-19.71,18.15,3.41,-3.42,-21.79
09444500,2,15.62983105,21.24,3.17,-4.3,-19.08,20.42,3.4,-6.76,-23.22
09444500,3,16.48624633,23.93,5.12,2.33,-14.74,23.28,6.24,-0.31,-14.74
09444500,4,17.90603788,28.46,8.13,2.45,-10.53,28.46,9.4,2.59,-10.53
09444500,5,18.56675953,33.12,11.3,6.96,-5.13,33.12,12.51,6.96,-5.13
09444500,6,19.26068939,35.46,15.67,14.03,-1.84,35.46,16.36,14.03,0.29
09444500,7,15.89968475,35.76,15.46,19.84,3.6,35.76,16.99,18.68,5.08
09444500,8,14.89732405,32.45,14.43,17.91,4.94,32.81,15.46,17.91,6.05
09444500,9,15.91872727,30.34,13.2,13.94,-0.6,31.05,13.68,15.9,0.49
09444500,10,16.63195748,27.4,10.31,1.12,-9.71,27.4,11.8,1.12,-9.52
09444500,11,15.98191667,22.22,6.33,-2.02,-16.58,22.22,7.03,-2.02,-16.58
09444500,12,15.01848974,18.9,2.86,-6.42,-23.62,17.85,3.85,-6.42,-17.19
09447800,1,14.44168622,22.2,6.48,-1.08,-13.11,22.2,6.48,0.01,-12.67
09447800,2,15.06967015,25.01,7.79,0.06,-13.59,24.62,7.79,-2.61,-17.12
09447800,3,16.05129765,28.35,10.39,5.02,-8.27,28.09,10.39,3.58,-8.27
09447800,4,17.41593182,32.87,14.51,6.86,-5.39,32.87,14.51,6.86,-4.59
09447800,5,17.77288123,38.07,18.98,11.2,-0.88,38.07,19.06,11.2,0.13
09447800,6,17.94291667,40.33,23.02,18.33,4.92,40.33,23.56,18.33,5.34
09447800,7,15.12008798,40.41,23.38,21.78,9.7,40.41,23.49,21.78,11.14
09447800,8,14.44793988,37.57,21.69,20.98,10.3,38.67,22.1,21.05,10.3
09447800,9,15.27042424,36.14,19.34,16.75,4.49,36.27,20.46,17.82,6.39
09447800,10,16.02887097,32.83,17.96,7.82,-4.63,32.83,18.21,6.55,-4.63
09447800,11,15.28999242,26.58,15.26,3.59,-10.11,27.1,15.26,3.15,-10.11
09447800,12,14.12718842,21.26,6.67,-1.56,-16.17,21.26,9.41,-1.56,-10.85
09480000,1,15.28876833,25.02,8.63,0.76,-11.56,25.02,8.9,0.76,-11.32
09480000,2,15.85934031,27.62,9.67,3.78,-11.43,27.9,10.85,-0.44,-14.08
09480000,3,16.83256598,30.39,12.38,5.26,-6.53,28.95,12.38,4.01,-6.32
09480000,4,17.92109848,33.74,14.12,6.76,-5.03,33.74,14.12,8.88,-5.03
09480000,5,18.30317449,37.71,19.08,13.36,0.69,37.71,19.08,13.36,0.69
09480000,6,18.21234848,40.26,24.21,20.44,2.84,40.32,24.21,20.44,2.84
09480000,7,14.45313783,39.55,21.64,21.44,10.97,39.55,22.67,21.44,10.97
09480000,8,13.79884164,36.65,21.66,20.77,8.64,36.97,21.66,21,8.64
09480000,9,14.95203788,35.12,18.96,18.87,5.23,34.97,19.43,19.42,6.25
09480000,10,16.16091642,32.31,16.2,10.42,-3.55,33.81,16.65,10.42,-5.31
09480000,11,15.97759091,28.33,14.46,6.42,-7.68,28.92,14.46,6.42,-7.68
09480000,12,15.00152859,26.29,8.96,1.88,-13.61,26.29,9.57,1.54,-8.39
09484000,1,12.30945015,23.1,9.18,-4.12,-13.5,23.1,9.18,-1.09,-11.35
09484000,2,12.85998391,24.88,10.31,0.09,-13.78,26.3,9.7,-1.83,-15.63
09484000,3,13.85558651,29,13.43,2.48,-6.63,29,13.43,2.48,-6.25
09484000,4,14.91895455,31.93,17.63,3.65,-4.63,32.79,16.07,3.65,-4.63
09484000,5,15.5722654,36.39,20.68,9.33,0.82,36.39,20.68,9.33,0.82
09484000,6,15.40068182,39.02,27.22,15.94,5.67,40.45,26.51,15.94,5.67
09484000,7,12.86075513,39,25.17,21.03,11.5,39,24.95,21.03,13.41
09484000,8,12.3272654,37.64,24.85,18.83,11.3,37.82,24.85,20.15,11.56
09484000,9,12.80319697,34.47,23.16,16.95,5.15,35.89,22.87,18.85,7.49
09484000,10,13.54997801,32.96,18.98,7.75,-3.96,33.41,18.63,7.64,-3.96
09484000,11,12.94522727,27.65,13.08,2.05,-8.45,28.41,15.28,2.05,-8.1
09484000,12,12.2001173,24.73,9.59,-1.85,-13.93,24.77,11.72,-0.88,-10.08
09484600,1,15.48423754,26.35,10.42,1.78,-10.1,26.35,10.42,1.91,-11.33
09484600,2,15.93897023,28.95,10.38,3.72,-9.53,28.95,10.44,-1.35,-13.39
09484600,3,16.87968475,31.85,12.58,6.37,-6.68,31.06,12.82,6.27,-6.68
09484600,4,18.02066667,35.19,15.38,9.43,-3.3,34.78,16.18,9.43,-3.3
09484600,5,18.50013196,39.18,19.35,14.45,0.44,39.18,19.36,14.45,1.63
09484600,6,18.33718939,41.97,25.42,22.23,5.5,42.05,25.42,22.23,5.5
09484600,7,14.63938416,40.99,23.6,24.38,12.58,40.99,24.32,24.38,12.58
09484600,8,14.0342522,38.83,23.16,22.38,11.54,38.91,23.16,23,12.79
09484600,9,15.25200758,36.88,20.44,20.83,7.59,37.91,20.93,19.76,7.59
09484600,10,16.53167889,34.49,17.13,11.26,-3.02,35.42,17.3,11.26,-3.46
09484600,11,16.36372727,29.75,15.11,6.31,-6.81,30.24,15.11,6.31,-6.81
09484600,12,15.30087243,25.53,9.66,1.79,-10.49,25.53,11.51,3.77,-8.68
09492400,1,14.6897654,16.3,1.29,-7.78,-24.22,16.3,1.83,-7.59,-25.27
09492400,2,14.60981496,16.56,3.14,-10.6,-25.81,16.56,3.14,-12.36,-23.09
09492400,3,14.53192082,20.86,3.07,-4.77,-18.63,20.86,4.3,-2.94,-17.84
09492400,4,15.36137879,24.16,6.25,-3.49,-19.17,24.16,7.36,-3.49,-14.11
09492400,5,16.35922287,29.22,9.12,0,-7.49,29.22,10.83,2.42,-6.42
09492400,6,17.69172727,30.88,12.92,7.45,-6.16,30.88,13.44,7.45,-4.68
09492400,7,14.8231305,32.98,12.95,16.12,0.5,32.98,13.28,16.06,1.2
09492400,8,13.86823314,28.73,12.8,12.47,1.26,28.88,13.18,12.47,1.26
09492400,9,14.51500758,27.41,11.59,7.86,-3.4,28.32,11.59,11.46,-2.71
09492400,10,15.10980205,24.41,9.87,-1.62,-12.04,24.41,9.87,-1.62,-11.58
09492400,11,14.3740303,19.95,5.11,-5.23,-19.51,20.49,7.63,-5.23,-19.51
09492400,12,14.14910924,16.92,3.02,-10.1,-26.5,16.92,3.02,-10.1,-23.44
09494000,1,14.74918622,18.65,2.89,-5.43,-20.21,18.65,3.38,-4.79,-23.69
09494000,2,15.01076428,20.13,3.92,-6.12,-20.38,19.66,3.92,-9.76,-21.39
09494000,3,15.48438416,23.76,4.46,-1.1,-16.63,23.76,5.71,-1.1,-16.63
09494000,4,16.75760606,27.56,7.87,0.17,-13.9,27.56,9.12,0.17,-10.51
09494000,5,17.66302053,32.26,11.57,5.94,-5.34,32.26,12.57,6.71,-4.57
09494000,6,18.73898485,34.26,15.97,11.92,-1.73,34.39,15.78,11.92,-1.73
09494000,7,15.65517595,35.37,15.57,19.58,4.16,35.37,15.89,18.16,4.16
09494000,8,14.76285924,32.34,15.2,15.58,4.83,32.92,15.52,15.58,5.19
09494000,9,15.67082576,31.13,13.9,11.48,-0.22,31.44,13.9,15.8,-1.4
09494000,10,16.27307185,27.44,10.88,1.62,-9.84,27.44,11.01,0.05,-9.84
09494000,11,15.37320455,22.44,6.57,-2.98,-16.32,23.07,8.21,-2.98,-16.32
09494000,12,14.48201613,18.67,4.35,-7.4,-25.22,18.67,4.35,-7.4,-19.36
09497500,1,14.70352639,19.61,3.98,-3.97,-17.97,19.61,4.63,-2.54,-21.04
09497500,2,15.18872084,21.96,4.97,-3.96,-17.18,21.74,4.97,-7.54,-19.78
09497500,3,15.94907625,25.54,6.09,1,-14.22,25.54,6.6,1,-14.22
09497500,4,17.30041667,29.6,9.92,2.36,-10.19,29.6,10.38,2.36,-7.87
09497500,5,18.02694282,34.46,13.49,9.52,-3.55,34.46,14.13,9.52,-2.7
09497500,6,18.89344697,36.58,18.48,14.27,0.52,36.59,17.85,14.27,0.52
09497500,7,15.83898094,37.21,17.81,21.69,6.46,37.21,17.97,20.36,6.46
09497500,8,15.01615836,34.58,17.03,17.76,7.36,35.17,17.03,17.76,7.75
09497500,9,15.95469697,33.03,15.94,13.98,1.8,33.35,15.94,17.82,0.87
09497500,10,16.5276393,29.12,12.64,3.52,-7.56,29.15,12.85,2.29,-8.13
09497500,11,15.64293182,23.57,7.95,-0.24,-14.4,24.1,9.29,-0.24,-14.4
09497500,12,14.48458944,19.24,5.23,-5.28,-22.65,19.24,5.23,-5.28,-16.51
09497800,1,14.08659091,20.59,5.31,-2.83,-17.2,20.59,5.47,-2.9,-20.29
09497800,2,14.69106195,23.24,5.91,-3.37,-16.29,22.49,5.91,-7.7,-18.57
09497800,3,15.5902346,26.47,6.68,0.01,-13.27,26.47,7.49,0.01,-13.27
09497800,4,17.0954697,30.46,10.22,1.55,-8.71,30.46,11.01,1.55,-8.62
09497800,5,17.92926686,35.52,15.18,8.64,-3.67,35.52,15.9,8.64,-2.24
09497800,6,18.864,37.28,20.34,15.53,0.41,37.47,19.56,15.53,0.41
09497800,7,15.88087243,38.07,18.93,22.66,6.52,38.07,20.27,21.83,6.52
09497800,8,15.1451393,35.5,18.99,18.27,8.16,36.74,19.36,18.27,8.92
09497800,9,16.10587879,34.79,16.69,14.31,2.23,35.02,16.99,18.66,1.69
09497800,10,16.42763196,30.25,13.48,4.87,-6.53,30.37,13.85,3.36,-7.81
09497800,11,15.3437803,24.88,8.09,-0.33,-11.77,25.27,10.21,-0.33,-11.77
09497800,12,13.87988636,20.78,5.27,-5.69,-20.39,20.78,5.68,-5.02,-16.47
09497980,1,13.47184018,20.54,6.14,-2,-14.69,20.54,6.14,-1.69,-17.07
09497980,2,14.10802896,23.48,7.07,-2.82,-14.9,22.37,7.07,-6.24,-16.09
09497980,3,15.01216276,26.81,8.06,0.22,-10.63,26.81,8.06,0.22,-10.63
09497980,4,16.40548485,30.45,10.9,1.9,-6.95,30.45,11.97,1.9,-6.77
09497980,5,17.22542522,35.87,16.17,9.04,-2.67,35.87,16.58,9.04,-0.99
09497980,6,18.20067424,38.1,20.48,15.9,0.98,37.86,20.07,15.9,0.98
09497980,7,15.53172287,38.91,20.24,22.35,7.19,38.91,20.61,22.35,8.07
09497980,8,14.82665689,36.77,20.27,18.73,9.19,36.77,19.11,18.73,9.54
09497980,9,15.58843182,35.06,17.57,14.32,3.48,35.19,17.57,19.38,2.97
09497980,10,15.65445748,30.85,14.55,5.81,-5.95,30.85,14.55,5.81,-5.95
09497980,11,14.59295455,24.8,9.52,1.73,-9.61,25.22,11.67,1.73,-9.61
09497980,12,13.19929252,20.98,5.22,-4.03,-17.11,20.98,6.64,-4.03,-15
09505200,1,13.76427419,18.41,4.7,-2.36,-18.61,18.41,4.7,-3.53,-19.51
09505200,2,14.21831054,22.28,6.69,-4.8,-21.67,19.87,6.69,-6.22,-16.29
09505200,3,14.88840909,25.87,5.69,-0.57,-15.2,25.87,6.01,-0.57,-13.1
09505200,4,16.21811364,27.69,8.96,0.58,-8.93,27.8,9.13,0.58,-8.82
09505200,5,17.20391496,33.35,13.5,6.58,-4.75,33.35,14.64,6.58,-3.18
09505200,6,18.68156061,35.88,18,12,-1.12,36.62,19.31,12,-1.12
09505200,7,16.17068182,36.7,18,19.97,4.81,36.7,18.84,20.71,4.81
09505200,8,15.31877566,35.06,18.27,14.27,6.38,35.87,18.27,14.27,6.52
09505200,9,15.95818939,33.07,15.25,9.68,0.21,34.32,15.25,15.78,1.14
09505200,10,16.02252933,28.81,12.38,3.14,-8.64,29.36,12.86,3.14,-8.64
09505200,11,14.79146212,24.53,7.56,-1.36,-14,24.53,8.41,-1.36,-12.21
09505200,12,13.50712977,18.71,4.19,-6.08,-22.49,18.71,4.53,-4.43,-17.64
09505350,1,14.29170821,18.91,4.72,-2.27,-18.74,18.91,4.8,-2.78,-19.72
09505350,2,14.73548673,22.99,7.12,-4.43,-22.14,20.61,7.12,-6.06,-15.67
09505350,3,15.3991129,26.11,6.67,-0.04,-15.26,26.11,6.67,-0.04,-13.62
09505350,4,16.76112879,28.36,9.59,0.87,-8.63,28.58,9.59,0.87,-8.63
09505350,5,17.81923754,33.65,13.8,7.2,-4.26,33.65,14.3,7.2,-2.72
09505350,6,19.39733333,36.56,18.18,12.5,-0.8,37.37,19.27,12.5,-0.8
09505350,7,16.73377566,37.55,18.24,20.21,4.89,37.55,18.84,20.72,4.89
09505350,8,15.86977273,35.46,18.67,14.55,6.06,36.66,18.67,14.55,6.11
09505350,9,16.63312879,33.5,16.03,9.94,-0.11,35.26,16.03,15.92,0.97
09505350,10,16.72569648,29.56,12.27,3.63,-8.06,30.15,13.21,3.63,-8.06
09505350,11,15.42948485,25.1,7.55,-0.9,-14.37,25.1,8.89,-0.9,-12.46
09505350,12,14.06608871,19.17,4.98,-6.19,-23.2,19.17,4.98,-4.14,-16.95
09505800,1,13.46752199,18.47,5.11,-2.33,-17.32,18.47,5.11,-3.4,-18.43
09505800,2,13.94375704,22.34,6.99,-4.56,-20.41,20.23,6.99,-6.04,-16.24
09505800,3,14.65278592,25.91,5.9,-0.32,-13.96,25.91,6.19,-0.32,-12.22
09505800,4,15.98563636,28.07,9.26,0.83,-8.69,28.07,9.93,0.83,-7.96
09505800,5,16.88783724,33.87,13.58,6.85,-4.39,33.87,15.22,6.85,-2.23
09505800,6,18.24266667,35.96,18.48,12.34,-0.72,36.86,19.45,12.34,-0.72
09505800,7,15.84440616,37.17,18.21,20.29,5.64,37.17,19.27,20.83,5.64
09505800,8,15.01071114,35.18,18.07,14.59,7.15,36.05,18.07,14.59,8.17
09505800,9,15.56981061,33.35,15.67,10.18,0.94,34.43,15.7,16.19,1.79
09505800,10,15.64108504,29.09,12.96,3.44,-8.06,29.63,13.04,3.44,-8.06
09505800,11,14.48784091,24.68,8.28,-1.2,-12.76,24.68,8.6,-1.2,-11.42
09505800,12,13.17536657,18.99,4.14,-5.54,-21.41,18.99,5.01,-4.35,-16.9
09508300,1,13.54424487,24.28,9.73,2.38,-9.78,24.28,9.73,1.96,-10.91
09508300,2,14.22559131,27.1,10.69,0.5,-11.43,25.05,10.69,1.28,-11.28
09508300,3,15.21096041,30.69,12.08,4.77,-6.48,30.69,12.08,4.77,-6.48
09508300,4,16.70437121,33.44,13.59,6.26,-3.36,33.44,15.44,6.26,-2.47
09508300,5,17.41918622,38.52,19.46,11.86,0.46,38.52,19.46,11.86,2.43
09508300,6,18.35963636,42.16,24.13,19.08,3.66,42.11,24.12,19.08,3.66
09508300,7,15.92884897,43.5,23.97,25.54,10.69,43.5,23.97,25.77,10.69
09508300,8,15.24535924,40.24,24.78,20.71,12.82,40.24,24.78,20.71,12.93
09508300,9,15.67967424,38.58,21.49,15.79,5.21,39.16,21.49,22.18,6.7
09508300,10,15.67718475,34.34,18.34,9.61,-2.74,35.07,18.34,9.61,-2.74
09508300,11,14.70149242,28.86,13.35,4.82,-6.93,29.26,14.43,4.82,-6.93
09508300,12,13.15417522,22.45,7.41,0,-13.36,22.45,10.46,0,-9.17
09510200,1,13.236261,24.83,10.49,3.59,-8.98,24.83,10.49,3.12,-8.94
09510200,2,13.89218825,28.05,11.41,1.65,-8.99,25.86,11.41,2.76,-9.17
09510200,3,14.83098974,31.36,13.91,7.64,-4.69,31.36,13.91,7.64,-3.88
09510200,4,16.20050758,34.48,15.69,8.07,-1.36,34.39,17.09,8.07,-1.12
09510200,5,16.78354839,38.75,21.52,14,1.96,38.75,21.52,14,3.54
09510200,6,17.5862197,43.53,24.91,21.34,5.5,42.95,24.94,21.34,5.5
09510200,7,15.10980205,44.45,26.72,27.32,12.59,44.45,26.72,27.32,12.59
09510200,8,14.48007331,41.29,25.35,23.08,14.39,41.29,25.35,23.08,14.51
09510200,9,14.93909848,39.12,23.08,18.09,7.46,39.78,23.73,24.26,8.82
09510200,10,14.96563783,34.89,19.89,11.76,-1.24,35.53,19.89,11.76,-1.24
09510200,11,14.15875758,29.19,15.05,6.52,-5.5,30.16,17,6.52,-5.5
09510200,12,12.94596408,23.53,8.82,1.74,-10.47,23.53,11.96,1.74,-7.85
09512280,1,12.32739003,25.14,10.85,3.35,-8.15,25.14,10.85,2.76,-8.2
09512280,2,12.90470636,27.9,11.99,1.61,-9.94,25.87,11.99,3.08,-8.05
09512280,3,13.82379765,32.58,15.6,6.09,-4.79,32.58,15.6,6.09,-2.81
09512280,4,15.19740909,34.04,16.67,7.77,-2.14,34.05,18.18,7.77,-0.83
09512280,5,15.72563783,39.06,22.62,12.71,2.43,38.43,22.62,12.71,3.9
09512280,6,16.37498485,43.53,25.53,19.94,6.13,43.03,27.03,19.94,6.13
09512280,7,14.47274194,44.83,27.94,26.7,12.98,44.83,27.94,26.7,13.15
09512280,8,13.95145161,40.86,26.05,22.64,13.99,41,26.2,22.64,14.47
09512280,9,14.18877273,39.01,23.78,16.4,6.52,39.92,24.53,23.08,9.8
09512280,10,14.10379765,34.91,21.09,11.26,0.17,36.03,21.09,11.26,0.17
09512280,11,13.28624242,30.38,15.48,6.15,-5.12,30.54,17.29,6.15,-4.87
09512280,12,12.0954912,24.16,9.7,0.92,-11.23,24.16,13.13,1.25,-6.1
09513780,1,12.76144428,26.15,11.4,4.5,-6.75,26.15,11.4,3.64,-7.36
09513780,2,13.28086082,29.11,12.65,2.31,-8.58,26.93,12.65,3.67,-7.76
09513780,3,14.21120235,33.11,15.75,6.88,-3.84,33.11,15.75,6.88,-2.63
09513780,4,15.61807576,34.82,16.68,8.41,-1.14,35.12,18.45,8.41,-0.02
09513780,5,16.18881965,39.92,22.84,13.76,3.51,39.31,22.84,13.76,4.65
09513780,6,16.84412879,44.58,26.29,20.32,6.62,44,28.17,20.32,6.62
09513780,7,14.76228006,45.95,28.72,27.93,13.39,45.95,28.72,27.93,13.39
09513780,8,14.22358504,42.14,26.94,23.17,15.05,42.29,26.94,23.17,15.05
09513780,9,14.53412879,39.97,24.61,17.39,7.31,41.07,24.94,23.96,10.43
09513780,10,14.54552786,35.87,21.55,12.07,0.59,36.87,21.55,12.07,0.59
09513780,11,13.77032576,31.25,16.72,6.65,-4.12,31.25,17.76,6.65,-4.12
09513780,12,12.49045821,24.8,9.81,2.28,-9.87,24.8,13.17,2.38,-5.39
10023000,1,11.14324047,9.46,1.53,-19.63,-40.95,10.26,1.53,-19.63,-30.07
10023000,2,11.98547868,11.97,0.7,-20.22,-40.56,12.2,1.92,-12.67,-28.39
10023000,3,12.4132478,18.88,3.06,-6.98,-24.6,18.88,3.06,-6.98,-24.11
10023000,4,13.7632803,22.52,5.01,-4.39,-18.32,22.52,6.1,-3.03,-15.78
10023000,5,14.32550587,28.37,11.47,-1.09,-12.18,28.37,11.47,1.03,-11.09
10023000,6,15.93793939,30.06,12.68,4.86,-7.1,30.35,14.16,4.86,-4.64
10023000,7,16.97128299,33.46,15.16,10.25,-4.25,33.46,15.16,10.25,0.23
10023000,8,17.10074047,33.43,14.3,11.29,-3.8,32.7,14.71,11.29,-3.17
10023000,9,16.49043939,29.38,12.14,0.06,-12.28,30.12,12.48,0.06,-9.19
10023000,10,14.51815982,25.49,6.71,-6.76,-17.79,25.49,9.01,-7.68,-22.14
10023000,11,11.79239394,17.5,4.99,-13.21,-27.66,17.7,4.99,-13.21,-26.76
10023000,12,10.78693548,12.84,-0.06,-22.98,-35.5,12.76,-0.06,-16.79,-28.45
10166430,1,10.24087243,12.39,2.53,-12.71,-24.95,12.39,2.53,-12.04,-24.18
10166430,2,11.37899437,15.91,3.3,-15.44,-28.01,15.91,4.26,-7.51,-21.17
10166430,3,12.11172287,21.35,6.39,-5.29,-19.79,21.35,8.3,-4.31,-17.87
10166430,4,13.00322727,25.21,9.05,-3.18,-15.15,23.67,10.11,-3.16,-13.68
10166430,5,13.20138563,29.27,14.38,0.47,-8.85,29.21,13.98,1.63,-8.5
10166430,6,14.82634848,36.93,19.01,6.13,-4.6,33.25,17.04,4.85,-3.51
10166430,7,15.31887097,36.6,19.54,9.39,2.01,36.6,18.57,9.39,2.01
10166430,8,14.81909824,36.65,18.04,14.27,1.65,36.38,17.3,14.27,1.65
10166430,9,14.0035,32.6,15.64,0.45,-5.65,32.04,15.89,1,-4.98
10166430,10,12.46500733,26.45,11.13,-4.73,-13.53,26.45,11.13,-4.73,-16.6
10166430,11,10.66822727,19.74,6.69,-9.25,-20.97,19.74,7.74,-9.25,-20.97
10166430,12,9.748570381,16.16,2.83,-16.99,-27.9,13.6,3.62,-13.75,-22.78
10172700,1,11.64196481,13.15,3.43,-11.96,-28.94,14.76,3.43,-13.27,-27.83
10172700,2,11.69375704,17.86,4.01,-14.27,-30.54,14.87,5.04,-8.75,-22.44
10172700,3,12.00494135,21.83,7.81,-5.7,-18.73,21.83,9.76,-5.7,-17.04
10172700,4,13.35416667,25.41,12.1,-2.21,-12.77,25.75,10.63,-2.21,-12.77
10172700,5,14.356261,32.74,16.36,1.7,-10.49,31.25,16.36,3.94,-7.24
10172700,6,16.33556818,34.66,17.67,7.07,-5.64,34.48,17.17,7.07,-2.44
10172700,7,16.53241935,36.9,19.15,12.62,-0.02,36.9,20.86,12.62,-0.02
10172700,8,16.08191349,35.37,18.92,14.96,1.14,34.64,18.92,17.01,1.14
10172700,9,15.44505303,31.72,16.48,1.08,-6.91,33.17,15.38,2.69,-5.63
10172700,10,13.79855572,28.92,11.27,-3.55,-13.98,28.92,11.93,-3.55,-14.44
10172700,11,12.07412879,20,7.48,-8.92,-22.79,20,8.45,-8.92,-22.79
10172700,12,11.26159091,17.13,2.87,-19.42,-31.57,15.41,3.6,-12.28,-25.35
10172800,1,9.072639296,12.25,3.79,-13.47,-26.31,12.4,3.79,-13.74,-23.4
10172800,2,10.02987128,14.4,3.53,-15.02,-26.78,13.8,5.6,-9.92,-21.97
10172800,3,10.42008065,19.01,7.88,-7.96,-17.89,18.23,10.55,-7.96,-17.82
10172800,4,10.86401515,25.23,12.37,-6.9,-17,21.17,11.37,-4.98,-13.97
10172800,5,10.94734604,32.72,18.13,-3.95,-13.1,26.86,14.74,-1,-9
10172800,6,12.10730303,35.51,21.84,3.38,-9.49,30.31,16.8,3.38,-5.09
10172800,7,12.41916422,37.51,21.95,6.27,-1.76,33.19,19.09,6.27,-1.76
10172800,8,11.96767595,36.83,21.96,7.87,1.18,32.1,19.62,11.25,1.81
10172800,9,11.13839394,32.85,18.94,-2.72,-9.27,28.39,16.55,-0.93,-5.13
10172800,10,9.720146628,24.24,12.34,-5.53,-14.26,23.64,12.34,-5.53,-18.29
10172800,11,8.74644697,21.07,7.61,-13.25,-21.09,16.45,9.74,-13.25,-21.09
10172800,12,8.648596041,17.75,4.66,-20.7,-30.02,11.89,3.53,-16.16,-24.19
10173450,1,12.24616569,12.61,0.39,-14.25,-25.42,12.61,0.39,-12.67,-26.86
10173450,2,12.32055511,15.53,0.64,-16.02,-27.9,15.02,1.67,-10.96,-23.9
10173450,3,12.6807478,19.72,2.4,-7.29,-19.28,19.72,3.08,-5.8,-19.28
10173450,4,13.43200758,23.75,6.16,-4.14,-16.13,20.95,6.9,-4.14,-16.13
10173450,5,14.00239003,27.22,9.87,0.91,-10.55,27.22,9.1,0.83,-9.43
10173450,6,15.36271212,27.94,12.92,5.29,-3.78,29.24,12.42,5.29,-3.78
10173450,7,14.59225806,30.84,14.11,12.92,-0.11,30.84,13.59,13.79,-0.11
10173450,8,13.9421261,28.8,13.1,13.53,0.67,29.49,13.1,12.6,0.67
10173450,9,14.14775758,26.1,10.33,3.1,-5.55,28.39,10.92,5.89,-5.55
10173450,10,13.44646628,22.99,6.68,-6.07,-14.06,22.99,8.55,-6.07,-17.45
10173450,11,12.44520455,18.29,2.18,-8.47,-22.43,18.29,2.33,-8.47,-22.43
10173450,12,11.94437683,14.12,0.36,-16.56,-30.11,14.12,0.36,-12.49,-25.57
10205030,1,11.82061584,14.01,0.35,-16.08,-29.54,14.01,0.48,-13.84,-26.08
10205030,2,12.33959775,17.31,1.7,-14.74,-30.84,15.41,3,-10.3,-26.64
10205030,3,12.42959677,19.67,4.08,-9.2,-22.54,19.67,4.22,-9.2,-20.96
10205030,4,12.73493182,21.61,6.35,-5.14,-19.69,21.61,7.11,-2.8,-15.21
10205030,5,12.97938416,27.31,12.29,-2.05,-12.42,27.31,12.29,0.64,-10.1
10205030,6,14.63808333,29.19,12.62,3.91,-5.9,29.19,13.79,5.74,-4.82
10205030,7,14.32022727,31.45,14.95,10.72,-2.44,31.45,14.95,11.97,0.65
10205030,8,13.8536217,29.39,13.92,12.19,-0.24,29.54,13.92,14.45,-0.24
10205030,9,13.52918939,27.3,11.5,2.3,-8.26,28.28,12.19,3.35,-5.64
10205030,10,12.23952346,23.44,9.29,-6.04,-15.48,23.44,9.29,-6.04,-18.43
10205030,11,11.56955303,16.62,4.04,-10.8,-22.13,16.28,4.04,-10.8,-21.24
10205030,12,11.54245235,12.23,0.78,-19.45,-29.41,12.23,0.78,-13.15,-23.23
10234500,1,13.09189883,14.67,0.75,-13.16,-28.79,13.18,0.75,-15.37,-27.05
10234500,2,13.43028962,17,1.11,-13.77,-31.22,15.14,1.85,-10.37,-25.93
10234500,3,13.93105572,20.06,3.88,-6.74,-21.1,20.06,4.69,-5.71,-21
10234500,4,14.76342424,23.3,7.94,-3.46,-17.2,22.49,5.95,-1.71,-16.24
10234500,5,15.23763196,28.67,11.15,1.32,-11.15,28.67,9.99,1.57,-9.73
10234500,6,16.68920455,30.89,13.47,5.73,-8.26,29.96,13.68,5.73,-4.01
10234500,7,15.89110704,33.72,15.12,14.1,-4.19,33.16,14.72,14.1,-0.7
10234500,8,15.29244868,32.25,14.31,14.76,-1.6,32.25,14.02,14.71,0.39
10234500,9,15.3030303,28.26,12.06,3.09,-10.73,29.35,11.48,4.81,-6.54
10234500,10,14.56772727,25.23,9.24,-5.29,-15.11,23.89,9.24,-5.29,-17.63
10234500,11,13.36742424,17.6,4.15,-11.32,-25.64,17.97,4.15,-11.32,-23.22
10234500,12,12.77236804,14.97,0.97,-18.12,-31.61,12.38,0.97,-13.12,-24.37
10242000,1,11.30740469,12.62,0.73,-14.42,-24.92,12.4,0.73,-13.28,-25.83
10242000,2,11.50510056,15.88,1.87,-16.32,-27.37,14.95,2.03,-10.79,-23.36
10242000,3,11.98659091,20.59,3.03,-8.02,-18.48,20.59,4.02,-6.49,-18.48
10242000,4,12.65375,24,7.05,-3.94,-16.4,21.16,7.75,-3.94,-16.4
10242000,5,13.11454545,27.23,10.75,0.65,-10.72,27.14,10.78,0.31,-9.44
10242000,6,14.23151515,27.77,14.5,5.18,-3.62,29.39,13.79,5.18,-3.62
10242000,7,13.59131965,30.91,15.74,13.01,0.63,30.91,15.13,13.13,0.63
10242000,8,13.01376833,28.92,13.65,12.99,2.13,29.67,14.79,13.64,2.13
10242000,9,13.12617424,26.28,11.56,2.98,-4.96,28.45,13.08,4.94,-4.96
10242000,10,12.51884164,22.79,8.05,-6.24,-14.1,22.79,9.36,-6.24,-17.24
10242000,11,11.59465909,18.52,3.49,-8.58,-21.25,18.52,4.31,-8.58,-21.25
10242000,12,11.08829545,14.34,1.22,-17.1,-30.38,14.34,1.22,-12.31,-23.84
10244950,1,11.62497067,13.13,1,-13.16,-30.34,13.13,1,-15.9,-26.11
10244950,2,11.62371681,15.12,2.44,-20.94,-34.93,15.12,2.42,-11.82,-22.22
10244950,3,11.50513196,18.88,5.76,-9.96,-21.8,18.88,4.07,-7.36,-19.33
10244950,4,12.17162121,21.1,8.41,-8.16,-17.72,19.69,6.32,-5.55,-16.71
10244950,5,12.74844575,26.58,10.26,-1.84,-11.03,25.95,11.98,-0.93,-10.86
10244950,6,14.14346212,29.46,15.57,2.02,-7.71,28.68,14.36,2.02,-7.43
10244950,7,14.06642229,31.66,17.16,10.47,-2.88,31.66,15.13,10.47,-2.88
10244950,8,13.70304985,30.41,15.96,10.84,-2.52,30.41,14.65,11.02,-0.25
10244950,9,13.38176515,27.64,13.75,-0.85,-9.17,27.8,12.88,0.93,-7.89
10244950,10,12.22964076,23.46,9.47,-7.39,-17.23,22.78,9.47,-7.39,-17.17
10244950,11,11.21224242,19.82,4.53,-10.85,-25.58,16.69,4.5,-10.85,-23.79
10244950,12,11.19752199,15.19,0.86,-21.68,-35.32,13.57,0.67,-13.39,-25.02
10249300,1,11.00489003,16.04,2.01,-15.53,-30.42,14.66,2.37,-15.41,-22.43
10249300,2,10.49456959,17.79,3.61,-15.98,-31.61,14.7,5.28,-12.95,-20.85
10249300,3,10.6666129,19.88,4.96,-8.82,-23.45,19.88,6.07,-6.63,-16.8
10249300,4,11.85678788,24.19,8.99,-6.03,-18.93,21.07,10.18,-6.03,-12.87
10249300,5,12.03650293,28.65,14.52,-1.81,-14.42,25.47,14.52,-0.22,-10.25
10249300,6,13.44808333,34.43,15.56,0.65,-10.92,29.13,18.2,0.65,-7.29
10249300,7,13.4396261,32.97,18.1,10.51,-4.39,29.74,18.17,10.61,-1.18
10249300,8,13.19030059,32.37,16.37,9.13,-7.36,29.26,17.94,9.13,-0.19
10249300,9,12.85476515,29.89,14.68,-3.85,-9.76,27.3,16.07,1.15,-5.03
10249300,10,11.91532258,26.37,9.93,-6.65,-19.28,22.86,11.7,-6.65,-14.18
10249300,11,10.88189394,20.98,5.52,-12.33,-25.97,18.04,5.9,-12.33,-20.09
10249300,12,10.77515029,16.37,2.1,-13.72,-34,13.47,3.82,-13.72,-24.42
10258000,1,12.79157625,24.57,9.52,-1.26,-11.23,24.57,11.74,1.23,-11.23
10258000,2,13.1833387,25.32,9.69,-1.34,-12.35,24.75,10.95,0.54,-9.29
10258000,3,14.12245601,28.23,10.33,1.23,-9.37,28.23,10.51,1.23,-9.37
10258000,4,15.32646212,30.65,13.56,2.8,-7.31,30.65,13.56,2.8,-5.88
10258000,5,16.15115836,34.95,16.75,7.74,-1.47,34.95,16.02,5.42,-1.39
10258000,6,17.2455303,37.21,20.15,8.88,0.36,38.53,20.66,8.88,0.36
10258000,7,16.14939883,38.64,23.77,22.47,3.94,38.64,23.77,20.65,5.93
10258000,8,16.01005865,37.42,20.68,20.02,4.86,37.42,22.28,20.91,5.17
10258000,9,16.14115909,35.65,19.56,10.42,-0.1,39.82,21.74,15.01,1.86
10258000,10,15.53412023,32.41,15.86,6.9,-3.45,34.56,18.48,6.9,-2.46
10258000,11,14.19937879,27.35,12.75,1.58,-8.99,27.35,14.04,2.81,-8.7
10258000,12,12.8071261,23.67,8.89,-2.56,-12.95,23.67,10.1,1.17,-8.46
10258500,1,12.94802786,25.99,9.76,2.57,-10.15,25.99,11.6,3.43,-10.15
10258500,2,13.36549477,27.71,10.58,1.6,-10.31,25.97,12.26,3.07,-6.6
10258500,3,14.16403226,30.63,12.57,3.16,-6.08,30.63,13.02,3.16,-6.08
10258500,4,15.30315152,32.98,15.39,5.3,-3.96,32.98,15.39,5.3,-3.76
10258500,5,16.08256598,37.16,19.06,10.56,0.81,36.8,17.79,8.43,1.04
10258500,6,17.17420455,39.43,22.22,12.48,3.18,40.45,22.65,12.48,3.23
10258500,7,16.07156891,41.01,24.35,25.12,6.77,41.01,24.35,23.15,8.7
10258500,8,15.85209677,39.45,22.8,21.87,7.66,39.45,24.54,23.03,7.66
10258500,9,16.00737879,38.33,21.72,13.53,2.38,41.18,23.2,17.61,4.25
10258500,10,15.45831378,34.3,17.26,9.82,-0.54,35.86,19.49,9.82,-0.54
10258500,11,14.23953788,28.7,13.73,4.83,-6.4,28.7,14.76,4.77,-6.4
10258500,12,12.93427053,24.56,9.07,1.01,-11.09,24.56,10.68,3.22,-7.09
10259000,1,13.25489003,27.02,10.24,2.43,-9.44,27.02,11.91,3.98,-9.44
10259000,2,13.63278359,28,10.26,1.92,-10.02,26.77,12.25,4.41,-6.52
10259000,3,14.47721408,30.84,12.06,3.61,-6,30.84,12.8,3.61,-6
10259000,4,15.64231061,33.63,14.78,6.38,-4.28,33.63,14.78,6.38,-3.38
10259000,5,16.3603739,37.33,18.87,11.59,1.22,37.32,18.24,9.25,1.22
10259000,6,17.54660606,39.77,21.98,13.07,3.46,41.05,22.38,13.07,3.61
10259000,7,16.48576246,41.33,24.46,25.22,7.09,41.33,24.46,23.12,9.18
10259000,8,16.30445748,40.24,23.11,21.77,8.07,40.24,24.48,23.41,8.24
10259000,9,16.39287879,38.61,22.22,14.25,2.85,41.83,23.86,18.24,5.13
10259000,10,15.80277126,35.1,17.68,10.15,-0.36,36.52,19.7,10.15,-0.22
10259000,11,14.61270455,29.34,13.42,4.55,-6.18,29.34,15.06,5.52,-6.18
10259000,12,13.25263563,24.92,10.19,1.61,-10.24,24.92,10.42,3.86,-6.65
10259200,1,12.83340909,24.77,9.47,1.89,-10.77,24.77,10.41,2.63,-10.77
10259200,2,13.26133548,27.11,10.51,0.79,-10.67,25.22,11.23,1.9,-6.72
10259200,3,13.99650293,30.4,12.78,2.72,-6.49,30.4,12.79,2.72,-6.49
10259200,4,15.02875758,32.06,15.65,4.38,-4.11,32.06,15.65,4.38,-3.76
10259200,5,15.81445748,36.72,18.93,9.75,0.27,36.58,17.88,8.04,0.48
10259200,6,16.70287121,39.38,22.05,11.89,1.94,40.06,23.19,11.89,1.94
10259200,7,15.48561584,40.59,24.18,24.61,6.31,40.59,24.49,23.2,8.32
10259200,8,15.26315249,38.96,22.65,21.92,7.22,39.26,24.46,22.36,7.22
10259200,9,15.58528788,37.78,21.38,13.1,1.76,40.76,22.64,16.99,3.33
10259200,10,15.20828446,33.43,16.34,9.72,-1.2,35.11,19.19,9.72,-1.2
10259200,11,14.0224697,27.93,13.84,4.91,-6.42,27.93,13.84,4.23,-6.42
10259200,12,12.8169868,23.76,8.1,0.48,-12.2,23.76,10.91,2.25,-7.71
10263500,1,10.07716276,21.15,8.7,-1.8,-14,23.06,9.01,-1.8,-14
10263500,2,10.38433628,22.72,12.19,-1.9,-11.04,23.52,11.56,-1.52,-9.55
10263500,3,11.22192082,26.03,13.4,-1.81,-8.86,26.03,13.4,-1.04,-8.8
10263500,4,12.38101515,29.77,15.14,0.28,-7.67,28.66,14.96,0.28,-8
10263500,5,13.14697947,33.93,18.11,3.76,-5.35,33.15,18.11,3.76,-3.15
10263500,6,13.9077197,37.28,22.71,6.61,-2.39,37.28,22.86,6.61,-1.26
10263500,7,13.13065249,38.63,24.44,15.94,4.71,38.14,24.44,16,6.48
10263500,8,13.09129032,37.96,24.61,15.93,2.15,37.96,24.61,18.18,3.74
10263500,9,12.80517424,35.25,22.34,5.93,0.32,35.23,24.19,10.85,1.7
10263500,10,12.01064516,32.67,20.11,3.03,-4.36,32.67,20.11,3.03,-3.56
10263500,11,10.80287121,26.5,15.56,-0.94,-8.41,26.5,15.56,-1.11,-8.41
10263500,12,9.9075,23.09,9.89,-5.25,-13.34,23.09,10.36,-2.69,-10.6
10296000,1,11.71351906,14.64,2.4,-14.91,-25.46,14.64,2.4,-14.91,-25.42
10296000,2,12.0015527,15.56,1.43,-16.58,-28.7,15.7,2.7,-10.04,-20.87
10296000,3,12.42425953,17.81,1.69,-7.02,-20.36,17.81,3.42,-6.23,-19.57
10296000,4,13.02434848,19.43,4.17,-5.58,-18.71,19.58,5.13,-5.58,-18.71
10296000,5,13.32504399,25,8.18,-1.33,-13.5,24.06,8.37,-1.33,-13.29
10296000,6,14.42002273,27.46,11.08,1.81,-9.31,26.49,11.63,2.05,-8.88
10296000,7,15.03859238,29.59,12.8,9.11,-5.84,29.59,12.8,12.01,-4.09
10296000,8,14.88503666,30.37,12.42,9.87,-3.93,27.4,12.52,9.87,-2.95
10296000,9,14.38719697,26.11,10.36,1.68,-7.52,27.4,12.2,2.69,-6.8
10296000,10,13.44602639,23.97,7.79,-5.58,-15.83,23.97,7.89,-5.58,-14.18
10296000,11,11.83666667,18.32,4.81,-10.56,-22.66,18.32,4.81,-10.56,-18.84
10296000,12,11.20773827,14.3,2.16,-14.76,-26.28,14.3,2.16,-12.94,-22.96
10296500,1,12.06215543,13.97,2.93,-13.96,-25.58,13.97,2.93,-13.96,-25.17
10296500,2,12.39974256,15.77,1.4,-16,-28.68,16.08,3.08,-9.1,-20.49
10296500,3,12.82417155,18.61,1.87,-5.84,-19.24,18.61,3.68,-5.17,-19.24
10296500,4,13.46906818,20.19,4.36,-4.69,-17.65,20.69,5.38,-4.69,-17.65
10296500,5,13.82355572,25.74,8.55,-0.28,-12.54,24.94,8.73,-0.28,-12.54
10296500,6,15.00561364,28.38,11.53,3.06,-8.5,27.53,12.11,3.07,-8.14
10296500,7,15.70865836,30.62,13.14,10.44,-4.93,30.62,13.14,13.12,-3.56
10296500,8,15.58092375,30.96,12.87,11.1,-2.94,28.23,12.87,11.1,-2.3
10296500,9,15.09061364,27.03,10.47,2.95,-7.18,28.44,12.47,3.86,-6.24
10296500,10,14.10879032,24.63,8.08,-4.73,-14.7,24.63,8.08,-4.73,-13.4
10296500,11,12.37056061,18.83,4.62,-9.61,-21.17,18.83,4.62,-9.61,-19.04
10296500,12,11.59202713,14.3,2.3,-14,-26.18,14.3,2.3,-11.99,-22.86
10301500,1,12.73620235,17.27,5.01,-9.9,-23.02,17.27,5.01,-9.9,-22.06
10301500,2,13.39061142,18.1,2.55,-12.95,-26.94,18.14,3.56,-4.41,-17.41
10301500,3,14.08315982,22.42,4.24,-0.9,-14.54,22.42,5.82,-0.9,-14.54
10301500,4,14.94619697,24.28,7.05,0.11,-11.29,25.05,7.2,0.11,-11.39
10301500,5,15.38825513,29.71,11.5,4.73,-8.36,29.71,11.5,5.07,-8.36
10301500,6,16.78665909,32.71,14.14,7.1,-3.87,32.78,15.67,7.1,-3.56
10301500,7,17.63276393,35.79,16.68,14.97,0.11,35.79,16.68,17.9,0.11
10301500,8,17.63254399,34.18,15.45,15.56,1.32,33.01,15.67,15.56,1.32
10301500,9,17.11927273,31.12,12.3,8.38,-4.29,32.96,14.47,7.94,-4.06
10301500,10,15.92582845,27.84,10.62,1.08,-9.97,27.84,10.62,1.08,-10.75
10301500,11,13.76409091,20.91,5.56,-5.34,-17.66,20.91,5.26,-5.34,-17.66
10301500,12,12.44870235,15.95,2.88,-12.71,-25.79,15.95,2.88,-7.06,-21.15
10309000,1,11.72748534,15.59,4.49,-12.07,-23.58,15.59,4.49,-12.07,-22.96
10309000,2,12.29375704,16.81,2.24,-14.05,-27,17.32,5.09,-6.93,-18.16
10309000,3,12.75647361,20.71,3.03,-3.46,-17.55,20.71,5.66,-3.27,-17.55
10309000,4,13.57353788,22.07,6.22,-2.62,-14.81,22.42,6.84,-2.62,-14.81
10309000,5,14.00923021,26.96,9.08,1.51,-10.9,26.46,9.37,1.51,-10.9
10309000,6,15.24285606,29.77,11.94,4.82,-5.6,29.03,13.11,4.82,-5.6
10309000,7,16.01494868,32.65,14.9,12.21,-1.63,32.65,14.9,14.96,-1.63
10309000,8,15.86288123,32.68,14.45,12.63,-0.65,29.98,14.45,12.63,-0.65
10309000,9,15.268,28.95,12.02,4.93,-6.06,30.09,13.75,5.46,-4.53
10309000,10,14.13878299,25.76,9.79,-2.04,-11.9,25.76,9.79,-2.04,-10.68
10309000,11,12.22467424,19.62,5.97,-6.78,-17.77,19.62,5.97,-6.78,-17.77
10309000,12,11.35017962,15.24,3.12,-12.22,-25.8,15.24,3.12,-9.29,-21.71
10310500,1,11.83552053,17.03,7.17,-9.32,-23.18,17.03,7.17,-9.32,-23.18
10310500,2,12.47106999,17.96,3.34,-11.64,-26.09,18.15,5.76,-4.02,-17.2
10310500,3,13.03286657,22.12,4.93,-2.27,-15.88,22.12,7.77,-2.27,-15.88
10310500,4,14.07269697,25.37,8.11,-0.28,-11.37,24.44,8.11,-0.28,-11.37
10310500,5,14.74796188,29.22,11.18,5.28,-8.32,29.12,10.67,4.11,-8.32
10310500,6,16.26259848,32.61,13.75,6.32,-3.45,32.27,14.54,6.32,-3.45
10310500,7,17.36633431,35.74,17.27,12.73,0.26,35.74,17.27,16.79,0.26
10310500,8,17.38254399,34.03,16.21,14.44,1.96,33.41,16.21,14.44,2.26
10310500,9,16.66328788,32.21,13.51,6.93,-4.47,32.66,14.73,7.17,-4.47
10310500,10,15.15662023,28.34,11.49,-0.3,-8.86,28.34,11.49,-0.3,-9.7
10310500,11,12.64129545,20.02,7.94,-4.78,-18.01,20.55,7.94,-4.78,-18.01
10310500,12,11.27461877,16.11,5.1,-10.98,-25.69,16.11,5.1,-7.26,-20.02
10312000,1,12.05872434,17.06,5.76,-9.39,-22.37,17.06,5.76,-9.39,-20.88
10312000,2,12.78208367,18.25,2.33,-12.44,-26.52,17.96,4.52,-3.76,-16.29
10312000,3,13.43416422,22.53,4.84,-1.14,-14.57,22.53,6.44,-1.14,-14.57
10312000,4,14.35887879,24.82,7.06,0.95,-11.04,24.7,7.58,0.95,-11.04
10312000,5,14.84992669,29.47,11.7,4.96,-8.19,29.47,11.7,4.9,-8.19
10312000,6,16.19762879,32.5,14.62,7.4,-3.41,32.34,15.62,7.4,-2.77
10312000,7,17.0743915,35.68,17.36,14.28,0.58,35.68,17.36,18.06,0.58
10312000,8,17.03553519,34.44,16.12,14.95,1.52,32.78,16.31,14.95,1.52
10312000,9,16.46233333,31.5,12.59,7.85,-3.65,32.83,15.14,8.03,-3.33
10312000,10,15.18673021,27.78,11.47,1.11,-9.37,27.78,11.47,1.11,-9.65
10312000,11,12.98912121,20.55,6.05,-4.42,-16.93,20.55,6.05,-4.42,-16.93
10312000,12,11.74956745,16.01,3.46,-11.9,-25.45,16.01,3.46,-6.9,-20.62
10316500,1,10.59142229,12.4,2.82,-14.17,-25.74,12.97,2.82,-14.17,-24.97
10316500,2,10.40663717,14.95,2.61,-14.01,-28.51,14.64,4.97,-12.88,-21.93
10316500,3,10.24239736,18.99,3.77,-9.3,-20.8,18.99,5.25,-8.96,-20.07
10316500,4,10.47261364,20.13,7.63,-6.92,-17.61,20.13,7.41,-6.82,-17.61
10316500,5,10.46774194,24.98,11.36,-2.81,-11.29,24.98,11.36,-2.43,-11.29
10316500,6,11.99690909,27.64,13.14,0.33,-7.22,27.37,16.45,-0.08,-7.22
10316500,7,12.81760997,30.1,16.9,7.77,-3.86,30.1,16.91,7.77,-0.34
10316500,8,12.93626833,29.47,15.97,8.29,-0.77,29.47,15.62,8.29,-0.77
10316500,9,12.51332576,27.55,12.47,-2.4,-8.98,27.89,12.47,-0.59,-6.36
10316500,10,10.99316716,22.63,8.99,-8.99,-16.45,22.63,9.93,-8.99,-16.62
10316500,11,10.09487121,17.3,5.23,-13.62,-22.95,16.33,5.23,-13.62,-22.95
10316500,12,10.42839076,13.69,2.8,-20.88,-33.48,13.69,2.8,-14.69,-24.88
10329500,1,10.30559384,13.58,5.51,-10.45,-22.92,15.38,5.51,-10.45,-21.38
10329500,2,10.93258246,18.47,3.24,-11.78,-29.15,17.07,4.85,-5.14,-18.86
10329500,3,11.90073314,22.34,6.5,-1.9,-14.67,22.34,7.66,-1.9,-14.67
10329500,4,13.42505303,27.17,9.7,-0.53,-11.68,27.06,11.28,-0.53,-11.32
10329500,5,14.32363636,31.41,12.43,4.37,-7.65,31.41,13.61,4.37,-7.65
10329500,6,16.10294697,34.02,17.57,7.01,-4.07,36.39,18.67,6.92,-4.07
10329500,7,17.52968475,37.85,18.87,13.87,-1.15,38.12,18.87,16.7,0.22
10329500,8,17.51721408,35.38,17.98,10.48,-2.74,35.18,18.32,10.48,-2.74
10329500,9,16.85769697,32.95,15.13,5.92,-8.14,34.23,15.55,4.54,-4.4
10329500,10,14.76843109,30.44,11.8,-0.86,-15.5,30.44,11.8,-0.86,-15.5
10329500,11,11.42380303,20.05,7.14,-7.75,-19.28,20.15,7.14,-7.75,-19.28
10329500,12,10.29197214,13.46,4.38,-17.76,-32.16,12.99,4.38,-10.94,-23.14
10336645,1,10.30507331,14.38,5.38,-9.86,-21.02,14.41,5.38,-9.86,-18.29
10336645,2,10.77588898,15.93,2.57,-9.55,-24.78,15.93,5.01,-5.94,-17.37
10336645,3,11.05458211,18.87,3.63,-4.48,-16.05,18.87,4.71,-3.84,-14.68
10336645,4,12.04111364,22.09,5.51,-3.66,-14.57,20.62,5.8,-3.66,-14.57
10336645,5,12.75456745,25.86,9.22,0.97,-10.18,25.86,9.22,0.19,-10.18
10336645,6,13.97444697,28.81,13.34,3.11,-4.61,27.99,13.97,3.11,-3.92
10336645,7,14.91991202,31.96,15.39,9.25,-1.33,31.96,15.44,13.82,-0.65
10336645,8,14.82298387,32.64,14.77,11.28,-0.09,29.93,14.83,11.28,-0.09
10336645,9,14.06042424,29.67,13.19,2.57,-4.73,29.65,14.29,3.28,-4.73
10336645,10,12.61653959,25.76,10.53,-1.51,-9.77,25.76,10.53,-1.51,-8.15
10336645,11,10.52693939,19.59,6.15,-4.15,-15.89,19.59,6.15,-4.6,-14.93
10336645,12,9.808522727,14.51,3.84,-10.51,-21.86,14.51,3.84,-9.28,-18.5
10336660,1,9.971693548,14.86,5.59,-10.52,-20.46,14.55,5.59,-10.52,-18.22
10336660,2,10.41368463,16.5,2.76,-9.35,-24.9,16.5,4.81,-6.4,-16.88
10336660,3,10.64268328,18.82,4.13,-4.97,-15.77,18.82,4.68,-4.14,-14
10336660,4,11.60906061,21.84,5.65,-4,-14.73,20.48,5.81,-4,-14.73
10336660,5,12.20019062,25.53,9.29,0.08,-9.94,25.53,9.37,-0.16,-9.94
10336660,6,13.26912121,28.55,13.65,2.36,-4.85,27.8,14.43,2.36,-3.97
10336660,7,14.11278592,31.73,15.42,9.18,-1.35,31.73,15.78,12.79,-0.34
10336660,8,14.02637097,32.2,15.07,10.64,0.26,29.59,15.32,10.64,0.26
10336660,9,13.37960606,29.74,12.84,1.75,-4.66,29.48,14.94,2.62,-4.66
10336660,10,12.02259531,26.08,11.17,-1.59,-9.52,26.08,11.17,-1.59,-8.16
10336660,11,10.06570455,20.38,6.65,-4.54,-15.59,19.48,6.65,-5.09,-14.59
10336660,12,9.451843842,14.64,4.07,-10.27,-22.13,14.09,4.07,-9.44,-18.18
10336740,1,10.86953812,13.08,4.63,-12.5,-21.83,13.21,4.63,-12.5,-21.83
10336740,2,11.30118262,16.38,2.01,-12.73,-25.95,16.38,3.83,-6.61,-18.68
10336740,3,11.66691349,19.21,2.68,-4.73,-17.45,19.21,6.31,-4.73,-17.45
10336740,4,12.39535606,20.7,5.61,-3.53,-13.97,20.54,5.61,-3.53,-13.97
10336740,5,12.83008798,25.52,9.8,1.52,-10.91,25.3,9.21,0.61,-10.91
10336740,6,13.98234848,28.76,12.59,3.44,-5.56,27.89,12.92,3.44,-5.56
10336740,7,14.87068182,31.86,15.22,9.49,-1.45,31.86,15.22,13.25,-1.45
10336740,8,14.77498534,31.38,13.58,10.51,-0.65,29.25,14.74,10.51,-0.65
10336740,9,14.08259091,29.21,11.99,2.52,-6.1,29.03,12.77,3.22,-6.1
10336740,10,12.78444282,24.77,9.17,-2.17,-10.22,24.77,9.17,-2.17,-9.83
10336740,11,10.9314697,18.74,6.56,-7.44,-16.78,18.74,6.56,-7.44,-16.78
10336740,12,10.30274927,13.71,3.35,-11.72,-24.5,13.71,3.35,-10.44,-19.58
10343500,1,11.62673021,15.57,4.56,-11.02,-23.48,15.57,4.56,-11.02,-22.43
10343500,2,12.12884956,20.39,1.4,-10.83,-29.89,20.39,4.07,-5.39,-19.71
10343500,3,12.20921554,21.38,1.93,-5.08,-18.71,21.38,4.55,-4.04,-16.53
10343500,4,13.14997727,24.16,4.28,-2.53,-14.81,21.71,5.41,-2.53,-14.81
10343500,5,13.86107038,26.79,8.19,0.23,-11.82,26.79,8.34,0.23,-10.13
10343500,6,15.52583333,29.25,11.51,2.77,-6.66,29.29,13.58,2.77,-5.16
10343500,7,17.08840909,33.69,14.26,9.97,-2.87,33.69,14.26,13.11,-1.11
10343500,8,17.16854839,33.77,13.93,11.13,-1.84,31.14,14.05,11.13,-1.43
10343500,9,16.32790152,30.56,11.62,1,-6.29,30.82,12.99,3.17,-5.62
10343500,10,14.45004399,28.13,8.69,-2.81,-11.58,28.13,8.69,-2.81,-10.77
10343500,11,11.81540909,21.74,5.72,-4.5,-17.77,20.97,5.72,-5.26,-17.42
10343500,12,10.92333211,14.54,3.48,-10.88,-27.03,14.35,3.48,-7.49,-21.6
10348850,1,10.76277859,14.42,5.41,-12.18,-22.03,14.42,5.41,-12.18,-22.03
10348850,2,11.16223652,17.65,2.32,-12.8,-26.58,17.65,4.83,-6.35,-18.07
10348850,3,11.63244868,20.6,3.83,-4.35,-16.17,20.6,6.51,-3.99,-16.17
10348850,4,12.38825,22.08,7.16,-2.5,-13.38,21.11,7.16,-2.5,-13.38
10348850,5,12.82035191,26.23,10.97,1.91,-10.42,25.96,10.97,1.57,-9.19
10348850,6,13.88854545,30.34,13.72,4.21,-5.73,29.53,14.42,4.21,-5.11
10348850,7,14.7328739,33.95,17.11,9.86,-1.34,33.95,17.11,13.74,-0.34
10348850,8,14.67818182,31.33,15.49,10.13,-0.04,30.67,15.78,10.13,-0.04
10348850,9,14.10943182,29.97,13.38,3.24,-6.18,30.02,14.77,3.63,-6.18
10348850,10,12.76686217,26.05,11.47,-2.47,-10.19,26.05,11.47,-2.47,-10.19
10348850,11,10.99221212,18.82,6.84,-5.99,-17,18.61,6.84,-6.51,-17
10348850,12,10.19519062,14.22,3.62,-12.9,-25.61,14.22,3.67,-9.67,-20.21
10396000,1,9.592082111,13.38,5.59,-9.09,-22.68,15.63,5.59,-8.22,-19.79
10396000,2,10.50612228,18.23,5.25,-12.27,-26.99,18.23,6.55,-6.64,-19.55
10396000,3,11.59268328,23.61,6.87,-3.18,-14.97,23.61,6.87,-2.09,-14.97
10396000,4,13.02063636,25.37,8.78,-0.07,-10.03,26.67,10.08,-0.07,-10.03
10396000,5,13.83082845,30.87,13.78,2.7,-7.57,31.32,13.79,3.47,-7.57
10396000,6,15.38245455,33.29,17.85,6.17,-3.85,34.64,19.11,6.17,-3.85
10396000,7,17.16007331,38.44,19.61,12.49,-2.27,38.44,19.61,14.96,1.7
10396000,8,17.22018328,35.98,17.32,10.51,-2.1,36.78,19.47,10.51,-2.1
10396000,9,16.28946212,33.95,18.29,5.17,-5.68,35.54,19.18,4.79,-5.61
10396000,10,13.96401026,31.18,12.65,-1.49,-16.24,31.18,12.65,-1.49,-16.24
10396000,11,10.60004545,19.62,9.47,-5.63,-20.05,21.09,9.47,-5.63,-20.05
10396000,12,9.493497067,13.49,4.65,-19.11,-30.94,13.49,5.2,-12.25,-24.16
11025500,1,12.90202346,26.77,11.79,5.11,-8.61,26.77,12.07,5.11,-8.61
11025500,2,13.0594288,27.71,10.35,4,-7.78,27.42,11.58,4.36,-5.11
11025500,3,13.52748534,31.04,10.45,4.31,-3.49,30.84,11.76,4.31,-3.49
11025500,4,14.71177273,33.69,12.77,6.23,-2.36,32.73,14.45,6.23,-2.36
11025500,5,15.13695015,37.27,17.49,9.98,1.42,35.57,15.8,9.03,1.42
11025500,6,16.74551515,39.14,20.18,12.73,2.54,39.96,20.67,12.73,3.31
11025500,7,16.6506305,41.93,23.35,22.06,7.07,41.93,23.35,22.62,8.81
11025500,8,16.65101906,40.18,21.24,22.09,7.74,39.38,23.22,22.09,7.74
11025500,9,16.43613636,39.39,21.47,13.88,3.09,41.08,22.28,16.69,4.78
11025500,10,15.54535924,35.63,16.5,11.28,0.3,36.01,18.16,11.28,0.3
11025500,11,14.34409848,30.86,14.08,7.21,-5.1,30.86,15.74,5.47,-5.1
11025500,12,13.01670455,26.79,9.86,3.1,-6.51,26.79,12.13,4.89,-5.14
11098000,1,10.40723607,27.29,14.55,4.88,-4.77,27.29,14.55,4.88,-4
11098000,2,10.65523733,27.59,12.9,5.18,-6.09,27.42,14.13,5.18,-2.87
11098000,3,11.09528592,29.99,14.93,3.79,-2.46,29.99,15.89,3.79,-2.46
11098000,4,11.89939394,34.02,16.95,6.28,-2.2,32.77,16.95,6.28,-1.86
11098000,5,11.76507331,36.3,20.35,9.3,1.34,33.89,20.35,8.23,2.44
11098000,6,12.43887879,36.54,22.35,10.93,3.82,38.64,23.9,10.93,3.82
11098000,7,12.56629765,39.56,25.2,19.16,9.04,40.01,26.07,19.78,10.28
11098000,8,12.83584311,38.37,24,18.89,9.59,38.37,24.85,20.77,9.77
11098000,9,12.56980303,38.52,24.53,11.79,5.58,40.1,27.45,15.84,6.9
11098000,10,11.92059384,35.32,20.24,9.76,2.15,36.06,22.09,9.76,2.15
11098000,11,11.22309091,31.99,18.47,6.34,-2,31.99,18.47,4.23,-1.59
11098000,12,10.27870235,26.1,14.39,3.28,-7.29,26.1,14.79,4.33,-3.36
11124500,1,13.18049853,29.29,10.74,3.54,-11.15,29.29,11.62,3.81,-6.6
11124500,2,12.9823572,28.87,11.7,1.66,-11.03,28.87,11.01,1.66,-4.52
11124500,3,13.6305132,31.31,12.27,4.44,-6.28,31.31,13.99,4.44,-4.21
11124500,4,14.91979545,35.86,15.8,4.02,-5.54,34.03,15.8,4.02,-3.06
11124500,5,15.548739,34.88,17.59,6.16,-2.25,35.94,17.59,6.16,-2.25
11124500,6,16.65084091,39.15,20.75,12.43,-0.93,39.15,20.75,12.43,1.29
11124500,7,16.87877566,40.32,23.05,18.28,2.38,40.32,23.05,18.28,4.95
11124500,8,17.1301393,37.61,20.48,19.48,3.1,38.29,21.64,19.49,4.52
11124500,9,16.94521212,39.98,21.24,14.02,0.99,41.67,23.29,15.38,2.32
11124500,10,16.31859238,38.6,17.05,8.61,-4.15,37.59,17.9,8.61,-3.1
11124500,11,14.64165152,32.51,14.72,5.13,-6.49,32.51,14.72,5.43,-5.78
11124500,12,13.21804619,27.37,11.35,-0.76,-12.35,27.37,11.35,3.92,-8.42
11138500,1,12.96120235,28.07,11.51,4.68,-10.5,28.07,11.51,5.39,-6.67
11138500,2,12.82315366,28.24,11.97,3.91,-9.91,28.24,11.36,3.91,-3.32
11138500,3,13.4158871,31.06,11.84,5.79,-5.61,31.06,13.42,5.79,-3.45
11138500,4,14.81926515,35.69,15.61,6.69,-4.28,34.21,15.61,6.69,-1.95
11138500,5,15.445,34.98,17.37,8.1,-1.41,35.99,17.37,8.1,-1.41
11138500,6,16.4325,39.12,20.36,13.96,0.49,39.12,20.36,13.96,2.81
11138500,7,16.55543255,40.04,22.92,20.06,3.74,40.04,22.92,20.23,6.25
11138500,8,16.75453079,37.7,20.37,20.33,4.04,37.84,21.99,20.44,5.86
11138500,9,16.5654697,39.05,21.07,15.91,1.64,41.64,23.4,16.73,3.49
11138500,10,15.99828446,38.52,16.77,10.61,-3.09,36.89,18.22,10.61,-2.02
11138500,11,14.38780303,32.16,14.58,6.74,-5.68,32.16,14.58,7.05,-5.02
11138500,12,13.05888563,26.01,11.37,0.63,-12.46,26.01,11.37,4.7,-6.82
11141280,1,13.32789589,26.58,13.83,7.14,-8.69,28.44,13.83,7.14,-6.45
11141280,2,13.14570394,27.69,12.56,6.37,-7.31,28.75,12.96,6.37,-2.99
11141280,3,13.51154692,31.38,11.37,7.94,-4.03,30.87,11.59,7.94,-1.77
11141280,4,15.06437879,35.83,13.22,9.38,-2.11,34.45,13.22,9.38,-1.15
11141280,5,15.53758798,34.09,15.03,10.78,-0.42,37.11,15.03,10.78,-0.42
11141280,6,16.35372727,40.66,18.8,13.72,2.18,40.66,18.8,13.72,2.8
11141280,7,16.25650293,38.33,19.86,19.65,4.65,38.59,19.86,19.65,6.58
11141280,8,16.55555718,38.28,17.72,19.37,4.31,38.43,21.44,19.37,6.62
11141280,9,16.7342197,40.66,18.93,17.05,2.63,43.7,22.28,17.05,4.01
11141280,10,16.51931085,39.79,16.59,12.31,-1.07,38.44,18.44,12.31,-0.24
11141280,11,14.92617424,31.72,13.29,9.37,-4.24,31.72,13.29,8.01,-4.24
11141280,12,13.45188416,25.55,12.03,3.47,-11.8,26.49,12.54,5.95,-5.82
11143000,1,10.84447214,30.72,13.03,1.83,-6.08,28.32,13.03,1.83,-5.19
11143000,2,10.70842317,29.12,14.23,3.94,-8.94,28.36,14.23,3.41,-3.58
11143000,3,11.26784457,31.47,13.83,3.59,-4.83,31.47,14.17,3.59,-2.44
11143000,4,12.67415909,36.41,17.59,3.2,-4.36,33.02,17.59,4.22,-2.42
11143000,5,13.97931818,34.77,16.61,7.32,-2.89,34.77,16.68,7.32,-1.58
11143000,6,15.4445,38.51,19.67,9.26,-2.06,38.51,19.67,9.26,1
11143000,7,15.39516862,39.17,19.06,15.23,0.88,39.17,19.12,16.95,2.54
11143000,8,15.7101173,38.33,19.32,14.51,2.54,38.33,21.56,15.56,2.54
11143000,9,15.35115909,39.81,20.36,11.34,0.63,43.97,23.09,11.4,1.14
11143000,10,14.39744868,39.42,20.64,8.77,-2.7,37.78,20.99,7.38,-1.99
11143000,11,12.22718939,31.38,16.88,5.71,-6.89,31.45,16.88,4.45,-2.76
11143000,12,10.66129032,30.84,12.66,-0.75,-9.73,25.88,13.5,1.81,-6.3
11148900,1,12.65241935,28.69,13.82,4.72,-7.4,27.58,13.82,4.72,-5.4
11148900,2,12.60640386,27.92,12.21,6.02,-7.17,27.92,12.14,6.3,-2.44
11148900,3,12.983761,30.57,11.64,7.83,-3.56,30.57,11.64,7.83,-1.39
11148900,4,14.67812879,35.11,15.49,7.96,-3.25,33.61,15.49,8.11,-0.85
11148900,5,15.61311584,36.76,16.82,10.04,-0.92,36.76,16.82,10.04,0.06
11148900,6,16.88577273,40,20.05,13.37,0.24,40,20.43,12.71,1.34
11148900,7,17.1478739,41.92,20.84,17.51,3.5,41.92,20.89,18.78,6.28
11148900,8,17.34681818,38.76,19.28,17.6,3.69,39.8,23.01,18,6.03
11148900,9,17.15405303,40.42,20.04,16.15,1.75,43.63,23.36,17.35,5.02
11148900,10,16.42701613,38.02,16.3,11.88,-2.09,38.4,19.46,11.88,0.88
11148900,11,14.26131818,31.42,13.57,8.58,-5.41,31.71,13.57,6.99,-2.47
11148900,12,12.58033724,27.53,12.275,2.29,-11.91,25.25,12.73,5.71,-4.6
11151300,1,12.57127566,24.58,13.62,4.82,-8.24,25.36,13.62,4.82,-8.24
11151300,2,13.0557683,26.36,11.25,3.76,-9.28,26.27,12.3,5.75,-3.93
11151300,3,13.76877566,30.01,12.4,7.62,-4.74,30.01,12.13,7.28,-2.43
11151300,4,15.72635606,35.7,13.63,7.88,-3.68,34.45,14.68,8.45,-1.67
11151300,5,16.95043255,37.87,17.3,11.29,-0.7,37.87,18.19,11.29,1.11
11151300,6,18.21616667,39.9,19.53,15.55,0.47,39.9,20.65,15.35,4.27
11151300,7,18.49294721,42.56,22.75,20.56,3.46,42.56,22.75,23.71,7.78
11151300,8,18.59466276,39.89,21.06,22.04,5.23,40.13,23.44,22.04,8.41
11151300,9,18.15879545,40.01,19.69,15.7,1.75,42.31,22.84,18.28,3.77
11151300,10,17.08329912,38.49,16.71,10.75,-2.71,37.99,18.53,10.75,1.1
11151300,11,14.55794697,30.38,12.98,6.94,-6.85,30.64,12.42,6.19,-3.89
11151300,12,12.63768328,24.04,12.01,0.68,-12.51,24.04,12.01,4.4,-7.57
11160000,1,10.78208944,25.59,13.75,6.39,-4.85,27.25,13.75,6.47,-4.85
11160000,2,11.03502011,27.49,12.29,6.23,-5.09,27.54,12.99,6.27,-1.58
11160000,3,11.49406158,28.89,12.35,8.22,-1.12,29.96,12.64,8.22,-1.12
11160000,4,12.66292424,35.11,14.64,7.49,-0.27,35.11,14.64,9.44,-0.27
11160000,5,12.73070381,35.51,16.02,10.95,2.15,35.51,16.17,10.95,3.05
11160000,6,13.43382576,38.96,18.12,14.33,4.19,38.96,18.15,14.33,4.95
11160000,7,13.08984604,39.22,20.04,18.26,7.24,39.22,20.04,18.26,7.4
11160000,8,13.28184751,39.02,17.38,18.27,7.73,39.82,21.01,18.27,7.73
11160000,9,13.85954545,37.93,18.11,15.9,5.95,42.35,21.78,15.9,5.95
11160000,10,13.64626833,38.02,15.49,10.37,2.63,38.02,17.95,10.37,2.63
11160000,11,11.9879697,32.19,13.35,8.92,-2.62,32.19,13.35,8.83,-1.48
11160000,12,10.58349707,23.45,12.405,2.56,-8.22,24.6,13.01,5.62,-5.25
11162500,1,10.37843109,24.69,13.23,5.62,-3.99,26.7,13.23,6.03,-3.99
11162500,2,10.76799678,27.73,12.37,5.26,-5.5,27.73,12.8,5.02,-1.75
11162500,3,11.31060117,28.44,10.66,7.92,-1.72,28.59,12.43,7.92,-1.1
11162500,4,12.48340909,34.25,15.12,7.26,-1.01,34.25,15.12,8.36,-0.38
11162500,5,12.58171554,34.68,15.72,10.31,0.32,34.68,15.72,10.31,1.49
11162500,6,13.71510606,37.68,16.95,11.99,2.34,37.68,18.34,11.99,2.34
11162500,7,13.88865836,37.92,18.97,14.58,5.41,37.92,18.97,14.58,5.82
11162500,8,14.03983871,38.09,16.3,15.96,5.83,38.38,19.85,15.96,5.83
11162500,9,14.40487879,37.14,17.17,15.14,3.53,41.21,21.69,15.49,4.95
11162500,10,13.80800587,37.71,16,10.23,1.66,37.48,18.86,10.23,1.66
11162500,11,11.71362879,31.07,13.13,8.51,-2.88,31.07,13.13,8.31,-2.03
11162500,12,10.13229839,23.41,12.46,2.1,-7.83,24.14,12.46,5.33,-5.74
11176400,1,8.174699413,21.3,12.65,2.52,-5.13,21.49,12.65,2.52,-5.13
11176400,2,8.879211585,23.41,11.54,3.85,-6.45,23.12,12.07,3.52,-3.51
11176400,3,9.644450147,25.93,13.66,5.31,-1.94,26,13.75,5.31,-1.94
11176400,4,11.16813636,31.29,17.91,5.56,-1.03,31.2,17.91,6.33,-1.03
11176400,5,12.09934751,36.01,20.86,8.67,1.68,35.27,20.86,8.67,2.15
11176400,6,13.10007576,37.38,23.26,13.53,3.41,37.38,23.92,12.58,4
11176400,7,13.46972141,39.78,27.44,19.59,7.98,39.78,27.44,19.41,8.79
11176400,8,13.29539589,39.36,22.82,19.32,8.01,39.36,25.63,19.32,8.01
11176400,9,12.85059848,37.85,21.88,13.87,5.61,39.58,25.54,13.87,5.61
11176400,10,11.53510264,34.32,19.11,8.45,2.34,34.64,21.88,8.45,2.98
11176400,11,9.449621212,27.87,14.92,4.82,-3.45,27.87,14.92,4.82,-2.28
11176400,12,8.172510997,20.9,11.51,-2.15,-9.32,20.9,11.51,3.04,-6.14
11180500,1,8.650080645,21.7,15.13,5.36,-2.68,21.7,15.13,5.36,-2.68
11180500,2,9.386259051,25.04,13.46,5.67,-4.29,23.97,13.46,6.56,-0.29
11180500,3,10.00027126,27.58,13.84,8.78,1.22,28.45,13.84,8.78,1.22
11180500,4,10.98139394,33.66,15.65,9.19,1.15,33.04,15.63,9.64,1.15
11180500,5,11.25534457,36.02,19.1,12.6,4.27,36.02,19.1,12.6,4.82
11180500,6,12.16625758,40.28,20.94,14.2,7.14,40.28,20.94,14.2,7.52
11180500,7,12.51805718,40.4,23.73,18.13,9.99,40.04,23.73,17.48,9.99
11180500,8,12.36769062,39.68,19.98,17.18,10.81,39.68,22.31,17.18,10.81
11180500,9,12.52518939,37.67,20.41,16.78,7.89,40.8,23.82,16.78,7.89
11180500,10,11.76090176,36.46,18.55,11.74,5.42,36.46,20.76,11.74,5.42
11180500,11,9.83094697,27.26,15.16,9.34,-0.14,27.26,15.16,8.23,-0.1
11180500,12,8.578728006,20.93,14.08,2.49,-6.58,21.17,14.08,6.32,-3.05
11180960,1,8.065608504,21.34,15.04,4.93,-2.63,21.75,15.04,4.93,-2.63
11180960,2,8.949734513,24.91,13.16,5.14,-4.9,23.94,13.16,6.03,-0.97
11180960,3,9.707199413,27.54,14.59,8.57,0.71,27.54,14.59,8.57,0.73
11180960,4,10.8045303,33.06,17.9,8.45,1.15,32.6,17.9,9.39,1.15
11180960,5,11.16780792,35.69,19.17,12.81,3.94,35.69,19.22,12.59,4.26
11180960,6,12.11690909,39.77,21.99,14.18,6.84,39.77,21.99,14.18,7.47
11180960,7,12.43365103,39.82,24.08,16.71,9.72,39.77,24.08,16.71,9.72
11180960,8,12.36570381,39.04,21.25,16.17,10.17,39.04,22.71,16.17,10.51
11180960,9,12.32487121,37.39,20.6,16.09,7.55,40.7,25.42,16.09,7.55
11180960,10,11.36740469,36.47,21.28,11.73,5.07,36.47,22.09,11.73,6
11180960,11,9.273651515,26.75,15.74,9.13,-0.3,26.75,15.74,7.17,0.27
11180960,12,7.980172287,21.08,13.8,2.52,-6.64,20.96,13.8,5.71,-2.81
11224500,1,11.51014663,23.37,13.04,2.84,-9.18,23.11,13.04,2.84,-8.85
11224500,2,12.24861625,25.95,10.85,0.05,-11,24.31,11.26,4.33,-4.36
11224500,3,13.01696481,28.88,12.59,5.58,-6.86,28.71,12.79,5.58,-2.54
11224500,4,15.09649242,35.68,14.51,6.68,-5.08,32.8,16.55,6.97,-2.51
11224500,5,16.48276393,39.97,18.88,8.93,-2.31,37.36,19.72,8.93,0.69
11224500,6,17.56162121,39.61,22.15,14.63,-1.25,38.99,22.93,14.37,3.63
11224500,7,17.80568182,40.96,24.51,21.31,1.54,40.96,24.51,23.8,8.47
11224500,8,17.90075513,40.14,23.18,21.16,3.57,40.04,24.86,21.99,7.78
11224500,9,17.32690909,40.33,21.29,13.99,0,40.21,24.13,17.15,3.71
11224500,10,16.13558651,37.9,18.74,9.17,-4.61,36.01,19.21,9.17,1.03
11224500,11,13.55024242,28.38,12.96,3.86,-8.72,28.56,12.56,5.24,-3.99
11224500,12,11.72182551,22.96,11.35,-1.63,-13.48,22.41,11.35,2.94,-8.67
11230500,1,12.55675953,15.69,0.27,-17.42,-27.04,17.71,0.5,-17.42,-27.04
11230500,2,12.63934031,16.61,0.45,-11.8,-26.71,17.68,0.77,-12.38,-26.71
11230500,3,12.73491202,17.35,0.15,-9.81,-25.8,17.35,1.01,-9.52,-25.8
11230500,4,12.76006818,18.88,4.81,-8.55,-22.28,22.16,3.68,-8.55,-22.28
11230500,5,12.58318915,23.85,8.34,-5.44,-15.01,24.47,8.34,-5.44,-15.01
11230500,6,13.84786364,25.93,9.96,-2.49,-9.94,27.18,11.01,-2.49,-9.94
11230500,7,14.29804985,30.22,12.65,4.35,-8.38,30.22,13.88,4.35,-8.38
11230500,8,14.39491202,27.37,13.14,6.43,-5.57,27.37,13.14,8.21,-3.95
11230500,9,13.86757576,26.41,9.71,-3.53,-10.38,29.81,9.71,0.6,-9.19
11230500,10,13.01420088,22.71,6.15,-6.63,-14.2,24.43,6.15,-6.63,-14.2
11230500,11,12.48081818,20.12,4.15,-10.65,-22.17,20.12,4.11,-9.75,-22.17
11230500,12,11.97505132,15.77,1.5,-15.59,-25.89,15.77,1.6,-13.73,-24.32
11237500,1,11.45451613,18.2,3.47,-9.27,-19.84,19.27,4.21,-9.27,-19.84
11237500,2,11.40997586,18.52,3.16,-7.57,-19.77,21.67,4.53,-7.93,-19.65
11237500,3,11.44856305,19.78,4.58,-5.71,-18.24,22.27,5.3,-5.23,-18.24
11237500,4,11.79614394,21.69,6.98,-4.57,-16.05,23.47,7.56,-4.57,-15.91
11237500,5,11.87766129,26.03,12.26,-2.84,-10.08,27.27,12.26,-2.84,-9.9
11237500,6,13.32418182,29.86,13.42,2,-4.31,32.19,14.51,2,-5.34
11237500,7,13.80280792,30.8,16.25,8.48,-3.98,31.04,16.37,8.48,-3.98
11237500,8,14.06629032,29.97,15.48,11.01,-0.91,31.51,15.62,11.36,0.55
11237500,9,13.44400758,28.04,14.55,1.64,-5.82,31.91,16.44,4.07,-4.56
11237500,10,12.37890762,25.83,10.55,-1.77,-8.2,27.71,11.4,-1.77,-8.16
11237500,11,11.51769697,21.95,9.17,-6.22,-14.34,23.3,9.17,-6.22,-15.61
11237500,12,11.01032258,18.04,4.25,-11.13,-19.96,19.31,4.4,-8.75,-18.97
11253310,1,10.81830645,23.05,13.43,2.89,-8.42,22.63,13.43,2.89,-8.01
11253310,2,11.79548673,25.63,10.87,-0.08,-10.53,23.85,11.55,4.67,-3.75
11253310,3,12.64347507,28.61,12.71,5.56,-6.17,28.54,13.37,5.56,-2.05
11253310,4,14.66828788,35.42,15.56,6.76,-4.4,32.75,17.39,7.64,-1.88
11253310,5,16.01054985,40.52,19.64,9.51,-1.54,37.16,20.77,9.51,1.55
11253310,6,17.04583333,39.73,23.45,14.96,-0.62,38.69,24.06,14.49,4.43
11253310,7,17.27347507,41.07,25.6,21.19,2.36,40.85,25.6,24.01,8.56
11253310,8,17.30547654,40.65,24.17,21.54,4.38,40,26.04,22.56,8.82
11253310,9,16.68250758,40.35,21.96,14.49,0.69,40.15,25.04,17.23,4.42
11253310,10,15.47446481,37.44,19.19,9.35,-3.43,35.82,20.13,9.35,1.58
11253310,11,12.86965909,28.01,13.24,3.99,-8.08,28.17,13.53,5.5,-3.39
11253310,12,11.03455645,22.49,11.66,-1.78,-12.76,21.45,11.66,2.67,-8.2
11264500,1,12.02914956,17.66,2.54,-12.44,-22.52,17.66,2.54,-12.44,-22.52
11264500,2,12.10904264,19.56,2.13,-12.97,-24.44,19.56,2.49,-9.02,-21.73
11264500,3,12.42333578,19,3.07,-8.63,-21.37,19,3.07,-6.26,-21.37
11264500,4,12.85463636,19.93,3.68,-6.92,-18.75,19.93,5.47,-5.92,-18.75
11264500,5,12.7763563,25.02,8.39,-2.8,-15.24,25.02,8.39,-2.8,-15.24
11264500,6,14.01042424,27.21,11.22,-0.36,-7.9,27.21,12.05,-0.36,-7.55
11264500,7,14.39125367,30.5,13.97,7.94,-4.8,30.5,14.99,10.29,-3.89
11264500,8,14.42192815,29.2,14.19,8,-3.61,29,14.21,9.34,-1.37
11264500,9,13.72575758,25.66,12.05,-1.29,-8.24,27.58,12.32,1.72,-8.24
11264500,10,12.59973607,25.18,8.08,-4.56,-14.03,25.18,9.81,-4.56,-14.03
11264500,11,11.70675758,21.33,5.74,-7.8,-20,21.33,5.74,-7.26,-17.74
11264500,12,11.59781891,17.66,2.05,-13.45,-24.18,17.66,2.05,-10.43,-21.58
11266500,1,11.78734604,17.53,2.99,-11.33,-21.12,17.53,2.99,-11.33,-21.12
11266500,2,11.97564763,19.39,2.38,-12.17,-23.57,19.39,3.02,-8.15,-19.9
11266500,3,12.37083578,19.21,2.93,-7.2,-19.54,19.21,3.34,-5.3,-19.54
11266500,4,12.9172197,20.61,3.86,-5.36,-17.28,20.61,6.26,-4.82,-17.28
11266500,5,12.97180352,25.86,9.04,-1.75,-13.64,25.86,9.04,-1.75,-13.64
11266500,6,14.20662121,27.96,11.57,1,-7.03,27.96,12.88,1,-6.59
11266500,7,14.62715543,31.33,14.32,9.13,-3.75,31.33,15.53,11.61,-2.66
11266500,8,14.6452566,30.28,14.86,9.53,-2.51,29.79,14.86,10.52,-0.37
11266500,9,13.96059848,26.45,12.42,0.25,-7.01,28.31,13.43,2.81,-7.01
11266500,10,12.81221408,25.97,8.99,-3.33,-12.52,25.97,10.34,-3.33,-12.52
11266500,11,11.67177273,21.1,6.07,-6.51,-18.96,21.1,6.07,-6.51,-16.52
11266500,12,11.36227273,17.48,2.4,-12.61,-22.97,17.48,2.4,-9.76,-20.68
11274500,1,8.971972141,21.04,14.08,4.83,-4.82,21.68,14.08,4.83,-4.82
11274500,2,10.13654063,23.6,11.68,5.11,-5.76,24.07,12.27,5.64,-2.21
11274500,3,11.06999267,27.69,13.32,7.35,-0.48,27.69,13.1,7.35,-0.48
11274500,4,12.74894697,33.3,16.73,8.11,0.07,33.3,16.73,9.02,0.07
11274500,5,13.76300587,37.71,20.67,10.8,3.72,37.08,20.67,10.8,3.72
11274500,6,14.91349242,38.48,22.77,15.78,5.44,38.48,23.12,15.24,5.52
11274500,7,15.36255865,41.54,27.2,21.21,9.44,41.54,27.2,22.23,9.99
11274500,8,15.17494868,40.05,23.3,22.21,8.91,40.05,25.71,22.21,8.91
11274500,9,14.57007576,38.67,21.83,16.02,6.04,40.64,24.82,16.02,6.04
11274500,10,13.19477273,35.31,18.56,10.64,3.73,36.29,19.73,10.64,3.73
11274500,11,10.76659848,28.48,14.39,7.41,-2.34,28.48,14.39,7.11,-1.24
11274500,12,9.037943548,19.99,12.19,-0.1,-9.01,20.21,12.19,4.3,-6.07
11274630,1,8.615931085,20.62,13.52,4.74,-4.6,21.06,13.52,4.58,-4.6
11274630,2,9.892365245,23.25,11.87,4.83,-5.92,23.72,11.89,4.83,-2.51
11274630,3,10.88182551,27.39,13.14,7.2,-0.87,27.39,13.31,7.2,-0.87
11274630,4,12.6,32.84,17.5,7.48,-0.39,32.77,17.5,8.56,-0.39
11274630,5,13.74927419,38.13,21.16,10.04,3.33,37.33,21.16,10.04,3.33
11274630,6,14.9147197,39.02,23.42,15.61,5.03,39.02,24.29,14.84,5.57
11274630,7,15.48044721,41.51,28.08,21.26,9.32,41.51,28.08,22.64,9.76
11274630,8,15.24592375,40.27,23.7,22.08,9.05,40.27,26.1,22.08,9.05
11274630,9,14.54374242,39.14,21.63,15.59,6.31,40.26,25.37,15.59,6.31
11274630,10,13.00515396,35.87,19.07,10.62,3.17,35.87,20.23,10.62,4.13
11274630,11,10.45094697,28.05,14.34,6.57,-2.82,28.05,14.34,6.66,-0.91
11274630,12,8.691785191,19.62,11.86,-0.84,-8.9,19.9,11.86,4.06,-6.01
11281000,1,10.51259531,19.63,6.32,-2.7,-13.4,19.63,6.32,-2.7,-13.4
11281000,2,11.21209171,21.04,6.12,-4.71,-16.53,21.04,6.43,-2.79,-11.01
11281000,3,11.88893695,24.8,7.65,-0.04,-11.29,24.8,8.44,-0.04,-10.43
11281000,4,13.04876515,27.48,9.84,0.17,-8.51,26.42,10.96,0.17,-8.51
11281000,5,13.70736804,31.75,14.42,3.79,-5.84,31.75,14.42,3.79,-5.02
11281000,6,14.98174242,33.53,17.22,6.97,-1.16,33.86,18.17,6.97,-1.16
11281000,7,15.51879765,36.51,19.54,16.52,2.56,36.51,20.05,18.67,4.49
11281000,8,15.53509531,36.56,20.02,17.32,4.15,35.46,20.88,17.37,5.33
11281000,9,14.84660606,32.87,17.63,7.19,-0.83,33.89,20.01,9.05,-0.11
11281000,10,13.55977273,31.36,14.41,3.81,-4.4,31.36,14.86,3.81,-3.88
11281000,11,11.43951515,24.27,9.97,-0.5,-10.83,24.27,9.97,-0.75,-9.32
11281000,12,10.22421921,18.61,5.355,-6.79,-16.94,18.61,5.47,-3.7,-14.14
11284400,1,10.40956012,21.18,9.73,1.86,-9.23,21.18,9.73,1.86,-9.23
11284400,2,11.37956557,22.6,8.23,0.62,-11.94,22.6,9.17,1.63,-6.31
11284400,3,12.10372434,27.85,10.82,3.24,-6.84,27.85,11.05,3.24,-5.13
11284400,4,13.61320455,31.23,13.04,3.94,-4,30.37,13.4,3.94,-4
11284400,5,14.81405425,35.52,16.93,7.98,-1.13,35.52,17.57,7.98,-1.07
11284400,6,16.24205303,37.36,20.09,10.28,2.38,38.01,20.92,10.28,2.38
11284400,7,16.82851906,40.3,23.75,21.37,5.59,40.3,23.75,22.19,7.79
11284400,8,16.82220674,39.05,23.29,21.08,7.69,39.05,23.56,21.08,7.69
11284400,9,16.08107576,37.06,21.03,12.53,2.27,38.23,21.73,12.53,2.85
11284400,10,14.62906158,34.43,16.88,8.26,-0.72,34.43,17.06,8.26,-0.49
11284400,11,11.9067803,27.29,11.33,3.09,-6.18,27.29,11.33,3.09,-5.59
11284400,12,10.23260264,20.68,8.8,-3.01,-13.27,20.68,8.8,0.32,-10.34
11299600,1,10.30817449,21.16,12.57,3.91,-5.83,22.69,12.57,3.84,-5.83
11299600,2,11.64427997,23.91,11.29,4.99,-7.55,24.19,12.2,5.45,-3
11299600,3,12.4159824,28.79,12.56,7.45,-3,28.79,12.56,6.07,-1.04
11299600,4,14.15202273,33.75,15.64,6.97,-0.94,33.75,15.64,6.97,-0.92
11299600,5,15.84077713,39.05,19.29,11.15,1.44,39.02,19.29,11.15,2.36
11299600,6,17.44028788,40.75,21.65,13.45,4.89,40.9,22.76,13.45,5.69
11299600,7,18.16794721,43.88,27.46,24.14,7.58,43.88,27.46,24.14,9.08
11299600,8,18.01384164,41.79,24.47,22.56,8.62,41.82,25.52,22.56,9.08
11299600,9,17.07737879,39.9,23.19,15.88,5.15,41.58,24.09,15.88,5.95
11299600,10,15.33045455,37,17.98,12.03,1.42,37,18.96,12.03,2.22
11299600,11,12.26296212,28.67,12.92,6.83,-2.98,28.67,12.92,7.03,-2.68
11299600,12,10.241261,21.44,11.59,0.29,-10.41,21.44,11.59,3.53,-7.09
11342000,1,10.12519062,17.37,7.78,-1.94,-16.62,20.81,7.78,-1.89,-12.73
11342000,2,11.55809332,22.21,6.17,-4.89,-20,21.45,7.33,-0.05,-11.68
11342000,3,12.68856305,25.95,6.88,-0.51,-9.87,25.95,8.36,1.21,-8.59
11342000,4,14.65138636,31.64,9.62,2.03,-7.57,31.64,10.21,2.25,-5.64
11342000,5,16.08832845,36.09,14.54,6.31,-5.26,36.09,15.3,6.31,-3.89
11342000,6,17.53468182,39.26,17.09,10.08,-1.77,39.26,18.34,10.08,-1.04
11342000,7,19.27036657,41.11,20.46,12.13,0.14,41.11,20.46,18.57,2.3
11342000,8,19.63038123,39.77,19.76,13.15,0.96,41.07,19.76,15.63,1.88
11342000,9,18.92937879,37.39,16.18,7.38,-4.34,39.37,19.86,10.45,-0.27
11342000,10,16.1520088,33.61,12.15,2.59,-8.26,35.01,13.66,3.76,-5.28
11342000,11,11.38020455,23.65,8.4,1.33,-15.78,26.16,8.4,0.65,-12.01
11342000,12,9.417005132,16.64,7.18,-10.83,-22.95,16.76,7.06,-5.1,-18.7
11355500,1,11.20610704,17.82,6.06,-9.64,-19.71,19.44,6.06,-9.64,-19.71
11355500,2,11.83167337,18.47,3.24,-8.45,-23.71,18.68,4.71,-3.61,-17.74
11355500,3,12.24048387,22.33,3.66,-3.55,-15.93,22.33,5.24,-2.61,-15.93
11355500,4,13.53418939,25.66,5.44,-1.23,-14.04,25.08,6.95,-0.45,-14.04
11355500,5,14.66795455,30.05,11.07,1.59,-10.55,29.91,11.07,1.59,-9.49
11355500,6,16.30558333,34.1,14.51,3.54,-5.62,34.1,15.45,3.54,-3.32
11355500,7,18.2017522,35.4,16.45,8.13,-2.87,35.4,17.47,12.63,-0.42
11355500,8,18.56154692,35.84,14.94,9.93,-2.72,34.62,16.8,9.93,-0.19
11355500,9,17.40327273,34.57,14.47,0.58,-6.55,34.08,16.61,4.77,-3.36
11355500,10,14.80517595,29.13,10.17,-2.35,-10.6,29.4,11.2,-0.55,-8.54
11355500,11,11.42200758,22.87,6.68,-3.58,-17.8,22.87,6.68,-4.78,-17.29
11355500,12,10.3771261,16.71,4.22,-12.33,-25.87,16.77,4.22,-8.22,-21.68
11381500,1,10.2388563,22.05,10.3,-0.96,-10.89,22.05,10.3,-0.96,-10.89
11381500,2,11.12736122,22.49,7.72,-1.37,-14.11,22.34,9.2,1.36,-9.31
11381500,3,11.77423021,25.55,8.36,2.34,-7.76,25.55,10.26,2.16,-6.72
11381500,4,13.38030303,29.95,11.33,3.68,-8.15,29.95,12.29,4.76,-8.15
11381500,5,14.55937683,34.63,17.19,7.65,-3.14,34.63,17.19,7.65,-3.07
11381500,6,15.85358333,39.51,19.28,8.9,0.35,39.51,22.06,8.9,2.14
11381500,7,17.59664223,40.47,21.71,15.52,4.61,40.47,22.57,20.15,6.24
11381500,8,17.95142962,39.95,20.6,16.44,5.66,38.88,20.67,16.44,5.81
11381500,9,17.00831818,39.73,20.01,8.5,0.21,39.54,20.8,11.38,1.46
11381500,10,14.64316716,34.17,15.08,5.48,-4.79,34.3,17.35,5.83,-0.9
11381500,11,11.1620303,25.52,9.77,2.14,-10.36,26.38,10.17,2.14,-8.67
11381500,12,9.673999267,21.4,8.9,-5.11,-15.78,21.4,8.9,-0.72,-11.66
11383500,1,10.08303519,21.04,9.67,-1.46,-11.97,21.04,9.67,-1.46,-11.97
11383500,2,10.94353178,21.63,6.88,-2.2,-14.97,21.47,8.2,0.68,-10.47
11383500,3,11.59115103,24.78,7.88,1.58,-8.59,24.78,9.85,1.52,-7.45
11383500,4,13.18462879,29.23,11.08,2.96,-9.26,29.23,11.52,3.86,-9.26
11383500,5,14.3580132,33.8,16.18,6.5,-3.72,33.8,16.18,6.5,-3.48
11383500,6,15.69715152,38.3,18.84,7.96,-0.41,38.3,21.23,7.96,1.4
11383500,7,17.34872434,39.61,21.25,14.65,3.7,39.61,22.32,19.47,4.97
11383500,8,17.67907625,38.89,19.69,16,4.49,37.96,20.41,16,4.96
11383500,9,16.74907576,38.67,18.77,7.55,-0.19,38.59,20.73,10.3,0.95
11383500,10,14.40496334,33.28,14.72,4.75,-5.55,33.28,17.19,5.16,-1.77
11383500,11,10.92839394,24.69,9.39,1.73,-10.74,25.61,9.43,1.73,-9.37
11383500,12,9.506972141,20.61,8.37,-5.42,-16.73,20.61,8.37,-1.29,-12.14
11401500,1,10.91852639,15.01,7.81,-7.09,-20.37,16.2,7.81,-7.09,-20.37
11401500,2,11.86652454,18.75,3.71,-8.97,-24.25,18.64,6.58,-0.83,-14.95
11401500,3,12.70297654,23.34,5.55,-0.22,-13.51,23.37,6.58,-0.17,-11.86
11401500,4,14.38755303,28.37,7.04,1.69,-10.24,27.02,8.8,1.69,-9.6
11401500,5,15.64061584,32.44,11.84,4.99,-6.09,32.44,11.84,4.56,-5.83
11401500,6,17.35995455,35.53,15.51,6.52,-3,35.53,16.58,6.52,-1.3
11401500,7,19.02066716,39.08,18.9,14.08,0.76,39.08,18.9,17.83,1.31
11401500,8,19.2833651,38.41,16.47,15.93,1.06,36.53,17.63,15.93,1.06
11401500,9,18.34290152,34.86,14.89,6.3,-3.37,35.33,15.84,7.49,-2.48
11401500,10,16.08866569,31.63,10.49,2.14,-7.41,31.63,10.49,2.14,-7.68
11401500,11,12.28187879,21.39,6.29,-2.93,-16.66,22.32,6.29,-1.22,-15.47
11401500,12,10.42004032,16.35,5.95,-10.83,-26.18,16.35,5.95,-5.64,-20.04
11413000,1,10.34194282,18.05,6.45,-5.39,-16.71,18.93,6.45,-5.39,-16.71
11413000,2,11.02624296,21.29,3.44,-7.58,-20.68,21.29,5.51,-2.46,-14.4
11413000,3,11.5086217,23.08,5.59,-1.95,-13.23,23.08,6.33,-1.54,-10.63
11413000,4,12.93037121,27.74,8.01,-0.85,-10.87,25.82,8.13,-0.85,-10.82
11413000,5,13.87778592,30.28,12.3,2.98,-6.04,30.28,12.3,3.14,-5.73
11413000,6,15.20582576,34.3,16.4,5.37,-2.91,34.3,17.3,5.37,-1.48
11413000,7,16.45571114,36.27,18.76,14.05,0.64,36.27,18.76,16.88,2.79
11413000,8,16.75460411,37.58,17.28,14.21,1.96,34.98,17.81,14.21,3.21
11413000,9,16.0829697,34.23,14.42,3.65,-2.04,33.82,16.48,6.1,-1.34
11413000,10,14.2005132,30.42,11.7,0.67,-6.14,30.42,11.7,0.67,-4.84
11413000,11,11.10126515,23.04,7.28,-1.45,-12.53,23.3,7.39,-1.51,-11.77
11413000,12,9.769497801,16.86,6.18,-7.24,-21.23,16.67,6.18,-4.96,-15.72
11427000,1,10.09817449,19.52,8.74,-3.22,-11.81,19.52,8.74,-3.22,-11.81
11427000,2,10.77469831,21.06,6.04,-3.39,-16.38,21.06,7.73,-0.46,-10.4
11427000,3,11.24555718,24.74,8.8,-0.26,-8.32,24.74,8.8,0.43,-7.43
11427000,4,12.54188636,27.64,10.93,1.42,-8.22,26.89,10.93,1.42,-8.22
11427000,5,13.39909091,32.34,14.96,5.35,-4.07,31.64,14.96,4.98,-4.07
11427000,6,14.63884848,34.85,18.73,7.1,-0.19,34.85,19.11,7.1,0.25
11427000,7,15.55162757,37.27,20.52,15.78,3.7,37.27,20.52,19.1,4.54
11427000,8,15.63324047,37.04,19.44,16.22,5.54,36.11,20.57,16.22,5.54
11427000,9,14.94618939,35.3,17.61,6.64,0.02,35.19,20.29,8.8,0.02
11427000,10,13.31703079,31.62,15.47,3.41,-3.68,31.62,15.55,3.41,-2.98
11427000,11,10.74389394,24.38,10.56,0.98,-8.62,24.38,10.56,0.53,-8.62
11427000,12,9.626994135,18.81,7.75,-4.25,-16.14,18.81,7.75,-2.91,-12.44
11451100,1,10.23331378,23.53,10.21,-2.53,-12.04,23.95,10.21,0.88,-7.37
11451100,2,10.89479485,24.33,9.32,-0.36,-11.12,23.69,11.59,2.25,-5.52
11451100,3,11.6410044,27.6,11.47,1.36,-6.86,27.6,12.37,1.84,-5.79
11451100,4,13.25250758,32.15,13.55,3.58,-6.48,31.59,15.66,3.58,-4.98
11451100,5,14.45246334,36.15,18.2,7.04,-4.37,35.34,18.78,6.13,-0.09
11451100,6,15.42347727,40.07,21.27,9.29,-2.79,40.07,23.6,8.98,2.29
11451100,7,16.49380499,41.88,23.5,17.98,0.97,41.32,24.19,18.4,7.09
11451100,8,16.87263196,43.99,22.97,14.48,0.38,39.43,22.97,18.1,7.54
11451100,9,16.47981061,39.91,20.7,11.32,-0.21,39.91,23.96,12.32,2.31
11451100,10,14.60335044,36.2,16.84,5.87,-4.99,36.2,20.04,8.47,0.59
11451100,11,11.27217424,27.76,14.08,1.97,-7.28,27.76,14.08,2.34,-4.31
11451100,12,9.776642229,23.39,9.48,-2.8,-11.84,23.39,9.48,1.42,-7.84
11468500,1,9.298093842,23.02,12.27,4.12,-7.23,23.35,12.27,4.09,-4.31
11468500,2,10.16712792,25.12,11.55,3.29,-6.74,25.26,11.96,4.26,-3.91
11468500,3,10.88225806,28.27,10.7,4.72,-2.45,28.27,12.52,4.72,-2.45
11468500,4,12.11124242,30.78,11.88,6.73,-1.91,30.78,11.79,6.73,-1.91
11468500,5,12.82358504,36.45,15.35,9.53,0.29,36.45,15.35,9.53,0.88
11468500,6,13.84360606,36.04,15.4,13.05,3.21,36.04,16.24,12.42,3.21
11468500,7,15.24457478,40.41,19.85,18.15,4.61,40.41,19.85,16.64,5.98
11468500,8,15.12021994,37.03,16.83,17.27,4.69,38.37,19.48,17.27,5.96
11468500,9,15.01162879,36.49,16.8,14.5,0.4,38.23,20.42,14.76,3.25
11468500,10,13.35890762,35.05,15.54,9.3,-0.73,35.05,16.32,9.3,0.74
11468500,11,10.28999242,26.36,13.04,5.74,-4,28.38,13.04,5.74,-3.48
11468500,12,8.929384164,22.62,11.62,1.81,-9.45,22.62,12.3,3.67,-6.34
11473900,1,10.3282478,22.24,9.27,-0.14,-13.9,22.24,9.27,0.33,-8.91
11473900,2,11.22014481,23.85,8.21,-1.49,-14.98,22.55,8.78,0.76,-6.67
11473900,3,11.99886364,26.58,8.69,1.13,-7.69,26.58,11.2,1.6,-6.31
11473900,4,13.75025758,31.82,12.23,2.79,-7.2,30.68,12.23,2.79,-4.67
11473900,5,15.14932551,35.5,16.12,7.04,-4.53,34.98,16.37,5.05,-0.92
11473900,6,16.45707576,39.03,18.9,8.07,-2.53,39.03,19.77,8.24,1.69
11473900,7,17.75664223,41.01,21.76,18.41,-0.55,39.02,21.76,16.01,5.62
11473900,8,18.03931818,41.13,20.35,13.07,0.96,38.31,20.59,16.52,5.2
11473900,9,17.64094697,39.41,18.4,11.34,-3.14,38.94,20.87,10.92,1.51
11473900,10,15.35807185,34.06,15.35,5.86,-5.99,34.42,17.16,6.99,-0.61
11473900,11,11.27524242,26.27,10.5,1.52,-10.36,26.27,11.08,1.43,-7.32
11473900,12,9.733929619,21.01,9.24,-3.73,-16.89,21.01,9.24,0.13,-9.9
11475560,1,9.286312317,21.89,10.54,0.98,-9.43,22.34,10.54,-0.1,-6.05
11475560,2,9.98697506,24.33,10.55,0,-9.86,24.08,10.55,1.02,-6.24
11475560,3,10.68398094,27,9.04,2.3,-5.04,27,11.46,2.3,-4.37
11475560,4,12.25186364,31.44,11.16,3.3,-5.19,31.44,10.31,3.3,-3.36
11475560,5,13.35731672,35.05,14.89,6.82,-3.06,35.05,14.89,6.74,-2.01
11475560,6,14.59668182,38.55,15.95,10.14,-0.89,38.55,15.95,8.85,1.11
11475560,7,16.19220674,38.77,18.54,16.03,0.53,38.77,18.54,13.14,5.78
11475560,8,16.18721408,36.62,17.46,15.36,1.27,37.05,18.15,15.36,5.24
11475560,9,16.01266667,36.88,15.76,11.63,-2.81,37.16,18.95,11.28,2.42
11475560,10,13.74752933,34.39,14.99,6.51,-4.39,34.39,14.99,6.7,0.33
11475560,11,10.12345455,25.23,11.09,2.09,-5.51,26.48,11.84,2.09,-4.48
11475560,12,8.627785924,19.88,10.26,-1.87,-12.52,19.88,10.71,-0.73,-8.94
11476600,1,7.769288856,21.45,13.2,2.24,-5.83,22.66,13.2,2.34,-4.34
11476600,2,8.467683025,22.86,11.83,1.2,-6.24,25.12,11.7,3.09,-3.63
11476600,3,9.132397361,27.18,10.47,4.13,-2.33,27.18,12.38,3.91,-2.33
11476600,4,10.17062121,30.37,13.29,5.55,-1.96,30.37,13.29,5.55,-1.07
11476600,5,10.80108504,35.34,16.39,7.96,0.42,35.34,16.39,7.01,1.38
11476600,6,11.44543939,35.49,16.44,11.62,3.19,35.49,17.26,11.62,3.42
11476600,7,12.34230205,36.67,18.5,12.71,3.59,36.67,18.5,14.51,6.35
11476600,8,12.60174487,36.54,18.18,13.74,5.15,36.54,18.84,15.33,7.15
11476600,9,12.87216667,35.82,18.09,12.42,0.63,38.92,20.65,11.68,3.75
11476600,10,11.2231305,33.09,16.26,9.09,0.38,35.82,16.77,9.09,1.81
11476600,11,8.407098485,24.82,13.01,4.95,-2.55,25.85,13.01,4.91,-2.55
11476600,12,7.212159091,18.85,11.69,-3.37,-10.27,19.28,11.69,1.31,-10.27
11478500,1,9.153291789,20.52,9.54,1.97,-10.25,22.82,9.54,0.97,-6.87
11478500,2,10.27579244,22.2,9.94,0.27,-11.46,23.67,9.23,1.94,-6.16
11478500,3,11.19321848,27.01,8.49,2.69,-5.31,27.01,10.48,2.78,-5.31
11478500,4,12.68318939,30.57,10,4.15,-4.69,30.57,10.45,4.15,-3.53
11478500,5,13.8876393,34.8,14.48,7.36,-1.96,34.8,14.61,5.15,-0.5
11478500,6,15.10835606,36.74,16.47,10.08,0.4,36.74,16.5,10.08,0.67
11478500,7,16.56912757,37.34,18.81,13.25,1.3,37.34,18.81,14.3,4.85
11478500,8,16.81483871,36.98,18.16,13.36,3.97,37.32,18.7,17.28,4.86
11478500,9,16.60786364,36.43,15.73,11.19,-2.16,38.66,18.35,10.56,1.35
11478500,10,14.18609238,34.34,13.37,7.1,-2.98,35.16,14.67,8.07,-0.39
11478500,11,10.03985606,24.2,11.31,3.07,-6.48,25.93,11.31,3.07,-5.46
11478500,12,8.408603372,18.36,9.35,-4,-13.75,18.59,10.31,0.78,-12.94
11480390,1,10.67924487,21.78,7.92,-1.05,-15.9,23.27,8.33,-1.31,-11.76
11480390,2,11.92459372,22.75,8.19,-3.16,-18.37,22.75,7.43,0.14,-9.62
11480390,3,12.94746334,27.46,7.45,-1,-10.42,27.46,9.66,0.71,-8.58
11480390,4,14.97668182,31.31,11.09,1.57,-9.6,30.92,11.09,1.57,-6.53
11480390,5,16.64886364,34.92,14.84,5.77,-6.65,34.92,15.16,2.99,-3.4
11480390,6,18.29136364,38.91,18.21,6.37,-4.01,38.91,18.21,8.02,-1.52
11480390,7,19.95339443,41.05,20.32,14.06,-2.07,40.12,20.32,13.64,3.23
11480390,8,20.18101173,41.57,20.38,10.04,-0.21,38.69,20.38,15.46,1.57
11480390,9,19.55800758,39.72,16.83,8.99,-5.78,38.6,18.8,9.26,-1.05
11480390,10,16.71829179,33.67,14.79,3.85,-8.3,35.18,15.24,5.35,-6.49
11480390,11,11.75340152,26.1,9.91,0.1,-12.84,26.58,9.91,-0.11,-8.73
11480390,12,9.970065982,18.76,7.74,-5.46,-20.7,20.25,8.2,-1.72,-15.5
11481200,1,8.007280059,20.44,12.91,3.86,-5.37,20.87,12.13,3.9,-3.97
11481200,2,8.572638777,23.59,11.76,2.63,-6.76,23.73,11.89,4.02,-3.59
11481200,3,8.901260997,23.42,11.66,3.84,-2.53,23.03,11.66,3.84,-2.53
11481200,4,9.23205303,29.08,11.57,6.6,-1.68,30,11.91,6.6,-1.15
11481200,5,9.262302053,33.76,16.57,9.1,0.23,33.76,16.57,8.26,0.89
11481200,6,9.562325758,33.59,15.43,11.73,2.33,31.82,16.33,11.73,2.33
11481200,7,9.586803519,31.46,17.65,13.74,4.38,32.77,17.65,14.45,6.03
11481200,8,9.894926686,31.57,16.29,14.26,5.99,31.57,18.66,15.42,5.99
11481200,9,10.71248485,32.56,15.17,13.76,3.28,34.1,19.08,11.35,4.26
11481200,10,10.21760997,32.03,14.56,10.22,0.4,32.03,15.87,10.22,1.31
11481200,11,8.447424242,23.2,13.27,5.79,-3.09,22.67,14.15,5.33,-3.09
11481200,12,7.723907625,17.9,12.59,-2.26,-8.78,18.77,12.92,2.69,-6.69
11482500,1,8.176840176,18.89,11.07,2.39,-7.93,21.17,11.07,2.06,-5.58
11482500,2,9.041769912,22.24,9.81,1.06,-9.41,22.85,10.02,2.68,-4.85
11482500,3,9.662910557,23.96,9.99,2.79,-4.17,23.96,10.54,2.79,-4
11482500,4,10.39007576,28.91,11.4,5.36,-3.68,29.54,11.4,5.49,-2.25
11482500,5,10.95994868,33.74,15.69,7.9,-1.59,33.74,15.69,6.84,-0.09
11482500,6,11.60162121,33.71,16.16,11.12,0.69,33.71,16.93,10.88,1.36
11482500,7,12.16529326,33.91,18.62,12.69,1.97,34.09,18.62,14.79,5.02
11482500,8,12.39540323,32.44,17.27,16.03,4.76,33.47,19.28,16.03,5.29
11482500,9,12.70453788,33.67,15.38,12.2,1.03,33.88,18.97,9.91,3.18
11482500,10,11.44033724,32.61,13.41,8.42,-1.66,32.61,15.51,8.49,0.3
11482500,11,8.759333333,22.78,12.67,3.9,-5.38,22.43,12.67,3.76,-4.12
11482500,12,7.677789589,17.08,10.72,-4.04,-11.51,17.41,10.98,1.12,-9.23
11497500,1,10.39293988,15.26,4.56,-7.88,-22.6,16.97,4.56,-7.88,-22.46
11497500,2,11.21148029,18.49,3.38,-15.11,-29.62,17.76,3.26,-5.51,-21.58
11497500,3,11.96140762,20.88,4.84,-1.41,-16.51,20.88,6,-1.41,-15.17
11497500,4,13.54353788,26.08,6.11,-0.36,-11.42,24.61,6.52,0.59,-11.42
11497500,5,14.94688416,31.52,11.72,3.2,-8.26,30.6,11.45,3.5,-8.26
11497500,6,16.68685606,33.91,14.46,6.8,-4.37,33.54,14.79,6.8,-4.1
11497500,7,18.88882698,37.47,16.98,8.48,-2.33,37.47,16.98,13.41,0.07
11497500,8,19.15181818,36.94,14.37,10.1,-2.81,35.11,15.79,10.1,-2.81
11497500,9,18.17415909,35.17,12.85,3.99,-5.5,34.34,14.94,5.15,-5.36
11497500,10,15.33841642,29.37,9.16,0.73,-14.04,29.37,9.16,0.73,-14.04
11497500,11,10.91490909,19.54,7.9,-4.68,-20.89,21.67,7.9,-4.56,-20.89
11497500,12,9.976774194,13.82,3.8,-17.89,-30.95,14.02,4.54,-11.72,-25.98
11501000,1,10.30223607,13.82,4.84,-6.52,-21.55,16.5,4.84,-7.51,-22.28
11501000,2,11.34562349,18.4,3.23,-14.01,-27.53,18.29,3.23,-5.45,-21.44
11501000,3,12.36519062,21.41,4.86,-1.06,-15.25,21.41,6.01,-1.06,-14.21
11501000,4,14.00158333,26.34,6.12,0.82,-10.79,25.57,6.24,1.4,-10.27
11501000,5,15.46416422,31.45,11.61,4.44,-8.15,30.96,11.01,4.44,-8.15
11501000,6,17.20650758,34.03,14.56,7.55,-3.77,34.49,15.17,7.55,-3.69
11501000,7,19.4611437,37.63,17.08,9.2,-1.44,37.63,17.08,13.87,-0.46
11501000,8,19.73269795,36.95,14.58,11.2,-2.45,35.43,15.21,11.2,-2.45
11501000,9,18.78915152,35.46,12.27,5.41,-5.24,34.93,14.57,5.8,-5.24
11501000,10,15.84530059,29.85,8.45,1.47,-13.87,29.85,8.45,1.47,-13.87
11501000,11,11.03293939,19.43,7.95,-4.07,-20.49,21.63,7.95,-4.07,-20.49
11501000,12,9.886502933,13.77,4.17,-16.83,-30.06,13.77,5.03,-11.13,-26.17
11522500,1,8.738695015,16.96,8.46,-1.89,-15.74,19.82,8.46,-2.05,-10.23
11522500,2,10.24877715,20.75,6.31,-3.75,-17.94,20.75,6.53,-1.16,-8.67
11522500,3,11.48958211,23.81,8.58,-1.09,-9.96,23.81,8.62,-0.85,-8
11522500,4,13.00462879,29.83,11.07,1.51,-9.71,29.83,11.36,1.51,-6
11522500,5,14.50143695,34.47,14.18,5.33,-6.84,34.47,16.32,4.7,-3.02
11522500,6,15.76131061,36.84,18.12,8.2,-4.8,36.84,19.5,8.21,-2.39
11522500,7,16.87292522,38.53,21.06,11.4,-3.6,38.53,21.06,14.84,2.16
11522500,8,17.03013196,38.03,19.64,12.7,0.28,38.65,21.28,14.89,2.68
11522500,9,16.39290909,36.08,16.77,7.7,-4.86,36.08,19,6.69,0.43
11522500,10,14.00382698,31.61,13.34,1.69,-7.6,32.72,15.44,3.42,-3.02
11522500,11,9.639454545,21.22,10.59,0.05,-13.79,24.17,10.59,-0.7,-9.19
11522500,12,7.883515396,15.52,6.62,-8.66,-19.12,15.73,7.24,-3.59,-15.7
11523200,1,9.681876833,16.8,6.99,-5.18,-20.27,20.03,6.99,-3.77,-16.48
11523200,2,11.18041834,20.16,5.15,-7.3,-23.26,20.46,6.4,-3.43,-13.62
11523200,3,12.48662757,24.78,6.69,-3.21,-12.91,24.78,8.18,-1.75,-11.11
11523200,4,14.43849242,30.7,10.12,-0.53,-11.11,30.7,10.41,-0.53,-7.22
11523200,5,16.01006598,34.94,14.14,3.49,-9.23,34.94,16.07,4.36,-5.83
11523200,6,17.49062121,37.48,17.08,7.03,-5.92,37.88,18.91,8.34,-4.31
11523200,7,18.8991129,40.49,20.33,10.6,-4.41,40.49,20.33,16.16,-0.8
11523200,8,19.12752199,38.78,20.08,9.62,-2.38,40.38,20.08,13.05,-0.81
11523200,9,18.46685606,36.22,15.83,5.01,-8.87,38.21,19.47,9.46,-4.05
11523200,10,15.76159824,32.94,12.69,-0.14,-12.33,34.05,14.45,1.24,-6.62
11523200,11,10.94112879,22.65,8.8,-2.91,-19.48,25.39,8.8,-1.4,-15.27
11523200,12,8.872708944,16.62,6.63,-12.53,-26.05,16.16,6.55,-9.02,-21.54
11528700,1,9.869970674,20.77,8.4,0.61,-14.09,22.5,8.4,-0.22,-10.2
11528700,2,11.24499598,22.38,7.45,-1.21,-16.15,22.47,7.88,0.45,-7.84
11528700,3,12.31961877,26.76,8.19,0.38,-8.78,26.76,10.09,1.39,-6.58
11528700,4,14.16812879,31.01,11.72,2.55,-7.61,31.01,11.72,2.55,-4.84
11528700,5,15.70778592,34.88,14.89,6.65,-4.8,34.88,16.13,4.17,-1.52
11528700,6,17.22361364,38.96,18.48,8.47,-1.88,38.96,18.48,9.23,-0.57
11528700,7,18.75173754,40,20.91,13.95,-0.26,39.82,20.91,14.35,4.19
11528700,8,18.9668915,39.52,19.97,11.51,2.15,39.3,20.3,16.31,4.13
11528700,9,18.38618182,38.53,16.69,9.54,-4.05,38.32,19.17,10.1,0.66
11528700,10,15.71475806,34.29,14.43,4.49,-5.95,35.18,15.75,6.08,-3.1
11528700,11,10.93396212,24.42,11.12,0.84,-11.12,26.35,11.12,0.84,-7.4
11528700,12,9.128856305,18.12,7.95,-4.52,-18.39,18.87,8.07,-0.68,-14.94
11530000,1,9.536217009,19.83,9.13,1.18,-11.82,21.32,9.13,1.16,-8.44
11530000,2,10.8061786,22.46,7.79,-0.52,-13.95,22.46,8.19,1.64,-6.67
11530000,3,11.79859971,26.15,7.97,2.53,-7.01,26.15,10.36,3.14,-5.29
11530000,4,13.43778788,31.05,11.53,4.01,-4.96,31.05,11.65,4.01,-4.04
11530000,5,14.72700147,35.42,15.34,8.32,-2.43,35.42,16.45,6.77,-0.49
11530000,6,15.97990909,38.48,18.29,10.98,0.8,38.48,18.67,10.6,1.32
11530000,7,17.39109971,39.01,21.13,14.99,2.2,39.01,21.13,17.59,5.53
11530000,8,17.65933284,38.27,19.37,15.02,4.43,39.2,20.5,16.96,5.45
11530000,9,17.15377273,37.22,17.11,11.12,-0.6,38.37,19.73,11.41,1.93
11530000,10,14.7898827,33.82,13.84,5.77,-3.67,34.75,16.07,7.67,-0.84
11530000,11,10.60894697,23.44,10.6,2.37,-9.83,25.82,10.6,2.37,-6.64
11530000,12,8.87880132,17.15,8.03,-5.42,-16.42,18.25,8.35,0.27,-12.76
11532500,1,7.696041056,18.3,9.55,1.1,-8.58,20.96,9.55,0.52,-7.09
11532500,2,8.814489139,22.85,9.23,-0.64,-12.1,22.85,9.23,1.56,-6.08
11532500,3,9.723826979,23.54,8.87,1.66,-5.32,23.54,9.07,1.66,-5.32
11532500,4,10.76391667,28.05,10.47,4.01,-3.51,28.92,10.91,4.55,-3.03
11532500,5,11.77277859,33.27,14.39,6.79,-3.11,33.27,14.78,6.97,-1.07
11532500,6,12.50025758,33.94,16.69,9.54,0.12,33.78,17.45,9.96,0.93
11532500,7,13.40467009,34.57,19.48,12.14,1.39,34.71,19.48,15.1,4.95
11532500,8,13.49315982,34.12,16.73,14.39,4.37,34.27,20.32,14.39,4.37
11532500,9,13.18349242,32.95,16.31,9.27,1.69,33.45,20.51,8.31,2.36
11532500,10,11.25923754,32.58,13.84,6.75,-2.82,32.58,16.13,6.91,-1.21
11532500,11,8.108083333,22.58,12.29,2.3,-5.87,21.58,12.29,2.3,-4.66
11532500,12,7.276162023,16.85,9.07,-4.82,-14.47,16.85,10.05,0.03,-10.12
12010000,1,6.815505865,14.85,9.83,-1.56,-13.08,16.41,9.83,-1.56,-10.29
12010000,2,8.068632341,20.8,9.92,-8.08,-15.13,20.8,9.58,-3.04,-8.87
12010000,3,8.916583578,24.16,9.13,3.42,-5.78,24.16,9.13,3.42,-5.69
12010000,4,9.725856061,26.29,11.57,5.3,-3.08,27.87,11.57,5.73,-3.08
12010000,5,9.855139296,31.83,13.92,8.69,-1.37,31.83,13.92,8.69,-0.42
12010000,6,9.761856061,33.01,13.79,9.72,2.15,32.9,14.06,9.72,2.21
12010000,7,10.53747067,32.82,16.07,13.67,2.82,32.82,16.07,13.67,5.43
12010000,8,11.08972874,37.06,14.73,14.98,3.71,33.35,14.73,14.98,4.47
12010000,9,11.53840152,32.32,14.91,11.54,-1.93,30.8,14.97,11.54,0.51
12010000,10,9.73,27.46,14.08,6.36,-5.08,27.46,14.08,6.36,-5.08
12010000,11,7.31419697,19.87,11.73,-2.38,-11.76,19.87,11.76,-1.86,-8.75
12010000,12,6.405230938,14.63,9.65,-7.2,-15.73,14.63,9.65,-4.09,-11.94
12013500,1,6.734655425,14.66,9.69,-1.79,-13.38,16.29,9.69,-1.79,-10.36
12013500,2,8.100667739,21.01,9.91,-8.1,-15.33,21.01,9.6,-3.07,-9.23
12013500,3,9.060073314,24.5,9.43,3.16,-5.94,24.5,9.43,3.16,-6.04
12013500,4,9.954242424,26.75,11.66,5.19,-3.22,27.76,11.66,5.39,-3.22
12013500,5,10.17765396,31.59,13.86,8.53,-1.82,31.59,13.86,8.53,-0.58
12013500,6,10.13259091,33.02,13.96,9.92,1.44,32.94,14.09,9.92,1.44
12013500,7,11.07222874,33.97,16.48,13.71,2.6,33.97,16.48,13.71,5.2
12013500,8,11.60565249,36.93,14.59,15.27,3.72,33.45,14.72,15.27,3.87
12013500,9,11.82649242,32.59,14.71,11.63,-1.79,31.27,14.88,11.63,0.44
12013500,10,9.796304985,27.16,13.96,6.25,-5.55,27.16,13.96,6.25,-5.55
12013500,11,7.253772727,19.65,11.58,-2.3,-12.61,19.65,11.58,-1.95,-9.05
12013500,12,6.297815249,14.22,9.44,-7.36,-16.11,14.22,9.44,-4.25,-12.13
12020000,1,6.681341642,14.6,9.38,-2.59,-14.18,16.14,9.38,-2.59,-11.12
12020000,2,8.137441673,20.9,10.03,-8.98,-15.75,20.9,8.93,-3.84,-10.8
12020000,3,9.222368035,23.95,9.15,2.65,-6.74,23.95,9.15,2.65,-6.73
12020000,4,10.31495455,27.18,11.05,4.28,-4.07,28.57,11.05,4.28,-4.07
12020000,5,10.72337243,30.61,13.73,7.9,-2.23,30.61,13.73,7.9,-1.38
12020000,6,10.85229545,32.61,13.68,9.46,0.7,32.61,14.59,9.46,0.7
12020000,7,12.10770528,35.73,18.13,13.15,1.8,35.73,18.13,13.44,5.02
12020000,8,12.55873167,36.24,15.05,15.11,3.54,33.59,15.39,15.11,3.54
12020000,9,12.30772727,32.6,14.17,11.22,-2.38,32.06,15.81,10.68,0.27
12020000,10,9.923203812,27.49,14.37,5.63,-6.47,27.49,14.37,5.63,-6.47
12020000,11,7.171962121,19.77,11.7,-2.61,-13.48,19.34,11.7,-2.29,-9.98
12020000,12,6.200934751,13.87,8.9,-7.98,-17.12,13.87,8.73,-4.87,-12.91
12025000,1,6.561627566,15.33,10.64,-3.91,-13.37,15.88,10.64,-3.91,-10.84
12025000,2,8.297047466,20.97,9.32,-8.63,-15.64,20.28,9.32,-2.9,-11.11
12025000,3,9.687426686,24.06,9.7,1.38,-8.72,24.06,9.7,2.8,-7.14
12025000,4,11.06258333,29.23,11.41,5.91,-3.74,29.98,11.41,5.91,-3.74
12025000,5,11.7997434,34.55,14,8.47,-2.12,31.88,13.41,8.2,-1.5
12025000,6,12.11815909,34.96,14.71,11.18,1.2,35.7,16.54,11.18,1.2
12025000,7,13.81097507,37.98,20.03,14.6,3.87,37.98,20.03,14.8,4.61
12025000,8,14.1573827,38.42,16.82,14.72,4.38,35.91,16.82,14.72,4.38
12025000,9,13.17865152,36.69,14.72,11.93,-0.59,33.79,16.55,10.69,-0.01
12025000,10,10.15211877,32.07,15.31,4.66,-6.23,29.37,15.31,4.66,-6.23
12025000,11,7.101916667,19.94,12.1,-2.77,-14.38,19.94,12.1,-2.3,-11.46
12025000,12,6.063284457,14.37,8.72,-7.1,-17.96,15.41,8.63,-4.71,-12.71
12025700,1,6.340007331,14.43,9.8,-4.87,-14.43,16.13,9.8,-4.87,-12.15
12025700,2,7.771415929,18.89,7.99,-11.1,-17.21,18.6,7.99,-4.47,-12.03
12025700,3,8.999824047,22.54,8.53,-0.44,-10.48,22.54,8.53,1.14,-7.64
12025700,4,10.278,28.51,10.39,4.47,-4.93,28.03,10.39,4.47,-4.93
12025700,5,10.99945748,33.27,13.33,6.53,-3.1,30.77,12.24,6.53,-2.24
12025700,6,11.31529545,32.74,14.57,9.31,0.5,34.08,16.9,9.31,0.5
12025700,7,12.88594575,35.71,19.9,12.65,2.59,35.71,19.9,12.84,4.31
12025700,8,13.08438416,36.5,16.73,13.21,3.67,34.54,16.73,13.21,4.19
12025700,9,12.07334848,35.03,14.81,9.94,-1.2,31.6,16.66,8.72,0.16
12025700,10,9.37079912,30.11,14.2,2.97,-5.88,28.44,14.2,2.97,-5.88
12025700,11,6.733734848,18.85,10.92,-4.6,-15.58,18.81,10.92,-4.52,-12.82
12025700,12,5.926048387,13.6,7.49,-9.08,-19.15,14.21,7.49,-6.16,-13.5
12027500,1,6.597397361,14.9,9.88,-3.41,-13.25,15.72,9.88,-3.41,-10.63
12027500,2,8.204843121,20.22,9.06,-8.35,-15.5,20.22,8.98,-3.25,-10.64
12027500,3,9.477324047,23.88,9.24,2,-7.98,23.88,9.24,2.91,-6.81
12027500,4,10.72164394,27.33,11.32,5.75,-3.5,29.31,11.32,5.75,-3.5
12027500,5,11.31067449,32.55,13.5,8.67,-2.12,30.67,13.5,8.94,-1.03
12027500,6,11.53681061,34.15,14.01,10.9,1.27,33.29,15.58,10.9,1.27
12027500,7,13.01757331,36.26,18.94,14.18,3.52,36.26,18.94,14.55,5.32
12027500,8,13.38929619,37.72,16.04,15.09,4.38,34.3,16.04,15.09,4.38
12027500,9,12.70387121,34.34,14.15,12.26,-0.87,33.01,16.18,11.02,0.76
12027500,10,9.98733871,29.59,14.78,5.19,-5.78,27.55,14.78,5.19,-5.78
12027500,11,7.120318182,19.82,11.84,-2.74,-13.97,19.82,11.84,-2.36,-10.56
12027500,12,6.114347507,13.5,8.6,-7.19,-17.34,14.69,8.26,-4.72,-12.18
12035000,1,6.226510264,13.82,9,-2.76,-13.03,15.32,9,-2.76,-10.47
12035000,2,7.81237329,19.15,8.28,-7.66,-13.58,19.15,9.17,-2.48,-9.27
12035000,3,9.104347507,23.06,8.81,0.77,-7.81,23.34,8.81,2.61,-6.53
12035000,4,10.30275,26.01,10.08,5.25,-3.53,27.91,10.08,6.19,-3.53
12035000,5,10.74068915,32.6,13.18,8.99,-1.57,29.89,13.18,8.99,-1.05
12035000,6,10.65878788,34.35,13.68,11,1.08,32.21,14.66,11,1.95
12035000,7,11.77463343,35.04,16.92,14.14,3.43,35.04,16.92,14.33,5.11
12035000,8,12.1180132,37.59,15.55,15.07,3.55,33.23,15.55,15.07,4.69
12035000,9,11.66737121,32.32,14.39,11.67,-0.36,31.29,15.13,11.67,0.64
12035000,10,9.318680352,26.83,12.19,4.18,-5.18,24.7,12.19,4.57,-5.18
12035000,11,6.854227273,19.48,10.86,-3.38,-13.1,19.48,10.67,-2.49,-10.63
12035000,12,5.829607771,13.22,9.72,-6.86,-16.31,13.64,9.72,-4.43,-11.37
12040500,1,5.725029326,13.06,7.96,-5.34,-15.93,14.49,7.96,-5.34,-11.98
12040500,2,7.186838294,20.22,8.26,-9.93,-14.07,20.22,8.09,-3.91,-10.4
12040500,3,8.457118768,22.64,8.34,-1.84,-9.41,22.64,7.72,1,-7.2
12040500,4,9.679787879,24.44,9.48,2.12,-5.91,25.37,9.78,3.76,-5.91
12040500,5,10.10951613,31.17,13.11,5.43,-2.95,30.69,12.03,6.12,-2.65
12040500,6,9.922856061,33.75,14.07,8.7,-0.79,30.82,14.35,8.85,-0.31
12040500,7,10.85040323,32.73,16.13,10.15,0.4,32.48,16.13,10.63,3.47
12040500,8,11.27331378,37.28,16.46,12.56,-0.21,31.93,16.46,12.56,3.45
12040500,9,10.85209848,32.96,13.6,8.89,-2.31,30.39,16.64,8.89,0.2
12040500,10,8.552228739,26.62,11.91,1.98,-5.18,24.54,12.61,2.43,-5.13
12040500,11,6.152212121,18.86,10.4,-6.63,-14.3,18.86,10.67,-4.36,-11.74
12040500,12,5.430931085,13.05,8.48,-9.28,-17.84,13.17,8.48,-6.5,-12.21
12041200,1,5.580564516,13.44,7.64,-6.74,-17.01,13.93,7.68,-6.74,-13.15
12041200,2,7.001166533,19.68,8.23,-10.9,-15.1,19.68,8.12,-4.6,-11.04
12041200,3,8.368995601,21.94,8.81,-2.84,-10.79,21.94,7.63,0.28,-8.23
12041200,4,9.626787879,24.15,9.69,0.94,-6.63,24.6,9.57,2.9,-6.63
12041200,5,10.10097507,31.23,13.17,4.3,-4.03,29.78,11.58,5.46,-3.22
12041200,6,9.983568182,33.39,14.43,7.78,-1.78,31.14,14.59,7.91,-0.46
12041200,7,10.90013196,32.62,16.1,9.38,-0.41,31.91,16.1,9.67,3.12
12041200,8,11.35285924,36.74,16.87,11.72,-1.33,32.06,16.87,11.72,3.25
12041200,9,10.77743182,33.31,13.72,8.22,-2.94,29.5,17.14,8.22,0
12041200,10,8.386246334,26.55,12.19,1.18,-6.11,23.95,12.78,1.68,-5.36
12041200,11,5.949015152,17.64,10.66,-7.73,-15.36,17.64,10.56,-5.27,-12.37
12041200,12,5.297276393,13.08,7.75,-10.11,-17.97,12.82,7.75,-7.36,-12.89
12043000,1,5.83909824,14.83,9.29,-4.68,-14.42,14.14,9.29,-4.68,-10.18
12043000,2,7.298793242,20.71,8.97,-9.39,-13.16,20.71,8.97,-2.66,-8.79
12043000,3,8.558834311,22.65,9.26,-0.5,-10.34,22.65,9.26,1.9,-6.17
12043000,4,9.820984848,26.29,11.2,4.18,-4.8,25.83,11.2,4.84,-4.8
12043000,5,10.25710411,31.26,13.3,7.04,-2.29,30.94,12.47,7.04,-2.29
12043000,6,10.09431061,33.17,13.97,9.39,0.59,32.29,14.34,9.84,0.59
12043000,7,10.89774194,33.62,16.79,11.73,3.17,32.96,16.79,11.73,3.42
12043000,8,11.47,36.74,17.1,12.58,1.92,32.83,17.1,12.58,4.24
12043000,9,11.16531061,34.6,14.02,10,-0.24,30.38,17,10,0.61
12043000,10,8.807580645,27.11,12.88,3.76,-4.28,24.85,13.06,3.76,-4.28
12043000,11,6.313931818,17.85,11.7,-5.52,-15.29,17.85,11.92,-3.87,-10.16
12043000,12,5.567514663,13.87,9.4,-7.37,-13.9,13.87,8.87,-3.93,-11.59
12048000,1,5.545549853,13.37,6.78,-9.31,-16.32,14.39,6.72,-8.2,-15.68
12048000,2,6.685953339,15.79,7.31,-12.65,-17.84,15.79,6.41,-6.93,-13.51
12048000,3,8.112294721,18.8,5.86,-5.47,-12.93,18.41,5.82,-1.71,-9.78
12048000,4,9.083037879,23.97,10.07,-1.5,-8.98,22.55,10.12,0.46,-7.52
12048000,5,9.426986804,31.16,13.42,2.43,-5.95,26.07,12.25,3.12,-3.54
12048000,6,9.306484848,32.31,15.33,5.81,-6.35,29.71,15.75,6.45,-0.2
12048000,7,10.29400293,31.73,18.44,7.18,-2.92,31.15,18.44,8.41,3.09
12048000,8,10.48368035,35.3,17.06,9.07,-2.53,30.35,17.06,10.4,3.22
12048000,9,9.624909091,31.63,15.75,5.26,-5.07,27.99,18.25,6.32,0.11
12048000,10,7.624904692,26.14,11.67,-2.5,-8.8,22.89,12.77,-0.5,-5.92
12048000,11,5.623621212,17.59,9.36,-10.37,-15.61,15.2,8.53,-7.48,-14.63
12048000,12,5.135227273,11.84,6.89,-14.65,-23.05,11.75,6.89,-10.39,-14.42
12054000,1,5.623372434,13.3,6.79,-10.33,-18.82,14.98,6.33,-8.13,-15.92
12054000,2,6.852566372,16.19,7.93,-13.03,-17.72,16.19,6.31,-7.41,-13.7
12054000,3,8.217221408,19.29,5.6,-5.53,-12.53,19.29,5.61,-1.72,-9.84
12054000,4,9.237772727,25.24,10.39,-2.77,-9.58,23.14,9.86,0.3,-7.6
12054000,5,9.660945748,32.78,13.44,1.63,-7.19,26.36,12.41,2.6,-4.45
12054000,6,9.465787879,33.68,15.24,3.61,-7.21,30.62,16.23,5.67,-0.81
12054000,7,10.57279326,32.14,18.95,6.99,-3.94,32.1,18.95,8.06,2.38
12054000,8,10.67104106,36.83,17.06,8.11,-1.03,30.4,17.06,10.27,2.59
12054000,9,9.790575758,32.22,15.33,4.54,-6.27,28.34,18.12,5.79,-0.66
12054000,10,7.707507331,27.12,11.12,-3.21,-9.33,23.43,12.85,-0.24,-6.53
12054000,11,5.699030303,16.88,9.86,-10.28,-15.45,15.54,7.97,-7.51,-14.94
12054000,12,5.160945748,11.41,7.33,-15.25,-24.25,11.23,7.33,-10.86,-15.38
12056500,1,5.561451613,12.82,6.36,-11.3,-18.64,14.81,6.25,-7.94,-15.82
12056500,2,6.848382944,16.6,8.16,-12.95,-17.19,16.6,6.4,-6.79,-13.3
12056500,3,8.119046921,20.42,6.06,-5.29,-11.16,20.42,5.53,-1.5,-9.62
12056500,4,9.253962121,24.92,10.42,-2.56,-10.56,23.3,9.81,0.45,-7.81
12056500,5,9.746173021,32.99,13.5,1.24,-7.48,26.28,12.22,3.35,-4.76
12056500,6,9.509204545,34.11,14.75,3.93,-6.97,30.35,15.36,5.46,-1.4
12056500,7,10.62802786,32.28,17.94,6.25,-3.95,32.28,17.94,8.26,1.91
12056500,8,10.76760997,36.86,16.5,8.29,-2.16,30.31,16.5,10.36,2.61
12056500,9,9.991356061,30.72,14.39,5.2,-6.59,28.8,17.21,6.31,-1.12
12056500,10,7.846920821,26.87,11.6,-3.01,-9.91,23.6,12.32,0.31,-7.06
12056500,11,5.76205303,16.65,9.86,-9.74,-15.13,16.65,8.15,-6.89,-15.13
12056500,12,5.167239736,11.57,7.59,-14.7,-24.01,11.42,7.59,-10.93,-15.46
12073500,1,6.162206745,16.41,9.7,-2.46,-10.8,16.41,9.89,-2.46,-8.25
12073500,2,7.673692679,20.36,9.05,-6.66,-12.33,18.08,9.33,-1.78,-8.73
12073500,3,9.007214076,24.96,9.37,1.59,-7.81,24.96,9.37,4.13,-4.24
12073500,4,10.16433333,27.63,12.2,7.12,-1.77,29.33,12.2,7.12,-1.14
12073500,5,10.7503739,33.59,14.65,9.23,0.52,30.48,14.35,9.25,0.52
12073500,6,10.96949242,34.3,15.48,12.72,3.31,33.66,17.36,12.72,3.31
12073500,7,12.2673827,37.67,20.15,15.67,6.69,37.67,20.15,15.78,7.39
12073500,8,12.36730938,37.54,17.38,16.55,7.04,34.78,17.46,16.55,7.15
12073500,9,11.34760606,34.71,15.56,12.3,1.16,31.62,16.96,12.3,3.52
12073500,10,8.81420088,28.49,12.85,5.57,-2.82,27.03,12.81,5.57,-2.82
12073500,11,6.693810606,19.59,11.82,-2.66,-12.46,19.59,11.42,-2.5,-9.63
12073500,12,5.738947947,14.95,10.02,-5.8,-13.57,16.76,10.02,-4,-10.18
12082500,1,6.108343109,13.86,6.62,-8.72,-17.19,16.07,6.62,-8.72,-17.19
12082500,2,7.105325825,16.77,5.17,-17.24,-23.43,16.83,7.24,-9.34,-16.45
12082500,3,7.903585044,18.74,5.45,-3.56,-13.23,18.74,5.45,-3.3,-9.99
12082500,4,9.142128788,26.65,10.95,-0.43,-8.43,23.31,10.12,-0.43,-8.05
12082500,5,9.912565982,29.55,15.26,1.54,-5.77,27.77,12.26,1.54,-5.37
12082500,6,10.34778788,31.07,15.75,4.22,-2.46,31.07,17.11,4.22,-2.08
12082500,7,11.71870968,32.7,19.59,6.48,-0.22,32.7,19.59,8.08,0.27
12082500,8,11.65228006,32.66,17.23,8.95,0.27,32.19,17.52,8.95,1.17
12082500,9,10.52863636,33.2,15.63,4.72,-2.34,31.16,18.46,4.21,-2.02
12082500,10,8.33622434,27.28,12.59,-0.88,-8.14,26.22,14.67,-0.88,-8.14
12082500,11,6.216856061,18.02,7.38,-10.56,-17.18,18.02,9.2,-10.56,-17.13
12082500,12,5.952228739,13.36,4.76,-14.81,-22.66,13.49,5.66,-11.2,-18.45
12092000,1,6.135520528,15.05,7.23,-9.75,-18.08,16.64,7.23,-8.85,-18.08
12092000,2,6.878109413,16.39,5.47,-19.19,-24.57,17.46,8.24,-10.11,-17.77
12092000,3,7.512434018,18.11,5.85,-4.52,-14.39,18.11,5.85,-4.52,-10.89
12092000,4,8.626659091,25.36,11.35,-1.57,-9.63,22.3,10.72,-1.57,-9.45
12092000,5,9.29148827,29.36,15.75,0.2,-7.81,26.69,12.79,0.2,-6.23
12092000,6,9.648060606,29.35,16.28,3.25,-3.53,29.35,17.42,3.25,-3.12
12092000,7,10.75056452,30.93,20.12,5.57,-1.69,30.93,20.12,6.8,-1.69
12092000,8,10.60825513,31.21,17.01,7.56,-0.6,30.54,18.03,7.56,0.16
12092000,9,9.542325758,31.96,15.84,3.56,-3.7,29.52,18.65,3.28,-2.19
12092000,10,7.73318915,25.32,12.02,-2.05,-9.21,25.18,14.85,-2.05,-9
12092000,11,6.204409091,18.37,7.5,-11.92,-17.54,18.37,9.72,-11.92,-17.24
12092000,12,6.069109238,13.68,5.51,-16.32,-23.38,14.65,7.23,-12.11,-19.4
12095000,1,6.544171554,14.75,9.14,-6.65,-14.33,16.04,9.14,-6.65,-13.4
12095000,2,7.61300885,17.74,6.58,-12.32,-17.95,17.74,8.07,-4.8,-11.63
12095000,3,8.674457478,20.75,7.47,-0.81,-11.49,21.3,7.47,0.49,-6.34
12095000,4,9.77130303,27.88,11.1,4.93,-4.55,27.78,10.64,4.37,-4.02
12095000,5,10.40048387,32.41,15.97,5.64,-2.76,30.73,14.54,5.64,-1.66
12095000,6,10.6922803,31.8,15.81,9.05,1,31.89,17.47,9.05,1.13
12095000,7,12.16554252,34.41,21.03,10.8,3.78,34.41,21.03,12.55,4.74
12095000,8,12.35302786,35.09,17.27,12.95,3.61,33.62,17.68,12.95,5.02
12095000,9,11.31786364,34.36,14.87,9.99,-0.42,31.57,17.39,8.95,1.14
12095000,10,9.020513196,29.05,14.32,3.57,-4.92,27.71,14.32,3.57,-4.92
12095000,11,6.861931818,18.93,8.96,-5.64,-16.06,18.93,10.23,-5.28,-13.6
12095000,12,6.196246334,13.85,6.82,-10.63,-18.16,15.17,6.82,-7.13,-13.13
12098500,1,5.898958944,11.96,6.27,-11.58,-18.78,14.58,6.27,-11.58,-18.78
12098500,2,6.937843926,14.78,4.02,-18.12,-23.02,14.78,5.09,-10.63,-16.85
12098500,3,7.878592375,18.8,4.93,-3.07,-13.64,18.8,4.93,-2.91,-11.18
12098500,4,9.032204545,25.86,9.86,0.35,-7.76,23.23,8.98,0.67,-7.43
12098500,5,9.755366569,29.6,14.12,2.25,-5.1,26.83,11.27,2.25,-4.87
12098500,6,10.09681061,30.2,14.96,5.29,-1.95,30.2,16.83,5.29,-1.61
12098500,7,11.50371701,32.46,17.83,6.47,0.74,32.46,17.83,7.64,1.87
12098500,8,11.45941349,31.64,16.45,7.69,1.46,31.23,16.95,7.69,2.21
12098500,9,10.38314394,33.2,14.53,5.28,-1.89,30.03,17.2,4.08,-1.4
12098500,10,8.210601173,26.25,11.61,-0.7,-8.48,25.05,12.76,-0.7,-8.35
12098500,11,5.970530303,15.77,7.46,-11.18,-18.33,15.74,8.13,-9.6,-16.69
12098500,12,5.667917889,10.93,4.11,-16.04,-23.28,10.93,4.11,-12.59,-18.58
12114500,1,4.857096774,12.42,6.39,-13.68,-18.06,13.08,6.39,-13.68,-18.06
12114500,2,5.798374899,14.67,4.43,-17.27,-22.04,14.67,5,-11.95,-15.93
12114500,3,6.894912023,19.27,5.41,-3.24,-13.41,19.27,5.41,-3.24,-10.95
12114500,4,8.229765152,24.57,9.15,0.18,-6.84,24.02,9.15,-0.19,-6.7
12114500,5,9.136180352,29.39,13.53,1.93,-4.29,27.67,12.13,1.93,-3.35
12114500,6,9.515181818,31.49,14.82,4.33,-1.23,31.49,16.48,4.33,-1.23
12114500,7,10.83703812,33.66,18,6.46,1.84,33.66,18,6.74,1.98
12114500,8,10.67851906,31.61,17.9,6.88,2.9,31.24,17.67,6.88,2.9
12114500,9,9.484916667,33.51,14.27,4.56,-1.12,30.27,19.07,3.97,-0.3
12114500,10,7.205645161,26.01,12.66,-2.15,-8.16,25.06,12.66,-1.7,-7.12
12114500,11,4.804727273,14.37,7.13,-11.77,-18.28,14.37,8.81,-9.78,-16.02
12114500,12,4.643445748,11.55,4.2,-15.85,-23.1,11.55,4.2,-12.81,-18.06
12115000,1,4.971260997,12.57,6.66,-12.73,-17.37,13.24,6.66,-12.73,-17.37
12115000,2,5.967232502,14.75,4.61,-16.57,-21.23,14.75,5.21,-11.02,-15.16
12115000,3,7.090359238,19.51,5.58,-2.7,-13,19.51,5.58,-2.7,-10.46
12115000,4,8.417825758,24.94,9.54,0.83,-6.36,24.6,9.54,0.54,-6.29
12115000,5,9.292785924,29.99,13.43,2.58,-3.71,27.97,12.43,2.58,-2.99
12115000,6,9.635295455,31.61,14.85,5.07,-0.84,31.61,16.45,5.07,-0.84
12115000,7,10.97728006,33.82,18.28,7.12,2.41,33.82,18.28,7.41,2.41
12115000,8,10.85379032,32,17.71,7.53,3.27,31.78,17.57,7.53,3.27
12115000,9,9.68005303,33.52,14.38,5.29,-0.92,30.36,19.05,4.73,0
12115000,10,7.390410557,26.39,12.54,-1.54,-7.61,25.28,12.65,-1.13,-6.65
12115000,11,4.973280303,14.71,7.47,-10.97,-17.97,14.49,8.77,-9.22,-15.72
12115000,12,4.73771261,11.58,4.41,-15.06,-22.41,11.58,4.41,-12.12,-17.33
12115500,1,4.917368035,12.88,7.63,-11.96,-15.93,14,7.63,-11.96,-15.93
12115500,2,5.814432824,15.14,5.33,-16.24,-20.69,15.14,5.89,-10.5,-14.39
12115500,3,6.86276393,19.24,6.03,-2.58,-12.36,19.24,6.03,-2.58,-10.29
12115500,4,8.132143939,25.04,10.82,1.1,-6.22,24.77,11.04,0.74,-6.05
12115500,5,8.912089443,29.8,13.84,2.4,-3.5,27.97,13.84,2.4,-2.69
12115500,6,9.199871212,31.2,15.11,5.18,-0.86,31.2,16.5,5.18,-0.86
12115500,7,10.43164956,33.57,19.22,7.67,2.64,33.57,19.22,7.95,2.64
12115500,8,10.28082845,31.88,17.6,8.06,3.47,31.5,17.83,8.06,3.47
12115500,9,9.147795455,33.15,15.6,5.79,-0.48,29.86,19.21,5.06,0.42
12115500,10,7.039156891,26.36,12.4,-0.71,-7.2,24.93,13.21,-0.66,-5.94
12115500,11,4.92355303,15.51,8.06,-10.12,-17.23,15.03,9.1,-9.17,-15.4
12115500,12,4.695949413,11.8,4.86,-14.71,-21.09,11.8,4.86,-11.31,-16.38
12117000,1,5.396884164,13.94,8.39,-9.17,-13.98,14.48,8.39,-9.17,-13.79
12117000,2,6.504843121,15.27,6.61,-13.71,-18.52,15.62,6.78,-7.97,-12.01
12117000,3,7.650623167,20.38,6.69,-0.51,-11.04,20.38,6.93,-0.29,-8.46
12117000,4,8.872075758,26.52,11.6,3.16,-4.43,26.25,12.38,3.16,-4.43
12117000,5,9.572272727,32.39,14.19,4.3,-1.44,29.51,14.19,4.3,-1.29
12117000,6,9.795083333,31.62,15.25,7.21,0.72,31.62,16.54,7.21,0.72
12117000,7,11.12195748,34.22,19.82,9.96,4.36,34.22,19.82,10.57,4.36
12117000,8,11.08516862,33.7,17.15,11.01,4.98,32.95,17.12,11.01,4.98
12117000,9,10.02078788,33.83,15.61,8.37,0.11,30.37,18.17,7.84,1.3
12117000,10,7.783863636,28.02,12.98,1.5,-5.23,26.24,12.98,1.5,-4.55
12117000,11,5.578204545,17.66,9.06,-7.32,-15.97,17.66,9.75,-7.15,-14.34
12117000,12,5.107478006,12.12,5.97,-12.07,-18.49,12.93,5.97,-8.89,-13.84
12134500,1,5.37233871,12.23,5.62,-10.78,-19.11,12.51,5.62,-10.78,-19.11
12134500,2,6.602847949,13.61,3.6,-15.99,-21.82,13.61,4.61,-10.53,-16.46
12134500,3,7.615747801,18.3,4.82,-4.94,-13.82,18.3,4.82,-3.13,-11.98
12134500,4,8.869681818,23.98,8.23,0.08,-7.67,23.98,8.61,0.59,-7.67
12134500,5,9.652221408,30.43,11.27,1.73,-4.66,26.87,10.87,2.66,-4.2
12134500,6,9.924007576,30.48,15.04,4.88,-1.69,30.48,16.01,4.88,-0.7
12134500,7,11.45052786,32.95,18.59,6.48,1.49,32.95,18.59,6.85,1.57
12134500,8,11.36524194,31.33,16.88,7.65,2.36,31.59,16.62,7.65,2.36
12134500,9,10.09284848,33.34,13.23,4.34,-1.75,29.94,16.49,5.06,-0.42
12134500,10,7.505667155,25.17,11.57,-4.34,-8.4,25.17,11.57,-1.99,-8.4
12134500,11,5.238848485,14.21,6.61,-13.31,-19.79,14.21,7.81,-9.69,-16.78
12134500,12,5.140751466,11.12,4.46,-16.34,-26.52,11.12,4.46,-11.55,-18.95
12141300,1,4.880227273,12.35,6.32,-11.29,-17.91,12.53,6.32,-11.29,-17.91
12141300,2,5.979404666,13.65,4.63,-16.04,-21.69,13.65,4.75,-10.8,-15.8
12141300,3,7.031656891,18.56,5.54,-3.42,-13.36,18.56,5.54,-2.89,-10.78
12141300,4,8.334272727,24.13,9.08,0.13,-7.05,24.13,9.18,0.53,-7.05
12141300,5,9.19691349,30.19,12.69,2.21,-4.25,27.67,11.32,2.55,-3.43
12141300,6,9.55544697,31.1,15.1,4.46,-0.68,31.1,16.1,4.46,-0.32
12141300,7,10.9720088,33.58,18.29,6.67,1.84,33.58,18.29,6.95,1.84
12141300,8,10.8148827,31.54,17.22,7.14,2.82,31.55,16.89,7.14,2.82
12141300,9,9.535424242,33.26,13.97,4.5,-0.99,29.66,17.82,4.92,-0.26
12141300,10,7.085256598,25.27,12.91,-3.1,-8.15,25.09,12.91,-2.15,-7.13
12141300,11,4.796393939,13.91,7.02,-11.96,-18.54,13.91,8.18,-9.44,-15.93
12141300,12,4.683819648,11.38,4.17,-15.83,-24.14,11.38,4.17,-12.57,-18.07
12143600,1,4.878079179,12.76,6.87,-11.78,-16.94,13.06,6.87,-11.78,-16.94
12143600,2,5.902574417,14.31,5.01,-16.02,-21.07,14.31,5.21,-10.53,-14.97
12143600,3,7.005505865,19.14,5.78,-2.56,-12.86,19.14,5.78,-2.56,-10.43
12143600,4,8.329431818,24.68,9.72,0.72,-6.24,24.68,9.72,0.78,-6.19
12143600,5,9.164824047,30.29,13.21,2.93,-3.71,27.99,12.31,2.95,-2.91
12143600,6,9.501174242,31.28,15.19,5.13,-0.44,31.28,16.35,5.13,-0.44
12143600,7,10.8270088,33.71,18.21,7.24,2.49,33.71,18.21,7.58,2.49
12143600,8,10.67791789,31.85,17.39,7.67,3.25,31.65,17.1,7.67,3.25
12143600,9,9.451825758,33.42,14.8,5.22,-0.71,29.96,18.82,5.14,0.09
12143600,10,7.134596774,26.19,12.86,-1.84,-7.53,25.11,12.86,-1.22,-6.39
12143600,11,4.852628788,14.51,7.42,-10.88,-17.82,14.44,8.67,-9.22,-15.55
12143600,12,4.661429619,11.69,4.54,-14.91,-22.36,11.69,4.54,-11.87,-17.1
12144000,1,5.063277126,13.01,7.17,-10.56,-16.1,13.3,7.17,-10.56,-16.1
12144000,2,6.156653258,14.48,5.49,-15.13,-20.03,14.48,5.54,-9.39,-14.07
12144000,3,7.278284457,19.52,6.04,-2.03,-12.39,19.52,6.04,-1.85,-9.79
12144000,4,8.577871212,25.23,9.97,1.59,-5.66,25.23,10.06,1.73,-5.61
12144000,5,9.370153959,30.97,13.1,3.57,-3,28.18,12.47,3.57,-2.49
12144000,6,9.670734848,31.46,15.25,6.08,0.14,31.46,16.19,6.08,0.14
12144000,7,11.03366569,33.99,18.49,8.05,3.09,33.99,18.49,8.44,3.09
12144000,8,10.9364956,32.31,17.24,8.61,3.79,32.26,17.05,8.61,3.79
12144000,9,9.746856061,33.4,14.78,6.19,-0.5,30.25,18.59,6.15,0.43
12144000,10,7.407756598,26.65,12.52,-1.03,-6.85,25.53,12.52,-0.48,-5.97
12144000,11,5.107060606,15.18,7.85,-9.87,-17.41,14.86,8.86,-8.46,-15.11
12144000,12,4.816840176,11.8,4.91,-13.87,-21.5,11.8,4.91,-10.95,-16.24
12144500,1,5.28292522,12.85,6.82,-9.69,-16.52,13.27,6.82,-9.69,-16.52
12144500,2,6.500579244,14.23,5.27,-14.62,-19.84,14.23,5.33,-8.95,-14.18
12144500,3,7.623431085,19.48,6.07,-2.5,-12.42,19.48,6.07,-1.44,-9.7
12144500,4,8.896280303,25.06,9.39,1.94,-5.77,25.06,9.62,2.33,-5.77
12144500,5,9.682514663,31.27,12.62,3.99,-2.92,28.02,11.67,4.35,-2.55
12144500,6,9.972712121,31.39,15.13,6.46,0.29,31.39,16.11,6.46,0.81
12144500,7,11.43313783,33.91,18.44,8.34,3.23,33.91,18.44,8.7,3.23
12144500,8,11.3792522,32.47,17.15,9.18,3.85,32.39,16.7,9.18,3.85
12144500,9,10.18614394,33.37,13.8,6.56,-0.73,30.28,17.53,6.66,0.45
12144500,10,7.714186217,26.45,12.18,-1.22,-6.85,25.9,12.18,-0.39,-6.3
12144500,11,5.335083333,15.04,7.77,-9.95,-17.66,14.99,8.51,-8.12,-15.14
12144500,12,5.013134164,11.77,4.98,-13.71,-22.32,11.77,4.98,-10.52,-16.37
12145500,1,5.828130499,15.72,9.12,-5.36,-13.54,15.72,9.12,-5.36,-11.61
12145500,2,7.2238214,18.26,7.97,-10.68,-15.99,17.82,7.45,-4.51,-9.45
12145500,3,8.500601173,22.12,7.85,0.24,-9.52,22.12,7.91,2.35,-6.74
12145500,4,9.694257576,27.87,11.04,4.66,-2.68,28.4,11.83,4.66,-2.68
12145500,5,10.2730132,34.37,14.48,6.42,-0.13,31.3,14.64,6.42,-0.13
12145500,6,10.44089394,33.65,15.74,9.65,3.05,33.32,17.25,9.65,3.05
12145500,7,11.86378299,36.41,20.07,12.42,6.1,36.41,20.07,13.23,6.32
12145500,8,11.95320381,35.81,17.54,14.01,5.82,34.48,17.54,14.01,6.29
12145500,9,10.91009091,34.83,14.93,10.71,0.42,32.32,18.36,10.71,2.25
12145500,10,8.485535191,29.77,13.46,3.56,-3.59,27.45,13.46,3.69,-3.59
12145500,11,6.167825758,20.77,10.36,-5.2,-14.49,20.77,10.36,-5.2,-12.72
12145500,12,5.440014663,13.54,7.58,-9.01,-15.92,15.28,7.94,-6.06,-11.45
12147500,1,5.438746334,13.41,7.74,-6.15,-14.93,14.44,7.74,-5.58,-13.78
12147500,2,6.812630732,17.11,6.77,-12.08,-18.91,17.11,6.57,-6.05,-11.8
12147500,3,7.875513196,20.58,7.7,-2.75,-11.74,20.58,7.7,-0.91,-8.89
12147500,4,9.143469697,26.72,9.84,3.51,-4.65,26.72,11.58,3.51,-4.65
12147500,5,9.732756598,31.49,12.17,5.11,-1.97,29.51,12.17,5.11,-1.97
12147500,6,9.859227273,31.49,15.85,7.61,1.38,31.93,15.85,7.61,1.68
12147500,7,11.33996334,34.27,19.5,9.74,4.07,34.27,19.5,9.89,4.07
12147500,8,11.41291789,32.92,17.05,10.53,4.93,33.17,17.05,10.53,4.43
12147500,9,10.28084091,33.17,14.28,8.83,-0.03,30.99,17.38,8.74,0.9
12147500,10,7.869105572,26.48,12.42,-0.1,-5.95,26.48,12.42,1.06,-5.95
12147500,11,5.607674242,18.65,9.03,-8.83,-16.86,18.65,9.7,-6.66,-13.51
12147500,12,5.082958211,12.62,7.22,-11.82,-21.11,12.62,7.22,-7.49,-14.61
12147600,1,4.888181818,12.63,7.16,-8.87,-15.94,12.84,7.16,-8.33,-15.94
12147600,2,6.031383749,15.87,5.87,-14.73,-21.92,15.87,6.04,-8.66,-14.48
12147600,3,6.925608504,18.8,6.58,-5.22,-13.65,18.8,6.58,-3.41,-10.27
12147600,4,8.184833333,25.37,9.85,1.14,-6.8,25.37,11.47,0.82,-6.8
12147600,5,8.868680352,29.16,12.15,2.24,-3.54,28.43,11.89,2.25,-3.07
12147600,6,9.091613636,31.29,15.95,4.87,-0.26,31.29,15.95,4.87,-0.02
12147600,7,10.5136437,33.93,19.35,6.87,1.81,33.93,19.35,7.08,1.81
12147600,8,10.44802053,31.44,16.99,7.16,2.94,32.39,16.99,7.16,2.54
12147600,9,9.234916667,32.6,14.54,5.47,-0.43,30.5,17.6,6.16,0.08
12147600,10,6.940168622,25.15,12.79,-3.18,-7.86,25.15,12.79,-1.73,-7.86
12147600,11,4.914356061,16.72,7.68,-12.66,-18.99,16.72,9.34,-8.56,-14.78
12147600,12,4.684567449,11.79,6.34,-14.99,-24.45,11.79,6.34,-11.05,-17.28
12149000,1,5.506634897,13.13,7.19,-8.57,-15.75,13.83,7.19,-8.57,-15.75
12149000,2,6.774376508,14.8,5.67,-13.66,-19.12,14.8,5.64,-7.84,-13.4
12149000,3,7.906510264,19.74,6.36,-2.2,-11.92,19.74,6.36,-0.7,-9.16
12149000,4,9.144166667,25.36,9.4,2.86,-5.15,25.36,9.66,3.2,-5.15
12149000,5,9.866334311,31.67,12.43,4.78,-2.31,28.47,11.76,5.07,-2.12
12149000,6,10.12318182,31.35,15.25,7.5,0.76,31.35,16.34,7.5,1.4
12149000,7,11.5951173,33.96,18.7,9.11,3.76,33.96,18.7,9.72,3.92
12149000,8,11.59605572,32.81,17.11,10.35,4.37,32.93,16.79,10.35,4.37
12149000,9,10.43588636,33.46,13.81,7.63,-0.55,30.45,17.31,7.73,0.8
12149000,10,7.957536657,26.87,12.26,-0.47,-6.16,26.26,12.26,0.52,-5.84
12149000,11,5.607121212,15.97,8.15,-9.13,-17.27,15.97,8.71,-7.41,-14.58
12149000,12,5.202639296,12,5.61,-12.56,-21.52,12,5.61,-9.28,-15.53
12167000,1,6.147456012,13.09,6.72,-6.94,-18.34,15.37,7.05,-5.4,-15.06
12167000,2,7.699420756,16.44,5.13,-11.68,-18.17,16.43,6.39,-3.78,-12.29
12167000,3,8.935784457,21.03,6.9,-3.55,-13.03,21.03,6.9,-0.03,-10.71
12167000,4,10.28576515,26.58,8.86,4.41,-4.29,27.5,9.66,3.44,-4.29
12167000,5,10.78503666,32.53,11.9,6.51,-1.68,30.22,11.9,6.51,-1.68
12167000,6,10.7162197,32.73,15.5,9.2,0.99,32.25,16.53,9.2,2.02
12167000,7,12.10010264,35.32,19.71,9.23,4.47,35.32,19.71,10.76,4.83
12167000,8,12.30017595,33.64,16.59,12.13,4.09,35.01,16.59,12.13,4.46
12167000,9,11.26726515,35.03,13.62,9.03,-1.22,30.87,17.29,9.18,1.46
12167000,10,8.759178886,28.51,11.67,-0.12,-5.67,25.37,11.99,2.56,-5.67
12167000,11,6.279371212,17.38,9.55,-8.06,-17.64,18.18,9.55,-7.03,-13.64
12167000,12,5.667921554,12.37,7.76,-10.23,-20.71,12.37,7.76,-5.93,-14.71
12175500,1,6.408489736,9.63,3.24,-14.15,-29.97,9.8,3.26,-14.15,-24.27
12175500,2,8.005752212,12.71,1.5,-19.53,-27.71,12.71,2.63,-12.87,-20.57
12175500,3,8.890190616,15.71,3.07,-11.04,-20.67,15.71,3.07,-7.2,-20.67
12175500,4,9.947007576,21.85,6.14,-1.55,-15.53,21.85,6.14,-2.44,-11.24
12175500,5,10.75576246,31.16,9.65,-0.07,-7.91,25.89,9.65,1.25,-7.47
12175500,6,10.85815909,28.65,13.06,3.26,-6.62,30.34,15.24,3.92,-2.96
12175500,7,12.43244135,31.42,17.03,4.98,-3.21,31.42,17.03,5.57,0.09
12175500,8,12.42658358,30.83,15.51,5.56,-2.33,30.59,15.51,5.56,-0.19
12175500,9,10.92077273,31.41,13.2,2.82,-8.93,28.61,15.35,2.4,-2.41
12175500,10,8.188907625,25.39,10.77,-7.88,-11.88,22.85,10.77,-4.2,-11.79
12175500,11,5.972469697,12.1,4.11,-16.02,-25.4,12.1,5.02,-13.93,-22.65
12175500,12,6.087331378,8.82,1.5,-20.58,-34.27,8.82,1.5,-14.06,-23.71
12178100,1,6.291642229,9.44,3.78,-11.88,-27.66,10.8,4.04,-11.88,-22.15
12178100,2,8.014119067,14.53,1.96,-17.84,-26.01,14.53,3.27,-10.69,-18.82
12178100,3,9.021429619,17.02,3.3,-9.56,-18.87,17.02,3.6,-5.52,-18.87
12178100,4,10.10706061,23.43,6.76,-0.1,-13.42,23.43,6.76,-1.12,-9.81
12178100,5,10.88978739,32.3,9.71,2.7,-6.72,26.39,9.71,2.75,-6.22
12178100,6,10.87885606,30.3,13.17,4.19,-5.41,30.66,15.1,5.39,-2.05
12178100,7,12.44297654,31.75,16.74,6.57,-1.67,31.75,16.74,6.57,0.99
12178100,8,12.5466129,31.01,15.54,6.8,-1.57,31.01,15.54,6.8,0.84
12178100,9,11.12335606,32.36,13.3,4.35,-8.51,28.92,16.2,4.22,-1.05
12178100,10,8.416744868,26.53,11,-5.3,-10.79,23.37,11,-2.63,-10.14
12178100,11,5.978007576,13.16,4.98,-15.29,-25.71,13.16,5.85,-11.91,-20.66
12178100,12,5.896293988,9.41,2.41,-17.05,-30.14,9.41,2.37,-11.99,-21.54
12186000,1,5.91755132,13.26,4.63,-11.15,-20.46,12.82,5.36,-11.15,-20.46
12186000,2,7.279058729,14.94,3.58,-16.8,-23.33,14.94,4.65,-10.19,-17.65
12186000,3,8.229076246,18.36,3.86,-6.55,-14.82,18.36,4.62,-4.41,-14.26
12186000,4,9.493765152,24.49,7.58,-0.6,-9.6,24.49,8.96,-0.48,-8.16
12186000,5,10.05756598,30.14,10.55,0.18,-5.6,27.13,10.59,2.2,-5.29
12186000,6,10.15358333,30.71,15.35,4.47,-3.31,30.43,16.07,5.04,-1.04
12186000,7,11.65010997,32.26,18.95,5.35,0.34,32.26,18.95,6.62,1.23
12186000,8,11.6323827,31.67,16.47,7.51,1.21,31.97,16.43,7.51,1.57
12186000,9,10.39658333,34.28,13.35,3.66,-3.14,30.13,16.42,4.96,-0.94
12186000,10,7.868343109,24.79,10.43,-5.96,-9.41,24.79,11.47,-0.8,-9.41
12186000,11,5.769106061,14.66,6.2,-15.81,-21.93,14.76,7.49,-10.67,-18.07
12186000,12,5.665546188,10.91,5.07,-16.93,-28.46,10.91,5.07,-10.53,-19.92
12189500,1,6.1628739,12.02,4.59,-10.8,-21.4,12.26,4.93,-10.8,-20.55
12189500,2,7.664376508,14.16,2.92,-16.4,-23.08,14.16,4.39,-9.62,-17.25
12189500,3,8.671605572,17.83,3.7,-6.9,-15.76,17.83,4.47,-3.95,-14.77
12189500,4,9.943295455,24.36,7.26,0.73,-9.83,24.36,8.19,-0.07,-8.18
12189500,5,10.58585044,31.29,10.55,2.31,-4.85,27.24,10.55,3.22,-4.85
12189500,6,10.64352273,31.02,14.76,5.97,-3.31,30.95,16.12,6.02,-0.96
12189500,7,12.16616569,32.38,18.5,6.25,0.47,32.38,18.5,7.61,1.7
12189500,8,12.17860704,31.56,16.18,8.49,0.86,32.08,16.18,8.49,1.93
12189500,9,10.91418182,33.77,13.18,5.15,-4.04,29.97,16.3,5.4,-0.83
12189500,10,8.292250733,25.7,10.35,-4.82,-9.37,24.11,11.09,-1.3,-9.37
12189500,11,5.961227273,14.19,6.19,-13.52,-21.85,14.44,6.91,-10.64,-18.16
12189500,12,5.816737537,10.53,4.57,-16.34,-28.55,10.53,4.57,-10.26,-19.9
12340000,1,9.621950147,11.93,3.08,-18.67,-32.42,13.73,3.08,-18.67,-32.42
12340000,2,10.92703942,14.09,1.94,-29.18,-39.12,13.56,2.53,-19.78,-33.86
12340000,3,11.84894428,20.02,3.32,-13.78,-26.61,20.02,3.93,-16.82,-28.99
12340000,4,12.85231061,26.38,7.02,-3.89,-19.14,23.99,6.5,-3.76,-19.01
12340000,5,13.45435484,30.17,10.86,2.05,-8.19,28.04,9.43,2.05,-8.19
12340000,6,14.16777273,30.79,13.23,5.09,-1.87,33.36,14.12,5.09,-1.87
12340000,7,16.87760997,34.86,14.9,10.2,-0.58,34.86,14.9,10.48,1.48
12340000,8,16.97697947,32.45,13.12,3.87,-3.67,33.9,13.12,3.87,-3.67
12340000,9,15.05303788,32.19,11.31,-0.04,-10.19,30.65,12.18,-1,-10.15
12340000,10,12.01538856,26.48,7.39,-9.65,-21.26,26.48,7.59,-9.65,-21.26
12340000,11,9.199477273,18.15,6.42,-19.55,-27.59,17.1,5.79,-19.1,-27.59
12340000,12,8.971968475,9.62,1.48,-28.21,-38.64,11.08,2.14,-23.71,-32.25
12358500,1,8.58441349,9.72,3.76,-23.93,-33,12.21,3.76,-23.93,-33
12358500,2,9.797956557,12.88,1.97,-28.22,-37.92,12.88,2.29,-21.56,-33.03
12358500,3,10.58159824,18.65,3.52,-17.6,-29.83,18.65,3.7,-21.07,-31.31
12358500,4,11.56,25.75,6.67,-6.56,-20.61,23.05,5.35,-7.37,-20.61
12358500,5,12.32440616,28.79,9.9,-0.52,-7.5,26.49,9.08,-0.52,-6.84
12358500,6,12.81419697,30.11,13.13,4.71,-2.88,31.65,14.44,4.71,-2.39
12358500,7,15.21021261,33.47,14.17,8.21,0.08,33.47,14.17,9.77,0.56
12358500,8,15.30380499,32.58,14.23,2.09,-4.78,33.93,13.81,2.09,-4.78
12358500,9,13.10901515,31.45,13.5,-0.25,-10.42,28.99,13.5,-2.33,-10.42
12358500,10,10.41934018,25.47,8.58,-9.24,-21.25,25.47,8.66,-10.11,-21.47
12358500,11,7.823893939,17.62,4.99,-22.23,-29.3,15.43,5.98,-20.64,-29.2
12358500,12,7.901741202,8.25,1.71,-26.69,-41.04,9.31,2.95,-24.53,-32.22
12374250,1,8.103643695,9.76,1.83,-17.48,-32,12.15,1.86,-17.48,-31.93
12374250,2,10.13085278,13.71,2.69,-26.73,-36.21,13.71,2.69,-17.39,-31.1
12374250,3,11.31830645,22.21,3.87,-13.54,-27.32,22.21,4.06,-14.31,-26.14
12374250,4,12.98825,27.33,5.46,-2.32,-14.56,25.32,7.33,-2.32,-14.56
12374250,5,13.95581378,30.79,11.91,0.63,-8.18,29.7,10.68,0.63,-6.71
12374250,6,14.63290152,32.26,13.52,4.13,-4.04,35.5,16.91,4.15,-2.08
12374250,7,17.68428886,36.62,15.91,9.08,-3.52,36.62,15.91,11.44,-0.82
12374250,8,17.85359238,34.71,15.11,4.35,-2.42,37.04,15.76,4.35,-1.8
12374250,9,15.73675758,33.56,12.53,4.1,-10.79,32.13,12.94,0.19,-8.95
12374250,10,12.34756598,25.65,8.69,-6.12,-20.09,24.73,8.69,-6.12,-20.09
12374250,11,7.993469697,17.28,8.38,-16.98,-27.85,16.12,8.38,-16.98,-27.37
12374250,12,7.568368768,9.33,1.92,-25.03,-37.61,9.33,2.23,-19.41,-28.72
12375900,1,7.321151026,10.85,3.09,-18.03,-32.04,12.19,3.09,-18.03,-28.47
12375900,2,8.897546259,12.5,2.67,-32.11,-40.15,12.5,2.67,-19.26,-30.98
12375900,3,9.877837243,18.63,3.59,-17.3,-25.73,18.63,3.59,-12.59,-24.73
12375900,4,11.23702273,25.97,7.66,-3.78,-16.41,22.9,6.25,-3.78,-14.89
12375900,5,11.95615103,31.28,13.47,0.57,-8.41,26.2,10.1,0.57,-8.41
12375900,6,12.33600758,31.81,13.07,2.36,-2.16,32.08,16.43,2.36,-2.16
12375900,7,14.52153959,33.2,16.23,6.63,-1.8,33.2,16.23,9.68,0.17
12375900,8,14.48426686,33.47,15.71,3.36,-2.23,33.42,15.74,3.36,-2.23
12375900,9,12.62699242,32.52,13.28,0.9,-9.53,28.96,13.59,-0.7,-7.98
12375900,10,9.857983871,25.13,9,-8.49,-18.68,25.13,9,-8.49,-19.99
12375900,11,7.056333333,16.24,7.06,-20.64,-26.17,14.72,7.06,-18.83,-25.81
12375900,12,6.911367302,8.23,1.82,-26.57,-40.95,8.86,2.44,-22.47,-30.36
12377150,1,7.486942815,11.35,2.87,-18.21,-33.3,12.71,2.87,-18.21,-28.91
12377150,2,8.990941271,13.32,2.47,-32.74,-42.3,11.7,2.47,-21.09,-33.22
12377150,3,9.79516129,17.29,2.83,-17.11,-23.57,17.29,2.83,-12.94,-25.16
12377150,4,10.85121212,25.6,9.11,-5.05,-19.86,21.46,6.27,-5.05,-17.33
12377150,5,11.33058651,30.41,13.73,-1.21,-9.89,25.52,9.69,-1.05,-9.89
12377150,6,11.61281061,30.65,13.88,0.5,-4.02,30.4,16.24,0.5,-3.44
12377150,7,13.58613636,33.61,15.88,5.29,-1.51,32.14,15.88,7.49,-0.41
12377150,8,13.63700147,32.71,14.21,2.62,-3.83,31.93,15.21,2.62,-3.83
12377150,9,11.92260606,32.44,13.3,-0.74,-10.39,27.57,13.3,-1.65,-8.93
12377150,10,9.312778592,25.89,8.38,-10.15,-20.69,25.89,8.38,-10.15,-21.89
12377150,11,6.979909091,16.27,6.85,-22.47,-28,14.47,6.85,-20.48,-28
12377150,12,6.973082845,8.55,0.87,-28.43,-41.83,8.62,1.94,-23.79,-32.56
12381400,1,8.162294721,11.39,1.76,-18.73,-29.96,12.32,1.76,-17.34,-29.96
12381400,2,9.688696702,13.57,2.23,-29.57,-41.03,12.73,2.23,-20.64,-33.2
12381400,3,10.60486804,18.89,2.15,-14.89,-23.34,18.89,2.24,-13.78,-26.4
12381400,4,11.62909848,26.06,8.92,-3.25,-19.34,22.66,5.78,-3.21,-17.13
12381400,5,12.23933284,31.05,13.11,0.38,-8.37,26.7,9.82,0.38,-8.37
12381400,6,12.68212121,30.94,13.68,2.2,-2.71,32.37,15.52,2.2,-2.71
12381400,7,14.98121701,33.71,15.4,6.94,-1.68,33.64,15.55,8.77,0.29
12381400,8,15.15074047,33.16,13.8,3.62,-3.42,33.15,14.47,3.62,-3.42
12381400,9,13.28497727,32.98,13.13,0.42,-9.25,29.24,13.44,-0.86,-9.25
12381400,10,10.39358504,25.56,8.16,-9.79,-20.59,25.56,8.16,-9.79,-22.15
12381400,11,7.614568182,16.41,6.67,-20.45,-27.39,15.3,5.64,-19.84,-27.39
12381400,12,7.430872434,8.3,1.18,-27.63,-38.63,9.12,0.86,-23.32,-32.19
12383500,1,7.795381232,10.99,1.62,-17.92,-31.82,12,1.62,-17.36,-28.68
12383500,2,9.267304907,13.89,2.53,-30.14,-40.45,12.69,2.53,-21.02,-31.69
12383500,3,10.24809384,18.74,2.55,-15.54,-22.89,18.74,2.55,-13.35,-24.78
12383500,4,11.34696212,26.13,9.13,-3.61,-18.99,22.56,6.2,-3.61,-16.07
12383500,5,11.90889296,31.49,13.63,-0.18,-8.16,26.2,10.23,-0.18,-8.16
12383500,6,12.28241667,30.52,14.09,1.79,-3.19,31.91,16.15,1.79,-3.19
12383500,7,14.5098607,34.12,15.93,6.7,-2.13,33.34,15.93,8.32,0.26
12383500,8,14.6543695,33.39,14.32,3.58,-3.69,32.98,15.09,3.58,-3.69
12383500,9,12.82883333,33.02,13.55,-0.04,-9.7,28.74,13.57,-1.07,-8.66
12383500,10,10.05174487,25.81,8.27,-10.05,-20.55,25.81,8.27,-10.05,-21.8
12383500,11,7.348234848,16.3,6.33,-21.05,-27.17,15.18,6.33,-19.9,-27.17
12383500,12,7.116909824,7.46,0.63,-27.6,-41.28,8.35,0.92,-23.21,-32.18
12388400,1,7.165806452,10.43,2.33,-16.97,-26.41,12.35,2.33,-16.97,-26.41
12388400,2,8.789026549,14.04,3.36,-27.03,-35.33,14.04,3.36,-18.34,-28.72
12388400,3,10.2013563,20.16,3.87,-13.4,-21.18,20.16,3.87,-12.81,-23.38
12388400,4,11.60455303,25.22,8.39,-2.46,-13.35,24.39,7.54,-2.46,-13.35
12388400,5,12.353761,30.12,13.81,1.44,-7.59,28.53,11.83,1.44,-6.09
12388400,6,12.80298485,31.06,15.22,5.1,-2.09,34.34,17.97,5.11,-2.09
12388400,7,15.23972141,35.06,17.65,9.37,-2.51,35.06,17.65,10.82,0.95
12388400,8,15.33615836,33.44,16.67,4.48,-1.81,35.51,16.67,4.48,-1.81
12388400,9,13.46934848,33.6,13.57,2.93,-7.45,30.94,14.16,-0.01,-6.8
12388400,10,10.5522654,26.24,9.8,-7.67,-17.55,26.24,9.8,-7.67,-19.42
12388400,11,7.203507576,16.41,7.78,-17.37,-23.51,16.41,7.78,-17.05,-23.05
12388400,12,6.618354106,9.59,2.19,-24.72,-35.62,8.89,2.19,-21.74,-28.86
12390700,1,6.467888563,8.58,2.08,-16.56,-30.97,11.09,2.08,-16.56,-25.59
12390700,2,8.200241352,14.27,3.22,-24.45,-31.31,14.27,3.22,-16.37,-27.16
12390700,3,9.562485337,19.43,3.93,-11.03,-21.58,19.43,4.02,-12.06,-20.76
12390700,4,11.24380303,26.81,7.95,-1.48,-11.86,24.46,6.91,-1.48,-11.27
12390700,5,12.32569648,31.03,12.46,2.35,-8.57,28.36,10.71,2.35,-6.52
12390700,6,12.99128788,32.79,14.21,3.75,-4.34,35.99,17.47,4.44,-1.35
12390700,7,15.59264663,35.1,17.91,10.09,-3.09,35.1,17.91,10.15,0.64
12390700,8,15.81130499,34.27,16.03,4.39,-1.94,37.81,16.44,4.39,-1.43
12390700,9,14.01549242,34.1,12.91,3.93,-8.77,32.03,13.71,0.05,-6.61
12390700,10,10.75907625,28.33,10.07,-6.64,-17.04,25.22,10.07,-6.64,-17.04
12390700,11,6.48175,17.26,8.3,-14.88,-24.72,15.56,8.3,-14.79,-21.42
12390700,12,6.044798387,6.99,1.53,-21.37,-34.82,7.49,1.82,-19.67,-25.87
12411000,1,6.067082111,9.18,2.24,-14.42,-27.94,9.17,2.52,-14.17,-25.3
12411000,2,7.815478681,13.6,3.48,-21.77,-28.97,13.4,3.48,-14.56,-22.97
12411000,3,9.425549853,18.91,4.26,-10.13,-19.09,18.91,4.51,-11.55,-19.09
12411000,4,11.24715152,27.45,8.71,0.5,-10.81,24.13,8.02,0.5,-8.62
12411000,5,12.36671554,31.28,12.25,5.19,-5.54,29.46,12.25,5.19,-5.54
12411000,6,12.78923485,32.27,14.51,5.25,-3.26,35.47,18.23,6.47,0.51
12411000,7,15.24863636,34.67,17.55,10.59,-0.29,34.67,17.55,11.31,1.92
12411000,8,15.35862903,34.39,16.05,8.26,-0.73,35.97,16.89,8.26,-0.73
12411000,9,13.53901515,33.93,13.68,5.46,-7.64,31.35,14.02,2.16,-3.81
12411000,10,10.31230938,26.03,10.15,-3.04,-13.86,25.26,10.15,-3.04,-13.57
12411000,11,6.191128788,16.21,8.17,-13.96,-24.18,14.7,8.17,-13.39,-19.88
12411000,12,5.68244868,7.82,2.89,-18.79,-30.28,8.34,3.04,-17.27,-23.48
12413000,1,6.162052786,9.34,2.2,-14.51,-28.28,9.84,2.53,-14.51,-25.27
12413000,2,7.945639582,13.7,3.54,-21.75,-28.07,13.67,3.54,-14.29,-23.55
12413000,3,9.576928152,19.21,4.14,-9.31,-19.15,19.21,4.4,-10.84,-19.11
12413000,4,11.38881061,27.45,8.68,0.69,-9.9,24.69,7.84,0.69,-8.47
12413000,5,12.55193548,31.42,12.17,5.04,-5.38,29.75,11.71,5.04,-5.38
12413000,6,13.0052197,32.66,14.58,5.54,-2.47,36.19,18.53,6.75,0.32
12413000,7,15.51426686,34.92,17.99,11.21,0.63,34.92,17.99,11.84,1.99
12413000,8,15.67087977,34.73,15.86,8.34,-0.67,36.84,16.85,8.34,-0.67
12413000,9,13.85115909,34.12,13.92,5.99,-6.94,31.76,14.07,2,-4.36
12413000,10,10.56111437,26.5,10.13,-3.24,-13.8,25.44,10.13,-3.24,-13.8
12413000,11,6.32855303,16.45,8.26,-13.17,-23.6,15.15,8.26,-12.9,-19.73
12413000,12,5.761019062,7.88,2.91,-18.38,-30.23,8.66,3.08,-17.04,-23.36
12413500,1,6.203152493,9.44,2.21,-14.57,-28.52,10.15,2.54,-14.57,-25.19
12413500,2,7.985703942,13.8,3.56,-21.74,-27.77,13.8,3.56,-14.29,-23.7
12413500,3,9.619970674,19.25,4.19,-9.03,-19.11,19.25,4.32,-10.61,-19.05
12413500,4,11.42084091,27.52,8.74,0.71,-9.68,24.88,7.75,0.71,-8.38
12413500,5,12.59384164,31.51,12.24,4.86,-5.48,29.85,11.54,4.86,-5.24
12413500,6,13.06220455,32.76,14.65,5.57,-2.22,36.3,18.52,6.73,0.24
12413500,7,15.59482405,35.02,18.16,11.3,0.83,35.02,18.16,11.98,1.92
12413500,8,15.76298387,34.82,15.83,8.21,-0.67,37.03,16.88,8.21,-0.67
12413500,9,13.94510606,34.24,14.04,5.98,-6.77,31.89,14.04,1.94,-4.51
12413500,10,10.63155425,26.8,10.09,-3.41,-13.93,25.64,10.09,-3.41,-13.93
12413500,11,6.367659091,16.52,8.21,-12.9,-23.47,15.24,8.21,-12.79,-19.63
12413500,12,5.793771994,7.82,2.88,-18.57,-30.28,8.82,3.16,-17.16,-23.46
12414500,1,6.524039589,9.66,1.96,-13.7,-29.1,11.97,2.12,-13.7,-23.95
12414500,2,8.209316171,14.17,3.17,-22.14,-29.2,14.17,3.17,-14.86,-25.55
12414500,3,9.760652493,19.35,4.28,-7.34,-18.78,19.35,4.28,-9.13,-19.03
12414500,4,11.42869697,27.45,8.51,-0.13,-9.89,24.89,6.67,-0.13,-9.89
12414500,5,12.58718475,31.86,12.8,2.64,-6.84,29.5,10.97,2.64,-4.9
12414500,6,13.18122727,32.83,14.45,4.75,-2.99,36.42,18,4.75,-0.89
12414500,7,15.7690176,35.07,17.91,10.78,-1.31,35.07,17.91,11.53,0.77
12414500,8,15.91223607,34.28,15.49,6.08,-1.22,37.37,16.82,6.08,-1.12
12414500,9,14.07757576,33.72,13.84,4.97,-6.86,32.08,13.94,1.07,-5.61
12414500,10,10.72377566,27.54,9.64,-5.2,-15.45,26.49,9.64,-5.2,-15.45
12414500,11,6.558742424,16.01,7.02,-14.11,-22.65,15.92,7.02,-13.44,-20.1
12414500,12,6.031928152,6.81,2.05,-21.16,-31.33,8.54,2.85,-18.83,-25.3
12447390,1,7.033174487,7.45,1.98,-22.84,-37.75,8.47,2.3,-21.92,-30.27
12447390,2,8.125156879,11.13,1.99,-23.32,-33.41,10.84,2.58,-17.41,-24.62
12447390,3,8.615821114,14.08,2.48,-14.61,-25.9,14.08,3.48,-12.15,-25.9
12447390,4,9.238598485,19.4,10.08,-4.92,-22.02,19.4,8.83,-4.92,-13.68
12447390,5,9.809281525,29.73,13.13,-1.98,-13.24,24.99,11.9,-0.51,-9.88
12447390,6,10.18514394,27.33,15.29,0.91,-6.72,28.03,18.63,1.87,-5.44
12447390,7,11.47318182,32.6,17.93,3.09,-8.54,30.78,17.93,3.4,-2.53
12447390,8,11.4440176,32.15,17.65,3.75,-4.84,29.25,17.98,3.75,-1.73
12447390,9,10.23934091,32.41,14.14,-0.66,-10.84,27.52,16.45,-2.45,-6.94
12447390,10,8.010557185,21.82,9.82,-12.77,-24.66,21.29,10.97,-8.37,-19.32
12447390,11,6.522462121,11.11,3.26,-22.12,-31.65,11.11,3.3,-17.73,-28.46
12447390,12,6.842606305,6.36,0.52,-29.64,-40.78,6.36,0.52,-21.15,-29.33
12449500,1,6.815432551,7.57,1.97,-16.93,-30.5,7.46,1.97,-16.93,-27.12
12449500,2,8.413925986,10.33,0.8,-20.1,-27.31,10.18,1.82,-13.44,-22.59
12449500,3,9.61122434,15.75,2.91,-10.52,-20.22,16.21,3.11,-7.2,-20.22
12449500,4,10.86152273,22.48,8.56,-0.07,-15.38,22.32,8.09,-0.07,-10.75
12449500,5,11.62921554,30.91,11.31,3.43,-6.72,27.88,11.31,4.13,-6.72
12449500,6,11.89693182,30.73,15.34,6.23,-4.51,32.25,18.23,6.23,-1.77
12449500,7,13.48043988,33.01,17.91,8.42,-3.82,33.01,17.91,8.42,0.85
12449500,8,13.43437683,32.88,17.3,9.1,-1.21,32.31,17.3,9.1,0.48
12449500,9,12.18590909,31.89,14.04,3.58,-7.76,29.3,15.4,1.44,-2.75
12449500,10,9.455879765,23.73,10.18,-6.98,-15.69,22.97,10.24,-5.05,-14.04
12449500,11,6.640318182,11.48,3.72,-16.48,-24.35,11.48,3.95,-14.03,-23.27
12449500,12,6.5078739,5.87,0.38,-22.09,-34.56,5.87,0.38,-16.27,-25.67
12449950,1,6.727895894,8.2,1.94,-16.05,-29.01,7.59,1.94,-16.05,-26.45
12449950,2,8.410724055,10.98,1.08,-19.32,-26.05,10.52,1.97,-12.71,-22.3
12449950,3,9.804662757,16.73,3.11,-9.48,-18.68,16.81,3.42,-6.16,-18.68
12449950,4,11.16153788,23.36,8.65,0.76,-13.65,23.1,8.21,0.76,-9.91
12449950,5,11.95475806,31.32,11.67,4.44,-5.83,28.63,11.67,5.11,-5.83
12449950,6,12.23820455,31.71,15.71,7.24,-3.73,33.35,18.63,7.21,-0.94
12449950,7,13.85601173,33.85,18.13,9.28,-2.53,33.85,18.13,9.28,1.65
12449950,8,13.80763196,33.18,17.69,10.19,-0.3,33.16,17.69,10.19,1.02
12449950,9,12.57124242,32.59,14.23,4.57,-6.54,30,15.49,2.26,-1.96
12449950,10,9.788321114,24.23,10.34,-5.81,-14.89,23.68,10.37,-4.37,-12.99
12449950,11,6.708295455,11.85,4.03,-15.76,-23.79,11.84,4.34,-13.06,-22.16
12449950,12,6.407166422,6.6,0.39,-20.55,-33.28,6.6,0.39,-15.47,-24.56
12451000,1,6.703665689,10.29,2.65,-15.98,-29.4,9.12,2.65,-15.98,-25.71
12451000,2,8.234827031,11.29,0.74,-20.45,-28.18,11.29,2.29,-14.23,-22.27
12451000,3,9.04255132,15.75,2.42,-10.73,-19.67,15.75,2.6,-7.02,-19.67
12451000,4,10.17110606,21.27,5.88,-3.43,-16.42,21.27,5.9,-2.73,-11.77
12451000,5,10.94225806,30.67,9.53,-1.87,-7.99,26.69,9.53,0.83,-7.9
12451000,6,11.09765152,29.25,13.54,3.45,-8.29,30.33,16.2,3.88,-3.72
12451000,7,12.6853739,31.43,17.28,4.31,-5,31.34,17.28,4.85,-0.51
12451000,8,12.57705279,31.58,15.87,5.88,-3.13,31.2,15.87,5.88,-0.71
12451000,9,11.14200758,31.12,13.69,1.67,-8.7,28.65,14.94,1.16,-3.11
12451000,10,8.444692082,23.77,10.34,-8.09,-13.36,23.54,10.34,-4.88,-12.77
12451000,11,6.144121212,11.65,4.05,-16.18,-24.84,11.65,4.35,-14.43,-22.96
12451000,12,6.405571848,7.83,0.97,-22.11,-36.7,7.83,0.97,-15.13,-24.99
12459000,1,6.025395894,9.86,3.29,-14.4,-23.64,9.62,3.29,-14.4,-23.64
12459000,2,7.49845535,12.29,1.61,-18.15,-23.89,12.29,3.07,-12.69,-19.94
12459000,3,8.696928152,18.09,3.22,-6.68,-15.49,18.09,4.17,-4.32,-14.72
12459000,4,10.03814394,23.2,7.16,-0.98,-10,23.2,7.75,0.56,-8.95
12459000,5,10.93379765,30.82,11.01,1.73,-5.21,27.83,11.18,3.76,-5.21
12459000,6,11.29033333,31.37,14.89,5.52,-3.64,32.55,17.9,5.52,-1.21
12459000,7,12.91897361,33.35,18.17,6.89,-0.47,33.35,18.17,6.89,1.3
12459000,8,12.76064516,32.62,17.12,8.4,0.79,32.62,17.12,8.4,1.42
12459000,9,11.46798485,33.25,14.02,4.12,-3.76,30.16,15.52,2.96,-1.28
12459000,10,8.672360704,24.01,11.07,-5.53,-10.64,23.8,11.07,-3.54,-10.4
12459000,11,5.830060606,12.23,5.68,-15.25,-22.12,12.54,6.14,-11.19,-18.89
12459000,12,5.733684018,8.64,1.86,-19.08,-31.58,8.64,1.86,-13.43,-21.36
12462500,1,6.105542522,9.5,3.11,-14.27,-23.57,9.68,3.11,-14.27,-23.57
12462500,2,7.632284795,12.42,1.82,-17.88,-23.3,12.23,3.14,-12.31,-20.27
12462500,3,8.97047654,18.42,3.4,-5.75,-15.17,18.42,4.17,-3.8,-14.65
12462500,4,10.33214394,23.74,7.42,0.04,-9.07,23.74,7.89,1.48,-8.49
12462500,5,11.17667889,31.09,11.89,3.03,-4.69,28.28,11.43,4.69,-4.69
12462500,6,11.53599242,31.96,15.44,6.19,-2.86,33.18,18.29,6.19,-0.45
12462500,7,13.14530059,33.76,18.34,8.04,0.12,33.76,18.34,8.04,2.06
12462500,8,13.02332845,33.12,17.48,9.34,1.43,33.12,17.48,9.34,1.73
12462500,9,11.81502273,33.49,14.17,5.2,-3.25,30.51,15.77,3.22,-0.99
12462500,10,9.105857771,24.46,11.16,-4.62,-10.86,23.81,11.16,-2.91,-9.92
12462500,11,6.116227273,12.83,5.93,-14.52,-22.19,12.93,6.15,-10.84,-18.91
12462500,12,5.815703812,8.49,1.91,-18.44,-31.11,8.49,1.91,-13.09,-20.55
12488500,1,6.003218475,11.05,4.74,-14.9,-23.43,13.82,4.74,-14.9,-23.43
12488500,2,7.25773934,14.47,3.62,-20.83,-25.67,13.82,3.62,-14.03,-20.52
12488500,3,8.258966276,17.47,4.63,-4.93,-14.67,17.47,4.63,-5.06,-16.04
12488500,4,9.391356061,25.51,9.64,-1.78,-10.12,21.35,6.43,-0.37,-10.12
12488500,5,10.09965543,30.29,14.77,0.34,-7.12,26.31,9.94,1.28,-7.12
12488500,6,10.54301515,29.84,14.87,3.38,-3.55,30.33,16.68,3.38,-3.19
12488500,7,12.12984604,31.87,16.71,5.04,-1.2,31.87,16.71,5.26,0.37
12488500,8,12.02016862,31.82,16.71,6.15,0.18,31.61,16.13,6.15,0.57
12488500,9,10.90465909,33.94,14.15,3.41,-3.31,29.87,15.45,0.83,-3
12488500,10,8.606920821,26.69,11.19,-2.9,-11.55,23.8,11.19,-2.9,-11.55
12488500,11,6.042340909,15.06,7.37,-14.08,-20.74,15.06,7.37,-11.02,-18.82
12488500,12,5.779325513,9.79,3.32,-19.07,-27.47,9.79,3.32,-16.02,-21.56
13011500,1,11.85968475,6.31,0.69,-19.6,-38.05,6.41,0.69,-17.5,-31.82
13011500,2,13.34814159,10.15,-0.77,-21.29,-38.18,10.15,-0.77,-15.13,-32.72
13011500,3,13.92514663,14.6,0.7,-9.37,-28.34,14.6,1.16,-8.42,-28.34
13011500,4,14.04828788,20.28,1.56,-5.32,-24.09,20.85,1.76,-5.06,-21.96
13011500,5,14.05596774,25.05,5.68,-2.29,-15.41,25.05,5.68,-0.01,-14.38
13011500,6,15.37815909,28.74,10.07,1.95,-6.79,27.77,9.94,1.95,-4.28
13011500,7,17.22358504,30.72,11.53,5.87,-6.3,30.72,11.58,5.87,-1.34
13011500,8,17.42821848,30.1,10.53,8.9,-5.35,30.1,10.53,7.37,-5.17
13011500,9,15.94582576,26.05,9.34,-1.02,-16.13,26.94,9.58,-0.35,-10.5
13011500,10,13.03053519,22.97,3.89,-8.31,-22.44,22.97,4.74,-9.67,-24.08
13011500,11,10.98854545,14.51,3.95,-18.5,-28.97,14.51,3.95,-18.5,-28.97
13011500,12,10.94829912,6.16,-0.24,-25.38,-37.87,5.93,-0.24,-19.82,-31.62
13011900,1,11.28516862,7.61,0.24,-22.28,-37.45,8.1,0.24,-20.37,-31.19
13011900,2,12.63738536,8.74,-1.36,-22.52,-37.6,8.57,-1.36,-16.65,-33.06
13011900,3,13.37340176,13.49,-0.01,-11.77,-29.42,13.49,1.1,-10.08,-27.59
13011900,4,13.62009848,19.05,1.55,-7.8,-24.6,19.83,1.55,-6.6,-23.46
13011900,5,13.39434751,23.57,5.51,-5.54,-16.6,23.57,5.51,-1.35,-15.09
13011900,6,14.6102803,27.57,8.94,1.02,-8.74,26.13,9.28,1.02,-5.24
13011900,7,16.12077713,29.24,10.97,4.86,-8.27,29.24,11.54,4.86,-1.82
13011900,8,16.23606305,28.19,10.05,7.82,-6.91,28.19,10.53,7.1,-4.89
13011900,9,14.69611364,24.49,8.96,-3.63,-16.87,25.47,8.96,-1.59,-11.91
13011900,10,12.10544721,21.7,3.72,-9.53,-23.84,21.7,4.7,-11.43,-24.02
13011900,11,10.50529545,12.99,3.61,-19.69,-28.9,12.99,3.61,-19.69,-28.9
13011900,12,10.46652493,7.81,-0.46,-26.21,-39.28,6.22,-0.46,-21.49,-32.56
13018300,1,11.96417155,7.57,0.2,-18.82,-37.38,6.2,0.2,-18.82,-31.44
13018300,2,13.07345937,9.82,-0.67,-19.73,-39.06,9.46,-0.67,-15.76,-32.78
13018300,3,13.41640762,15.19,0.96,-9.26,-26.93,14.67,1.59,-9.26,-26.93
13018300,4,13.68197727,21.16,3.8,-5.43,-22.93,21.16,3.8,-2.56,-18.18
13018300,5,13.80668622,25.39,7.79,-1.76,-14.7,25.39,7.79,0.2,-12.67
13018300,6,15.15460606,28.43,10.74,1.9,-6.13,28.06,11.1,1.9,-5.48
13018300,7,16.90898094,31.14,12.23,7.15,-8.83,31.14,12.62,7.15,-1.67
13018300,8,16.92567449,29.67,11.21,8.65,-4.96,29.67,12.44,8.33,-4.75
13018300,9,15.56563636,26.33,9.45,0.42,-15.31,27.52,10.04,0.42,-10.59
13018300,10,12.77327713,22.09,4.22,-6.93,-21.64,22.09,6.4,-9.11,-21.77
13018300,11,11.03377273,14.27,4.35,-16.82,-28.81,14.56,4.35,-16.82,-28.8
13018300,12,11.08245968,6.65,0.36,-25.83,-38.21,6.65,0.36,-21.51,-31
13023000,1,11.31927419,7.43,0.49,-17.54,-35.35,7.98,0.49,-16.73,-29.44
13023000,2,12.5391794,10.4,0,-19.38,-38.92,10.4,0,-14.32,-30.28
13023000,3,13.0898607,15.14,0.85,-8.41,-26.64,14.96,1.43,-8.41,-26.64
13023000,4,13.35971212,21.22,3.44,-3.32,-22.75,21.22,3,-2.96,-18.69
13023000,5,13.61664223,25.4,7.89,0.54,-12.15,25.4,7.89,0.54,-12.15
13023000,6,15.34673485,28.16,10.41,3.11,-6.04,28.16,11.79,3.11,-5.43
13023000,7,16.89887097,31.32,12.28,6.32,-5.59,31.32,12.28,6.32,-1.64
13023000,8,16.82952346,29.97,11.61,9.08,-3.7,30,11.61,8.63,-3.7
13023000,9,15.45903788,26.77,10.1,0.89,-14.03,27.56,10.31,0.89,-10.87
13023000,10,12.78818182,22.98,4.72,-5.18,-19.54,22.98,6.52,-8.3,-23.07
13023000,11,10.8755,15.67,3.96,-17.03,-29.41,15.67,3.96,-17.03,-28.24
13023000,12,10.56207478,7.38,0.12,-25.34,-35.36,7.51,0.12,-19.67,-29.48
13083000,1,9.83318915,12.19,3.66,-13.2,-28.46,13.07,3.66,-13.2,-24.39
13083000,2,10.48495575,16.13,3.16,-16.54,-29.48,16.13,4.47,-8.99,-23.59
13083000,3,11.62997801,22.62,5.08,-5.6,-17.11,22.62,6.89,-5.6,-17.11
13083000,4,13.00894697,25.72,9.36,-1.74,-12.14,26.44,10.73,-1.74,-11.72
13083000,5,13.71355572,32.67,13.16,2.41,-9.7,32.67,13.74,1.94,-7.36
13083000,6,15.56489394,33.19,17.59,5.19,-3.86,33.6,17.09,5.19,-3.86
13083000,7,16.58605572,36.24,18.27,12.59,-1.88,36.23,18.45,12.59,2.5
13083000,8,16.62381232,35.02,19.17,10.72,0.14,34.76,19.17,13.19,0.14
13083000,9,15.83675758,32.57,15.51,4.12,-10.07,34.04,15.51,4.12,-5.43
13083000,10,13.49249267,29.62,11.55,-4.77,-15.79,29.62,12.12,-4.92,-16.17
13083000,11,10.66688636,19.81,7,-11.67,-21.87,20.46,7,-11.67,-21.87
13083000,12,9.630509531,13.77,2.15,-21.28,-32.99,13.77,3.33,-12.67,-22.94
13161500,1,11.07425953,13.4,2.62,-11.8,-31.28,14.09,2.62,-11.8,-23.98
13161500,2,11.51586484,16.59,2.07,-16.86,-32.61,15.35,3.34,-7.74,-22.32
13161500,3,11.96951613,20.96,3.55,-5.75,-22.19,20.96,6.03,-4.27,-18.63
13161500,4,13.27168182,24.31,6.87,-1.8,-14.59,25.21,7.34,-1.8,-14.16
13161500,5,14.26264663,29.58,11.39,1.91,-10.18,29.58,11.39,1.28,-9.92
13161500,6,16.38081818,31.73,14.31,5.08,-5.71,33.22,15.45,5.08,-5.2
13161500,7,18.06701613,35.77,17.03,12.9,-3.57,35.77,17.03,13.8,0.51
13161500,8,18.07379765,33.49,15.96,12.44,-2.31,33.68,15.96,12.44,-2.31
13161500,9,16.95390152,30.61,12.92,2.97,-8.85,32.88,13.58,3.43,-7.37
13161500,10,14.61815982,28.41,9.23,-3.22,-16.55,28.41,9.23,-4.19,-16.55
13161500,11,11.52306818,18.73,4.75,-10.85,-22.64,19.61,5.5,-10.85,-22.64
13161500,12,10.81358871,13.82,3.09,-20.57,-35.16,12.2,2.71,-11.89,-25.09
13186000,1,10.59324047,9.56,1.66,-18.1,-36.24,10.9,1.66,-14.29,-26.15
13186000,2,11.76411907,13.01,0.44,-15.95,-38.01,13.01,1.58,-10.03,-26.15
13186000,3,12.23880499,17.41,1.89,-5.48,-21.96,17.41,4.72,-5.48,-19.47
13186000,4,13.14084091,22.58,6.4,-3.07,-20.15,23.08,6.48,-0.9,-14.21
13186000,5,13.561261,28.3,9.48,3.35,-10.07,28.3,10.81,2.42,-9.98
13186000,6,14.96096212,30.85,14.22,4.17,-5.72,32.74,15.68,4.17,-5.12
13186000,7,16.73654692,35.47,16.26,8.89,-7.56,35.47,16.26,11.24,-0.43
13186000,8,16.88191349,35.21,14.51,9.09,-3.41,32.92,15.69,9.6,-3.41
13186000,9,15.66087121,31.39,12.59,3.36,-8.96,30.87,13.43,4.06,-7.72
13186000,10,13.19957478,26.97,9.9,-4.87,-17.68,26.97,9.9,-5.57,-17.68
13186000,11,10.50406061,17.99,5.47,-13.46,-28.5,17.57,5.47,-13.46,-23.97
13186000,12,10.14733138,9.35,0.96,-21.85,-38.72,9.35,1.84,-15.72,-26.4
13200000,1,9.336180352,11,3.62,-13.35,-26.36,11,3.62,-8.84,-21.99
13200000,2,10.9452856,15.5,2.62,-13.63,-28.82,15.5,4.09,-8.61,-23.61
13200000,3,12.08483871,20.32,4.87,-3.3,-15.18,20.32,6.53,-2.12,-15.18
13200000,4,13.46310606,28,8.79,1.57,-10.64,26.58,8.04,2.28,-10.64
13200000,5,14.255,32.09,12.09,5.39,-6.68,32.09,13.06,5.18,-6.68
13200000,6,15.72145455,34.56,15.75,6.67,-2.53,36.89,18.41,6.67,-2.49
13200000,7,17.82406891,38.27,18.29,14.32,-1.61,38.27,18.55,14.91,1.98
13200000,8,17.75854106,36.29,16.24,11.53,-1.09,36.95,17.78,11.9,-1.09
13200000,9,16.42209848,33.88,15.75,6.83,-4.27,33.88,15.75,6.54,-4.26
13200000,10,13.50577713,30.08,11.45,-1.06,-13.31,30.08,11.45,-1.48,-13.31
13200000,11,9.694128788,19.45,8.59,-9.92,-22.86,19.45,8.59,-9.92,-20.17
13200000,12,8.869446481,10.18,2.46,-19.93,-32.55,10.61,5.3,-12.89,-24.21
13235000,1,11.16383431,9.43,1.31,-18.55,-34.29,11.24,1.31,-13.72,-27.33
13235000,2,12.7834996,13.07,0.69,-17,-38.5,13.07,0.7,-9.45,-26.12
13235000,3,13.19882698,18.63,1.35,-6.33,-22.58,18.63,3.37,-6.33,-22.58
13235000,4,13.70497727,21.9,3.7,-3.64,-19.02,22.01,3.84,-1.68,-17.25
13235000,5,13.87243402,28.31,7.74,2.12,-11.53,27.59,8.68,2.16,-11.03
13235000,6,15.16334848,29.85,11.43,2.39,-5.66,32.09,14.91,2.39,-5.21
13235000,7,17.52577713,34.33,15.69,8.48,-6.03,34.33,15.69,9.77,-1.45
13235000,8,17.80371701,32.83,11.97,6.17,-5.49,32.95,13.7,7.07,-5.49
13235000,9,16.46520455,30.76,11.21,1.54,-9.14,30.99,11.21,2.18,-8.85
13235000,10,13.39222874,26.65,7.42,-4.82,-17.79,26.65,7.42,-5.48,-17.79
13235000,11,10.57077273,15.44,5.96,-13.87,-29.32,17.2,5.96,-13.87,-26.24
13235000,12,10.45975806,8.1,0.48,-22.05,-39.9,8.1,1.1,-15.65,-29.96
13240000,1,10.39792522,8.83,1.11,-14.22,-34.07,10.11,1.11,-14.14,-29.48
13240000,2,12.08183427,12.34,0.78,-16.61,-38.37,12.34,2.22,-10.43,-27.39
13240000,3,12.24147361,17.61,2.4,-6.11,-24.89,17.61,3.13,-6.11,-22.16
13240000,4,12.93773485,21.95,4.56,-3.32,-20.88,22.74,4.1,-2.88,-20.88
13240000,5,13.27697214,26.62,8.98,0.75,-13.75,26.56,8.09,0.88,-11.07
13240000,6,14.43463636,29.76,12.16,-0.02,-8.54,33.4,16.83,-0.02,-6.08
13240000,7,17.24085777,34.38,15.66,7.88,-7.67,34.38,15.67,7.15,-2.14
13240000,8,17.51561584,32.34,12.38,5.82,-7.78,32.51,14.35,6.79,-5
13240000,9,15.92340909,30.49,11.18,1.07,-13.47,31.47,11.78,1.17,-8.78
13240000,10,12.38914223,27.17,7.52,-4.68,-18.19,27.17,8.81,-4.68,-18.03
13240000,11,9.283007576,14.66,7.06,-13.56,-34.77,14.97,7.06,-13.56,-26.7
13240000,12,9.610582845,6.64,1.16,-21.58,-43.7,7.08,2.67,-16.99,-33.87
13302500,1,11.21598974,8.02,0.02,-17.01,-33.38,10.17,0.02,-17.01,-27.74
13302500,2,12.52884151,11.23,-0.26,-19.19,-39.76,11.23,0.92,-13.04,-27.09
13302500,3,12.91774927,17.9,1.18,-7.25,-24.55,17.9,3.76,-7.25,-22.02
13302500,4,13.54656061,21.68,3.79,-3.35,-20.78,22,4.63,-3.35,-16.53
13302500,5,13.67365103,27.37,8.66,1.64,-11.46,27.37,8.66,1.64,-10.43
13302500,6,14.98275758,29.83,10.91,2.03,-6.18,31.45,13.55,2.03,-5.16
13302500,7,17.33671554,33.53,14.6,7.89,-7.08,33.53,14.6,9.26,-1.58
13302500,8,17.47676686,32.22,11.95,7.52,-5.83,31.87,13.79,9.45,-5.33
13302500,9,16.07199242,29.41,10.67,1.83,-11.74,29.97,10.67,1.23,-9.95
13302500,10,13.19131965,25.67,7.01,-6.84,-20.49,25.67,7.01,-7.94,-20.49
13302500,11,10.82327273,15.9,5.34,-14.44,-29.31,15.83,5.34,-14.44,-26.59
13302500,12,10.63280792,7.78,-0.39,-23.62,-41.99,7.78,-0.11,-18.53,-30.94
13310700,1,10.55295455,8.97,1.49,-15.39,-33.79,11.46,1.49,-13.79,-28.55
13310700,2,12.26690265,11.83,0.76,-17.16,-37.5,11.83,1.46,-9.1,-27.22
13310700,3,12.57583578,18.85,1.44,-6.27,-23.96,18.85,3.31,-6.27,-22.61
13310700,4,13.42501515,21.66,2.78,-2.39,-19.43,22.79,3.6,-2.21,-19.43
13310700,5,13.86617302,28.11,8.02,1.61,-11.93,26.38,8.16,1.61,-11.06
13310700,6,15.17137121,30.24,11.49,1.16,-6.31,34.15,15.85,1.16,-5.38
13310700,7,18.05291056,35.14,14.81,8.54,-5.54,35.14,15.17,8.35,-1.66
13310700,8,18.31595308,32.28,12.23,5.96,-5.54,33.44,14.08,6.7,-5.48
13310700,9,16.6939697,30.58,10.53,2.12,-11.27,31.72,10.84,1.74,-9.31
13310700,10,13.01992669,27.78,6.65,-3.87,-18.79,27.78,8.14,-4.8,-18.79
13310700,11,9.718969697,14.76,6.76,-13.53,-30.81,16.06,6.76,-13.53,-26.92
13310700,12,9.741162023,7.06,0.99,-21.71,-42.29,7.57,1.76,-16.57,-32.65
13313000,1,11.01766862,9.64,1.22,-16.73,-35.4,12.79,1.22,-15.1,-30
13313000,2,12.63900241,12.11,0.66,-18.66,-39.32,11.72,0.73,-9.53,-27.32
13313000,3,12.89455279,19.76,1.09,-7.69,-25.73,19.76,2.7,-7.69,-23.31
13313000,4,13.65960606,20.66,2.32,-3.31,-20.21,22.39,3.42,-3.31,-20.21
13313000,5,13.95804985,27.44,7.59,0.51,-13.11,26.2,7.67,1.1,-12.3
13313000,6,15.29474242,29.48,10.8,0.55,-6.86,33.53,14.05,0.55,-6.67
13313000,7,18.27302786,34.43,13.94,7.95,-6.27,34.43,14.52,7.65,-2.48
13313000,8,18.50030059,31.22,11.5,5.39,-6.72,32.7,13.33,5.56,-6.72
13313000,9,16.80957576,30.32,10.16,1,-11.93,30.89,10.95,0.85,-10.53
13313000,10,13.07450147,27.24,6.09,-4.88,-20.83,27.24,7.92,-6.35,-20.83
13313000,11,10.21653788,14.44,5.96,-14.17,-31.7,16,5.96,-14.17,-28.73
13313000,12,10.24167889,7.37,0.59,-22.4,-43.92,8.3,1.11,-17.08,-34.27
13331500,1,8.527060117,10.27,2.87,-13.47,-33.67,10.45,2.87,-9.82,-24.55
13331500,2,10.00712792,15.33,3.3,-14.87,-30.51,15.28,4.84,-8.73,-23.82
13331500,3,11.37562317,19.21,6.04,-3.47,-19.26,19.21,6.04,-3.18,-16.06
13331500,4,12.67365909,26.11,7.08,0.02,-14.84,24.85,7.08,0.15,-10.1
13331500,5,13.31199413,30.46,10.05,1.43,-12.3,29,10.93,1.43,-7.22
13331500,6,14.40247727,32.09,13.21,3.78,-6.25,35.18,17.49,3.78,-3.07
13331500,7,17.12295455,35.97,16.28,8.29,-5.97,35.97,18.14,9.87,-1.22
13331500,8,17.55840176,33.79,15.25,8.83,-5.02,35.85,16.37,10.05,-2.4
13331500,9,15.92863636,33.23,13.12,3.83,-12.19,34.05,14.28,3.27,-5.85
13331500,10,12.92366569,28.15,10.23,-4.72,-16.58,28.15,10.23,-4.72,-16.58
13331500,11,9.052257576,17.57,7.43,-11.71,-29.27,17.57,7.43,-9.21,-24
13331500,12,8.267807918,9.38,2.85,-24.82,-39.17,9.19,3.98,-16.74,-24.99
13336500,1,9.69361437,10.08,0.75,-12.97,-31.72,12.13,0.75,-12.92,-27.98
13336500,2,11.33652454,13.87,0.74,-21.41,-36.97,13.28,2.67,-14.63,-28.56
13336500,3,12.2765176,19.11,1.84,-6.41,-21.73,19.11,3.31,-6.22,-19.64
13336500,4,13.19559091,26.39,4.2,-2.11,-16.74,23.44,4.15,-2.11,-14.33
13336500,5,13.88146628,29.7,9.02,1.03,-10.94,28.34,8.55,1.03,-8.29
13336500,6,14.91169697,31.65,11.64,1.95,-5.42,34.31,15.17,1.95,-4.31
13336500,7,17.91241935,34.67,14.19,8.71,-2.65,34.67,14.19,8.71,-0.79
13336500,8,18.11945748,33.21,11.55,6.77,-4.65,34.9,14.94,6.77,-4.65
13336500,9,16.20932576,32.69,11.08,2.39,-9.65,31.15,11.37,0.56,-8.19
13336500,10,12.54876833,26.42,6.32,-7.29,-19.83,26.42,8.13,-7.29,-19.83
13336500,11,9.348871212,17.99,4.62,-13.9,-28.81,16.43,4.62,-13.9,-25.08
13336500,12,9.051825513,9.39,1.19,-23.75,-39.22,8.66,1.3,-19.32,-30.82
13337000,1,7.994699413,10.99,1.52,-13.59,-27.96,12.54,1.52,-13.59,-25.7
13337000,2,9.684054706,14.32,1.75,-22.67,-32.6,14.28,2.63,-15.46,-26.95
13337000,3,11.12357771,20.07,2.66,-6.37,-20.09,20.07,3.45,-7.56,-19
13337000,4,12.42762121,26.94,5.7,-0.69,-12.5,24.61,4.88,-0.69,-12.5
13337000,5,13.36656891,30.98,11,1.47,-7.65,28.62,9.21,1.47,-7.16
13337000,6,14.14390152,32.19,12.24,2.94,-3.24,35.04,16.38,2.94,-2.3
13337000,7,16.93734604,34.7,14.95,9.87,-0.92,34.7,15.39,9.87,0.92
13337000,8,17.00929619,33.95,13.91,6.45,-2.43,35.76,15.58,6.45,-2.43
13337000,9,15.01860606,34.34,12.26,4.08,-6.94,31.12,13.11,1.04,-6.74
13337000,10,11.49142229,26.99,7.9,-6.72,-17.18,26.99,8.37,-6.72,-17.19
13337000,11,7.952227273,17.72,5.11,-14.91,-25.2,16.37,5.29,-13.99,-22.42
13337000,12,7.406184018,8.57,1.59,-23.51,-34.68,8.93,1.94,-19.06,-28.64
13338500,1,9.438328446,12.04,2.45,-11.7,-28.91,13.41,2.45,-11.7,-26.44
13338500,2,10.9899115,15.67,2.09,-17.32,-32.19,15.67,4.54,-10.94,-26.63
13338500,3,12.06991202,20.51,3.8,-5.11,-20,20.59,4.91,-4,-17.59
13338500,4,13.17540909,28.01,6.62,1.14,-12.28,25.52,6.09,1.14,-11.08
13338500,5,14.00109971,31.22,11.49,3.28,-7.31,29.84,9.99,3.28,-6.46
13338500,6,14.90444697,32.69,13.1,3.8,-3.58,36.75,17.51,3.8,-2.44
13338500,7,18.1006085,36.49,15.77,12.11,-1.09,36.49,16.03,11.3,0.86
13338500,8,18.60760997,35.03,13.63,10.11,-3.13,37.11,16.14,10.11,-3.13
13338500,9,16.88181818,34.13,12.5,5.46,-7.43,33.57,13.41,3.19,-6.73
13338500,10,13.17207478,28.44,7.92,-4.69,-17.43,28.44,10.04,-4.69,-17.43
13338500,11,9.438,18.96,6.68,-11.78,-27.82,18.96,6.68,-11.78,-23.11
13338500,12,8.894505132,11.48,2.68,-20.35,-35.99,10.6,2.95,-15.35,-26.71
13340000,1,8.836370968,10.5,1.77,-12.59,-29.16,12.29,1.77,-12.59,-26.21
13340000,2,10.46070796,14.46,1.74,-19.3,-32,14.46,3.39,-13.09,-27.05
13340000,3,11.65274194,19.8,3.21,-5.27,-19.81,19.8,4.47,-4.74,-17.36
13340000,4,12.83465152,27.1,6.17,-0.01,-12.93,24.68,5.95,-0.01,-11.03
13340000,5,13.63277859,30.59,10.7,2.63,-8.51,28.93,10.1,2.63,-6.56
13340000,6,14.53920455,32.41,12.62,3.59,-4.03,35.76,17.14,3.59,-2.31
13340000,7,17.46310117,35.53,15.98,11.42,-1.44,35.53,15.98,11.42,1.11
13340000,8,17.70252933,33.98,13.22,8.44,-2.61,36.03,16.33,8.44,-2.61
13340000,9,15.90357576,33.16,12.18,5.35,-8.04,32.4,13.16,1.95,-6.63
13340000,10,12.38984604,27.07,7.63,-5.47,-17.4,27.07,9.14,-5.47,-17.4
13340000,11,8.794969697,17.19,6.08,-12.9,-27.21,17.19,6.08,-12.9,-22.8
13340000,12,8.282045455,9.53,1.97,-21.58,-36.45,9.12,2.41,-17.6,-28.03
13340600,1,7.191759531,10.49,1.58,-13.62,-27.29,12.28,1.58,-13.62,-24.42
13340600,2,8.853081255,14.21,2.45,-22.9,-31.28,14.21,2.47,-15.71,-26.23
13340600,3,10.38983871,19.93,2.59,-5.81,-18.77,19.93,3.42,-8.1,-18.83
13340600,4,11.87587879,27.03,6.48,-0.61,-11.51,24.81,5.28,-0.61,-11.51
13340600,5,12.94739736,31.42,12.33,1.56,-6.91,28.9,9.83,1.56,-6.32
13340600,6,13.62651515,32.26,13.11,3.45,-3.64,35.37,17.03,3.45,-1.34
13340600,7,16.25140029,34.84,15.68,10.1,-1.32,34.84,15.68,10.1,0.68
13340600,8,16.27401026,33.97,14.56,5.74,-1.5,36.18,15.95,5.74,-1.5
13340600,9,14.33706061,34.33,12.71,4.02,-6.68,31.17,13.55,0.86,-6.01
13340600,10,10.92001466,26.9,9.58,-6.33,-16.41,26.9,9.58,-6.33,-16.41
13340600,11,7.155439394,16.26,5.66,-15.06,-23.77,16.18,5.81,-13.93,-21.13
13340600,12,6.62877566,7.76,1.77,-23.2,-33.21,8.74,2.04,-19.19,-27.57
13351000,1,6.803797654,12.21,4.73,-13.7,-27.41,12.55,4.73,-13.7,-25.66
13351000,2,8.659098954,16.88,6.38,-16.77,-26.13,16.88,6.38,-12.97,-26.13
13351000,3,10.83367302,21.57,7.16,-4.31,-15.59,22.1,7.16,-3.11,-15.42
13351000,4,12.77606061,30.89,11.42,3.9,-5.75,27.83,10.22,3.9,-5.75
13351000,5,14.02747067,34.48,14.65,7.46,-3.48,33.18,13.99,7.46,-3.28
13351000,6,14.7557803,36.66,17.21,9.89,-0.39,40.29,21.53,9.89,0.51
13351000,7,17.62222141,38.52,19.45,15.57,1.87,38.52,19.45,15.57,3.42
13351000,8,17.73160557,38.99,19.09,14,1.31,39.8,20.08,14.08,1.31
13351000,9,16.15887879,36.61,15.33,9.6,-3.83,35.82,15.55,4.94,-3.83
13351000,10,12.83748534,29.41,11.26,0.28,-13.45,29.41,11.26,-0.1,-13.45
13351000,11,7.90169697,20.02,9.25,-12.49,-23.19,20.02,9.21,-10.73,-21.15
13351000,12,6.486008065,12.02,5.1,-15.88,-26.79,13.33,5.31,-12.44,-20.19
14020000,1,6.944024927,11.87,5.43,-11.87,-29.46,11.87,5.43,-11.87,-23.73
14020000,2,8.47383749,16.79,5.77,-18.27,-27.89,16.51,6.93,-10.25,-22.29
14020000,3,10.12144428,20.15,8.68,-3.61,-14.74,21.13,8.68,-4.24,-12.71
14020000,4,11.60735606,28.62,9.73,1.29,-10.66,25.39,9.73,1.29,-7.69
14020000,5,12.44394428,31.95,15.18,3.97,-8.29,30.91,14.16,3.97,-4.07
14020000,6,13.51445455,33.34,16.44,4.61,-3.36,36.32,19.07,4.61,-1.35
14020000,7,16.00796921,37.05,19.98,10.58,-2.3,37.05,19.98,10.58,1.77
14020000,8,16.22741935,35.71,17.93,10.53,-1.44,36.71,17.98,10.53,1.52
14020000,9,14.6897803,34.59,16.49,5.17,-7.37,33.76,16.49,4.31,-3.34
14020000,10,11.7158651,27.5,11.83,-5.29,-13.68,27.04,11.83,-5.29,-13.68
14020000,11,7.527401515,20.04,10.61,-12.83,-26.58,20.04,10.61,-8.95,-21.4
14020000,12,6.599186217,11.7,4.9,-20.14,-35.45,11.52,5.92,-16.14,-23.57
14080500,1,10.00703812,13.56,5.23,-9.27,-26.75,16.13,5.23,-9.63,-22.87
14080500,2,11.18367659,19.11,5.06,-16.86,-28.34,19.11,5.19,-8.12,-22.17
14080500,3,12.63159824,21.54,6.97,-0.06,-13.43,22.3,6.97,-1.64,-12.27
14080500,4,14.45954545,27.78,7.72,2.85,-10.51,27.04,7.21,2.73,-10.51
14080500,5,15.62856305,33.34,12.23,5.5,-7.61,31.91,12.07,5.5,-7.61
14080500,6,17.26388636,34.63,14.87,7.34,-4.71,35.9,17.58,7.34,-2.95
14080500,7,19.93249267,39.31,18.53,11.75,-2.91,39.31,18.53,15.73,-0.06
14080500,8,20.12575513,36.52,15.99,13.66,-0.93,37.67,16.18,13.9,-0.93
14080500,9,18.92995455,35.72,12.48,8.37,-7.42,36.96,14.79,5.66,-6.04
14080500,10,15.78952346,30.23,9.4,-1.36,-16.57,30.25,9.4,-1.36,-16.57
14080500,11,10.94367424,19.43,9.02,-8.18,-24,21.75,9.02,-4.74,-22.01
14080500,12,9.770278592,14.84,3.48,-17.66,-30.96,14.84,5.92,-12.29,-25.91
14092750,1,7.93888563,15.35,6.6,-16.37,-24.49,17.95,6.6,-16.37,-22.66
14092750,2,8.912284795,19.01,5.73,-21.17,-27.82,19.01,5.73,-13.25,-22.33
14092750,3,9.719193548,21.85,6.27,-3.33,-14.33,21.58,6.43,-8.22,-16.39
14092750,4,10.59176515,27.19,8.36,-2.09,-11.7,26.37,8.36,-1.17,-11.4
14092750,5,11.74466276,32.95,12.58,-0.51,-9.05,30.72,12.58,0.7,-7.17
14092750,6,13.05116667,34.07,15.57,2.16,-5.08,34.68,19.16,2.16,-5.08
14092750,7,15.55819648,36.39,18.28,5.49,-2.4,36.39,18.28,8.38,-1.16
14092750,8,15.58367302,37.72,17.13,6.39,-1.52,37.72,17.13,6.39,-0.27
14092750,9,14.27921212,35.5,14.96,1.55,-6.54,35.5,15.63,1.72,-4.32
14092750,10,11.48590909,29.11,11.13,-3.93,-13.47,29.11,11.13,-3.93,-13.47
14092750,11,7.914181818,18.98,12.14,-13,-21.77,20.32,12.14,-10.77,-20.84
14092750,12,7.573361437,15.85,6.15,-21.81,-27.96,14.72,8.84,-16.86,-24.71
14096850,1,7.598709677,16.16,6.48,-12.38,-20.42,17.46,6.48,-12.38,-20.42
14096850,2,9.038785197,18.71,6.54,-18.07,-23.11,18.71,6.54,-12.95,-20.9
14096850,3,10.68958211,22.14,7.41,0.66,-11.02,22.14,6.95,-6.07,-13.91
14096850,4,12.11076515,28.54,10.23,3.89,-7.31,27.67,9.64,3.89,-7.21
14096850,5,13.32658358,35.16,14.61,5.64,-3.62,33.77,13.54,6.03,-3.62
14096850,6,14.33931818,35.71,17.9,7.35,-1.93,36.89,20.89,7.35,-1.93
14096850,7,16.66059384,38.57,20.56,11.65,0.71,38.57,20.56,14.41,2.21
14096850,8,16.57494868,39.54,18.9,11.99,2.57,39.54,18.9,11.99,2.57
14096850,9,15.14170455,37.01,16.67,8.6,-3.4,37.01,18.28,4.33,-2.11
14096850,10,12.2723607,29.8,11.32,-0.12,-11.79,29.8,11.76,-0.12,-11.79
14096850,11,8.357007576,20.02,12.12,-11.98,-20.28,20.34,12.12,-7.29,-18.18
14096850,12,7.226796188,16.82,6.37,-16.11,-25.41,14.4,8.72,-12.19,-20.96
14101500,1,6.957214076,15.02,6.05,-12.81,-20.31,17.58,6.37,-12.81,-20.31
14101500,2,8.361472245,17.46,6.97,-17.94,-22.86,17.46,6.97,-12.07,-20.54
14101500,3,9.94973607,21.51,7.25,1.04,-10.45,21.51,7.25,-5.59,-13.32
14101500,4,11.31509848,27.62,10.66,3.35,-7.23,26.66,10.54,3.35,-6.95
14101500,5,12.40774927,34.61,15.78,5.35,-3.26,32.41,13.39,5.38,-3.26
14101500,6,13.19559091,35.01,18.43,7.09,-1.13,36.44,21.29,7.09,-0.92
14101500,7,15.21461877,37.82,21.29,11.44,0.7,37.82,21.29,13.73,2.4
14101500,8,15.11903959,37.99,19.36,11.46,3.16,37.99,19.42,11.46,3.16
14101500,9,13.84709091,35.94,17.44,8.72,-3.31,35.94,19.46,3.97,-0.66
14101500,10,11.23760997,28.37,12.23,0.18,-10.48,28.37,12.65,0.18,-10.48
14101500,11,7.662651515,18.93,11.62,-12.71,-20.18,19.03,11.62,-6.95,-17.13
14101500,12,6.601304985,15.97,6.27,-15.96,-24.8,13.72,8.22,-11.78,-18.64
14113000,1,6.771444282,11.75,3.79,-13.16,-21.71,14.26,3.79,-13.16,-21.71
14113000,2,8.527288817,16.24,5,-16.85,-22.25,15.59,5,-11.87,-22.03
14113000,3,10.34840909,20.8,5.81,-3.33,-10.69,20.8,5.86,-4.66,-13.79
14113000,4,11.96772727,28.75,10.53,3.87,-7.98,26,8.96,4.44,-7.77
14113000,5,13.0348607,34.27,15.03,6.76,-5.54,31.41,12.57,6.84,-4.3
14113000,6,13.67312879,34.83,16.48,8.5,-1.75,35.83,19.36,8.5,-0.53
14113000,7,15.63808651,36.85,18.7,13.47,-0.53,36.85,18.7,14.42,2.37
14113000,8,15.6464956,36.17,18.09,13.36,1.35,36.17,18.09,13.36,2.58
14113000,9,14.5205303,35.77,15.63,9.76,-3.93,34.14,16.79,4.64,-1.76
14113000,10,11.75400293,27.73,11.68,0.64,-10.47,26.93,11.68,0.64,-10.47
14113000,11,7.813090909,16.67,10.02,-10.83,-21.07,16.31,10.02,-6.64,-18.57
14113000,12,6.421466276,10.95,4.3,-15.54,-26.44,12.1,4.3,-11.12,-18.48
14137000,1,6.210762463,14.67,5.97,-10.42,-16.37,17.34,6.43,-10.42,-16.37
14137000,2,7.190740145,17.94,5.6,-17.29,-22.14,17.94,5.73,-9.73,-16.22
14137000,3,8.344376833,20.97,7.83,-0.88,-9.46,20.97,7.83,-2.27,-10.91
14137000,4,9.496939394,26.87,11.38,1.36,-7.07,26.05,10.14,1.83,-6.92
14137000,5,10.41730205,33.28,15.6,3.19,-2.6,29.72,12.85,3.19,-2.74
14137000,6,11.06402273,34.03,16.73,4.97,-1.09,34.03,18.69,4.97,-0.82
14137000,7,13.09819648,35.58,20.08,9.09,0.91,35.58,20.08,10.55,3.15
14137000,8,13.10046921,35.14,19.13,10.02,3.4,35.14,19.13,10.02,3.4
14137000,9,11.74859848,33.31,16.06,5.91,-2.38,33.61,17.58,3.86,-0.15
14137000,10,9.148504399,28.34,12.49,-0.1,-7.02,28.34,12.49,-0.1,-7.02
14137000,11,6.322727273,17.87,11.52,-11.34,-16.5,17.75,11.52,-6.52,-13.84
14137000,12,5.847628299,14.6,6.34,-15.89,-21.09,12.3,7.85,-11.19,-17.61
14138800,1,5.768790323,15.55,6.52,-11.93,-17.16,18.33,7.22,-11.93,-17.16
14138800,2,6.513226066,17.28,6.18,-17.86,-22.86,17.28,6.18,-10.32,-16.47
14138800,3,7.527800587,20.13,7.6,-2.09,-10.18,20.13,7.6,-3.49,-10.66
14138800,4,8.682742424,26.49,11.17,0.24,-8.35,24.88,10.73,0.24,-7.83
14138800,5,9.602954545,32.27,16.24,1.62,-3.48,29.51,14.06,1.62,-3.3
14138800,6,10.17550758,33.77,17.62,4.08,-1.89,33.77,18.72,4.08,-1.3
14138800,7,12.0031085,34.37,19.96,7.52,-0.09,34.37,19.96,8.17,2.64
14138800,8,11.91835777,33.77,19.47,8.26,2.71,33.64,19.47,8.26,3.51
14138800,9,10.48607576,32.94,17.24,4.76,-3.76,32.58,18.28,2.33,-0.46
14138800,10,8.202008798,28.65,12.97,-1.11,-6.87,28.65,13.93,-1.11,-6.87
14138800,11,5.70344697,18.71,11.34,-13.44,-17.22,18.2,11.34,-7.36,-13.49
14138800,12,5.465252933,13.83,6.67,-16.19,-21.04,13.13,7.73,-12.8,-18.11
14138870,1,5.890469208,15.44,6.39,-9.89,-15.37,17.46,6.7,-9.89,-15.35
14138870,2,6.826950925,17.92,5.51,-16.02,-20.56,17.92,6.85,-8.94,-14.5
14138870,3,8.064083578,21.82,8.3,-0.61,-8.94,21.82,8.3,-1.47,-8.61
14138870,4,9.307348485,27.86,10.89,2.03,-6.66,26.6,11.94,2.03,-6.5
14138870,5,10.2225,33.78,15.97,3.44,-2.59,31.32,14.44,3.44,-2.28
14138870,6,10.7712197,35.7,16.93,6.04,-0.41,35.7,18.25,6.04,-0.06
14138870,7,12.71220674,36.04,19.9,9.7,1.3,36.04,19.9,9.92,3.65
14138870,8,12.77010264,35.05,18.69,10.69,3.66,34.83,18.69,10.69,4.1
14138870,9,11.37859091,33.75,16.78,6.53,-2.31,33.18,17.46,4.01,0.63
14138870,10,8.779237537,29.47,13.11,1.28,-4.92,29.47,13.24,1.28,-4.92
14138870,11,5.992795455,18.61,11.88,-11.02,-15.26,18.3,11.88,-5.47,-11.79
14138870,12,5.524365836,13.85,7.87,-13.78,-19.13,13.03,8.49,-10.25,-16.14
14138900,1,5.79505132,15.08,6.35,-10.7,-15.87,16.71,6.86,-10.7,-15.87
14138900,2,6.77302494,17.71,5.52,-16.44,-21.03,17.71,6.72,-9.99,-15
14138900,3,8.077082111,21.83,8.15,-0.51,-9.35,21.83,8.15,-2.1,-8.96
14138900,4,9.421265152,28.03,10.47,1.82,-7.32,26.83,11.34,1.82,-7.32
14138900,5,10.4148827,33.52,15.34,2.59,-2.83,31.6,14.07,2.59,-2.53
14138900,6,10.98325758,36.08,16.41,5.67,-0.89,36.08,17.73,5.67,-0.52
14138900,7,13.02101173,35.54,18.75,9.04,0.43,35.54,18.75,9.04,3.26
14138900,8,13.12587243,35,18.2,10.2,2.86,34.45,18.2,10.2,3.5
14138900,9,11.64131818,33.73,16.16,6.17,-2.78,33.14,17.1,3.72,0.19
14138900,10,8.873922287,29.67,12.66,0.94,-5.34,29.67,12.72,0.94,-5.34
14138900,11,5.907674242,18.77,12.02,-11.58,-16.01,17.68,12.02,-5.65,-12.47
14138900,12,5.406319648,13.67,7.86,-14.51,-19.61,12.5,8.43,-11.49,-16.78
14139800,1,5.974692082,15.15,6.59,-9,-14.72,17.35,6.76,-9,-14.69
14139800,2,6.957892196,18.18,5.8,-15.4,-19.89,18.18,7.07,-8.31,-13.9
14139800,3,8.22978739,22.28,8.47,-0.24,-8.37,22.28,8.47,-0.5,-8.12
14139800,4,9.470318182,28.03,10.83,2.6,-5.83,27.11,12.28,2.6,-5.81
14139800,5,10.37291056,34.37,15.93,4.23,-2.23,31.41,14.39,4.18,-1.99
14139800,6,10.92066667,35.92,16.69,6.6,0.12,35.92,18.23,6.6,0.44
14139800,7,12.8964956,36.51,20.08,10.53,1.95,36.51,20.08,10.9,3.96
14139800,8,12.97689883,35.48,18.69,11.52,4.3,35.4,18.69,11.52,4.39
14139800,9,11.61652273,34.51,16.6,7.26,-1.62,33.46,17.43,4.7,1
14139800,10,8.94351173,29.35,13.43,2.03,-4.48,29.35,13.43,2.03,-4.48
14139800,11,6.121522727,18.41,11.91,-10.11,-14.56,18.38,11.91,-5.11,-11.37
14139800,12,5.594010264,13.51,7.8,-13.25,-18.67,13.03,8.71,-9.1,-15.54
14141500,1,6.071854839,14.78,6.84,-8.26,-14.11,17.08,6.84,-8.26,-14.11
14141500,2,7.123539823,18.32,6.19,-14.79,-19.16,18.32,7.26,-7.81,-13.41
14141500,3,8.455300587,22.79,8.73,0.31,-7.76,22.79,8.73,0.31,-7.7
14141500,4,9.706174242,28.3,10.8,3.32,-5.17,27.78,12.53,3.32,-5.17
14141500,5,10.60201613,34.99,15.83,5.12,-1.86,31.57,14.29,4.72,-1.69
14141500,6,11.15354545,36.18,16.46,7.26,0.66,36.18,18.18,7.26,0.98
14141500,7,13.17587977,36.97,20.3,11.44,2.58,36.97,20.3,12.01,4.33
14141500,8,13.28905425,36.09,18.7,12.36,4.64,35.98,18.7,12.36,4.64
14141500,9,11.95379545,35.34,16.5,8.05,-0.91,33.8,17.35,5.48,1.4
14141500,10,9.172507331,29.62,13.69,2.82,-4.05,29.21,13.69,2.82,-4.05
14141500,11,6.275992424,18.34,12,-9.13,-13.97,18.34,12,-4.62,-10.96
14141500,12,5.67494868,13.71,7.82,-12.64,-18.16,13.08,8.93,-7.96,-14.84
14154500,1,7.478768328,16.5,9.3,-2.86,-12.97,19.74,9.3,-1.75,-10.05
14154500,2,8.859991955,21.64,8.59,-5.09,-16.31,21.64,8.59,-0.37,-10.83
14154500,3,10.04542522,24.57,7.96,0.77,-6.39,24.57,7.73,0.77,-6.39
14154500,4,11.26278788,29.64,10.96,3.54,-5.33,29.64,10.96,2.98,-4.42
14154500,5,12.24877566,35.18,14.56,5.36,-3.32,35.18,13.51,5.36,-2.19
14154500,6,13.10770455,36.09,17.89,8.32,0.28,36.09,18.31,7.7,0.28
14154500,7,15.26445015,37.16,19.55,10.38,2.81,37.16,19.55,13.01,4.69
14154500,8,15.61129032,38.02,17.8,13.05,2.58,38.02,17.8,13.05,3.37
14154500,9,14.36537121,38.12,15.43,8.66,-1.04,35.61,17.32,9.01,0.36
14154500,10,11.27026393,32.36,13.7,4.37,-4.86,31.89,13.7,4.37,-4.32
14154500,11,7.622871212,20.91,12.03,-1.34,-8.49,21.31,12.03,-1.34,-8.25
14154500,12,6.804926686,14.79,7.94,-9.26,-19.7,15.01,9.26,-4.65,-13.81
14158500,1,7.716627566,15.48,6.02,-7.88,-20.47,18.89,6.02,-7.88,-16.68
14158500,2,8.723684634,19.79,4.84,-17.52,-24.01,19.79,4.84,-8.83,-19.83
14158500,3,9.689127566,20.95,4.93,-1.81,-13.15,20.95,6.41,-2.51,-13.15
14158500,4,10.73415152,27.76,8.35,-0.58,-12.11,25.91,8.35,0.54,-12.11
14158500,5,11.96779326,33.3,11.38,1.81,-8.34,30.66,11.15,1.93,-6.37
14158500,6,13.20903788,33.56,14.05,4.39,-2.95,33.56,17.55,4.39,-2.76
14158500,7,15.85547654,35.49,18.65,8.37,-1.05,35.49,18.65,9.46,0.18
14158500,8,15.85327713,35.21,15.65,9.38,-1.21,35.21,16.54,9.56,-0.03
14158500,9,14.23774242,34.41,13.21,3.51,-5.66,34.25,15.3,4.87,-3.76
14158500,10,11.18517595,29.2,10.24,-2.31,-9.74,28.27,11.26,-2.31,-9.74
14158500,11,7.698340909,18.67,11.2,-7.87,-17.47,19.51,11.2,-6.54,-15.36
14158500,12,7.227939883,16.23,4.98,-18.33,-23.93,13.89,7.84,-13.26,-21.18
14158790,1,7.452148094,16.23,6.28,-6.81,-19.1,19,6.28,-6.91,-15.54
14158790,2,8.507465809,20.58,5.25,-16.72,-23.06,20.58,5.25,-7.18,-18.23
14158790,3,9.541554252,21.72,5.18,-1.59,-12.23,21.72,6.86,-1.59,-12.23
14158790,4,10.58569697,27.74,8.68,-0.34,-11.29,26.47,8.91,0.82,-11.29
14158790,5,11.80613636,33.48,12.19,2.14,-7.93,31.29,11.89,2.14,-5.78
14158790,6,12.95614394,33.99,15.03,4.28,-2.65,33.99,18.14,4.28,-2.26
14158790,7,15.49332845,36.42,19.43,8.83,-0.68,36.42,19.43,9.23,0.7
14158790,8,15.51780792,35.65,16.7,9.31,-1.03,35.65,17.82,9.66,0.3
14158790,9,13.85541667,35.35,13.6,3.74,-5.33,34.37,16.26,5.31,-3.23
14158790,10,10.80755132,29.79,10.09,-1.86,-8.68,29.13,12.74,-1.86,-8.66
14158790,11,7.410060606,19.22,11.51,-7.49,-16.39,19.36,11.51,-6.14,-13.9
14158790,12,6.950582845,16.91,5.46,-17.76,-23.21,14.88,8,-12.73,-20.27
14166500,1,6.935557185,18.07,11.66,-1.14,-9.07,18.07,11.66,-0.2,-8.95
14166500,2,8.458511665,20.54,11.21,-6.9,-14.94,20.54,11.21,-0.3,-8.1
14166500,3,9.998739003,25.14,11.21,4.12,-2.83,25.14,11.21,2.9,-5.2
14166500,4,11.5102803,29.35,11.72,6.72,-1.57,29.48,11.72,6.72,-1.47
14166500,5,12.5786437,34.57,15.24,8.52,-0.62,34.57,14.92,8.52,0.42
14166500,6,13.37671212,37.85,15.57,11.65,2.79,37.85,15.64,11.65,2.82
14166500,7,15.72508065,38.8,21.72,13.98,5.1,38.8,21.72,16.51,6.02
14166500,8,15.95545455,39.72,17.49,15.24,5.34,39.72,17.49,16.88,5.4
14166500,9,14.45358333,37.04,15.27,11.87,1.18,35.01,16.16,11.87,3.08
14166500,10,10.99184018,31.6,13.79,7.88,-3.93,31.6,13.79,7.88,-3.93
14166500,11,7.415704545,20.39,13.87,-2.21,-8.42,20.83,13.87,1.31,-7.86
14166500,12,6.285593842,15.85,10.44,-8.6,-15.75,15.85,10.45,-3.63,-14.22
14182500,1,6.79707478,15.63,8.12,-5.12,-15.2,16.93,8.12,-5.12,-13
14182500,2,7.970313757,19.99,6.98,-14.12,-19.11,19.99,6.98,-5.19,-14
14182500,3,9.068262463,22.67,8.1,-0.2,-7.56,22.67,8.1,-0.2,-10.34
14182500,4,10.22256818,27.19,10.77,1.79,-6.59,27.19,10.16,2.65,-6.59
14182500,5,11.08264663,34.02,15.38,3.92,-2.72,31.5,12.97,3.92,-2.81
14182500,6,11.82525,35.64,16.11,6.18,-0.44,35.64,18.32,6.18,-0.08
14182500,7,14.01094575,37.22,20.29,10.42,2.16,37.22,20.29,11.78,3.39
14182500,8,14.14043255,35.86,18.2,11.86,3.25,35.35,18.2,11.86,3.33
14182500,9,12.82402273,35.97,15.74,5.95,-0.93,33.92,17.31,6.89,-0.3
14182500,10,9.959347507,29.76,12.98,1.65,-6.89,29.76,12.98,1.65,-6.89
14182500,11,6.910295455,18.24,12.6,-5.32,-13.7,18.62,12.6,-5.23,-11.42
14182500,12,6.216403959,14.85,7.22,-13.86,-20.37,14.85,9.01,-9.36,-16.03
14185000,1,7.162199413,16.25,8.15,-4.02,-15.67,19.63,8.15,-3.99,-12.64
14185000,2,8.377111826,21.34,6.85,-12.95,-18.93,21.34,6.85,-3.92,-14.36
14185000,3,9.538423754,23.38,6.26,0.43,-8.28,23.38,7.67,0.43,-8.52
14185000,4,10.69718939,27.73,10.37,1.86,-7.44,27.73,10.37,2.18,-7.44
14185000,5,11.78053519,32.78,13.51,3.74,-4.52,32.65,12.98,3.74,-3.1
14185000,6,12.78681061,35.74,16.08,6.25,-1.04,35.74,18.56,6.25,-0.88
14185000,7,15.21694282,36.81,20.21,10.37,1.35,36.81,20.21,11.46,2.86
14185000,8,15.35615836,36.37,17.37,11.98,1.6,36.15,19.23,11.98,2.56
14185000,9,13.74764394,36.95,14.63,6.09,-3.32,34.62,18.09,7.87,-1.1
14185000,10,10.59894428,31.17,11.65,1.89,-6.83,30.86,14.52,1.89,-5.68
14185000,11,7.264219697,19.3,12.15,-5.33,-13.57,20.35,12.15,-4.19,-11.19
14185000,12,6.568442082,16.01,6.86,-13.72,-20.77,14.36,8.89,-9.55,-16.76
14185900,1,7.027353372,16.07,7.91,-3.87,-16.06,19.36,7.91,-4.04,-12.94
14185900,2,8.176218825,20.46,6.6,-13.54,-19.16,20.46,6.6,-4.54,-14.67
14185900,3,9.284853372,22.95,6.43,0.04,-8.26,22.95,6.98,0.04,-9.71
14185900,4,10.45161364,27.61,10.23,1.88,-7.29,27.61,10.23,2.17,-7.29
14185900,5,11.46480205,32.71,14.37,3.34,-4,32.1,12.79,3.34,-2.72
14185900,6,12.35741667,35.5,15.55,6.12,-0.95,35.5,18.09,6.12,-0.68
14185900,7,14.72560117,37.35,19.86,10.28,1.38,37.35,19.86,11.46,2.83
14185900,8,14.80420821,36.07,16.92,11.58,1.8,35.25,18.79,11.58,2.91
14185900,9,13.32098485,35.95,15.59,5.67,-2.95,34.02,17.78,7.31,-0.69
14185900,10,10.30630499,30.26,12.26,1.93,-6.39,30.26,14.19,1.93,-6.39
14185900,11,7.120060606,18.73,12.33,-5.7,-14.24,19.57,12.33,-5.04,-11.54
14185900,12,6.424105572,14.57,6.73,-14.03,-20.42,14.57,8.77,-9.87,-16.65
14187000,1,7.048812317,17.43,9.81,-2.81,-12.64,19.16,9.81,-1.55,-10.31
14187000,2,8.415454545,22.06,8.87,-9.49,-15.82,22.06,8.87,-1.69,-11.32
14187000,3,9.666121701,24.65,8.57,1.46,-5.36,24.65,8.72,1.46,-7.22
14187000,4,10.91638636,28.48,11.71,3.9,-5.09,28.6,11.71,3.49,-4.68
14187000,5,11.93139296,33.75,15.29,5.47,-2.68,33.75,13.67,5.47,-1.21
14187000,6,12.89539394,36.93,16.64,7.93,0.23,36.93,18.63,7.93,0.23
14187000,7,15.33991935,38.41,20.86,11.59,2.87,38.41,20.86,13.45,4.64
14187000,8,15.62120235,38.27,17.77,14.05,3.17,38.27,19.19,14.05,4.38
14187000,9,13.99647727,38.1,15.16,8.37,-1.67,34.8,18.73,9.96,0.46
14187000,10,10.69646628,32.6,13.19,4.72,-5.16,32.57,14.47,4.72,-3.98
14187000,11,7.292795455,20.78,12.62,-3.57,-11.29,21.3,12.62,-2.23,-8.94
14187000,12,6.378423754,15.5,8.08,-10.28,-19.04,15.03,9.98,-6.76,-14.04
14216500,1,5.592192082,13.62,5.94,-10.67,-17.15,16.61,5.94,-10.67,-17.15
14216500,2,6.685020113,16.89,5.54,-16.15,-22.1,16.3,5.54,-10.44,-15.55
14216500,3,7.860960411,20.48,5.65,-2.46,-10.49,20.48,5.65,-1.21,-10.55
14216500,4,9.157537879,27.49,9.71,0.93,-8.97,24.54,9.71,1.66,-8.97
14216500,5,10.0647434,32.05,15.33,2.67,-5.43,28.47,12.72,3.37,-4.18
14216500,6,10.59564394,31.93,16.29,5.67,-1.94,31.93,18.64,5.67,-0.76
14216500,7,12.36795455,34.1,18.88,8.51,-2.19,34.1,18.88,8.62,2.25
14216500,8,12.41535191,35.57,19.03,9.92,0.44,33.34,19.03,9.92,2.47
14216500,9,11.00882576,33.81,15.68,6.35,-3.47,31.63,18.57,3.98,-0.64
14216500,10,8.426268328,28.42,13.23,0.05,-6.64,26.69,13.63,0.29,-6.64
14216500,11,5.625962121,18.36,10.38,-8.42,-16.35,17.33,10.38,-6.73,-16.35
14216500,12,5.236825513,13.22,5.82,-13.7,-22.07,12.03,5.82,-10.59,-17.82
14222500,1,6.134039589,13.48,7.22,-7.71,-13.46,15.94,7.44,-7.71,-13.46
14222500,2,7.532268705,18.3,7.22,-13.09,-17.83,17.78,7.22,-8.75,-13.5
14222500,3,8.950777126,23.3,7.91,0.14,-7.5,23.3,7.91,1.58,-8.06
14222500,4,10.30484091,29.03,10.6,4.56,-5.19,28.4,11.51,4.68,-5.19
14222500,5,11.18760264,35.48,15.02,5.62,-2.23,33.72,14.08,5.62,-1.44
14222500,6,11.71596212,36.19,17.71,8.74,0.68,36.19,18.42,8.74,0.68
14222500,7,13.64467742,37.68,20.4,12.42,0.89,37.68,20.4,12.42,4.45
14222500,8,13.9404912,38.11,19.26,13.32,3.01,36.76,19.26,14.18,4.86
14222500,9,12.6617803,36.75,14.49,9.27,-0.95,34.24,17.71,6.32,0.12
14222500,10,9.749714076,30.34,14.23,3.59,-4.75,29.21,14.23,3.59,-4.75
14222500,11,6.523462121,18.29,12.4,-7.21,-13.86,17.99,12.4,-3.33,-11.58
14222500,12,5.652170088,13.27,7.12,-11.15,-17.92,12.89,7.97,-7.94,-14.59
14232500,1,5.922419355,12.75,4.65,-12.76,-19.54,15.02,4.65,-12.76,-19.54
14232500,2,7.135076428,16.69,4.2,-18.51,-24.43,15.77,4.23,-12.7,-17.66
14232500,3,8.254780059,18.57,5.04,-3.94,-12.25,18.57,5.04,-3.33,-12.24
14232500,4,9.635757576,28.52,8.31,-0.57,-10.44,22.84,7.61,0.83,-10.22
14232500,5,10.61645161,30.67,14.48,2.07,-7.82,27.38,10.36,2.52,-5.61
14232500,6,11.22492424,31.36,14.24,4.92,-2.87,31.17,17.54,4.92,-1.82
14232500,7,13.09991935,33.24,17.24,8.22,-2.96,33.24,17.24,8.6,1.65
14232500,8,13.11475073,35.09,16.87,9.18,-1.25,32.7,16.87,9.18,1.34
14232500,9,11.70470455,34.73,14,6.26,-4.63,30.85,17.23,3.07,-1.9
14232500,10,8.982837243,27.56,11.74,-1.63,-8.84,25.55,12.41,-1.18,-8.84
14232500,11,6.000515152,16.9,9.44,-9.77,-18.28,16.32,9.44,-7.77,-17.92
14232500,12,5.620146628,10.88,5.11,-15.78,-26.51,10.88,5.11,-13.04,-19.81
14233400,1,6.057639296,12.45,5.45,-11.38,-18.82,15.29,5.45,-11.38,-18.82
14233400,2,7.26003218,15.82,4.48,-17.31,-23.42,15.24,4.58,-11.01,-16.66
14233400,3,8.349545455,18.73,5.26,-3.45,-12.31,18.73,5.26,-2.19,-11.74
14233400,4,9.658818182,27.49,9.47,0.76,-9.21,23.26,8.61,1.38,-8.88
14233400,5,10.53075513,30.31,14.43,2.84,-6.36,27.62,10.79,3.06,-5.08
14233400,6,11.0690303,31.12,14.76,5.66,-2.37,31.12,17.65,5.66,-1.6
14233400,7,12.76587977,33.29,17.75,8.92,-1.6,33.29,17.75,9.16,2.14
14233400,8,12.75817449,33.86,16.7,9.72,-0.17,32.55,16.7,9.72,1.76
14233400,9,11.4644697,33.71,14.43,6.42,-3.32,30.83,17.26,3.65,-1.51
14233400,10,8.929941349,27.33,12.03,-0.35,-8.45,25.57,12.96,-0.35,-8.45
14233400,11,6.208424242,16,9.1,-10,-17.92,16.5,9.1,-8.28,-17.14
14233400,12,5.77563783,11.15,4.76,-15,-24.65,11.15,4.76,-12.26,-18.85
14236200,1,6.263739003,14.41,8.35,-5.95,-14.87,16.05,8.35,-5.95,-12.81
14236200,2,7.700893001,19.23,6.89,-11.55,-18.22,19.23,7.25,-5.02,-11.91
14236200,3,8.86266129,22,7.18,-0.57,-10.12,22,7.18,0.53,-7
14236200,4,10.20984848,28.36,10.83,3.63,-5.48,27.89,10.83,4.25,-5.48
14236200,5,11.02096041,33.59,13.8,5.75,-3.31,30.44,12.53,5.75,-2.33
14236200,6,11.47135606,33.18,15.65,8.34,0.64,34.68,17.35,8.34,0.64
14236200,7,13.16530792,35.96,19.72,11.32,2.38,35.96,19.72,12.05,3.6
14236200,8,13.32192815,36.01,17.68,12.99,3.11,34.49,17.68,12.99,3.19
14236200,9,12.14788636,35.72,15.68,8.99,-1.22,33.11,17.75,8.05,-0.42
14236200,10,9.377609971,30.91,14.9,2.8,-5.25,27.83,14.9,2.8,-5.25
14236200,11,6.574477273,18.68,10.32,-5.6,-15.09,18.68,10.32,-5.6,-13.87
14236200,12,5.887430352,13.5,6.39,-9.3,-19.72,13.5,6.29,-6.76,-14.48
14301000,1,6.58681085,14.83,9.53,-3.24,-13.2,16.17,9.53,-3.24,-10.09
14301000,2,7.829927595,19.41,9.09,-9.93,-15.5,19.41,9.15,-5.21,-10.76
14301000,3,8.847118768,23.39,10,2.92,-6.37,23.39,10,3.27,-6.15
14301000,4,9.948378788,26.92,10.83,5.2,-2.84,27.91,10.83,5.79,-2.84
14301000,5,10.48531525,31.64,14.26,8.44,-1.18,31.64,14.26,8.44,0.06
14301000,6,10.62516667,32.95,15.15,10.01,2.01,32.78,15.15,10.01,2.01
14301000,7,11.85597507,34.96,18.8,12.86,3.99,34.96,18.8,14.6,5.37
14301000,8,12.26084311,37.06,16.25,15.22,4.76,34.97,16.25,15.22,5.8
14301000,9,11.9475303,33.13,14.66,11.46,-1.38,31.66,15.54,10.06,1.31
14301000,10,9.68691349,27.96,14.99,6.13,-3.54,27.49,14.99,6.13,-3.54
14301000,11,7.016037879,19.55,12.96,-3.35,-11.83,19.55,12.96,-2.3,-8.91
14301000,12,6.178255132,14.51,9.36,-8.17,-16.09,14.51,9.79,-4.92,-11.53
14303200,1,5.656568915,15.32,9.56,-4.73,-12.26,17.54,9.56,-4.73,-11.64
14303200,2,6.533427192,19.03,8.8,-13.39,-16.6,19.03,8.53,-6.26,-10.62
14303200,3,7.503995601,22.57,8.97,0.81,-7,22.57,8.97,0.81,-7.08
14303200,4,8.820477273,27.1,11.46,2.51,-3.24,27.1,13.53,2.64,-3.09
14303200,5,9.869816716,31.3,17.86,5.4,-1.93,31.3,17.86,5.43,-0.69
14303200,6,10.28725758,34.11,17.52,7.56,1.22,34.11,17.52,7.56,1.22
14303200,7,11.82464076,34.47,20.64,9.93,1.83,34.47,20.64,12.29,4.63
14303200,8,11.96648094,35.62,17.98,12.7,4.02,35.62,17.98,13.03,5.73
14303200,9,10.90647727,32.61,16.33,9.48,0.39,32.88,17.09,8.2,1.36
14303200,10,8.360403226,28.72,14.59,3.27,-3.07,28.72,14.59,3.27,-3.07
14303200,11,5.844787879,18.96,12.17,-4.61,-11.39,18.96,12.17,-3.22,-9.12
14303200,12,5.340667155,13.78,9.17,-11.25,-17.97,13.78,9.58,-7.59,-12.31
14305500,1,6.385953079,15.75,10.3,0.1,-9.02,17.67,10.3,-0.06,-7.85
14305500,2,7.519541432,21.15,10.12,-8.72,-14.07,21.15,10.12,-2.84,-7.8
14305500,3,8.455821114,23.76,9.67,3.66,-3.03,23.76,9.67,3.17,-5.59
14305500,4,9.592590909,27.03,10.76,5.64,-2.66,27.2,10.67,5.64,-2.66
14305500,5,10.25508065,31.24,16.02,9.14,-1.07,31.24,16.02,9.14,-0.16
14305500,6,10.53315909,34.52,18.69,10.28,2.29,34.52,18.69,10.28,2.29
14305500,7,12.03033724,34.53,19.79,13.42,5.1,34.52,19.79,14.48,5.85
14305500,8,12.31361437,35.94,17.1,14.79,4.93,35.94,17.1,15.64,6
14305500,9,11.66884848,32.29,15.14,11.9,1.88,32.29,15.53,12.29,1.93
14305500,10,9.339530792,29.47,14.73,7.1,-2.85,29.47,14.73,7.1,-2.85
14305500,11,6.768143939,18.74,12.29,-1.42,-9.94,18.74,12.29,0.78,-7.37
14305500,12,6.035553519,15.07,9.58,-7.21,-15.33,15.49,10.93,-4.32,-10.97
14306340,1,6.169582111,17.74,10.6,-1.5,-10.88,17.74,10.6,-1.98,-8.73
14306340,2,7.410144811,21.25,10.83,-8.6,-15.31,21.25,10.83,-1.5,-9.25
14306340,3,8.858834311,26.05,10.33,1.53,-3.94,26.05,10.33,0.68,-6.21
14306340,4,10.45079545,30.09,11.75,4.23,-2.72,30.09,11.75,4.23,-1.74
14306340,5,11.61598974,33.61,15.71,5.84,-1.34,33.61,14.88,5.84,-1.12
14306340,6,12.25398485,36.8,16.59,8.24,2.21,36.8,16.59,8.24,2.83
14306340,7,14.46947947,37.62,21.86,11.99,4.27,37.62,21.86,13.09,5.83
14306340,8,14.42975806,38.57,17.85,13.05,5.32,38.57,17.85,13.31,5.91
14306340,9,12.92049242,34.61,15.88,9.41,0.55,34.34,15.98,9.41,2.47
14306340,10,9.61840176,31.19,14.42,6.21,-3.03,31.19,14.42,5.84,-3.03
14306340,11,6.456401515,20.05,13.67,-3.57,-9.9,20.24,13.67,0.12,-7.97
14306340,12,5.642045455,15.73,9.99,-9.21,-16.91,15.73,10.11,-5.49,-11.88
14306500,1,6.555454545,17.39,11.02,0.15,-8.59,17.39,11.02,0.15,-7.54
14306500,2,7.843974256,21.55,11.14,-7.09,-13.82,21.55,11.14,-0.23,-7.76
14306500,3,9.02494868,25.29,10.66,4,-2.69,25.29,10.66,3.08,-4.97
14306500,4,10.31259848,28.91,11.13,6.25,-1.77,28.91,11.13,6.25,-1.77
14306500,5,11.1045088,31.96,15.15,8.99,-0.54,31.96,15.15,8.99,0.5
14306500,6,11.55053788,35.34,16.26,10.51,2.82,35.34,16.26,10.51,2.82
14306500,7,13.32859238,36.19,21.11,14.34,5.47,36.19,21.11,15.11,5.89
14306500,8,13.49137097,37.02,17.14,14.8,5.42,37.02,17.14,15.76,5.87
14306500,9,12.57587879,33.88,15.09,11.86,1.4,33.8,15.09,12.08,3.09
14306500,10,9.859442815,30.1,14.03,8.12,-2.73,30.1,14.03,7.76,-2.73
14306500,11,6.92105303,19.23,13.38,-1.53,-8.87,19.26,13.38,1.31,-7.05
14306500,12,6.054992669,15.49,10.14,-7.37,-15.41,15.49,10.61,-3.97,-11.17
14308000,1,8.259134897,16.54,7.72,-2.42,-13.49,20.48,7.72,-1.3,-11.69
14308000,2,9.677683025,21.42,6.28,-4.24,-17.62,21.95,6.78,-0.68,-12.37
14308000,3,10.8568915,24.1,7.01,0.8,-8.84,24.1,7.8,0.8,-8.81
14308000,4,12.15944697,28.96,9.13,2.25,-7.39,28.96,9.19,2.42,-7.39
14308000,5,13.52854839,34.98,13.68,4.75,-4.46,34.98,13.68,4.75,-3.85
14308000,6,14.84111364,36.27,16.83,7.79,-0.38,36.6,18.49,7.79,-0.38
14308000,7,16.97506598,38.45,19.09,8.89,1.49,38.45,19.09,12.76,3.63
14308000,8,17.24615103,38.15,17.54,12.41,2.5,39.07,18.11,12.41,2.5
14308000,9,16.07223485,38.15,14.94,6.64,-1.12,37.23,17.26,7.83,-0.28
14308000,10,12.76417155,32.3,12.05,3.34,-6.12,32.3,13.1,3.34,-4.87
14308000,11,8.388318182,22.76,10.95,-1.91,-10.8,23.04,10.95,-1.91,-9.87
14308000,12,7.443438416,14.89,6.41,-9.94,-20.84,15.5,8.6,-5.08,-15.42
14308990,1,7.758929619,16.67,9.1,-0.72,-10.15,19.45,9.1,-0.05,-10.03
14308990,2,9.257232502,22.64,8.2,-3.73,-15.87,22.64,7.71,0.47,-9.75
14308990,3,10.58914956,24.83,7.92,1.65,-7.06,24.83,7.92,1.65,-5.98
14308990,4,12.04555303,29.87,10.8,3.03,-4.34,29.87,10.8,3.03,-4.34
14308990,5,13.44557185,35.86,16.39,5.65,-2.61,35.86,16.39,6.19,-2.43
14308990,6,14.63889394,36.79,18.02,9.79,0.83,37.09,19.33,9.79,0.83
14308990,7,16.49217742,39.18,20.6,10.9,3.55,39.18,20.6,14.92,5.15
14308990,8,16.77060117,39.36,18.59,13.92,4.2,39.36,19.1,13.92,4.2
14308990,9,15.74240152,38.9,16.24,7.92,0.58,37.54,18.77,8.27,1.04
14308990,10,12.51725073,32.94,13.37,4.8,-4.54,32.94,14.43,4.8,-3.53
14308990,11,8.014893939,22.59,11.55,-0.83,-8.69,23.29,11.55,0,-7.67
14308990,12,6.885487537,15.16,8.22,-9.14,-19.2,15.48,9.1,-4.1,-13.75
14309500,1,7.103673021,18.65,9.53,0.01,-7.57,20.42,9.92,0.1,-7.57
14309500,2,8.201954948,22.53,9.81,-3.99,-14.12,22.53,9.8,0.25,-7.69
14309500,3,9.339860704,24.43,8.99,2.05,-5.38,24.43,9.18,2.05,-4.3
14309500,4,10.69407576,30.16,12.53,2.1,-2.66,30.16,12.53,2.97,-2.66
14309500,5,11.80881965,36.35,16.96,5.05,-1.58,36.35,16.96,5.3,-1.58
14309500,6,12.52321212,36.59,17.33,9.05,1.12,36.59,19.26,10.07,1.12
14309500,7,13.80233138,36.92,20.66,11.35,4.25,36.92,20.66,13.99,4.51
14309500,8,14.1867522,37.52,19.84,14,4.32,37.52,19.84,14.56,4.32
14309500,9,13.56449242,36.28,16.71,9.95,2.31,36.28,20.25,9.11,2.31
14309500,10,10.87084311,33.19,14.39,5.27,-2.87,33.19,17.04,5.27,-2.86
14309500,11,7.303886364,22.21,12.67,0.99,-6.31,22.21,12.67,0.99,-6.31
14309500,12,6.49414956,16.05,8.71,-7.61,-17.09,16.52,10.47,-3.85,-12.02
14316700,1,7.808306452,16.83,8.56,-2.68,-14.73,20.67,8.56,-2.18,-11.18
14316700,2,9.135285599,21.69,7.47,-4.82,-17.11,21.69,7.47,-1.11,-12.59
14316700,3,10.26650293,24.1,7.56,0.23,-8.6,24.1,7.83,0.23,-8.6
14316700,4,11.5245303,29.7,10.03,2.42,-6.66,29.7,10.03,2.25,-6.04
14316700,5,12.66565982,35.6,14.45,4.52,-4.52,35.6,13.46,4.52,-3.43
14316700,6,13.69702273,35.57,17.95,7.07,-0.38,35.57,18.68,6.27,-0.38
14316700,7,15.84729472,37.56,19.38,9.05,1.93,37.56,19.38,12,4.05
14316700,8,16.17070381,37.56,18.27,11.99,2.3,38.04,18.27,11.99,2.54
14316700,9,14.93098485,38.05,15.38,6.63,-1.28,36.38,17.27,7.96,-0.34
14316700,10,11.79315249,32.06,12.84,3.17,-5.47,32.06,13.36,3.17,-4.66
14316700,11,7.924515152,21.91,11.64,-2.28,-9.54,22.21,11.64,-2.28,-9.08
14316700,12,7.128181818,15.42,7.49,-9.89,-20.98,15.42,9.21,-5.22,-14.75
14321000,1,7.996671554,15.48,8.72,-1.2,-11.91,18.51,8.72,-1.24,-10.78
14321000,2,9.347023331,20.73,7.96,-5.51,-16.89,20.73,7.96,0.56,-11.66
14321000,3,10.51390762,22.92,7.24,1.89,-7.09,22.92,7.76,1.89,-7.09
14321000,4,11.79865909,28.27,9.28,3.88,-5.44,28.27,9.28,3.97,-5.44
14321000,5,12.96553519,34.24,13.03,6.29,-2.6,34.24,12.25,6.29,-2.53
14321000,6,13.99299242,34.71,14.96,10.06,0.71,34.71,16.83,9.72,0.71
14321000,7,15.94335777,35.85,18.73,11.22,2.9,35.85,18.73,14.25,4.26
14321000,8,16.2388563,36.98,16.49,14.22,3.6,36.98,16.49,14.22,3.6
14321000,9,15.31483333,35.24,13.68,9.46,-0.18,34.61,16.19,9.48,0.54
14321000,10,12.27271261,31.26,11.34,5.75,-5.28,31.26,12.64,5.75,-5.28
14321000,11,8.226507576,20.04,11.81,-0.47,-9.77,21.07,11.81,-0.47,-9.77
14321000,12,7.319849707,14.05,6.77,-9.7,-19.87,14.44,8.83,-5.38,-15.15
14325000,1,7.389076246,19.36,9.71,1.2,-6.56,20.74,9.71,1.28,-6.23
14325000,2,8.239098954,23.92,10.02,-2.23,-12.48,23.92,9.64,1.61,-6.48
14325000,3,9.03723607,24.87,9.01,3.01,-4.14,24.87,9.18,3.01,-3.36
14325000,4,10.1212197,29,11.29,3.13,-1.69,29,11.29,4.5,-1.69
14325000,5,10.93195015,35.25,17.13,6.75,-0.69,35.25,17.13,6.8,-0.46
14325000,6,11.37245455,34.62,15.44,9.13,1.96,34.62,16.76,10.63,1.96
14325000,7,12.30380499,33.5,19.05,12.08,4.56,33.47,19.05,14.05,4.94
14325000,8,12.76623167,34.15,18.45,14.14,4.93,35.73,18.45,14.81,4.93
14325000,9,12.61168182,33.72,15.91,10.94,2.86,33.72,19.04,10.35,2.86
14325000,10,10.55223607,33.28,13.58,6.58,-1.76,33.28,16.88,6.27,-1.54
14325000,11,7.581340909,22.81,12.81,2.06,-5.52,22.81,12.81,2.06,-5.52
14325000,12,6.931239003,17.84,9.54,-6.36,-15.72,17.84,10.99,-2.11,-10.62
14359000,1,8.841363636,13.94,6.93,-2.47,-14.7,17.3,6.93,-2.74,-14.3
14359000,2,10.34041834,19.75,5.69,-6.94,-19.55,19.75,5.69,-0.93,-13.99
14359000,3,11.59546188,22.5,5.8,0.44,-10.03,22.5,7.12,0.44,-9.68
14359000,4,13.04695455,27.78,7.75,2.51,-7.58,27.7,7.47,2.51,-7.07
14359000,5,14.44944282,33.18,13.04,5.21,-4.74,33.18,13.06,5.21,-4.74
14359000,6,15.85711364,35.63,15.93,8.88,-0.92,35.91,17.49,8.59,-0.51
14359000,7,17.85030792,37.52,18.14,9.69,1.37,37.52,18.14,14.5,2.77
14359000,8,18.10703079,38.03,16.9,13.5,1.34,37.85,17.52,13.5,1.34
14359000,9,17.12149242,36.75,14.38,6.98,-1.71,36.53,16.15,7.16,-0.91
14359000,10,14.0133871,31.26,10.49,3.94,-7.39,31.26,11.32,4.11,-7.39
14359000,11,9.272060606,20.4,9.93,-1.28,-12.97,22,9.93,-1.28,-12.28
14359000,12,8.103031525,13.2,5.39,-11.86,-22.89,13.26,7.03,-6.71,-17.85
14362250,1,8.636466276,15.52,9,-0.16,-10.54,17.86,9,-0.16,-9.96
14362250,2,10.46985519,21.94,8.88,-3.55,-15.95,21.94,8.88,0.89,-9.51
14362250,3,11.8683651,24.69,7.57,1.64,-6.73,24.69,7.98,1.76,-6.73
14362250,4,13.41258333,29.9,9.14,3.6,-5.18,29.9,9.23,4.12,-4.99
14362250,5,14.87298387,34.36,15.42,7.07,-2.8,34.36,14.65,7.07,-2.8
14362250,6,16.1340303,37.79,18.5,10.54,0.81,37.79,19.65,10.86,0.81
14362250,7,17.89873167,39.23,20.25,12.04,2.76,39.23,20.25,16.55,5.16
14362250,8,18.14022727,40.2,18.5,16.16,2.45,39.61,19.39,16.16,2.45
14362250,9,17.20092424,38.08,16.02,8.44,0.09,38.08,17.02,8.54,0.09
14362250,10,14.23291056,32.08,13.1,4.92,-5.27,32.08,13.43,5.38,-5.27
14362250,11,9.258234848,21.56,11.58,0.87,-9.67,23.1,11.58,1.24,-8.31
14362250,12,7.751964809,14.38,7.34,-8.48,-18.11,14.38,8.31,-2.74,-14.44
14400000,1,7.117983871,18.94,10.32,1.11,-6.21,21.71,9.87,0.99,-6.21
14400000,2,8.087240547,24.03,10.09,-0.65,-11.47,24.03,9.94,1.52,-5.46
14400000,3,9.013482405,24.19,9.33,2.66,-4.95,24.19,9.39,2.36,-4.33
14400000,4,10.1115303,28.49,11.79,1.62,-2.14,28.67,11.96,4.53,-2.14
14400000,5,11.23043988,34.3,15.63,6.47,-1.22,34.3,15.63,6.8,-0.49
14400000,6,11.92852273,34.52,16.78,8.64,1.79,34.52,17.09,9.98,1.79
14400000,7,12.87003666,33.56,20.4,11.43,3.77,34.58,20.4,13.17,5.7
14400000,8,12.93535191,34.56,16.67,13.65,5,34.38,19.47,13.75,5
14400000,9,12.46969697,33.79,17.21,9.38,3.46,33.79,21.11,8.99,3.46
14400000,10,10.33234604,33.56,14.9,6.88,-0.19,33.56,17.45,6.81,-0.19
14400000,11,7.37075,22.22,12.05,2.41,-4.66,21.92,12.21,2.41,-4.66
14400000,12,6.712463343,17.99,9.41,-5.16,-14.19,17.99,10.71,-1.06,-9.42
