SITENO,PPT8110,TMIN8110,TMAX8110,TAV8110,PET8110,AET8110,PPT9120,TMIN9120,TMAX9120,TAV9120,PET9120,AET9120,TN10p,TN90p,TX10p,TX90p
01013500,1086.04,-2.39,9.17,3.39,925.64,664.14,1123.57,-2.05,9.33,3.64,921.62,663.73,8.898015058,10.94518076,9.271358347,10.45983448
01022500,1298.45,0.84,12.18,6.51,1138.75,813.64,1323.89,1.13,12.38,6.75,1139.19,817.31,9.047352374,11.72920167,9.657146413,10.95762554
01030500,1177.53,-0.84,10.95,5.06,1096.56,783.2,1209.82,-0.51,11.12,5.31,1089.28,780.97,8.835791177,11.06962852,9.215356854,10.42250016
01031500,1258.31,-1.07,10.72,4.82,1032.79,753.48,1279.43,-0.7,10.91,5.1,1028.28,751.83,8.773567295,11.46163898,9.314915064,10.67139568
01047000,1216.96,-1.39,10.42,4.51,988.7,697.32,1252.18,-1.07,10.59,4.76,989.45,699.96,9.134465808,11.10074046,9.159355361,10.62783896
01048000,1227.45,-0.68,11.05,5.19,1025.06,717.3,1263.01,-0.41,11.18,5.38,1025.09,721.09,9.358471781,10.9762927,9.36469417,10.74606434
01052500,1338.08,-2.12,9.24,3.56,899.18,675.84,1329.36,-1.88,9.51,3.81,905.88,682.3,9.538921038,11.16918673,9.258913571,11.33719121
01054200,1422.92,-0.89,10.75,4.93,999.94,710.65,1459.56,-0.68,10.88,5.1,1006.77,719.2,9.178022525,10.80206583,9.134465808,10.58428225
01055000,1242.98,-1.48,10.2,4.36,966.16,679.74,1276.22,-1.25,10.34,4.55,966.48,684.08,9.495364321,11.00118225,9.414473275,10.73984195
01055500,1259.43,0.71,12.23,6.47,1109.77,764.99,1295.01,0.93,12.27,6.6,1107.83,767,9.339804617,10.90784643,9.470474768,10.68384046
01057000,1282.39,0.31,11.89,6.1,1051.42,723.96,1323.97,0.53,11.94,6.24,1050.16,728.16,9.352249393,10.87673449,9.414473275,10.50961359
01060000,1264.68,1.87,13.07,7.47,1167.09,823.68,1282.81,2.2,13.13,7.66,1169.78,827.03,8.817124012,11.20029867,9.414473275,10.64650613
01064500,1449.79,-0.78,11.03,5.13,1016.36,733.25,1474.36,-0.46,11.17,5.35,1022.77,738.43,8.835791177,11.15051957,9.12824342,10.62783896
01073000,1253.75,2.41,14.58,8.49,1293.35,12.96,1268.3,2.79,14.59,8.69,1303.04,13.03,8.935349387,11.07585091,9.669591189,10.70250762
01076500,1287.04,-0.36,11.62,5.63,1042.34,740,1305.7,-0.03,11.74,5.86,1054.1,748.53,8.773567295,11.11940763,9.190467301,10.59050464
01078000,1299.22,0.49,12.48,6.49,1205.05,809.01,1304.84,0.85,12.52,6.68,1221.64,815.06,9.171800137,10.7647315,9.719370294,10.31049717
01118300,1362.43,4.9,14.96,9.93,1433.19,948.04,1353.21,5.13,15.14,10.14,1449.36,951.32,9.265135959,11.62964346,9.252691183,10.58428225
01121000,1348.31,3.43,14.66,9.04,1471.36,937.19,1331.87,3.85,14.77,9.31,1481.18,948.23,9.028685209,11.34963599,9.682035965,10.58428225
01123000,1369.27,3.98,15.16,9.57,1449.13,943.13,1335.02,4.39,15.28,9.84,1455.16,957.33,8.99135088,11.76031361,9.607367308,10.7149524
01127000,1355.18,3.81,15.06,9.43,1415.13,938.08,1343.74,4.2,15.21,9.71,1424.04,948.33,8.972683716,11.65453301,9.36469417,10.95140315
01134500,1304.53,-1.41,10.72,4.66,930.16,674.48,1295.37,-1.27,10.8,4.77,938.85,682.48,9.171800137,11.09451808,9.53269865,10.75850912
01137500,1461.13,-1.62,9.84,4.11,927.48,681.88,1468.25,-1.4,10.02,4.31,936.19,686.29,9.05979715,11.14429718,9.072241926,10.67761807
01139000,1156.14,-0.36,11.51,5.57,986.96,720.8,1193.95,-0.18,11.59,5.71,1004.31,733.35,9.12824342,10.93273598,9.451807604,10.6091718
01139800,1191.89,-0.6,10.6,5,1005.4,728.82,1228.56,-0.4,10.53,5.07,1023.46,741.33,9.05979715,11.00740464,9.713147906,10.03671209
01142500,1209.69,-0.23,11.45,5.61,1006.74,748.22,1237.27,0.05,11.53,5.79,1026.18,761.17,8.935349387,11.10074046,9.70070313,10.63406135
01144000,1258.99,-0.09,11.79,5.85,1041.02,747.66,1276.71,0.18,11.87,6.03,1065.21,763.48,9.016240433,10.9762927,9.601144919,10.3976106
01162500,1340.71,1.12,13.35,7.24,1319.56,856.4,1332.96,1.61,13.5,7.55,1340.97,868.54,8.810901624,11.97809719,9.103353867,10.47850165
01169000,1401.48,0.91,12.88,6.9,1243.2,855.15,1441.87,1.28,13.05,7.17,1262.37,867.24,9.010018045,11.1878539,9.290025512,10.24827329
01170100,1407.25,0.77,12.74,6.75,1254.09,836.37,1451.55,1.16,12.92,7.04,1272.63,848.73,8.99135088,11.26874494,9.314915064,10.24827329
01181000,1385.7,1.34,13,7.17,1369.94,896.02,1410.13,1.57,13.18,7.38,1390.59,913.34,9.271358347,10.99495987,9.538921038,10.3478315
01187300,1411.27,1.93,13.37,7.65,1482.64,945.37,1445.98,2.22,13.54,7.88,1494.77,954.05,9.302470288,11.33096883,9.36469417,10.55939269
01195100,1354.33,5.36,15.66,10.51,1652.11,1062.01,1337.71,5.57,15.79,10.68,1657.96,1085.87,9.003795657,11.3994151,9.234024018,10.8705121
01197500,1336.93,1.41,13.01,7.21,1266.79,832.58,1366.31,1.67,13.21,7.44,1292.54,848.66,9.202912078,11.03851658,9.420695663,10.49716881
01200000,1333.97,3.02,14.82,8.92,1254.2,829.71,1341.74,3.35,14.91,9.13,1277.24,846.96,9.047352374,11.45541659,9.731815071,10.49716881
01321000,1425.38,-0.32,11.23,5.46,1122.86,763.66,1430.99,-0.13,11.24,5.55,1138.71,777.09,9.327359841,10.42872254,9.663368801,9.675813577
01333000,1315.29,1.3,12.63,6.96,1169.54,813.77,1347.76,1.52,12.82,7.17,1195.94,820.29,9.607367308,10.65895091,9.252691183,10.61539419
01334500,1351.83,1.19,12.77,6.98,1145.48,799.66,1379.43,1.53,12.98,7.25,1173.85,815.71,8.978906104,11.02607181,9.078464315,10.43494493
01348000,1398.13,0.9,12.17,6.54,1073.09,765.74,1418.42,1.03,12.21,6.62,1091.89,778.88,9.370916558,10.24827329,9.489141933,9.557588202
01350000,1342.07,1.21,12.77,6.99,1170.46,792.38,1408.92,1.37,13.13,7.25,1193.67,815.06,9.594922531,10.55317031,9.321137453,10.95140315
01350080,1211.75,0.93,12.47,6.7,1189.75,802.3,1270.17,0.98,12.83,6.91,1210.04,821.18,10.09271358,10.35405389,9.271358347,10.96384792
01350140,1180.07,1.03,12.49,6.76,1146.97,775.79,1231.83,1.07,12.71,6.89,1176.45,808.29,9.993155373,10.1362703,9.588700143,10.40383299
01365000,1530.21,1.67,12.47,7.07,1230.51,819.24,1590.48,1.9,12.78,7.34,1251.85,837.68,9.495364321,10.80206583,9.557588202,10.92029121
01371500,1291.8,3.74,15.3,9.52,1229.35,792.99,1322.7,4.07,15.41,9.74,1253.57,808.92,9.22780163,11.34963599,9.613589696,10.52828075
01372500,1269.79,3.21,15.33,9.27,1186.6,791.55,1289.72,3.54,15.42,9.48,1213.02,808.52,8.954016552,11.59853152,9.731815071,10.41005538
01411300,1163.99,7.17,18.23,12.7,1669.57,916.59,1256.07,7.63,18.39,13.01,1697.19,975.42,8.238441914,12.14610167,9.551365814,10.08026881
01413500,1372.95,0.73,11.89,6.31,1154.31,788.99,1425.33,0.81,12.21,6.51,1184.99,819.8,10.12382552,10.36649866,9.526476262,11.06962852
01414500,1430.39,0.68,11.62,6.15,1186.85,801.22,1478.88,0.78,11.92,6.35,1213.54,830.56,10.12382552,10.52828075,9.389583722,11.1318524
01415000,1367.14,0.77,12.23,6.5,1180.84,794.05,1402.83,0.87,12.44,6.65,1214.35,839.01,9.80026134,10.36027627,9.458029992,10.9265136
01421000,1351.94,1.3,12.69,6.99,1177.41,800.66,1402.51,1.45,12.85,7.15,1208.82,831.81,9.557588202,10.52205837,9.476697156,10.6091718
01423000,1300.4,1,12.4,6.7,1087.04,759.49,1349.01,1.13,12.53,6.83,1121.27,790.62,9.601144919,10.4536121,9.53269865,10.50961359
01426500,1284.98,1.39,12.77,7.08,1116.98,774.04,1337.7,1.55,12.89,7.22,1149.86,805.85,9.439362827,10.54694792,9.551365814,10.49716881
01434025,1615.92,0.49,10.59,5.54,1242.22,827.11,1670.19,0.64,11.04,5.84,1264.8,851.78,10.37894344,10.75228673,9.420695663,11.65453301
01435000,1527.92,1.38,12.15,6.76,1246.78,829.66,1583.25,1.58,12.44,7.01,1270.84,853.45,9.70070313,10.75850912,9.433140439,11.03229419
01439500,1308.38,2.76,14.53,8.64,1361.88,830.88,1364.33,3.18,14.58,8.88,1399.3,860.24,8.972683716,11.41808226,9.930931492,10.44738971
01440000,1269.95,3.39,15.3,9.34,1352.55,852.83,1313.96,3.76,15.37,9.57,1383.35,872.57,9.190467301,11.36208077,9.825150893,10.41005538
01440400,1337.89,2.44,14.09,8.26,1334.97,825.47,1378.41,2.93,14.18,8.55,1365.45,843.89,8.72378819,11.52386286,9.980710597,10.4536121
01445000,1274.96,3.64,15.7,9.67,1248.97,804.43,1301.4,4.23,15.82,10.02,1271.33,812.08,8.680231473,11.89098376,9.451807604,10.43494493
01445500,1333.31,3.76,15.83,9.8,1265.01,817.25,1347.76,4.34,15.96,10.15,1287.05,824.31,8.618007591,11.93454048,9.445585216,10.55939269
01451800,1309.69,4.48,16.33,10.4,1089.52,692.66,1382.23,4.88,16.44,10.66,1114.56,713.18,8.941571775,11.7105345,10.19227179,10.19849418
01466500,1303.98,6.37,17.9,12.13,1632.61,955.56,1367.19,6.86,17.97,12.41,1661.05,978.23,8.369112065,11.84742704,9.588700143,10.15493746
01484100,1203.05,8.05,19.11,13.58,1420.65,927.56,1270.11,8.54,19.23,13.89,1433.98,968.7,8.543338933,12.21454794,9.514031485,10.31671956
01485500,1175.27,8.58,19.34,13.96,1495.47,916.88,1257.11,9.09,19.52,14.3,1517.48,958.86,8.599340427,12.64389273,9.302470288,10.74606434
01486000,1198.04,8.77,19.54,14.16,1473.82,887.78,1279.52,9.23,19.73,14.48,1503.53,943.3,8.624229979,12.56300168,9.439362827,10.68384046
01487000,1196.52,8.15,19.23,13.69,1331.08,877.52,1257.68,8.66,19.35,14,1341.29,908.65,8.524671769,12.35144048,9.53269865,10.29183
01491000,1203.34,7.92,19.02,13.47,1335.36,899.81,1285.34,8.43,19.06,13.74,1345.94,933.49,8.425113559,12.183436,9.787816564,10.10515836
01500500,1252.3,1.39,12.75,7.07,1056.22,744.31,1299.67,1.53,12.84,7.18,1090.82,771.78,9.501586709,10.32294195,9.582477755,10.36027627
01503000,1229.97,1.87,13.16,7.51,1076.39,753.11,1281,2.04,13.27,7.66,1109.36,781.47,9.352249393,10.54694792,9.514031485,10.49094643
01510000,1225.79,1.74,12.54,7.14,1088.89,763.22,1276.31,1.89,12.62,7.25,1112.16,778.82,9.613589696,10.52828075,9.850040446,10.68384046
01512500,1164.6,2.15,13.17,7.66,1048.53,745.63,1222.23,2.31,13.25,7.78,1075.95,766.09,9.414473275,10.43494493,9.744259847,10.55317031
01516500,1150.42,1.43,12.95,7.19,1065.09,714.61,1188.69,1.64,13.04,7.34,1098.9,745.23,9.19668969,11.03851658,9.856262834,10.36027627
01518000,1094.57,1.67,13.29,7.48,1114.25,727.79,1139.96,1.91,13.4,7.65,1143.05,761.39,9.184244913,11.24385539,9.881152386,10.49094643
01518862,1046.35,1.06,12.96,7.01,1094.32,730.32,1093.58,1.3,13.16,7.23,1123.49,761.52,8.810901624,11.72920167,9.912264327,11.20029867
01520000,1017.44,1.3,13.25,7.28,1097.93,715.87,1062.99,1.52,13.43,7.47,1128.49,747.89,9.047352374,11.51141808,9.986932985,11.05718375
01520500,1063.52,1.54,13.31,7.42,1102.93,720.55,1112.43,1.76,13.46,7.61,1132.83,753.62,9.097131479,11.54253002,9.918486715,10.7647315
01531000,1047.5,2,13.43,7.72,1086.15,717.94,1083.59,2.21,13.57,7.89,1113.19,744.61,9.122021032,11.41808226,9.850040446,10.78962106
01532000,1161.47,1.98,13.36,7.67,1148.54,743.94,1202.02,2.25,13.47,7.86,1175.68,778.85,9.314915064,11.10696285,9.825150893,10.37894344
01534000,1187.16,2.23,13.56,7.89,1122.6,759.89,1232.26,2.49,13.75,8.12,1158.27,785.2,9.016240433,11.33096883,9.202912078,10.55939269
01539000,1215.75,2.92,14.24,8.58,1185.37,790.78,1270.41,3.37,14.44,8.91,1217.75,815.02,8.966461328,11.74786883,9.507809097,10.36027627
01541000,1193.32,2.86,14.6,8.73,1176.73,801.29,1233.85,3.2,14.74,8.97,1210.03,821.53,9.146910584,11.58608674,9.96826582,10.43494493
01541500,1162.36,2.9,14.49,8.69,1176.71,787.69,1200.31,3.25,14.65,8.95,1208.82,809.35,9.05979715,11.63586585,9.787816564,10.6091718
01542810,1227.77,1.39,13.21,7.3,1230.59,802.7,1256.66,1.59,13.28,7.44,1261.36,840.49,9.165577749,11.45541659,9.694480742,10.88295688
01543000,1230.98,1.5,13.28,7.39,1223.29,801.53,1251.73,1.73,13.4,7.57,1251.68,832.29,9.12824342,11.40563748,9.669591189,10.94518076
01543500,1222.12,1.82,13.51,7.66,1236.97,808.89,1243.6,2.06,13.67,7.87,1265.12,835.83,9.184244913,11.58608674,9.570032979,10.9265136
01544500,1173.15,1.6,13.19,7.39,1266.64,776.76,1240.25,1.79,13.34,7.56,1296.28,818.11,9.346027005,11.46786137,9.781594176,11.00740464
01545600,1177.93,1.9,13.56,7.73,1290.24,780.62,1248.51,2.07,13.71,7.89,1320.89,821.74,9.451807604,11.25630017,9.694480742,11.06340614
01547700,1132.36,3.17,14.95,9.06,1212.76,789.29,1172.38,3.31,15.06,9.19,1256.18,825.78,9.837595669,11.10074046,9.750482235,10.82695539
01548500,1104.62,1.55,13.26,7.4,1213.87,762.01,1166.91,1.77,13.4,7.59,1242.79,812.92,9.115798644,11.3994151,9.7691494,10.820733
01549500,1157.54,1.8,13.25,7.52,1175.35,775.91,1231.97,2.1,13.34,7.72,1197.83,807.48,9.022462821,11.237633,9.843818057,10.31671956
01550000,1192.44,2.02,13.41,7.72,1212.1,767.73,1246.98,2.35,13.5,7.92,1239.26,801.46,9.084686703,11.22518823,9.818928505,10.31671956
01552000,1218.92,2.46,13.83,8.15,1229.84,797.72,1267.59,2.83,13.98,8.4,1259.27,830.74,9.115798644,11.52386286,9.594922531,10.32916433
01552500,1310.24,1.81,12.65,7.23,1232.74,804.88,1358.67,2.29,12.78,7.54,1264.91,839.02,9.084686703,11.32474644,9.626034472,10.15493746
01556000,1109.5,3.57,14.99,9.28,1150.6,757.47,1152.64,4,15.15,9.58,1178.05,781.62,8.8233464,12.00298675,9.713147906,10.46605687
01557500,1135.93,3.18,14.59,8.88,1220.95,782.38,1176.12,3.51,14.77,9.14,1255.3,815.51,9.314915064,11.47408375,9.638479248,10.86428971
01558000,1129.17,3.35,14.83,9.09,1180.24,769.07,1172.41,3.73,14.99,9.36,1209.93,796.38,9.066019538,11.77275838,9.738037459,10.65272852
01559000,1117.16,3.62,15.05,9.33,1164.53,760.91,1155.3,3.98,15.2,9.59,1193.73,787.78,9.016240433,11.72920167,9.762927011,10.54072553
01560000,1113.12,3.5,14.93,9.21,1159.89,758.53,1145.76,3.92,15.1,9.51,1185.68,782.84,8.674009085,12.17099123,9.63225686,10.40383299
01562000,1106.02,3.9,15.41,9.65,1207.97,765.08,1143.85,4.27,15.58,9.92,1232.87,792.48,8.978906104,11.94698525,9.738037459,10.5033912
01567000,1143.99,4.18,15.76,9.97,1195.04,761.81,1189.06,4.47,15.87,10.17,1223.01,788.8,9.221579242,11.59230913,9.943376268,10.45983448
01567500,1186.16,4.71,16.01,10.36,1186.97,724.61,1256.02,4.96,16.06,10.51,1208.04,747.73,9.358471781,11.31852405,9.955821044,10.54694792
01568000,1182.17,5.02,16.26,10.64,1208.56,745,1245.52,5.27,16.35,10.81,1231.92,768.66,9.302470288,11.18163151,9.825150893,10.57183747
01574000,1161.18,5.71,17.08,11.4,1187.28,735.92,1230.92,6,17.15,11.58,1200.02,754.88,9.103353867,11.13807479,9.874929998,10.49716881
01580000,1216.92,6.2,17.71,11.96,1257.26,788.43,1293.1,6.66,17.67,12.16,1266.21,812.4,8.829568789,11.53008525,10.21716135,9.930931492
01583500,1184.68,6.74,18.08,12.41,1300.29,822.18,1240.92,7.19,18,12.59,1310.74,847.55,8.860680729,11.53008525,10.22960612,9.775371788
01586610,1161.82,6.48,17.9,12.19,1277.28,786.6,1224.75,6.88,17.81,12.35,1289.8,807.26,8.842013565,11.35585838,10.2420509,9.993155373
01591400,1170.22,6.81,18.19,12.5,1257.77,784.36,1227.75,7.21,18.07,12.64,1266.75,798.16,8.829568789,11.39319271,10.41005538,9.962043432
01594950,1412.65,2.74,14.47,8.6,1196.56,892.08,1454.11,2.97,14.44,8.71,1225.93,908.46,9.327359841,11.10696285,9.924709103,10.64028374
01595000,1422.27,2.56,14.26,8.41,1128.25,848.01,1462.79,2.82,14.22,8.52,1159.27,866.99,9.109576255,11.21896584,9.974488209,10.60294941
01596500,1194.65,3.27,14.18,8.73,1232.62,808,1245.64,3.41,14.33,8.87,1263.02,835.45,9.912264327,11.08829569,9.856262834,10.70250762
01605500,1195.14,2.87,15.07,8.97,1241,822.84,1244.89,3.09,15,9.04,1269.17,838.61,9.370916558,11.17540912,10.55317031,10.25449568
01606500,1241.5,3,15.44,9.22,1240.11,825.63,1294.81,3.28,15.41,9.35,1269.25,839.11,9.103353867,11.68564495,10.32916433,10.36027627
01608500,1189.79,3.74,16.13,9.93,1256.12,801.8,1241.22,4.02,16.16,10.09,1283.47,822.88,9.234024018,11.68564495,10.06160164,10.46605687
01610000,1183.8,4.05,16.27,10.16,1253.11,798.5,1236.04,4.35,16.33,10.34,1280.41,822.75,9.159355361,11.64831062,9.980710597,10.59050464
01611500,1037.84,4.6,17.38,10.99,1315.52,772.57,1102.72,4.9,17.45,11.18,1335.06,805.93,9.258913571,11.86609421,9.974488209,10.33538672
01613050,1097.98,4.58,16.18,10.38,1292.7,790.68,1135.1,4.9,16.35,10.62,1307.4,826.34,9.103353867,11.66697779,9.402028499,10.42872254
01620500,1184.37,3.69,16.07,9.88,1392.04,837.95,1253.65,3.83,16.2,10.01,1416.41,867.17,9.470474768,11.21896584,10.04293448,10.78962106
01628500,1141.04,4.9,17.64,11.27,1208.8,784.3,1192.61,5.17,17.67,11.42,1232,810.42,9.22780163,11.8163151,10.14249269,10.72117479
01631000,1123.86,5.07,17.84,11.45,1224.32,787.47,1181.06,5.37,17.87,11.62,1246.06,812.69,9.066019538,11.96565242,9.980710597,10.40383299
01632000,1036.07,4.08,17.16,10.62,1276.22,780.5,1109.57,4.36,17.14,10.75,1298.11,816,8.898015058,11.75409122,10.37272105,10.25449568
01632900,1036.46,5.06,18.16,11.61,1121.62,732.34,1080.57,5.38,18.21,11.79,1145.34,757.47,8.89179267,12.00920913,10.11760314,10.64028374
01634000,1068.43,4.6,17.53,11.07,1221.46,755.3,1134.29,4.94,17.59,11.27,1243.88,784.91,8.910459834,12.0278763,10.02426731,10.49094643
01634500,1044.83,4.82,17.71,11.27,1316.87,782.04,1111.4,5.15,17.79,11.47,1332.97,812.47,9.146910584,11.71675689,9.899819551,10.03671209
01638480,1107.96,6.35,18.44,12.4,1236.74,764.86,1167.84,6.57,18.43,12.5,1244.96,782.94,9.171800137,11.30607927,10.12382552,10.14249269
01639500,1149.48,6.14,17.79,11.96,1174.9,725.55,1213.61,6.5,17.75,12.12,1188.1,745.47,8.748677743,11.22518823,10.32294195,10.14249269
01643000,1155.62,6.16,17.64,11.9,1192.08,745.72,1222.92,6.45,17.63,12.04,1202.32,763.59,9.097131479,11.05096136,10.25449568,10.08026881
01644000,1099.73,6.26,18.57,12.42,1260.25,780.14,1163.62,6.62,18.59,12.61,1271.75,808.37,8.985128492,11.87853898,9.881152386,10.33538672
01649500,1174.62,7.58,19.01,13.29,1317.11,862.02,1225.37,8.15,19,13.57,1327.2,892.94,8.344222513,12.24565988,10.11138075,10.14249269
01658500,1157.85,7.19,19.01,13.1,1572.14,896.21,1221.5,7.66,19.06,13.36,1578.5,902.75,8.79223446,12.43233153,9.402028499,10.1362703
01663500,1148.94,5.94,18.6,12.27,1286.07,821.63,1225.26,6.37,18.66,12.52,1302.17,846.01,8.842013565,12.30788377,9.781594176,10.58428225
01664000,1126.7,6.14,18.74,12.44,1273.18,805.56,1199.9,6.56,18.78,12.67,1288.39,829.25,8.89179267,12.25188227,9.725592682,10.45983448
01666500,1170.59,6.06,18.71,12.38,1249.73,795.16,1242.25,6.49,18.81,12.65,1267.63,816.34,8.754900131,12.2892166,9.731815071,10.64650613
01667500,1150.83,6.34,19.03,12.68,1256.1,790.07,1211.42,6.74,19.11,12.93,1272.92,808.63,8.848235953,12.22077033,9.812706117,10.52828075
01668000,1130.96,6.54,19.08,12.81,1295.61,800.4,1190.43,6.95,19.15,13.05,1310.82,822.85,8.817124012,12.37010765,9.706925518,10.24827329
01669000,1160.45,8.38,20.47,14.43,1431.09,887.52,1221.97,8.84,20.61,14.73,1436.97,918.66,8.829568789,12.45099869,9.39580611,9.980710597
01669520,1182.68,8.67,20.64,14.65,1470.35,918.49,1268.44,9.15,20.77,14.96,1479.43,955.76,8.742455354,12.51944496,9.470474768,10.08026881
01672500,1138.05,7.2,20.13,13.66,1414.24,858.7,1190.87,7.58,20.23,13.9,1428.69,884.11,8.89179267,12.46966586,9.794038952,10.16738224
01674500,1155.6,7.63,20.09,13.86,1452.45,849.3,1212,8.06,20.19,14.13,1462.09,876.88,8.873125506,12.60033601,9.408250887,9.831373281
02011400,1201.92,3.54,15.97,9.75,1285.32,852.9,1235.27,3.82,15.89,9.86,1312.87,881.29,9.420695663,11.24385539,10.19227179,10.42872254
02011460,1233.49,3.06,15.31,9.19,1233.9,857.29,1263.08,3.33,15.22,9.28,1263.42,879.61,9.489141933,11.11318524,10.19849418,10.4536121
02013000,1132.73,4.49,17.2,10.84,1312.5,827.37,1202.45,4.86,17.16,11.01,1342.32,867.06,9.078464315,11.99676436,9.955821044,10.41005538
02014000,1121.84,4.83,17.54,11.19,1290.02,820.12,1203.01,5.2,17.51,11.35,1322.81,844.09,9.053574762,11.95943003,10.10515836,10.17982702
02015700,1188.49,3.51,15.77,9.64,1278.14,838.02,1238.94,3.71,15.72,9.71,1304.61,858.23,9.588700143,10.8705121,10.27938523,10.4536121
02016000,1179.97,4.27,16.86,10.57,1317.04,838.78,1225.87,4.54,16.84,10.69,1342.15,861.31,9.327359841,11.36830315,10.17360463,10.54072553
02017500,1122.04,4.72,17.32,11.02,1323.71,815.91,1210.19,5.08,17.26,11.17,1358.25,836.72,8.947794163,12.0278763,10.06782403,10.04915687
02018000,1112.19,5.1,17.82,11.46,1341.87,826.79,1194.38,5.46,17.79,11.63,1372.77,853.5,9.084686703,12.06521063,10.12382552,10.22960612
02027000,1269.21,5.9,18.77,12.33,1323.43,863.02,1337.42,6,18.71,12.36,1340.71,873.82,9.806483728,11.15051957,10.48472404,10.22338373
02027500,1275.94,5.9,18.77,12.33,1349.1,876.9,1349.48,5.99,18.7,12.34,1363.33,893.25,9.806483728,11.15051957,10.36649866,10.12382552
02028500,1244.78,6.15,18.89,12.52,1356.11,870.87,1302.6,6.39,18.9,12.64,1374.31,879.12,9.414473275,11.72920167,10.27938523,10.40383299
02030500,1144.89,6.95,20.18,13.56,1427.73,896.25,1182.34,7.27,20.27,13.77,1440.61,924.87,9.041129986,12.46966586,10.21093896,10.65272852
02038850,1156.04,6.96,20.05,13.5,1470.66,900.58,1195.91,7.27,20.12,13.69,1489.97,925.56,9.159355361,12.13987929,10.21093896,10.81451061
02046000,1204.58,7.66,20.95,14.31,1528.32,927.45,1247.31,8.16,21.03,14.59,1536.19,953.94,8.879347894,12.70611661,9.669591189,9.962043432
02051000,1125.72,7.18,20.5,13.84,1468.83,888.68,1195.97,7.67,20.57,14.12,1483.76,948.55,8.773567295,13.02968079,9.962043432,10.50961359
02051500,1162.45,7.57,20.94,14.25,1488.47,913.18,1207.42,8.11,21.02,14.57,1499.62,946.64,8.873125506,13.21635244,9.738037459,10.36027627
02053200,1221.86,9.07,21.8,15.43,1418.84,894,1296.62,9.46,21.78,15.62,1433.96,932.71,9.146910584,12.20832556,9.974488209,10.09893597
02053800,1137.05,5.3,17.94,11.62,1345.32,828.95,1202.2,5.75,17.87,11.81,1370.92,859.31,8.854458341,12.03409869,10.52828075,9.918486715
02055000,1118.31,5.59,18.3,11.94,1357.74,825.76,1195.75,5.97,18.28,12.13,1382.41,855.33,9.078464315,12.02165391,10.25449568,9.962043432
02055100,1140.91,6.27,19.08,12.67,1278.16,807.53,1212.16,6.65,19.1,12.87,1299.42,827.45,8.873125506,11.90965092,10.14249269,10.14249269
02056900,1165.52,6.14,18.95,12.54,1361.69,844.56,1258.1,6.54,18.99,12.76,1377.35,867.44,8.99135088,12.00920913,10.22338373,10.25449568
02058400,1183.57,6.62,19.73,13.17,1410.28,860.25,1247.11,6.94,19.81,13.37,1421.86,888.31,9.321137453,11.67942256,9.906041939,10.39138821
02059500,1179.68,6.68,19.52,13.1,1301.07,833.72,1228.24,7.01,19.61,13.31,1318.67,856.36,9.003795657,11.766536,9.818928505,10.58428225
02064000,1142.66,6.94,20.06,13.5,1384.49,854.74,1174.27,7.24,20.13,13.68,1398.05,879.79,9.146910584,11.94076286,9.893597163,10.94518076
02065500,1148.48,7.01,20.2,13.61,1411.22,860.46,1181.51,7.34,20.28,13.81,1427.09,888.81,9.078464315,12.27054944,9.962043432,11.00740464
02069700,1270.72,6.52,19.63,13.08,1456.3,923.72,1344.71,6.81,19.71,13.26,1471.38,956.51,9.122021032,11.67320017,9.955821044,10.30427478
02070000,1220.21,6.92,20.14,13.53,1522.81,948.57,1285.08,7.14,20.26,13.7,1533.91,981.36,9.458029992,11.48652853,9.899819551,10.50961359
02074500,1200.5,7.03,20.43,13.73,1414.76,878.19,1239.08,7.31,20.51,13.91,1424.81,903.69,9.545143426,11.38074793,9.825150893,10.45983448
02077200,1206.62,7.98,21.17,14.58,1455.54,881.57,1263.66,8.4,21.33,14.86,1463.97,883.4,9.2962479,11.74164644,9.514031485,10.5033912
02081500,1193.3,8.07,21.31,14.69,1471.05,898.72,1241.6,8.49,21.4,14.95,1480.56,904.58,8.972683716,12.35766287,9.538921038,10.22338373
02082950,1186.99,8.28,21.68,14.98,1542.78,934.42,1248.84,8.87,21.75,15.31,1550.71,962.11,8.860680729,13.68303155,9.806483728,10.19227179
02083500,1204.45,8.72,21.74,15.23,1453.55,886.82,1266.66,9.19,21.78,15.49,1460.15,912.1,9.041129986,12.71856138,9.738037459,10.19849418
02092500,1410.67,10.55,23.01,16.78,1474.89,946.89,1492.08,10.73,23.05,16.89,1467.88,954.7,9.53269865,10.99495987,9.70070313,10.3478315
02096846,1228.67,8.56,21.33,14.95,1439.14,882.92,1256,8.98,21.45,15.21,1451.2,891.13,9.36469417,11.72297928,9.738037459,10.44738971
02102000,1197.98,9.1,21.9,15.5,1483.77,895.52,1240.2,9.47,21.97,15.72,1491.35,903.14,9.003795657,11.52386286,9.414473275,9.949598656
02102908,1249.05,9.74,22.72,16.23,1498.5,881.3,1296.55,10.19,22.89,16.54,1507.51,888.89,8.736232966,11.84120465,9.053574762,10.36027627
02108000,1368.78,10.32,22.94,16.63,1431.2,894.41,1438.61,10.54,22.99,16.76,1425,904.26,9.426918051,11.06340614,9.594922531,10.29805239
02111180,1360.89,5.93,18.54,12.23,1494.54,972.11,1503,6.29,18.65,12.47,1518.8,972.3,8.736232966,12.2892166,9.657146413,10.66517329
02111500,1303.83,5.83,19.04,12.44,1360.85,951.31,1412.72,6.19,19.12,12.65,1378.09,967.42,8.835791177,12.05898824,9.850040446,10.5033912
02112120,1317.62,5.71,18.92,12.32,1342.56,953.66,1406.76,6.02,18.96,12.49,1360.68,971.05,8.96023894,11.70431211,9.843818057,10.36649866
02112360,1253.98,6.08,19.48,12.78,1338.94,929.55,1339.78,6.3,19.45,12.87,1353.74,940.69,9.153132972,11.44297181,9.818928505,10.25449568
02116500,1245.81,6.63,19.55,13.09,1325.42,890.77,1325.38,6.92,19.57,13.25,1343.88,906.15,8.978906104,11.80387033,9.70070313,10.26694045
02118000,1250.93,7.68,20.98,14.33,1269.96,857.09,1304.44,7.95,20.97,14.46,1288.78,869.82,9.090909091,11.61719868,9.750482235,9.980710597
02118500,1286.95,7.15,20.64,13.89,1261.81,882.05,1347.06,7.43,20.61,14.02,1277.96,891.3,9.090909091,11.73542406,9.750482235,10.09893597
02125000,1213.15,9.34,22.06,15.7,1373.42,878.75,1256.43,9.61,22.15,15.88,1381.52,889.21,9.115798644,10.80206583,9.39580611,10.36027627
02126000,1186.13,9.51,22.26,15.89,1407.35,872.57,1222.29,9.81,22.4,16.1,1416.98,883.38,9.084686703,11.15674196,9.607367308,10.62783896
02128000,1194.22,9.33,21.92,15.63,1527.69,942.93,1229.85,9.64,21.95,15.8,1534.59,951.25,9.097131479,11.2936345,9.265135959,9.688258354
02135000,1242.21,10.32,23.21,16.77,1510.64,893.7,1312.14,10.72,23.31,17.02,1516.44,912.67,9.078464315,11.66697779,9.775371788,10.6091718
02137727,1472.45,6.29,19.1,12.69,1365.59,937.91,1586.97,6.61,19.17,12.89,1394.94,949.2,9.034907598,12.07143302,9.974488209,10.35405389
02138500,1436.88,5.7,17.74,11.72,1291.91,906.64,1562.79,6,17.83,11.91,1314.37,918.93,8.848235953,12.15854645,9.856262834,10.88917927
02140991,1373.93,6.26,18.73,12.49,1360.99,949.9,1496.83,6.57,18.8,12.68,1380.43,968.69,8.922904611,12.27054944,9.955821044,10.58428225
02143000,1331.62,8,21,14.5,1305.24,908.49,1419.76,8.28,21.07,14.67,1323.08,917.21,8.997573269,11.84742704,9.930931492,10.56561508
02143040,1458.36,7.69,20.33,14.01,1405.12,933.93,1549.04,7.93,20.45,14.19,1423.82,940.24,9.202912078,11.44297181,9.63225686,10.95140315
02143500,1239.21,8.65,21.58,15.12,1306.76,856.16,1309.25,8.89,21.7,15.3,1324.27,870.52,9.339804617,11.49897331,9.619812084,10.66517329
02149000,1423.29,7.26,20.8,14.03,1349.97,953.1,1509.88,7.61,20.9,14.25,1376.47,971.87,8.885570282,12.1336569,10.01182254,10.24827329
02152100,1410.9,7.66,20.85,14.26,1399.35,931.78,1513.66,7.92,20.95,14.43,1421.19,937.51,9.202912078,11.7105345,9.912264327,10.80206583
02156500,1307.48,8.39,21.45,14.92,1378.4,933.07,1362.24,8.73,21.56,15.15,1399.76,945.41,9.090909091,12.05898824,9.818928505,10.58428225
02165000,1258.43,9.31,22.4,15.86,1382.02,922.12,1315.36,9.8,22.5,16.15,1408.93,938.36,8.680231473,12.88656586,9.862485222,10.77717628
02177000,1895.98,6.86,19.41,13.14,1361.96,996.75,1988.79,7.42,19.51,13.47,1384.04,1006.75,8.543338933,12.51322257,9.750482235,10.64650613
02178400,1914.67,5.93,18.07,12,1337.01,951.32,1963.38,6.66,18.16,12.41,1362.53,960.93,8.138883704,12.61278079,9.414473275,10.55317031
02192000,1290.58,9.77,22.46,16.11,1481.07,967.05,1348.09,10.15,22.53,16.34,1506.24,985.79,8.835791177,12.0278763,9.744259847,11.03229419
02193340,1194.14,10.14,23.18,16.66,1596.22,939.84,1238.66,10.55,23.33,16.94,1626.3,960.86,8.649119532,12.17099123,9.520253873,11.20652106
02196000,1192.83,9.9,23.59,16.74,1622.72,692.33,1222.51,10.4,23.67,17.03,1653.62,701.74,8.562006098,12.78078527,10.07404642,10.36027627
02198100,1184.31,11.29,24.75,18.02,1630.92,941.26,1236.68,11.6,24.8,18.2,1694.38,980.55,8.8233464,11.36830315,10.32294195,11.00118225
02202500,1202.02,11.45,24.62,18.03,1640.07,942.54,1258.86,11.75,24.73,18.24,1673.91,972.02,8.904237446,11.42430465,9.881152386,10.91406882
02202600,1204.8,12.72,25.27,19,1659.58,944.26,1254.43,12.95,25.39,19.17,1684.61,980.86,8.8233464,11.37452554,9.775371788,11.17540912
02212600,1218.58,10.59,23.86,17.22,1725.58,1030.38,1285.35,10.79,24.05,17.42,1727.79,1036.37,9.066019538,11.40563748,9.252691183,11.26874494
02215100,1211.9,11.77,24.92,18.35,1545.27,917.72,1310.84,12.05,25,18.52,1573.58,957.43,9.022462821,11.21896584,9.594922531,10.62783896
02216180,1206.96,12.11,25.26,18.69,1627.07,936.97,1273.9,12.36,25.35,18.85,1666.21,971.8,9.258913571,11.21896584,9.974488209,10.78339867
02217500,1310.06,9.88,22.23,16.05,1451.42,951.62,1381.26,10.25,22.32,16.28,1469,972.58,8.72378819,11.91587331,9.706925518,10.8705121
02221525,1210.36,10.44,23.55,16.99,1648.87,983.13,1296.88,10.64,23.75,17.19,1657.04,986.99,8.916682223,11.45541659,9.308692676,11.25630017
02228000,1245.21,12.7,25.77,19.23,1645.61,1022.57,1296.78,13.03,25.85,19.44,1666.97,1046.81,8.717565802,12.46344347,10.04915687,11.06962852
02231000,1365.78,13.75,26.67,20.21,1674.86,1145.61,1410.02,14.18,26.77,20.47,1696.67,1160.46,8.38777923,12.98612407,9.669591189,11.03229419
02231342,1417.98,17,28.43,22.71,1535.13,956.89,1487.07,17.36,28.49,22.92,1542.15,981.02,8.506004605,12.69989422,9.514031485,11.64208823
02235200,1358.54,15.92,27.57,21.75,1630.09,1142.11,1393.17,16.3,27.77,22.03,1646.25,1148.28,8.667786697,12.49455541,9.426918051,12.17721361
02236000,1365.62,16.63,28.1,22.37,1627.11,1071.38,1422.52,17.04,28.23,22.63,1633.35,1092.23,8.375334453,13.35946736,9.327359841,11.76031361
02245500,1365.78,14.62,26.67,20.64,1578.22,1049.51,1425.69,15.03,26.81,20.92,1606.52,1058.1,8.425113559,13.35946736,9.389583722,11.52386286
02246000,1367.72,14.42,26.62,20.52,1615.43,1070.4,1423,14.85,26.76,20.81,1638.14,1092.23,8.257109078,13.30968826,9.520253873,11.5549748
02296500,1334.91,16.35,28.85,22.6,1565.34,977.53,1399.89,16.68,28.98,22.83,1575.87,995.65,8.748677743,12.84923154,9.433140439,12.61900317
02296750,1365.11,16.65,28.67,22.66,1561.39,974.75,1428.04,17.03,28.81,22.92,1572.03,997.57,8.474892664,13.19146288,9.271358347,12.49455541
02297155,1397.1,16.58,28.61,22.6,1522.89,916.14,1478.86,16.95,28.73,22.84,1535.26,943.4,8.518449381,13.129239,9.377138946,12.38877481
02297310,1378.33,16.64,28.76,22.7,1548.8,966.43,1457.16,16.99,28.89,22.94,1562.33,990.89,8.493559828,13.09812706,9.383361334,12.37010765
02298123,1343.94,16.55,29.01,22.78,1531.84,936.62,1413.25,16.83,29.16,23,1540.07,952.56,8.72378819,12.68744944,9.482919545,12.61900317
02298608,1408.34,16.74,28.68,22.71,1540.94,1004.18,1500.03,17.11,28.81,22.96,1554.37,1030.06,8.338000124,13.25990915,9.39580611,11.98431958
02299950,1424.9,16.73,28.54,22.63,1527.68,935.09,1524.48,17.14,28.65,22.89,1538.18,959.19,8.225997138,13.45902557,9.290025512,12.08387779
02300700,1360.05,17.2,28.26,22.73,1565.09,1005.28,1397.98,17.72,28.36,23.04,1579.47,1024.1,8.169995644,13.99415096,9.346027005,12.15232406
02310947,1362.12,16.47,28.36,22.41,1688,1070.37,1388.48,16.89,28.5,22.69,1698.51,1088.92,8.356667289,13.54613901,9.402028499,12.6563375
02312200,1326.09,16.01,28.11,22.06,1687.85,1066.31,1375.08,16.35,28.23,22.29,1700.5,1067.46,8.593118039,12.63767034,9.657146413,12.2892166
02314500,1293.8,12.91,26.32,19.62,1706.18,1203.2,1341.53,13.35,26.39,19.87,1718.91,1215.52,8.499782216,13.52124946,10.0864912,11.0820733
02315500,1321.68,13.15,26.45,19.8,1702.77,1190.81,1374.58,13.57,26.51,20.04,1722.26,1206.61,8.456225499,13.25990915,9.999377761,11.05096136
02324400,1452.41,13.41,26.63,20.02,1723.14,1347.13,1501.14,13.84,26.68,20.26,1760.76,1381.31,8.356667289,13.00479124,9.775371788,10.65895091
02327100,1536.3,13.52,26.19,19.85,1724.23,1394.87,1606.17,13.76,26.51,20.14,1734.48,1401.22,9.134465808,11.79142555,9.501586709,12.55677929
02329000,1379.39,12.75,25.87,19.31,1576.21,1028.63,1416.05,13.07,25.88,19.47,1603.75,1053.33,8.910459834,12.22699272,10.01804493,10.68384046
02339500,1380.73,9.52,22.37,15.94,1506.43,1004.26,1452.25,9.94,22.52,16.23,1518.43,1021.68,8.649119532,12.17721361,9.358471781,10.93273598
02342933,1360.52,11.45,24.6,18.02,1649.83,1034.35,1434.02,11.76,24.83,18.3,1669.37,1064.94,8.611785203,11.53630763,8.972683716,11.28741211
02347500,1293.17,10.37,23.36,16.86,1583.64,988.6,1371.07,10.71,23.47,17.09,1589.82,1013.46,8.804679236,12.07143302,9.458029992,11.21274345
02349500,1278.27,10.61,23.66,17.13,1583.18,976.88,1357.31,10.92,23.79,17.36,1591.6,1003.33,8.904237446,11.88476137,9.39580611,11.19407629
02349900,1223.45,11.71,24.86,18.28,1468.9,886.31,1322.75,12.01,24.94,18.47,1503.17,937.04,8.941571775,11.54253002,9.514031485,10.67761807
02350900,1287.62,11.57,24.79,18.18,1575.84,942.74,1366.27,11.91,24.88,18.4,1594,971.96,8.692676249,11.8723166,9.383361334,10.88917927
02361000,1410.32,11.93,24.95,18.44,1571.65,966.9,1484.63,12.3,25.16,18.73,1592.15,990.58,8.568228486,12.3949972,9.178022525,11.42430465
02363000,1410.74,11.56,24.61,18.09,1605.93,1002.61,1468.02,11.91,24.82,18.37,1625.8,1024.18,8.580673262,12.04032108,9.146910584,11.33096883
02365500,1468.52,12.06,25.1,18.58,1552.64,996.52,1528.33,12.48,25.32,18.9,1570.82,1016.97,8.618007591,12.77456288,9.090909091,11.54875241
02369800,1676.51,12.19,25.41,18.8,1628.45,1175.99,1707.33,12.68,25.64,19.16,1641.57,1179.37,8.562006098,13.1852405,9.258913571,11.59853152
02371500,1437.83,11.59,24.62,18.11,1615.29,1027.83,1478.31,11.99,24.83,18.41,1631.22,1041.71,8.599340427,12.70611661,9.103353867,11.24385539
02372250,1452.94,11.59,24.63,18.11,1632.45,1029.42,1481.16,12,24.82,18.41,1648.54,1046.43,8.562006098,12.96745691,9.171800137,11.3434136
02374500,1579.79,11.61,24.8,18.21,1627.83,1136.49,1592.42,11.96,24.94,18.45,1647.8,1151.16,8.754900131,12.5505569,9.501586709,11.1318524
02375500,1524.46,11.99,24.93,18.46,1604.78,1048.6,1561.59,12.37,25.11,18.74,1624.14,1064.02,8.661564308,12.70611661,9.283803124,11.26874494
02381600,1563.61,8.11,20.27,14.19,1491.25,1006.5,1624.59,8.86,20.62,14.74,1515.19,1032.94,8.350444901,13.24124199,8.835791177,11.76031361
02383500,1497.19,8.38,20.91,14.65,1450.35,988.89,1559.41,9.06,21.2,15.13,1471.41,1005.11,8.400224006,13.1852405,9.072241926,11.4491942
02384540,1650.79,7.54,19.99,13.76,1485.01,1016.45,1750.12,8.62,20.47,14.54,1503.11,1030.47,7.939767283,15.00217784,8.798456848,12.96123452
02387000,1462.11,8.41,21.1,14.75,1363.23,907.24,1566.77,9.11,21.39,15.25,1390.44,929.65,8.41889117,13.64569722,9.084686703,11.54253002
02387500,1477.64,8.35,21.02,14.69,1402.95,945.76,1552.58,9,21.3,15.15,1426.3,964.72,8.406446394,13.17279572,9.047352374,11.38074793
02395120,1327.77,9.35,21.99,15.67,1398.63,891.69,1368.03,9.72,22.28,16,1416.55,918.87,8.848235953,11.43052704,9.078464315,11.05096136
02408540,1464.63,9.88,23.2,16.54,1621.75,1026.65,1552.05,10.29,23.35,16.82,1631.47,1056.33,8.705121025,12.183436,9.184244913,10.65895091
02414500,1412.41,9.48,22.55,16.01,1540.98,1004.57,1481.06,9.84,22.67,16.26,1550.55,1029.77,8.873125506,11.62342107,9.290025512,10.83940016
02415000,1485.75,9.45,22.85,16.15,1566.68,1018.37,1553.26,9.82,22.99,16.41,1576.58,1043.65,8.941571775,11.95943003,9.246468795,10.62783896
02422500,1456.69,10.88,23.75,17.32,1574.25,976.08,1546.42,11.23,23.91,17.57,1587.08,997.65,9.109576255,11.71675689,9.258913571,10.88917927
02427250,1476.37,11.61,24.62,18.11,1664.64,1018.49,1511.77,11.9,24.74,18.32,1684.06,1038.71,8.935349387,11.8723166,9.383361334,10.92029121
02430085,1500.64,9.4,22.44,15.92,1463.54,886.91,1549.2,9.77,22.53,16.15,1492.71,912.44,9.084686703,11.84742704,9.775371788,10.84562255
02430615,1519.02,9.53,22.61,16.07,1532.62,927.54,1576.98,9.85,22.67,16.26,1559.72,957.01,9.072241926,11.68564495,9.818928505,10.75850912
02448000,1460.46,10.64,23.58,17.11,1581.41,881.44,1525.48,10.94,23.73,17.34,1603.65,904.56,9.19668969,11.54875241,9.607367308,10.7647315
02450250,1588.76,9.31,21.97,15.64,1694.13,928.64,1669.29,9.73,22.09,15.91,1712.18,961.35,9.221579242,11.32474644,9.812706117,10.57805986
02456500,1486.17,9.64,22.64,16.14,1420.73,948.12,1572.4,10.1,22.71,16.4,1441.87,968.08,8.866903117,12.1336569,9.856262834,10.19227179
02464000,1542.85,9.87,23.19,16.53,1554.91,969.34,1605.47,10.41,23.37,16.89,1577.74,984.71,8.667786697,12.58166884,9.520253873,10.44738971
02464146,1521.72,10.16,23.43,16.8,1539.29,913.11,1564.93,10.63,23.64,17.13,1558.67,933.1,8.736232966,12.51322257,9.495364321,10.47227926
02464360,1476.75,10.24,23.56,16.9,1504.93,925.46,1534,10.75,23.76,17.26,1529.8,944.81,8.736232966,12.73722855,9.46425238,10.57805986
02465493,1484.41,10.92,23.98,17.45,1627.14,1029.19,1514.79,11.33,24.14,17.74,1638.53,1042.95,8.842013565,11.84742704,9.538921038,10.60294941
02469800,1502.88,11.53,24.86,18.19,1676.06,1054.64,1536.93,11.87,24.88,18.37,1692.71,1080.58,8.997573269,11.7105345,9.930931492,10.57805986
02472000,1521.91,11.26,24.52,17.89,1611.35,936.58,1596.56,11.58,24.62,18.1,1639.62,958.93,8.860680729,12.20832556,9.80026134,11.38697032
02472500,1548.58,11.82,24.78,18.3,1557.61,943.14,1609.97,12.18,24.95,18.57,1581.56,963.49,8.910459834,12.38877481,9.750482235,11.92831809
02475000,1545.81,11.63,24.84,18.24,1594.3,966.53,1618.8,12.01,24.98,18.49,1620.91,989.64,8.773567295,12.68744944,9.657146413,11.43674942
02475500,1512.91,10.81,24.21,17.51,1596.8,932.19,1581.74,11.13,24.33,17.73,1628.96,949.82,9.022462821,12.09010018,9.731815071,10.74606434
02478500,1535.02,11.39,24.71,18.05,1622.96,981.32,1598.97,11.76,24.83,18.29,1649.17,1000.93,8.767344907,12.40744198,9.626034472,10.99495987
02479155,1628.63,12.31,25.39,18.85,1681.03,1015.26,1700.7,12.75,25.59,19.17,1696.24,1049.54,8.667786697,12.83056437,9.756704623,11.49275092
02479300,1662.47,12.86,25.32,19.09,1627.5,1003.61,1741.69,13.24,25.5,19.37,1647.13,1035.36,8.767344907,12.61278079,9.713147906,11.54253002
02479560,1675.67,12.26,25.27,18.77,1605.92,996.44,1729.46,12.67,25.4,19.03,1625.83,1020.71,8.605562815,12.65011511,9.762927011,11.2936345
02481000,1729.04,13.37,25.28,19.33,1590.49,674.22,1812.79,13.73,25.42,19.58,1608.12,693.3,8.904237446,12.63144795,9.750482235,11.78520316
02481510,1660.48,13.14,25.31,19.22,1575.41,936.66,1733.4,13.5,25.45,19.48,1595.66,961.93,8.8233464,12.82434198,9.744259847,11.48030614
02482000,1485.29,10.65,23.75,17.2,1582.04,912.41,1551.97,10.96,23.89,17.43,1610.08,938.15,9.05979715,11.77275838,9.738037459,10.85184494
02486000,1478.25,10.89,23.92,17.41,1580.46,898.52,1548.87,11.24,24.05,17.64,1609.18,921.24,8.99135088,12.17099123,9.862485222,11.17540912
02492000,1637.18,12.49,25.17,18.83,1559.8,966.5,1695.48,12.96,25.33,19.15,1582.04,985.03,8.530894157,13.37813453,9.688258354,11.91587331
03010500,1202.55,1.15,13,7.08,1152.38,781.29,1234.75,1.41,13.13,7.27,1183.5,807.63,9.109576255,11.56119719,9.7691494,10.9762927
03010655,1137.51,0.96,12.9,6.93,1139.63,760.02,1179.59,1.21,13.02,7.11,1172.52,779.12,8.89179267,11.56119719,9.850040446,10.96384792
03011020,1183.31,1.29,12.99,7.14,1119.61,769.3,1213.95,1.59,13.16,7.37,1146.76,791.64,8.997573269,11.57986435,9.613589696,10.98873748
03011800,1306.08,0.71,12.52,6.62,1139.55,791.98,1309.62,1.04,12.72,6.88,1166.75,801.3,8.978906104,11.59230913,9.650924025,11.10074046
03015500,1301.05,2.33,13.51,7.92,1059.87,779.61,1327.64,2.57,13.67,8.12,1082.38,792.3,9.290025512,10.73361956,9.843818057,11.14429718
03020500,1286.05,2.43,14.06,8.25,1110.53,787.27,1304.93,2.81,14.21,8.51,1131.32,800.05,8.935349387,11.02607181,9.70070313,10.84562255
03021350,1313.16,2.91,13.29,8.1,1043.43,824.47,1339.01,3.17,13.42,8.29,1060.37,834.6,9.283803124,10.63406135,9.930931492,11.18163151
03024000,1229.39,3.31,14.09,8.7,1042.75,804.71,1248.7,3.68,14.23,8.95,1062.16,815.89,8.972683716,11.00118225,9.682035965,10.93273598
03026500,1281.33,0.83,12.59,6.71,1161.55,804.44,1291.68,1.12,12.77,6.95,1185.74,835.67,9.010018045,11.51141808,9.563810591,10.99495987
03028000,1257.88,1,12.8,6.9,1161.71,812.68,1273.66,1.31,13.01,7.16,1186.49,837.76,9.010018045,11.54875241,9.526476262,11.10696285
03032500,1225.17,2.47,14.33,8.4,1124.49,784.71,1257.54,2.76,14.53,8.64,1154.78,805.78,9.05979715,11.43052704,9.520253873,10.83940016
03049000,1183.18,3.3,15.76,9.53,1072.98,759.1,1234.23,3.57,15.84,9.71,1102.11,775.15,9.258913571,11.48652853,10.35405389,10.40383299
03049800,1085.89,4.47,16.38,10.42,1146.43,762.22,1152.77,4.96,16.42,10.69,1169.59,783.01,8.866903117,11.90965092,10.0304897,10.32294195
03050000,1493.9,2.68,14.36,8.52,1245.11,901.22,1499.81,3.01,14.28,8.64,1285.47,910.97,9.215356854,11.45541659,10.09893597,10.18604941
03050500,1466.84,2.74,14.62,8.68,1241.69,899.05,1482.35,3.08,14.58,8.83,1278.37,910.92,9.134465808,11.62342107,9.980710597,10.30427478
03051000,1450.39,2.93,14.95,8.94,1243.01,903.6,1476.51,3.29,14.93,9.11,1280.96,920.84,9.122021032,11.77898077,9.818928505,10.26694045
03054500,1433.53,3.43,15.73,9.58,1244.25,897.56,1466.94,3.8,15.7,9.75,1283.99,918.78,9.221579242,11.65453301,9.999377761,10.26694045
03065000,1364.59,2.54,14.81,8.68,1215.17,864.9,1412.36,2.88,14.8,8.84,1246.88,883.85,8.935349387,11.91587331,10.06782403,10.37894344
03066000,1482.58,1.98,13.95,7.96,1090.8,814.92,1523.93,2.35,13.87,8.11,1121.66,833.33,8.773567295,11.74164644,10.21716135,10.5033912
03069000,1433.12,2.58,14.5,8.54,1244.72,892.67,1458.29,2.92,14.48,8.7,1278.97,910.86,9.153132972,11.74786883,9.980710597,10.3976106
03069500,1346.22,3.03,15.2,9.11,1218.28,876.55,1385.81,3.34,15.18,9.26,1251.2,892.89,9.265135959,11.6607554,10.08026881,10.36027627
03070000,1348.61,3.18,15.35,9.26,1230.47,881,1387.8,3.48,15.34,9.41,1264.42,898.9,9.209134466,11.70431211,10.0864912,10.3478315
03070500,1336.53,3.89,15.37,9.63,1226.49,850.21,1384.25,4.1,15.51,9.8,1262.28,875.14,9.7691494,10.86428971,9.70070313,10.64028374
03075500,1402.35,3.01,14.52,8.76,1178.91,855.06,1440.16,3.22,14.54,8.88,1213.5,878.87,9.526476262,11.00118225,9.96826582,10.69006285
03076600,1327.36,3.18,14.34,8.76,1218.64,861.23,1374.44,3.27,14.44,8.85,1255.62,883.89,10.05537925,10.63406135,9.974488209,10.50961359
03078000,1272.26,3.08,14.01,8.54,1252.37,842.03,1322.7,3.18,14.12,8.65,1288.93,873.7,10.06782403,10.68384046,9.893597163,10.54694792
03079000,1202.27,3.34,14.72,9.03,1160.08,793.44,1260.38,3.59,14.87,9.23,1191.64,821.57,9.613589696,11.26874494,9.930931492,10.61539419
03109500,1082,4.2,15.99,10.1,1087.02,757.79,1132.45,4.58,16.04,10.31,1107.81,774.46,8.686453861,11.23141062,10.31671956,10.58428225
03111500,1119.25,5,16.26,10.63,1143.4,763.02,1170.79,5.31,16.39,10.85,1166.79,788.82,9.2962479,10.93895837,9.638479248,10.82695539
03114500,1276.2,4.46,17.47,10.96,1326.36,870.81,1334.7,4.84,17.6,11.22,1357.49,907.73,9.146910584,11.8723166,9.881152386,10.79584344
03140000,1064.1,4.54,16.08,10.31,1107.05,718.64,1115.96,4.85,16.24,10.54,1126.75,734.95,9.090909091,11.34963599,9.781594176,10.95140315
03144000,1088.4,4.51,16.23,10.37,1163.93,724.62,1131.42,4.8,16.35,10.57,1182.93,743.74,9.028685209,11.33096883,9.831373281,10.72117479
03155500,1252.69,4.75,17.91,11.33,1329.8,867.33,1306.86,5.06,17.95,11.51,1360.85,899,9.258913571,11.59230913,9.93715388,10.19849418
03159500,1095.61,4.98,17.2,11.09,1223.05,770.63,1152.78,5.34,17.29,11.31,1235.41,800,9.084686703,11.13807479,9.688258354,10.54694792
03159540,1109.99,5.17,18.05,11.61,1244.81,795.19,1173.97,5.52,18.06,11.79,1270.01,828.05,8.89179267,11.00740464,9.862485222,10.5033912
03161000,1411.48,5.01,17.1,11.06,1279.08,888.52,1532.85,5.32,17.21,11.26,1306.64,903.29,8.860680729,11.92831809,9.675813577,10.64650613
03164000,1305.15,5.21,17.86,11.53,1303.67,897.27,1402,5.51,17.88,11.7,1334.18,918.19,8.929126999,11.77275838,9.713147906,10.43494493
03165000,1293.68,4.85,17.77,11.31,1287.62,893.6,1380.69,5.23,17.77,11.5,1309.85,916.48,8.786012071,11.69186734,9.862485222,10.20471657
03165500,1277.49,5.37,18.11,11.74,1305.54,893.09,1368.16,5.66,18.12,11.89,1335.07,914.56,8.966461328,11.67942256,9.80026134,10.33538672
03167000,1118.05,4.44,17.12,10.78,1302.97,824.22,1186.83,4.75,17.08,10.92,1335.83,861.31,9.202912078,11.59853152,9.881152386,10.16115985
03168000,1242.8,5.64,18.41,12.02,1320.74,872.85,1323.91,5.94,18.41,12.18,1349.34,899.82,9.034907598,11.68564495,9.856262834,10.29805239
03170000,1186.49,5.27,18.01,11.64,1373.83,867.01,1263.93,5.72,17.97,11.84,1396.78,897.06,8.835791177,12.1336569,10.29183,10.02426731
03173000,1091.17,4.74,17.24,10.99,1360.35,819.04,1157.62,5.07,17.23,11.15,1391.87,861.33,9.190467301,11.77275838,9.862485222,10.24827329
03175500,1139.2,4.64,16.97,10.81,1341.62,831.59,1197.96,4.96,17,10.98,1376.58,866.01,9.314915064,11.69808973,9.843818057,10.2420509
03179000,1160.2,4.87,16.96,10.92,1348.16,844.45,1212.71,5.18,17.07,11.13,1380.19,871.71,9.370916558,11.49897331,9.756704623,10.54072553
03180500,1402.17,2.04,13.58,7.81,1237.75,882.2,1407.37,2.33,13.51,7.92,1267.26,879.24,9.414473275,11.37452554,10.49716881,10.32916433
03182500,1337.36,2.98,14.93,8.95,1236.23,877.55,1357.9,3.27,14.83,9.05,1266.37,893.37,9.433140439,11.21896584,10.32294195,10.27938523
03183500,1276.02,4.1,16.43,10.27,1244.82,855.99,1321.12,4.4,16.39,10.39,1275.44,880.2,9.308692676,11.31230166,10.1362703,10.3478315
03184000,1275.01,4.23,16.59,10.41,1247.42,851.03,1322.73,4.53,16.56,10.54,1278.13,876.46,9.290025512,11.28741211,10.09893597,10.3478315
03186500,1468.98,3.16,14.5,8.83,1237.57,898.55,1499.03,3.36,14.34,8.85,1267.3,924.56,9.682035965,10.48472404,10.3976106,9.86870761
03187500,1474.02,3.15,14.31,8.73,1251.87,905.13,1506.5,3.34,14.17,8.75,1281.04,931.01,9.818928505,10.38516583,10.35405389,9.912264327
03198500,1299.54,5.49,17.69,11.59,1384.16,900.34,1355.23,5.84,17.86,11.85,1417.15,937.77,9.240246407,11.27496733,9.626034472,10.67139568
03213700,1270.54,5.39,17.88,11.64,1394.29,892.38,1332.81,5.71,17.88,11.79,1430.45,933.51,9.271358347,11.50519569,9.986932985,10.27316284
03237280,1232.6,5.42,18.08,11.75,1400.57,846.5,1293.49,5.85,18.15,12,1413.93,890.04,8.742455354,11.71675689,9.899819551,10.34160911
03237500,1179.13,5.59,17.46,11.52,1181.15,745.76,1240.3,5.87,17.6,11.73,1200.19,772.84,9.12824342,11.01362703,9.576255367,10.88295688
03238500,1188.91,5.71,17.46,11.59,1103.5,701.23,1252.33,6.03,17.63,11.83,1115.52,718.58,9.05979715,10.97007031,9.538921038,10.93895837
03241500,1115.87,5.35,16.59,10.97,1074.02,652.63,1163.98,5.64,16.67,11.16,1080.24,659.66,9.22780163,10.69628523,9.912264327,10.38516583
03251500,1249.3,6.26,18.9,12.58,1262.98,812,1331.92,6.66,18.92,12.79,1285.27,846.86,9.115798644,11.45541659,10.17360463,10.3478315
03252500,1246.16,6.62,18.82,12.72,1070.75,702.88,1336.61,6.92,18.87,12.9,1085.3,725,9.501586709,11.0820733,9.980710597,10.34160911
03253500,1243.15,6.31,18.88,12.6,1223.33,784.88,1327.85,6.71,18.9,12.81,1243.97,817.11,9.19668969,11.39319271,10.11760314,10.34160911
03265000,1049.68,4.94,16.08,10.51,1046.37,640.76,1082.27,5.27,16.27,10.77,1053.07,651.18,9.22780163,10.80206583,9.626034472,10.98873748
03266000,1058.44,4.99,16.16,10.57,1050.19,649.55,1093.63,5.33,16.34,10.84,1057.15,659.04,9.22780163,10.88917927,9.669591189,10.89540166
03269500,1077.02,5.06,16.25,10.65,1074.58,682.13,1121.88,5.36,16.33,10.84,1082.01,700.67,9.265135959,10.9265136,9.86870761,10.20471657
03274000,1074.35,5.23,16.45,10.84,1066.75,671.16,1118.67,5.54,16.59,11.07,1074.4,682.51,9.178022525,10.96384792,9.744259847,10.70873001
03280700,1411.04,6.21,18.88,12.55,1392.23,925.66,1482.73,6.56,18.89,12.72,1436.85,967.06,9.12824342,11.45541659,9.93715388,10.78339867
03281100,1378.78,6.28,19.22,12.75,1400.83,926.63,1473.94,6.78,19.29,13.03,1440.87,975.19,8.997573269,11.92831809,9.86870761,10.83317777
03281500,1360.15,6.36,19.23,12.79,1409.63,925.93,1450.68,6.82,19.28,13.05,1448.67,978.11,9.165577749,11.77275838,9.843818057,10.52828075
03285000,1300.07,7.14,19.24,13.19,1169.46,758.27,1395.31,7.42,19.29,13.35,1197.7,778.55,9.682035965,11.22518823,9.962043432,10.56561508
03289500,1226.2,6.9,18.88,12.89,1078.92,698.87,1332.92,7.2,18.95,13.08,1092.73,720.87,9.638479248,10.98251509,9.930931492,10.61539419
03291780,1306.83,6.15,17.77,11.96,1142.08,714.31,1348.35,6.45,17.87,12.16,1165.54,726.91,9.346027005,10.95140315,9.856262834,11.06340614
03300400,1266.86,7.23,19.39,13.31,1169.79,723.69,1364.32,7.51,19.46,13.49,1190.27,745.35,9.495364321,10.87673449,9.918486715,10.64650613
03301500,1284.22,7.29,19.51,13.4,1220.69,754.87,1380.18,7.57,19.58,13.57,1243.18,779.08,9.420695663,10.85184494,9.924709103,10.62783896
03303000,1259.59,6.66,18.77,12.72,1239.42,753.25,1326.88,7.03,18.89,12.96,1261.99,770.75,8.916682223,11.1878539,9.80026134,10.8705121
03308500,1352.06,7.32,19.83,13.57,1220.66,793.9,1431,7.58,19.89,13.74,1251.69,816.32,9.370916558,11.07585091,10.06160164,10.58428225
03324300,1033.72,4.88,15.89,10.38,1056.99,628.02,1081.84,5.14,16.05,10.59,1064.64,630.97,9.551365814,10.4536121,10.05537925,10.90784643
03326500,1048.13,4.86,15.93,10.39,1053.11,632.53,1089.77,5.14,16.11,10.63,1060.52,636.06,9.626034472,10.73984195,9.812706117,10.92029121
03328500,1050.73,4.52,15.54,10.03,1038.74,685.19,1063.24,4.72,15.61,10.16,1052.02,693.97,9.526476262,10.17982702,10.13004791,10.49716881
03331500,1055.31,4.51,15.47,9.99,1049.69,731.32,1060.88,4.67,15.51,10.09,1062.29,741.7,9.551365814,10.22338373,10.12382552,10.53450314
03338780,1037.63,4.99,16.42,10.71,1046.14,613.91,1072.27,5.14,16.49,10.82,1061.18,631.76,9.682035965,10.55317031,9.856262834,10.19227179
03339500,1090.61,5.08,16.42,10.75,1049.89,628.35,1116.1,5.29,16.48,10.89,1062.15,635.27,9.507809097,10.64650613,10.15493746,10.37894344
03340800,1146.87,5.21,16.69,10.95,1062.59,646.49,1165.77,5.36,16.68,11.02,1072.57,643.71,9.626034472,10.74606434,10.24827329,10.29805239
03345500,1104.43,6.23,17.59,11.91,1117.99,660.77,1123.95,6.4,17.68,12.04,1134.98,671.38,9.638479248,10.56561508,10.13004791,10.54694792
03346000,1139.55,6.53,17.86,12.2,1131.34,687.1,1177.27,6.72,18.03,12.37,1151.03,701.51,9.657146413,10.61539419,9.812706117,10.57805986
03348000,1081.04,4.83,15.99,10.41,1062.1,657.18,1121.68,5.15,16.19,10.67,1071.47,668.45,9.46425238,11.00740464,9.70070313,11.16296435
03349000,1075.71,4.9,16.06,10.48,1052.25,645.24,1116.4,5.22,16.25,10.73,1061.26,655.58,9.46425238,10.93895837,9.775371788,11.03229419
03357350,1171.57,5.33,16.82,11.08,1161.53,689.03,1189.84,5.45,16.8,11.12,1176.28,694.74,9.582477755,10.78339867,10.19849418,10.41005538
03361500,1142.89,5.21,16.39,10.8,1052.64,669.37,1184.42,5.53,16.56,11.05,1060.86,678.55,9.538921038,11.07585091,9.738037459,11.24385539
03361650,1140.99,5.32,16.44,10.88,1056.56,662.64,1187.78,5.64,16.59,11.11,1065.79,675.55,9.501586709,11.07585091,9.7691494,11.15051957
03362500,1141.95,5.57,16.75,11.16,1067.64,690.17,1189.81,5.91,16.9,11.41,1076.94,701.43,9.414473275,11.05096136,9.806483728,11.19407629
03363000,1144.48,5.44,16.65,11.05,1068.43,686.88,1189.73,5.78,16.82,11.3,1077.64,696.37,9.458029992,11.09451808,9.731815071,11.1878539
03364000,1156,5.51,16.79,11.15,1075.55,683.34,1201.84,5.86,16.96,11.41,1084.8,692.22,9.414473275,11.10074046,9.762927011,11.22518823
03364500,1189.69,5.73,16.97,11.35,1049.65,664.11,1234.64,6.08,17.15,11.62,1057.17,672.05,9.482919545,11.08829569,9.750482235,11.27496733
03365500,1171.49,5.6,16.95,11.28,1083.99,684.13,1219.28,5.95,17.11,11.53,1093.79,693.96,9.383361334,11.07585091,9.706925518,11.16296435
03366500,1277.97,6.29,18.01,12.15,1222.72,730.73,1332.88,6.66,18.14,12.4,1239.96,747.24,9.221579242,11.25007778,9.669591189,11.01362703
03368000,1260.17,6.04,17.48,11.76,1415.99,798.37,1310.5,6.38,17.65,12.01,1431.14,826.03,9.339804617,10.90784643,9.638479248,11.08829569
03381500,1155.56,6.91,18.44,12.67,1171.3,697.6,1200.22,7.12,18.53,12.82,1188.23,712.72,9.520253873,10.61539419,10.0864912,10.54072553
03384450,1320.68,7.57,19.68,13.62,1535.92,786.73,1361.02,7.86,19.71,13.78,1577.3,803.68,9.358471781,10.89540166,10.26694045,10.64650613
03410500,1493.87,6.77,19.4,13.08,1399.33,946.16,1599.45,7.24,19.58,13.41,1436.39,976.96,9.034907598,11.92831809,9.818928505,10.83317777
03438000,1351.92,8.2,20.52,14.36,1188.25,725.12,1416.39,8.7,20.64,14.67,1214.9,743.23,9.103353867,11.3994151,9.874929998,10.4536121
03439000,2058.57,5.58,17.5,11.54,1302.37,917.99,2124.95,5.99,17.52,11.75,1328.64,931.13,8.649119532,12.41366436,10.10515836,9.86870761
03443000,1861.88,6.3,18.51,12.4,1307.96,933.65,1954.82,6.69,18.55,12.62,1331.37,943.97,8.779789683,12.43855392,10.17360463,10.22338373
03450000,1461.47,4.63,15.73,10.18,1282.99,897.11,1578.9,4.84,15.77,10.3,1315.33,922.62,9.551365814,11.08829569,9.713147906,10.52828075
03451500,1547.85,6.31,18.91,12.61,1274.29,905.42,1629.77,6.7,19,12.85,1300.96,917.86,8.873125506,12.43233153,9.874929998,10.45983448
03455000,1512.91,6.17,18.85,12.51,1243.12,887.72,1585.53,6.64,18.96,12.8,1274.49,903.17,8.767344907,12.75589571,9.812706117,10.5033912
03455500,2077.46,4.03,15.13,9.58,1158.59,846.02,2057.42,4.61,15.06,9.83,1184.37,857.03,8.549561322,13.06079273,10.36649866,9.308692676
03456500,1743.3,4.83,16.74,10.79,1284.2,904.98,1792.77,5.31,16.72,11.02,1312.01,917.55,8.661564308,12.90523303,10.00560015,9.570032979
03460000,1639.6,3.38,16.29,9.84,1153.96,863.45,1697.8,4.53,16.4,10.47,1188.72,880.98,8.331777736,13.83236886,9.818928505,10.89540166
03463300,1618.42,4.88,16.47,10.67,1229.66,871.97,1762.78,5.13,16.54,10.83,1254.78,886.36,9.408250887,11.58608674,9.7691494,10.79584344
03465500,1383.08,5.79,18.07,11.93,1230.15,875.75,1466.53,6.05,18.19,12.12,1263.56,890.99,9.109576255,11.75409122,9.675813577,10.62161658
03470000,1536.44,5.97,18.87,12.42,1142.21,840.76,1597.47,6.82,19.03,12.92,1177.31,858.68,8.425113559,13.56480617,9.837595669,11.00118225
03471500,1211.37,4.04,16.51,10.27,1299.11,876.76,1316.11,4.27,16.49,10.38,1334.36,903.64,9.302470288,11.36830315,9.694480742,10.25449568
03473000,1246.97,4.49,16.92,10.71,1240.28,867.75,1339.43,4.74,16.94,10.84,1279.07,889.09,9.010018045,11.6607554,9.663368801,10.52828075
03479000,1457.25,4.58,15.75,10.17,1244.6,880.96,1555.73,4.85,15.87,10.36,1274.6,903.65,9.034907598,11.85364943,9.601144919,10.88917927
03488000,1201.8,4.4,16.99,10.7,1284.26,856.4,1270.24,4.67,16.99,10.83,1323.25,886.66,9.165577749,11.43052704,9.806483728,10.15493746
03490000,1248.62,5.33,17.85,11.59,1203.6,837.28,1324.45,5.6,17.84,11.72,1241.87,861.96,9.171800137,11.66697779,9.924709103,10.36649866
03498500,1540.27,6.57,19.34,12.96,1171.09,846.56,1593.93,7.34,19.53,13.44,1208.85,866.79,8.425113559,13.3408002,9.688258354,11.05718375
03500000,1898.99,6.03,18.49,12.26,1267.64,967.78,1959.8,6.67,18.6,12.64,1295.34,978.52,8.350444901,12.49455541,9.46425238,10.67139568
03500240,1873.64,5.45,17.93,11.69,1217.37,958.86,1923.34,6.2,18.05,12.13,1250.94,974.63,8.263331467,12.81811959,9.495364321,10.87673449
03504000,1982.41,5.26,17.25,11.26,1246.5,964.76,2020.7,6.1,17.36,11.73,1270.76,977.73,8.120216539,12.81189721,9.277580735,10.48472404
03512000,1720.31,4.02,17,10.51,1150.93,863.42,1760.6,5.05,17.12,11.09,1184.31,880.9,8.300665796,13.95681663,9.887374774,10.94518076
03524000,1231.24,4.92,17.48,11.2,1245.01,856.33,1295.65,5.17,17.45,11.31,1283.09,887.82,9.22780163,11.43052704,9.781594176,10.31049717
03528000,1304.24,5.85,18.43,12.14,1228.43,854.05,1376.33,6.19,18.44,12.31,1267.29,885.77,9.084686703,11.7105345,9.999377761,10.50961359
03531500,1436.52,6.14,18.57,12.36,1225.74,865.9,1484.92,6.47,18.51,12.49,1264.16,895.27,9.140688196,11.26252256,9.893597163,10.55939269
03532000,1394.38,6.4,19.15,12.78,1227.39,862.49,1456.28,6.85,19.15,13,1265.47,887.09,8.978906104,11.766536,10.01182254,10.54072553
03540500,1515.17,7.23,19.58,13.4,1336.89,911.42,1605.4,7.63,19.77,13.7,1370.87,933.83,9.084686703,11.65453301,9.63225686,10.64650613
03550000,1840.97,5.69,18.42,12.06,1253.59,909.11,1872.88,6.65,18.81,12.73,1287.98,927.29,8.076659822,13.42791363,9.240246407,12.35144048
03567500,1395.88,8.76,21.22,14.99,1298.71,895.3,1485.33,9.4,21.45,15.43,1324.91,913.48,8.568228486,12.94878975,9.283803124,11.0820733
03574500,1540.57,8.77,21.07,14.92,1421.3,900.8,1600.83,9.17,21.2,15.19,1449.76,921.12,9.12824342,11.27496733,9.551365814,10.47850165
03592718,1531.09,9.17,22.1,15.63,1473.35,897.78,1575.43,9.51,22.17,15.84,1502.22,925.56,9.072241926,11.74164644,10.01804493,10.96384792
03603000,1466.52,8.09,21,14.55,1334.76,834.99,1517.65,8.45,21.05,14.75,1360.5,856.53,9.097131479,11.20652106,9.825150893,10.55317031
03604000,1556.43,8.01,21.2,14.6,1434.93,883.24,1585.45,8.45,21.27,14.86,1462.7,903.95,8.860680729,11.56741958,9.881152386,10.54694792
04015330,811.68,-1.57,9.82,4.13,1023.33,462.68,873.35,-1.43,9.7,4.14,1023.18,463.32,9.570032979,10.89540166,10.49716881,10.00560015
04024430,839.13,-1.11,10.89,4.89,1042.66,665.87,877.74,-0.76,10.8,5.02,1050.25,675.2,9.302470288,10.78339867,10.29805239,10.2420509
04027000,898.31,-1.03,10.77,4.87,1072.76,739.6,932.68,-0.89,10.53,4.82,1078.68,747.43,9.713147906,10.49094643,10.7149524,10.0864912
04040500,911.99,-1.68,10.37,4.35,967.37,535.67,924.6,-1.68,10.01,4.16,972.73,536.4,9.650924025,10.09893597,11.61097629,10.17982702
04043050,814.18,0.1,10.05,5.08,931.05,715.48,835.66,0.42,9.86,5.14,928.43,709.56,8.885570282,10.10515836,11.03851658,10.14871508
04045500,894.16,-0.11,10.64,5.26,1017.05,487.06,953.78,-0.08,10.57,5.24,1016.48,495.6,9.980710597,9.874929998,10.67761807,10.45983448
04056500,857.39,0.33,10.79,5.56,978.86,707.75,929.43,0.35,10.67,5.51,984.28,715.29,10.20471657,10.03671209,10.820733,10.25449568
04057510,855.48,0.5,10.91,5.71,1066.2,746.62,924.97,0.42,10.83,5.62,1068.21,756.13,10.87673449,10.20471657,10.54694792,10.55939269
04057800,917.4,-1.7,10.24,4.27,1010.45,720.82,916.9,-1.75,9.96,4.1,1013.01,721.85,9.563810591,10.16738224,11.43052704,10.44738971
04059500,814.49,-0.5,11.12,5.31,1029.37,700.3,835.05,-0.43,11.08,5.33,1029.49,696.43,9.862485222,10.45983448,10.34160911,10.49716881
04063700,832.18,-1.45,10.77,4.66,1116.71,744.64,854.6,-1.33,10.6,4.64,1114.81,746.4,9.80026134,10.13004791,10.52205837,10.50961359
04073500,888.56,1.92,13.34,7.63,1036.08,709.84,939.22,2.04,13.19,7.62,1040.6,714.95,9.781594176,10.57805986,10.6091718,10.55939269
04074950,851.48,-1.05,10.79,4.87,1098.58,745.51,879.63,-0.89,10.68,4.89,1101.67,746.42,9.644701636,10.23582851,10.51583598,10.55939269
04079000,849.06,0.19,11.86,6.03,1068.44,717.25,883.45,0.4,11.76,6.08,1071.48,723.37,9.402028499,10.61539419,10.36649866,10.5033912
04100500,1032.5,4.3,15.19,9.74,1031.06,732.83,1029.52,4.46,15.22,9.84,1045.81,743.7,9.302470288,10.29805239,10.12382552,10.3976106
04105700,985.77,3.61,14.75,9.18,1101.52,824.71,1011.89,3.85,14.84,9.34,1127.27,837.44,9.047352374,10.55317031,10.01182254,10.41627777
04113000,915.37,3.33,14.41,8.87,1037.13,671.12,939.67,3.48,14.52,9,1052.86,686.13,9.370916558,10.44738971,10.02426731,10.73361956
04115000,880.78,3.06,14.27,8.67,955.83,597.63,904.04,3.26,14.32,8.79,972.63,616.94,9.234024018,10.62783896,10.44116732,10.78339867
04115265,919.02,2.39,14.01,8.2,990.66,681.71,970.76,2.55,14.09,8.32,1011.15,699.59,9.402028499,10.38516583,10.21716135,10.58428225
04122200,973.21,2.54,13.6,8.07,1074.78,747.69,1001.4,2.69,13.64,8.16,1102.92,769.3,9.414473275,10.64028374,10.38516583,10.41005538
04122500,973.25,2.14,13.35,7.75,1107.49,763.64,1003.88,2.33,13.37,7.85,1132.64,781.41,9.433140439,10.59050464,10.32916433,10.36649866
04124000,887.36,1.32,12.44,6.88,1033.16,704.34,916.61,1.6,12.39,6.99,1049.91,714.44,9.034907598,10.63406135,10.37894344,10.31049717
04127918,945.88,-0.12,10.68,5.28,1027.65,732.52,990.51,-0.04,10.67,5.31,1027.72,752.4,9.96826582,10.02426731,10.27316284,10.38516583
04127997,901.79,0.71,11.96,6.33,1012.84,685.22,925.8,0.94,11.76,6.35,1024.49,701.69,9.370916558,10.5033912,10.58428225,10.31049717
04161580,933.58,3.3,13.85,8.57,1106.57,678.09,948.12,3.4,13.88,8.64,1127.22,702.79,9.426918051,10.42250016,10.22960612,10.86428971
04164000,901.95,3.91,14.31,9.11,1094.41,705.51,919.81,4,14.41,9.2,1108.41,715.23,9.501586709,10.40383299,10.11138075,10.74606434
04165500,900.38,3.91,14.28,9.09,1092.82,741.76,918.38,4,14.38,9.19,1105.47,751.05,9.551365814,10.37894344,10.13004791,10.78962106
04176500,934.38,3.91,14.95,9.43,1029.04,671.56,937.96,4.06,15.1,9.58,1043.43,681.88,9.451807604,10.50961359,9.837595669,10.820733
04178000,981.37,3.75,14.93,9.34,1004.33,664.2,988.78,3.95,15.01,9.48,1022.27,679.26,9.402028499,10.17360463,9.881152386,10.51583598
04183500,994.39,4.45,15.45,9.95,1030.57,645.79,1021.64,4.67,15.56,10.12,1042.74,654.51,9.302470288,10.37272105,9.893597163,10.59672702
04185000,959.12,3.73,15,9.37,1003.79,640.3,965.76,3.92,15.13,9.52,1018.23,650.61,9.339804617,10.26694045,9.86870761,10.69628523
04191500,987.53,4.84,15.74,10.29,1044.09,619.91,1028.43,5.1,15.88,10.49,1049.48,627.7,9.234024018,10.81451061,9.762927011,10.69628523
04196800,982.02,4.89,15.75,10.32,1034.51,625.19,1015.87,5.22,15.98,10.6,1037.4,628.94,9.115798644,11.23141062,9.314915064,10.55939269
04197100,1018.76,4.65,15.29,9.97,1020.34,651.53,1053.15,5.02,15.58,10.3,1027,652.29,9.028685209,11.43674942,9.165577749,10.96384792
04197170,997.69,4.77,15.32,10.04,1032.17,663.43,1036.27,5.13,15.6,10.37,1038.63,668.64,8.96023894,11.41808226,9.171800137,10.88917927
04198000,995.22,4.75,15.46,10.11,1024.88,645.53,1031.85,5.1,15.71,10.41,1029.71,649.92,9.084686703,11.43052704,9.358471781,10.75228673
04201500,1028.19,4.95,15.24,10.1,1066.44,717.47,1073.11,5.27,15.38,10.33,1083.18,735.38,9.258913571,11.16918673,9.657146413,10.75850912
04213000,1179.53,4.03,14.39,9.21,1041.73,824.91,1179.42,4.48,14.48,9.48,1064.39,838.54,9.003795657,11.02607181,9.781594176,10.72117479
04213075,1168.49,4.48,14.18,9.33,1058.26,904.29,1185.13,4.91,14.28,9.6,1076.59,919.23,9.140688196,11.05096136,9.825150893,10.70873001
04216418,1141.21,2.32,12.66,7.49,1011.76,740.88,1185.16,2.71,12.7,7.7,1026.91,750.57,8.810901624,11.1878539,9.70070313,10.72739718
04221000,1083.44,0.94,12.96,6.95,1088.23,736.75,1110.87,1.19,13.15,7.17,1117.58,763.62,8.898015058,11.66697779,9.96826582,11.17540912
04223000,1095.65,1.45,13.01,7.23,1064.35,738.65,1126.68,1.74,13.17,7.46,1089.68,761.1,9.041129986,11.43674942,9.837595669,11.09451808
04224775,1012.58,1.7,13.33,7.52,1041.26,707.94,1034.37,1.94,13.53,7.73,1064.58,725.98,9.115798644,11.41808226,9.999377761,11.21274345
04233000,1078.95,2.15,13.3,7.73,1087.97,750.59,1090.11,2.27,13.4,7.83,1114.41,772.37,9.613589696,10.85184494,9.688258354,10.52828075
04256000,1343.49,-0.22,11.3,5.54,1044.83,739.17,1358.42,-0.05,11.49,5.72,1061.39,752.33,9.246468795,10.27938523,9.563810591,10.44738971
04296000,1311.45,-0.58,10.74,5.08,944.67,708.22,1309.66,-0.37,10.83,5.23,955.16,714.66,9.165577749,10.90162404,9.719370294,10.61539419
05053000,591.04,0.02,12.23,6.12,942.07,485.69,624.62,0.18,11.96,6.07,936.57,511.37,9.657146413,10.5033912,10.36027627,10.44738971
05056000,466.52,-1.4,10.93,4.77,900.57,462.62,476.55,-1.33,10.68,4.68,881.22,479.03,9.507809097,10.31049717,10.22960612,9.96826582
05057000,485.15,-1.47,10.74,4.63,896.64,465.63,498.38,-1.36,10.49,4.57,877.48,480.14,9.46425238,10.33538672,10.26694045,10.04915687
05057200,523.95,-1.26,10.9,4.82,887.52,464.55,547.28,-1.03,10.63,4.8,869.32,482.72,9.445585216,11.02607181,10.52828075,10.49094643
05062500,693.04,-1.54,10.42,4.44,959.01,590.1,709.17,-1.42,10.22,4.4,954.18,588.86,9.731815071,10.31671956,10.15493746,10.2420509
05087500,596.38,-1.87,10.02,4.08,860.79,485.95,630.36,-1.82,9.86,4.02,847.55,500.58,9.818928505,10.36027627,10.25449568,10.16738224
05120500,454.8,-1.38,11.4,5.01,925.41,448.33,471.65,-1.37,11.11,4.87,905.25,470.16,9.408250887,10.13004791,10.31049717,9.943376268
05123400,517.03,-2.88,9.52,3.32,845.3,464.69,536.61,-2.85,9.38,3.26,822.06,478.01,9.613589696,10.27938523,9.955821044,9.86870761
05129115,747.25,-2.91,9.62,3.35,988.07,716.9,753.83,-2.8,9.46,3.33,988.7,719.59,9.476697156,10.40383299,10.47850165,10.3976106
05131500,754.5,-2.64,9.75,3.56,1004.77,655.35,760.25,-2.61,9.61,3.5,1005.85,656.72,9.688258354,10.26694045,10.46605687,10.33538672
05244000,722.82,-1.28,10.62,4.67,1012.02,645.64,722.14,-1.16,10.43,4.63,1012.26,640.38,9.918486715,10.36649866,10.41005538,10.41005538
05280000,791.53,1.12,12.58,6.85,958.58,574.96,810.51,1.18,12.32,6.75,962.48,580.91,9.70070313,10.28560762,10.68384046,10.49716881
05291000,638.85,0.61,12.53,6.57,972.43,527.55,668.77,0.66,12.23,6.44,970.88,529.81,9.70070313,10.33538672,10.35405389,10.27316284
05320500,881.54,1.76,13.05,7.4,970.27,557.19,928.76,1.89,12.87,7.38,973.23,570.62,9.507809097,10.82695539,10.56561508,10.47850165
05362000,887.46,-0.95,11.18,5.12,1061.98,765.46,941.4,-0.7,11.04,5.17,1064.7,763.42,9.439362827,10.62783896,10.65895091,10.04293448
05393500,882.94,-1.03,10.74,4.86,1101.81,717.28,929.78,-0.79,10.66,4.93,1099.67,725.63,9.545143426,10.39138821,10.45983448,10.01182254
05399500,861.3,0.11,11.65,5.88,892.82,656.13,886.29,0.35,11.51,5.93,899.28,656.99,9.451807604,10.55317031,10.52828075,10.0864912
05408000,926.05,1.57,12.92,7.24,1062.52,692.68,990.93,1.74,12.68,7.21,1073.97,700.81,9.974488209,9.999377761,10.98251509,10.25449568
05410490,943.46,1.86,13.24,7.55,1054.51,686.6,1001.42,2.07,13.1,7.58,1065.35,698,9.619812084,10.37272105,10.54694792,10.35405389
05412500,955.72,2.25,13.61,7.93,956.59,610.99,1010.42,2.28,13.54,7.91,965.01,622.69,9.719370294,10.37894344,10.31049717,10.59050464
05413500,953.49,2.75,13.86,8.31,978.1,251.93,1003.44,2.92,13.76,8.34,985.91,256.38,9.408250887,10.61539419,10.15493746,10.48472404
05414000,979.38,2.51,13.62,8.07,959.97,455.19,1016.41,2.73,13.56,8.15,967.47,463.45,9.314915064,10.75850912,10.1362703,10.56561508
05418500,982.4,2.95,14.32,8.63,997.28,531.73,1027.72,3.02,14.25,8.63,1002.4,544.04,9.713147906,10.20471657,10.16115985,10.68384046
05422000,963.78,2.81,14.18,8.49,982.85,603.72,1006.52,2.87,14.11,8.49,988.16,612.74,9.650924025,10.38516583,10.09893597,10.72739718
05430500,930.65,2.48,13.63,8.05,975.43,648.75,971.61,2.63,13.56,8.09,978.03,656.21,9.706925518,10.50961359,10.57805986,10.44116732
05435500,982.76,2.53,13.98,8.26,956.29,603.58,1029.63,2.8,13.99,8.4,957.01,609.5,9.445585216,10.85806733,10.25449568,10.72739718
05440000,960.91,3.42,14.61,9.01,997.11,685.95,992.79,3.6,14.59,9.1,989.72,683.55,9.744259847,10.62161658,10.29805239,10.22960612
05444000,1021.36,3.16,14.77,8.96,944.86,587.92,1048.72,3.47,14.85,9.16,942.06,589.39,9.495364321,10.85806733,10.2420509,10.73361956
05447500,991.24,4,15.41,9.7,1008.76,611.01,1024.31,4.22,15.41,9.81,1011.84,619.32,9.644701636,10.86428971,10.22338373,10.54694792
05451500,928.39,2.55,14.04,8.3,991.07,577.57,964.76,2.56,13.94,8.25,998.62,591.27,9.86870761,10.25449568,10.27938523,10.81451061
05452000,962.74,3.13,14.67,8.9,1007.82,586.21,977.54,3.13,14.62,8.88,1011.41,588.2,10.17360463,10.06782403,10.27316284,10.85184494
05454000,993.69,4.02,15.41,9.72,1068.72,632.46,1011.46,4.03,15.36,9.7,1079.14,642.93,9.856262834,9.86870761,9.962043432,10.77717628
05454500,948.39,2.86,14.34,8.6,1019.98,594.24,985.75,2.88,14.26,8.57,1026.95,603.7,9.843818057,10.24827329,10.29183,10.85806733
05455500,971.64,3.93,15.44,9.69,1061.53,616.34,994.01,3.8,15.35,9.57,1069.37,618.31,10.26071806,10.03671209,10.00560015,10.95140315
05457700,925.1,1.78,12.91,7.35,945.52,590.42,974.46,1.8,12.71,7.26,949.67,601.38,9.738037459,10.35405389,10.41005538,10.47850165
05458000,938.44,1.86,13.04,7.45,945.67,613.34,993.27,1.85,12.85,7.35,950.33,623.78,9.750482235,10.36649866,10.55317031,10.58428225
05458500,930.54,1.97,13.23,7.6,951.54,596.6,977.39,1.99,13.08,7.54,955.82,607.17,9.725592682,10.35405389,10.3976106,10.58428225
05462000,914.64,2.03,13.27,7.65,965.16,608.65,959.79,2.04,13.11,7.58,971.6,620.75,9.713147906,10.30427478,10.43494493,10.67139568
05466500,1007.11,4.72,15.81,10.27,1036.41,624.75,1022.92,4.78,15.76,10.27,1046.84,628.21,10.01182254,10.24827329,10.3478315,10.58428225
05471500,950.37,3.39,15.01,9.2,1039.08,598.21,975.45,3.43,14.95,9.19,1046.48,606.11,9.881152386,10.36027627,10.16115985,10.79584344
05472500,962.97,3.8,15.33,9.57,1044.25,604.22,977.86,3.76,15.26,9.51,1050.99,606.9,10.04915687,10.20471657,10.0304897,10.85806733
05476500,778.12,1.46,13.04,7.25,975.46,539.72,809.87,1.55,12.92,7.23,978.06,550.73,9.675813577,10.66517329,10.11760314,10.50961359
05479000,851.86,2.16,13.55,7.86,981.18,555.65,878.86,2.19,13.45,7.82,987.02,568.34,9.881152386,10.37272105,10.30427478,10.75850912
05481000,900.35,2.43,13.95,8.19,987.56,555.36,929.56,2.4,13.82,8.11,995.35,571.4,9.980710597,10.26694045,10.32916433,10.88917927
05482500,877.93,2.73,14.5,8.61,1022.91,568.38,878.73,2.76,14.36,8.56,1028.53,566.77,10.02426731,10.43494493,10.41627777,10.77717628
05484500,904.88,2.94,14.76,8.85,1040.83,578.34,915.23,2.94,14.64,8.79,1046.93,581.3,10.03671209,10.40383299,10.32294195,10.79584344
05487980,983.03,4.15,15.94,10.05,1168.5,655.78,995.18,4.13,15.88,10.01,1182.11,665.82,9.93715388,10.48472404,10.09893597,11.38074793
05488200,999.86,4.34,15.95,10.14,1137.12,678.92,998.12,4.29,15.87,10.08,1149.19,686.07,9.924709103,10.2420509,10.03671209,11.14429718
05489000,1011.17,4.43,16,10.21,1168.01,690.97,1005.34,4.36,15.92,10.14,1185.93,697.82,10.21093896,10.09271358,10.03671209,11.15674196
05495000,1036.46,5.33,16.72,11.03,1158.75,473.86,1030.21,5.31,16.64,10.97,1178.2,478.53,10.23582851,9.806483728,10.32294195,11.1318524
05495500,1041.04,5.77,16.97,11.37,1103.63,662.21,1031.45,5.9,16.97,11.44,1119.8,672.19,9.613589696,10.67761807,10.13004791,11.01362703
05501000,1050.06,6.03,17.54,11.78,1161.38,697.28,1065.45,6.14,17.46,11.8,1175.96,716,9.974488209,10.41627777,10.48472404,11.23141062
05503800,1074.7,6.07,17.74,11.9,1166.35,676.29,1093.02,6.2,17.66,11.93,1181.32,695.62,10.06782403,10.54072553,10.5033912,11.20652106
05507600,1090.07,6.2,17.96,12.08,1136.46,666.03,1081.77,6.49,17.88,12.18,1147.92,675.75,9.694480742,11.11940763,10.72117479,11.34963599
05508000,1073.65,6.04,17.62,11.83,1171.48,689.88,1076.85,6.2,17.57,11.89,1187.57,703.85,9.887374774,10.68384046,10.37272105,11.38074793
05508805,1067.78,6.18,17.89,12.03,1176.59,677.09,1063.69,6.44,17.79,12.11,1190.06,680.24,9.738037459,11.11940763,10.70873001,11.05096136
05514500,1102.09,6.25,18.27,12.26,1195.52,674.34,1106.9,6.56,18.18,12.37,1209.43,688.21,9.576255367,11.17540912,10.69006285,11.26874494
05515500,1054.01,4.74,15.27,10,1055.39,779.11,1066.86,4.84,15.25,10.05,1063.09,784.72,9.563810591,10.1362703,10.27316284,10.37272105
05517000,1055.88,4.55,15.34,9.94,1058.44,760.1,1059.14,4.66,15.34,10,1069.84,769.94,9.594922531,10.14871508,10.26694045,10.46605687
05517500,1050.02,4.61,15.34,9.98,1057.07,760.67,1060,4.74,15.34,10.04,1066.85,768.74,9.482919545,10.19227179,10.28560762,10.45983448
05518000,1042.45,4.69,15.39,10.04,1061.04,766.18,1055.1,4.84,15.39,10.11,1069.9,773.09,9.439362827,10.2420509,10.29183,10.45983448
05520500,1037.12,4.73,15.45,10.09,1067.31,764.5,1053.07,4.9,15.45,10.18,1075.38,771.29,9.458029992,10.36649866,10.22338373,10.54694792
05525500,1017.49,4.8,16.27,10.53,1052.18,614.68,1048.39,4.94,16.33,10.64,1064.14,630.82,9.613589696,10.65895091,9.881152386,10.24827329
05526000,1020.7,4.71,16.07,10.39,1058.85,641.34,1046.02,4.87,16.1,10.49,1069.12,656.06,9.644701636,10.52828075,9.980710597,10.42250016
05542000,992.21,4.49,15.94,10.21,1044.46,609.01,1016.94,4.71,15.95,10.33,1047.47,619.17,9.402028499,10.81451061,9.899819551,10.32916433
05552500,956.07,3.65,14.5,9.07,1040.09,680.9,986.5,3.85,14.49,9.17,1034.65,684.26,9.507809097,10.51583598,10.14871508,10.24827329
05554500,991.35,4.59,16.18,10.39,1060.04,597.91,1013.11,4.77,16.23,10.5,1069.98,620.98,9.551365814,10.79584344,9.70070313,10.41627777
05555300,998.55,4.57,16.15,10.36,1053.85,591.95,1012.67,4.76,16.19,10.48,1062.51,609.57,9.445585216,10.83940016,9.738037459,10.42250016
05556500,997.76,3.89,15.31,9.6,991.81,595.04,1026.72,4.11,15.29,9.7,992.2,598.38,9.657146413,10.820733,10.06782403,10.37894344
05569500,1003.79,4.62,16.06,10.34,1052.13,628.97,1023.35,4.78,16.06,10.42,1065.87,636.43,9.831373281,10.72117479,10.27938523,10.48472404
05570000,1010.93,4.81,16.22,10.52,1058.24,624.93,1025.19,4.94,16.22,10.58,1073.82,631.56,9.794038952,10.65895091,10.22338373,10.53450314
05582000,1018.69,5.34,17,11.17,1083,630.03,1025.02,5.51,17.04,11.28,1098.92,636.4,9.613589696,10.92029121,10.3478315,10.55939269
05584500,1034.66,5.41,16.75,11.08,1083.91,630.89,1037.58,5.51,16.73,11.12,1103.12,636.35,9.843818057,10.52828075,10.29183,10.68384046
05585000,1031.82,5.5,16.87,11.18,1099.36,639.82,1032.77,5.6,16.86,11.23,1119.02,649.5,9.818928505,10.67761807,10.17982702,10.7647315
05591550,1081.42,6.27,17.5,11.88,1118.8,654.91,1095.04,6.44,17.55,12,1133.85,671.1,9.70070313,10.55317031,10.25449568,10.52205837
05592050,1051.27,6.2,17.68,11.94,1127.64,661.61,1076.13,6.38,17.68,12.03,1143.88,681.8,9.607367308,10.72117479,10.47850165,10.54694792
05592500,1067.64,6.11,17.57,11.84,1129.74,663.56,1090.91,6.29,17.61,11.95,1145.31,676.57,9.706925518,10.68384046,10.29183,10.54072553
05592575,1103.55,6.64,18.12,12.38,1188.64,696,1157.17,6.79,18.13,12.46,1204.83,717.06,9.682035965,10.67761807,10.32294195,10.57183747
05593000,1082.66,6.3,17.77,12.04,1139.34,672.27,1109.77,6.49,17.82,12.16,1154.08,685.88,9.626034472,10.7647315,10.21093896,10.59050464
05593575,1108.32,7.35,18.84,13.09,1164.81,692.33,1139.67,7.58,18.87,13.22,1173.9,703.52,9.557588202,10.55939269,10.04915687,10.57183747
05593900,1058.99,6.47,17.9,12.18,1145.2,670.44,1089.64,6.63,17.95,12.29,1158.11,686.27,9.607367308,10.70250762,10.04293448,10.75850912
05594000,1070.35,6.9,18.28,12.59,1153.63,675.36,1107.57,7.11,18.34,12.72,1165.26,691.83,9.601144919,10.50961359,10.01182254,10.82695539
05595730,1150.44,7.23,18.73,12.98,1225.05,715.87,1189.42,7.45,18.72,13.08,1240.97,730.92,9.613589696,10.57805986,10.11760314,10.47850165
06037500,904.24,-5.97,8.03,1.03,738.76,318.28,897.82,-5.28,8.27,1.5,742.72,320.83,9.159355361,11.79764794,9.414473275,10.55939269
06043500,750.94,-4.11,9.09,2.49,658.5,353.33,754.04,-3.15,9.16,3,655.19,349.95,9.066019538,13.17901811,9.750482235,10.11760314
06154410,457.27,-0.48,11.54,5.53,1103.95,439.24,490.25,-0.06,11.43,5.69,1105.05,477.22,9.850040446,10.3478315,10.27316284,10.22960612
06188000,837.9,-5.6,7.23,0.82,623.72,459.2,857.33,-4.85,7.4,1.27,620.45,454.45,8.779789683,12.83056437,9.408250887,10.50961359
06191500,870.41,-5.48,7.61,1.07,637.32,389.47,881.23,-4.65,7.88,1.62,638.83,386.96,8.848235953,12.51944496,9.277580735,10.57805986
06192500,816.89,-4.71,8.56,1.93,641.19,402.79,829.7,-3.89,8.77,2.44,641.37,399.32,8.929126999,12.64389273,9.557588202,10.49716881
06221400,565.02,-6.34,5.51,-0.41,611.7,364.42,552.74,-4.85,6.55,0.85,631.97,346.42,8.873125506,12.08387779,8.213552361,10.84562255
06224000,549.57,-6.16,6.52,0.18,640.76,353.84,539.34,-4.83,7.34,1.25,660.94,339.33,8.779789683,12.94256736,8.786012071,10.52828075
06225500,524,-5.39,8.27,1.44,672.86,371.77,529.22,-4.33,8.98,2.33,688.14,363.25,9.022462821,12.35766287,8.835791177,11.41185987
06278300,691.72,-6.37,5.41,-0.48,618.5,402.53,703.8,-5.18,5.73,0.27,624.19,400.19,8.493559828,13.08568228,8.761122519,10.32916433
06280300,734.53,-6.12,5.25,-0.43,566.43,409.7,757.07,-4.81,6.22,0.7,574.19,400.67,8.997573269,12.46344347,8.394001618,12.12121212
06289000,611.13,-3.58,8.69,2.55,681.08,436.34,610.27,-2.52,8.57,3.02,683.07,423.26,8.79223446,11.74164644,9.86870761,9.63225686
06291500,560.52,-1.79,11.01,4.61,699.2,439.34,563.57,-0.85,10.77,4.96,700.37,421.01,9.022462821,11.51141808,10.31671956,9.402028499
06311000,511,-4.37,7.73,1.68,701.57,429.27,531.14,-3.72,7.86,2.07,704.97,428.48,8.642897144,11.53630763,8.89179267,10.74606434
06332515,424.2,-1.4,12.39,5.49,989.44,435.78,474.05,-1.22,12.23,5.51,984.32,468.14,9.090909091,11.16296435,10.19227179,9.943376268
06334500,407.54,0,14.76,7.38,1115.29,416.47,442.22,0.28,14.71,7.49,1130.22,448.9,9.346027005,10.90162404,9.63225686,9.794038952
06339100,422.86,-0.98,12.74,5.88,1070.98,442.18,459.17,-0.93,12.57,5.82,1070.52,477.57,9.594922531,10.4536121,10.48472404,10.0304897
06339500,429.78,-0.81,12.84,6.01,1045.29,437.18,460.21,-0.81,12.67,5.93,1042.04,460.87,9.657146413,10.12382552,10.40383299,10.00560015
06340500,434.18,-0.87,12.73,5.93,1028.97,442.08,465.77,-0.86,12.56,5.85,1023.99,464.63,9.613589696,10.14249269,10.44738971,10.04293448
06344600,417.33,-0.91,12.81,5.95,1083.62,440.67,451.86,-0.85,12.64,5.9,1083.76,474.23,9.694480742,10.54694792,10.49716881,10.0864912
06350000,415.17,-0.72,13.19,6.23,1061.23,423.71,435.51,-0.74,13.09,6.17,1065.87,438.22,9.850040446,10.21093896,10.30427478,10.25449568
06352000,410.57,-0.67,13.33,6.33,1067.66,419.68,428.08,-0.72,13.25,6.27,1075.04,433.88,9.93715388,10.10515836,10.21093896,10.25449568
06353000,421.18,-0.48,13.43,6.48,1076.19,435.76,441.76,-0.5,13.36,6.43,1077.14,450.18,9.881152386,10.22338373,10.17360463,10.31049717
06354000,429.74,-0.53,13.32,6.39,1064.56,436.08,452.33,-0.54,13.22,6.34,1062.96,451.97,9.719370294,10.17360463,10.16115985,10.29805239
06359500,415.83,0.05,14.48,7.27,1121.74,437.47,451,0.03,14.41,7.22,1131.67,449.98,9.825150893,9.986932985,9.825150893,10.02426731
06360500,430.25,0.37,14.41,7.39,1124.11,441.62,462.34,0.36,14.33,7.35,1129.45,456.12,9.806483728,10.07404642,9.756704623,10.32916433
06404000,553.8,0.27,13.59,6.93,1127.33,539.26,620.99,0.93,13.64,7.28,1141.82,588.93,8.99135088,12.00298675,9.874929998,10.86428971
06406000,504.7,1.05,14.49,7.77,1106.07,518.27,563.58,1.72,14.49,8.1,1118.94,559,9.028685209,11.95943003,9.980710597,10.64650613
06408700,668.54,-3.22,10.6,3.69,1178.48,600.53,706.8,-2.52,10.83,4.16,1189.84,591.29,8.468670276,13.20390766,9.507809097,11.04473897
06409000,622.64,-2.84,11.04,4.1,1079.19,548.1,670.41,-2.14,11.2,4.53,1078.99,544.92,8.499782216,13.31591065,9.862485222,10.85806733
06426500,374.03,-0.2,14.75,7.28,1107.3,373.35,397.8,0.07,14.81,7.44,1133.39,388.37,9.501586709,10.72739718,9.850040446,10.59672702
06431500,702.66,-1.5,11.92,5.21,1137.86,581.11,746.24,-0.87,12.09,5.61,1150.56,585.97,8.842013565,12.32032854,9.601144919,10.51583598
06440200,465.1,1.57,16.31,8.94,1145.09,434.54,499.71,1.69,16.19,8.94,1152.7,440.26,9.582477755,10.27316284,9.856262834,10.37894344
06441500,473.18,1.54,15.86,8.7,1160.97,450.4,500.74,1.58,15.76,8.67,1163.69,457.05,9.781594176,10.23582851,9.96826582,10.37894344
06447000,467.95,1.04,16.13,8.59,1152.74,428.49,502.64,1.28,16.03,8.66,1170.89,436.41,9.607367308,10.68384046,10.06160164,10.27316284
06447500,508.38,1.05,15.98,8.51,1175.4,461.85,541.46,1.28,15.84,8.56,1193.22,474.47,9.46425238,10.27316284,9.999377761,10.16115985
06450500,517.9,1.47,16.05,8.76,1194.34,483.55,552.03,1.69,15.94,8.82,1203.93,497.86,9.507809097,10.22960612,9.943376268,10.29183
06452000,503.41,1.42,16.08,8.75,1166.27,457.44,535.44,1.63,15.99,8.81,1177.01,466,9.495364321,10.3976106,9.949598656,10.41627777
06453600,626.46,2.51,15.9,9.2,1147.58,567.23,655.58,2.46,15.76,9.11,1151.82,556.47,10.09893597,9.887374774,10.32916433,10.69628523
06454500,412.61,0.09,15.95,8.02,1176.52,398.59,432.51,0.28,15.95,8.11,1208.98,391.09,9.619812084,10.84562255,10.0304897,10.47227926
06464500,571.78,1.97,15.86,8.91,1175.64,522.08,592.27,2.09,15.83,8.96,1178.58,522.24,9.688258354,10.22960612,9.893597163,10.61539419
06468170,455.91,-1.21,11.09,4.94,896.64,443.51,468.02,-1.1,10.87,4.88,877.49,452.02,9.458029992,10.30427478,10.2420509,10.01804493
06468250,463.46,-1.22,11.04,4.91,896.02,447.67,475.14,-1.1,10.81,4.86,876.97,455.81,9.439362827,10.3976106,10.3478315,10.0864912
06470800,552.65,-0.69,11.93,5.62,909.42,465.41,588.09,-0.44,11.71,5.63,898.21,490.35,9.321137453,10.83317777,10.31049717,10.60294941
06477500,602.77,2.06,14.87,8.47,1089.19,532.92,624.6,2.02,14.66,8.34,1089.55,531.2,10.08026881,9.949598656,10.36649866,10.49716881
06479215,652.51,0.09,11.78,5.93,976.27,536.44,672.06,0.21,11.5,5.85,976.69,539.19,9.563810591,10.46605687,10.09893597,10.26694045
06479438,646.63,0.16,11.9,6.03,977.56,529.52,670.18,0.25,11.61,5.93,977.72,528.07,9.576255367,10.40383299,10.05537925,10.20471657
06480000,666.74,0.75,12.6,6.67,974.88,538.74,690.79,0.8,12.34,6.57,978.13,539.7,9.781594176,10.45983448,10.30427478,10.47227926
06600500,798.77,2.25,14.45,8.35,1008.62,525.99,820.62,2.28,14.36,8.32,1008.17,528.75,9.831373281,10.65272852,10.02426731,10.73984195
06601000,793.68,3.05,15.72,9.39,1104.64,572.76,800.1,2.98,15.63,9.3,1104.37,566.69,10.11138075,9.93715388,10.0304897,10.72117479
06606600,824.91,2.07,13.79,7.93,1000.6,550.56,839.57,2.17,13.72,7.94,1002.75,552.52,9.713147906,10.74606434,10.09893597,10.70250762
06607200,849.03,2.69,14.63,8.66,1039.87,561.67,852.54,2.68,14.49,8.59,1040.5,555.64,10.19227179,10.44116732,10.17360463,10.81451061
06609500,866.51,3.08,14.98,9.03,1056.73,578.05,877.19,2.99,14.83,8.91,1060.02,577.94,10.25449568,10.25449568,10.28560762,10.90162404
06614800,1057.76,-6.73,6.01,-0.36,769.04,443.07,1050.36,-6.07,6.08,0,804.18,407.34,9.252691183,12.61278079,9.520253873,9.551365814
06622700,819.15,-4.28,7.9,1.81,769.31,427.22,842.08,-3.98,8.16,2.09,788.32,425.06,9.12824342,12.16476884,9.122021032,11.26252256
06623800,1059.29,-4.27,7.68,1.71,799.45,481.54,1059.61,-3.27,8.03,2.38,809.81,451.22,8.686453861,14.16215544,9.078464315,11.26874494
06632400,764.7,-4.53,7.54,1.51,990.04,439.14,793.96,-4.14,7.73,1.8,1029.28,445.09,8.929126999,12.93634497,9.202912078,11.237633
06746095,1039.21,-6.39,6.59,0.1,756.87,469.76,1032.57,-5.74,6.68,0.47,783.08,443.46,9.271358347,12.71856138,9.551365814,9.794038952
06784000,628.76,2.2,16.75,9.48,1186.26,544.14,644.45,2.33,16.85,9.59,1206.1,536.34,9.713147906,10.88917927,9.881152386,10.90784643
06799500,773.04,2.96,15.67,9.32,1084.01,541.93,777.45,2.96,15.6,9.28,1084.47,535.35,9.962043432,10.06782403,9.825150893,10.68384046
06803510,815.12,4.32,17.04,10.68,1187.5,600.88,817.68,4.27,17.01,10.64,1203.9,603.75,9.962043432,10.32294195,9.974488209,10.94518076
06803530,819.48,4.18,16.84,10.51,1160.3,595.06,825.67,4.17,16.79,10.48,1173.91,597.1,9.831373281,10.42250016,10.01182254,10.94518076
06808500,906.98,3.69,15.77,9.73,1076.98,585.82,927.05,3.62,15.66,9.64,1083.22,592.71,10.32916433,10.10515836,10.17360463,10.77717628
06810000,919.38,3.81,15.9,9.86,1086.05,591.22,939.01,3.76,15.79,9.78,1093.66,599.2,10.24827329,10.21716135,10.18604941,10.78339867
06811500,860.98,4.58,17.2,10.89,1193.2,613.67,880.57,4.55,17.2,10.87,1212.06,615.91,10.06160164,10.29805239,9.874929998,11.05096136
06813000,935.22,4.43,16.68,10.55,1127.62,607.04,953.06,4.46,16.62,10.54,1139.68,620.89,10.09271358,10.43494493,9.993155373,11.00118225
06814000,882.35,4.96,17.61,11.28,1274.21,635.71,879.51,4.81,17.54,11.18,1293.33,620.52,10.48472404,9.706925518,10.14871508,11.03851658
06815000,878.34,5.08,17.72,11.4,1247.44,632.76,884.9,4.98,17.68,11.33,1267.91,625.57,10.42250016,10.01182254,10.09893597,11.0820733
06817000,942.44,3.9,15.98,9.94,1111.85,611.08,964.56,3.86,15.86,9.86,1120.11,622.69,10.20471657,10.22338373,10.21716135,10.90784643
06817500,948.14,4.11,16.16,10.13,1122.66,616.61,972.37,4.09,16.05,10.07,1132.42,628.82,10.19227179,10.26071806,10.26694045,11.03229419
06820500,970.77,4.78,16.77,10.77,1161.96,644.46,993.61,4.84,16.72,10.78,1177.19,658.49,9.949598656,10.58428225,10.11138075,11.20029867
06847000,529.51,2.92,18.7,10.81,1285.97,454.79,535.31,2.95,18.91,10.93,1337.17,443.6,9.893597163,10.21093896,9.725592682,11.20029867
06847900,556.26,3.19,18.76,10.97,1308.1,496.22,562.47,3.16,18.96,11.06,1352.71,487.66,9.887374774,10.09893597,9.713147906,11.43674942
06853800,718.42,4.09,18.04,11.06,1275.36,597.39,722.48,4.1,18.21,11.16,1306.61,575.62,10.21093896,10.14249269,9.850040446,11.12563002
06860000,470.48,2.94,19.24,11.09,1334.68,403.06,476.68,2.92,19.48,11.2,1393.64,395.12,10.04915687,10.53450314,9.86870761,11.58608674
06869500,613.74,4.51,19.39,11.95,1372.34,551.11,630.24,4.52,19.59,12.06,1413.28,545.95,9.912264327,10.38516583,9.750482235,11.54875241
06876700,744.41,5.51,19.31,12.41,1321.51,610.57,757.84,5.5,19.45,12.48,1355.35,600.83,10.03671209,10.22960612,9.906041939,11.3434136
06878000,826.36,6.24,19.21,12.73,1305.26,649.96,849.23,6.27,19.34,12.81,1335.31,640.24,10.09893597,10.19849418,10.06160164,11.42430465
06879650,960.53,6.04,18.81,12.42,1309.7,682.82,977.06,6.1,18.88,12.49,1345.29,671.64,9.993155373,10.37272105,10.08026881,11.33096883
06883000,739.25,4.11,17.37,10.74,1217.29,558.79,749.24,4.25,17.49,10.87,1241.48,525.8,9.850040446,10.57805986,9.850040446,11.16296435
06884400,686.68,3.61,17.64,10.63,1215.82,559.66,691.35,3.66,17.75,10.7,1241.52,540.43,9.962043432,10.44116732,9.750482235,11.14429718
06885500,900.32,5.44,18.09,11.76,1273.77,641.97,887.12,5.27,18.01,11.64,1295.54,627.69,10.57183747,9.657146413,10.30427478,11.10696285
06888500,968.07,6.09,18.61,12.35,1287.3,674.07,961.77,6.18,18.71,12.45,1324.14,663.43,9.812706117,10.49716881,10.07404642,11.41185987
06889200,963.42,5.96,18.41,12.18,1249.24,687.49,959.23,5.82,18.38,12.1,1277.78,680.3,10.26694045,9.719370294,10.41005538,11.47408375
06889500,971.1,6.12,18.56,12.34,1247.74,689.5,972.02,6.04,18.58,12.31,1276.75,682.03,10.26694045,9.856262834,10.19227179,11.51141808
06892000,1026.02,6.56,18.4,12.48,1250.8,708.66,1016.6,6.55,18.43,12.49,1266.77,714.76,10.19227179,9.980710597,10.26071806,11.35585838
06894000,1135,6.77,18.45,12.61,1285.2,726.34,1132.91,7.05,18.46,12.75,1298.45,721.92,9.588700143,11.12563002,10.14249269,11.43674942
06897500,991.4,4.78,16.73,10.76,1174.24,667.17,1014.89,4.88,16.7,10.79,1189.76,680.75,9.7691494,10.820733,10.06782403,11.4491942
06898000,959.02,4.1,15.96,10.03,1143.74,639.76,983.06,4.08,15.86,9.97,1155.38,651.73,9.949598656,10.43494493,10.17360463,11.21274345
06899500,986.46,4.48,16.35,10.42,1158.36,660.11,1007.34,4.54,16.29,10.42,1172.1,671.46,9.825150893,10.61539419,10.1362703,11.4491942
06903400,1011.7,4.12,15.96,10.04,1157.01,644.2,1017.21,4.1,15.89,10,1170.67,652.46,9.818928505,10.41627777,10.04293448,11.31852405
06906800,1181.26,6.57,18.71,12.64,1241.87,726.91,1149.6,7,18.67,12.84,1265.28,731.14,9.476697156,11.41808226,10.27938523,11.50519569
06908000,1134.28,6.45,18.48,12.46,1209.53,687.68,1114.59,6.76,18.44,12.6,1221.58,687.7,9.476697156,11.19407629,10.17982702,11.49275092
06910800,991.44,6.33,18.57,12.45,1289.44,682.97,973.37,6.5,18.75,12.63,1326.85,668.77,9.675813577,10.98251509,9.744259847,11.72920167
06911900,986.36,6.34,18.57,12.46,1291.56,694.09,976.79,6.51,18.76,12.63,1327.59,689.17,9.731815071,10.90162404,9.775371788,11.766536
06913500,1026.81,6.71,18.85,12.78,1290.76,703.03,1007.63,6.86,19.01,12.93,1323.67,693.63,9.762927011,10.89540166,9.825150893,11.76031361
06914000,1077.03,7.05,19.15,13.1,1270.46,696.19,1056.34,7.14,19.21,13.18,1297.29,693.71,9.893597163,10.96384792,10.11760314,11.50519569
06917000,1142.15,7.26,19.43,13.35,1300.81,722.56,1134.04,7.35,19.41,13.38,1326.46,726.01,9.86870761,10.80828822,10.31671956,11.51141808
06918460,1212.27,7.21,19.55,13.38,1237.72,782.31,1222.74,7.5,19.7,13.6,1266.38,798.24,9.240246407,11.41808226,9.831373281,11.63586585
06919500,1232.54,7.48,19.68,13.58,1259.43,198.36,1226.85,7.75,19.73,13.74,1284.06,201.33,9.352249393,11.21896584,9.962043432,11.1878539
06921070,1198.34,7.05,19.38,13.22,1255.87,777.73,1209.28,7.41,19.44,13.42,1286.54,789.27,9.414473275,11.09451808,10.06160164,11.46163898
06921200,1193.65,7.11,19.42,13.27,1257.83,775.62,1198.99,7.46,19.47,13.47,1287.81,788.62,9.426918051,11.06962852,9.96826582,11.15674196
06928000,1203.82,6.83,19.29,13.06,1302.66,808.54,1241.44,7.26,19.28,13.27,1340.32,822.03,9.290025512,11.32474644,10.3976106,11.45541659
06933500,1208.58,6.81,19.34,13.08,1331.19,820.19,1233.23,7.24,19.34,13.29,1367.24,834.05,9.258913571,11.28118972,10.26071806,11.54875241
06934000,1197.13,6.8,19.28,13.04,1330.6,818.51,1213.76,7.25,19.27,13.26,1366.34,832.26,9.115798644,11.52386286,10.2420509,11.64831062
07014500,1209.04,6.48,19.18,12.83,1415.02,841.29,1221.73,7.01,19.19,13.1,1446.48,858.21,9.122021032,11.68564495,10.09271358,11.64208823
07019000,1191.46,6.58,19.19,12.89,1392.42,812.78,1202.95,7.07,19.19,13.13,1419.17,830.28,9.209134466,11.48652853,10.13004791,11.45541659
07029500,1484.36,9.37,22.02,15.69,1438.08,833.83,1524.76,9.61,22.11,15.86,1468.09,857.36,9.53269865,11.16918673,10.11138075,10.97007031
07049000,1302.98,8.32,19.84,14.08,1416.03,883.07,1333.3,8.7,19.84,14.27,1448.23,884.01,9.234024018,11.38074793,10.22960612,11.27496733
07052500,1211.99,6.93,19.56,13.24,1259.81,793.87,1247.94,7.3,19.6,13.45,1288.34,802.24,9.159355361,11.79764794,10.00560015,11.71675689
07056000,1332.37,8.16,19.89,14.03,1527.33,928.05,1395.46,8.62,19.87,14.25,1555.79,949.18,9.202912078,11.82253749,10.10515836,11.15051957
07057500,1191.83,7.09,19.96,13.52,1349.39,840.74,1250.76,7.49,19.87,13.68,1374.89,854.53,9.12824342,11.57364196,10.73984195,11.48652853
07058000,1191.43,7.05,19.96,13.51,1331.11,838.7,1251.88,7.54,19.86,13.7,1356.36,850.34,8.972683716,11.80387033,10.52205837,11.58608674
07060710,1341.13,8.03,20.99,14.51,1677.57,966.29,1384.09,8.34,20.9,14.62,1692.31,992.34,9.439362827,11.1878539,10.49094643,10.72739718
07066000,1204.77,6.79,19.79,13.29,1387.44,850.91,1256.28,7.11,19.77,13.44,1417.83,865.25,9.426918051,11.05096136,10.73361956,11.61097629
07067000,1230.12,6.74,19.76,13.25,1429.29,865.01,1273.78,7.15,19.77,13.46,1459.35,883.19,9.333582229,11.19407629,10.49716881,11.62342107
07068000,1239.84,6.88,19.96,13.42,1450.89,875.22,1288.6,7.32,19.94,13.63,1480.1,891.93,9.202912078,11.3994151,10.59672702,11.51141808
07069500,1255.46,7.65,20.84,14.25,1345.8,827.95,1317.12,7.91,20.63,14.27,1369.59,849.33,9.433140439,11.13807479,11.0820733,10.61539419
07071500,1210.86,7.06,20.25,13.65,1383.81,855.32,1276.76,7.43,20.16,13.79,1411.55,867.43,9.339804617,11.25630017,10.86428971,11.36208077
07072000,1234.44,7.31,20.5,13.9,1380.94,847.73,1296.13,7.64,20.36,14,1407.69,863.01,9.402028499,11.20652106,10.95140315,11.06340614
07083000,682.06,-7.73,7.1,-0.31,636.05,438.35,658.49,-6.67,7.69,0.51,665.11,427.87,8.281998631,14.68483604,9.265135959,10.14871508
07142300,657.44,5.92,20.43,13.17,1512.68,568.76,668.17,5.96,20.62,13.29,1559.34,557.28,9.993155373,10.79584344,9.818928505,11.48652853
07144200,833.83,6.67,19.77,13.22,1420.58,673.6,850.71,6.61,19.94,13.28,1459.69,658.81,10.36027627,10.41627777,9.843818057,11.98431958
07144780,766.25,6.6,20.33,13.47,1495.67,618.06,769.44,6.51,20.45,13.48,1539.59,577.96,10.39138821,10.21716135,10.11760314,11.46163898
07145700,908.48,7.74,20.68,14.21,1473.88,674.61,937.86,7.72,20.79,14.25,1517.4,678.56,10.41005538,10.22338373,10.14249269,11.43052704
07147070,907.65,6.97,19.75,13.36,1387.71,682.5,932.76,6.97,19.87,13.42,1426.25,669.86,10.08026881,10.62783896,10.06160164,11.80387033
07147800,954.77,7.13,19.95,13.54,1381.09,684.34,977.88,7.09,20,13.55,1424.02,675.14,10.09893597,10.39138821,10.27316284,11.56119719
07148400,707.89,6.63,21.42,14.02,1577.38,586.24,704.14,6.72,21.54,14.13,1624.26,540.79,9.850040446,11.26874494,10.0864912,11.28118972
07149000,724.58,6.57,21.05,13.81,1535.78,600.37,725.47,6.62,21.15,13.89,1582.03,554.68,9.980710597,10.85806733,9.974488209,11.28118972
07151500,832.68,7.27,20.88,14.08,1500.06,643.1,847.47,7.26,20.94,14.1,1541.39,624.06,10.20471657,10.32916433,10.27938523,11.38074793
07152000,863.89,7.62,21.16,14.39,1490.04,657.24,878.57,7.62,21.23,14.43,1531.61,643.29,10.08026881,10.54072553,10.32294195,11.36208077
07163000,1022.69,9.07,22,15.53,1449.11,742.09,997.98,9.23,22.23,15.73,1490.22,715.82,9.713147906,10.90162404,9.762927011,12.07143302
07167500,1017.3,6.91,19.81,13.36,1330.41,683.22,1030.14,6.83,19.81,13.32,1376.75,674.13,10.20471657,10.3478315,10.2420509,11.69186734
07172000,1055.99,7.48,20.47,13.98,1351.16,689.26,1052,7.44,20.47,13.95,1398.75,698.27,10.08026881,10.0864912,10.18604941,11.52386286
07177500,1107.47,8.68,21.6,15.14,1412.38,749.16,1100.51,8.75,21.73,15.24,1452.53,754.27,9.831373281,10.13004791,9.955821044,11.75409122
07180500,936.51,6.62,19.37,13,1343.87,653.11,949.76,6.65,19.46,13.06,1383.22,646.37,9.881152386,10.74606434,10.04293448,12.04654346
07183000,982.83,6.7,19.18,12.94,1318.52,681.25,978.96,6.79,19.3,13.05,1356.87,669.61,9.955821044,10.87673449,9.862485222,11.73542406
07184000,1203.78,7.73,19.86,13.79,1277.17,731.35,1213.04,7.92,19.95,13.94,1303.1,739.38,9.675813577,11.10696285,10.34160911,12.07143302
07186000,1228.79,7.47,19.76,13.62,1238.56,718.97,1240.01,7.75,19.88,13.81,1265.19,729.1,9.290025512,11.38697032,10.01804493,11.62964346
07195800,1288.39,8.23,20.56,14.39,1297.26,808.87,1314.13,8.56,20.66,14.61,1323.11,811.15,9.016240433,11.43052704,9.955821044,11.37452554
07196500,1284.04,8.67,20.87,14.77,1367.28,841.61,1314.33,8.95,20.93,14.94,1393.93,849.06,9.103353867,11.36208077,9.993155373,11.42430465
07196900,1365.13,8.81,20.51,14.66,1400.96,894.31,1377.77,9.17,20.55,14.86,1434.98,905.47,9.097131479,11.48030614,9.80026134,11.32474644
07197000,1329.03,9.01,21.06,15.03,1414.4,878.03,1348.75,9.29,21.1,15.2,1439.56,887.13,9.190467301,11.31852405,9.962043432,11.43674942
07208500,576.53,-2.5,13.62,5.56,1163.35,509.35,565.14,-1.09,13.87,6.39,1237.13,441.75,7.964656835,18.08225997,9.594922531,11.11318524
07211500,503.52,-0.84,15.79,7.48,1094.86,427.18,481.85,-0.03,16.21,8.09,1157.25,375.14,8.48733744,15.1266256,9.489141933,12.183436
07221000,539.75,-0.56,15.86,7.65,1208.99,478.97,519.75,0.26,16.3,8.28,1277.93,410.73,8.369112065,16.17198681,9.433140439,12.09010018
07226500,411.18,3.61,20.25,11.93,1381.87,358.91,393,3.9,20.67,12.28,1455.41,324.36,9.644701636,12.51322257,9.725592682,12.21454794
07243500,1034.58,9.53,22.31,15.92,1503.87,769.14,1030.58,9.75,22.43,16.09,1547.11,767.54,9.682035965,11.92831809,10.11138075,11.63586585
07252000,1411.01,8.6,20.08,14.34,1591.68,993.38,1456.55,9.06,20.06,14.56,1621.99,1010.19,9.05979715,11.74164644,10.10515836,11.21274345
07261000,1347.57,9.14,21.73,15.44,1373.51,888.18,1421.39,9.38,21.68,15.53,1393.82,899.55,9.551365814,11.49897331,10.33538672,10.69006285
07263295,1456.4,9.57,22.18,15.87,1638.23,983.01,1487.88,9.68,22.09,15.89,1675.4,1009.64,9.893597163,10.41005538,10.16738224,10.85184494
07288500,1375.83,11.37,23.01,17.19,1340.05,803.92,1423.56,11.59,23.12,17.36,1356.63,818.61,9.445585216,11.28118972,9.999377761,10.84562255
07290000,1473.79,11.06,23.79,17.42,1540.52,859.4,1536.37,11.39,23.93,17.66,1577.07,881.86,9.146910584,12.13987929,9.80026134,11.45541659
07290650,1510.89,11.94,24.67,18.31,1615.04,907.87,1578.43,12.38,24.83,18.61,1647.61,921.92,8.916682223,12.6065584,9.682035965,11.65453301
07291000,1537.83,11.97,24.75,18.36,1672.26,948.22,1611.72,12.46,24.87,18.66,1701.12,965.17,8.8233464,12.8678987,9.893597163,11.74164644
07292500,1558.67,12.17,24.85,18.51,1680.79,973.43,1627.06,12.63,24.99,18.81,1708.24,992.26,8.742455354,12.99856885,9.962043432,11.97809719
07295000,1614.59,12.66,25,18.83,1676.25,1065.37,1683.5,13.05,25.17,19.11,1704.98,1079.54,8.885570282,12.73100616,9.899819551,12.42610914
07299670,651.66,9.32,24.31,16.81,1804.28,547.22,651.82,9.61,24.63,17.12,1879.52,525.41,9.762927011,12.75589571,9.688258354,12.62522556
07301410,623.24,7.07,21.91,14.49,1739.74,527.05,610.85,7.2,22.26,14.73,1813.8,481.63,9.451807604,11.93454048,9.402028499,12.0278763
07301500,645.96,7.14,22.11,14.62,1732.68,537.34,628.03,7.26,22.45,14.86,1805.44,503.87,9.669591189,12.07143302,9.53269865,12.23321511
07307800,592.19,8.43,23.54,15.99,1820.57,503.53,580.61,8.6,23.92,16.26,1900.8,492.94,9.694480742,12.24565988,9.70070313,12.55677929
07315200,845.79,10.74,24.24,17.49,1656.12,688.27,850.22,10.9,24.4,17.65,1697.58,677.06,10.09271358,11.91587331,9.918486715,12.61278079
07315700,923,10.35,23.58,16.96,1536.02,701.66,919.21,10.47,23.71,17.09,1574.82,682.02,10.27938523,11.37452554,10.09271358,12.17721361
07335700,1531.68,8.07,20.51,14.29,1617.13,1033.59,1600,8.26,20.26,14.26,1660.12,1042.93,9.016240433,10.58428225,10.92029121,10.43494493
07340000,1406.76,9.63,22.62,16.13,1505.86,935.98,1439.09,9.79,22.58,16.18,1542.82,940.28,9.607367308,11.24385539,10.36027627,11.1878539
07340300,1580.44,8.68,21.26,14.97,1610.96,1052.54,1652.87,9.15,21.19,15.17,1648.15,1060.38,8.736232966,11.82253749,10.44116732,10.57183747
07346000,1223.82,11.63,24.32,17.97,1525.15,893.97,1280.35,12.05,24.56,18.31,1567.06,899.74,9.240246407,12.63144795,9.619812084,12.33277332
07346045,1270.51,11.69,24.32,18,1583.91,944.54,1321.07,12.02,24.53,18.27,1628.44,942.96,9.507809097,12.0278763,9.899819551,12.46344347
07346050,1227.04,11.75,24.44,18.09,1560.58,890.3,1290.45,12.21,24.7,18.45,1599.37,903.41,9.165577749,12.58166884,9.613589696,12.29543899
07346070,1255.38,11.83,24.47,18.15,1579.62,900.96,1307.88,12.24,24.71,18.48,1620.9,914.42,9.327359841,12.35144048,9.70070313,12.25188227
07359610,1572.27,8.9,21.83,15.37,1628.43,766.84,1651.19,9.49,21.78,15.63,1658.08,772.96,8.593118039,11.90342854,10.22338373,10.54072553
07362100,1404.04,10.76,23.69,17.23,1713.84,964.65,1446.83,10.91,23.75,17.33,1751.33,979.1,9.570032979,11.19407629,9.974488209,11.33719121
07362587,1547.47,9.2,21.89,15.55,1606.77,886.69,1564.27,9.21,21.8,15.51,1634.07,901.18,10.30427478,9.918486715,10.09271358,10.65895091
07363500,1414.65,10.43,22.95,16.69,1623.53,921.69,1459.64,10.67,22.94,16.81,1656.23,941.39,9.439362827,11.26874494,10.33538672,11.20029867
07373000,1595.6,12.63,24.94,18.79,1793.35,996.46,1596.36,13.01,25.13,19.07,1830.16,1010.13,9.283803124,12.14610167,9.669591189,12.05276585
07375000,1686.76,12.9,25.48,19.19,1521.31,958.33,1751.73,13.39,25.61,19.5,1540.4,982.59,8.41889117,13.98792857,9.70070313,11.3434136
07375500,1659.69,12.66,25.29,18.98,1550.39,975.98,1721.89,13.17,25.45,19.31,1569.73,987.53,8.450003111,13.84481364,9.669591189,11.71675689
07376000,1667.33,12.85,25.35,19.1,1609.54,1009.16,1743.18,13.37,25.52,19.45,1630.7,1016.21,8.474892664,14.13104349,9.688258354,11.87853898
07378000,1648.5,13.16,25.27,19.22,1548.61,993.7,1707.83,13.57,25.47,19.52,1576.72,1010.25,8.835791177,13.3905793,9.713147906,12.17099123
07378500,1629.21,12.86,25.22,19.04,1587.56,1036.62,1697.23,13.32,25.39,19.36,1611.77,1051.15,8.605562815,13.53369423,9.794038952,12.0776554
08013000,1599.88,12.83,25.14,18.99,1727.4,817.34,1603.49,13.32,25.38,19.35,1761.12,822.09,9.12824342,12.64389273,9.682035965,12.56300168
08013500,1601.7,13.1,25.25,19.18,1707.97,865.34,1618.78,13.55,25.47,19.51,1740.85,871.1,9.190467301,12.56300168,9.657146413,12.24565988
08014500,1622.96,13.2,25.31,19.26,1687.07,844.47,1638.74,13.66,25.53,19.6,1715.89,849.56,9.122021032,12.70611661,9.706925518,12.31410615
08015500,1603.34,13.2,25.28,19.24,1681.79,795.97,1634.73,13.64,25.49,19.57,1715.21,802.35,9.221579242,12.53188974,9.644701636,12.25188227
08023080,1406.29,12.01,24.75,18.38,1665.87,932.18,1467.57,12.55,24.95,18.75,1702.5,947.53,8.904237446,13.06079273,9.688258354,12.10876734
08025500,1462.36,12.28,24.96,18.62,1623.57,839.72,1508.78,12.91,25.24,19.07,1653.78,847.29,8.854458341,13.16657333,9.538921038,12.97990169
08029500,1528.92,12.92,25.26,19.09,1658.69,1020.38,1586.34,13.42,25.59,19.51,1690.3,1026.5,8.798456848,12.96123452,9.358471781,12.84923154
08032000,1187.5,12.48,24.8,18.64,1600.37,864.52,1220.32,12.92,24.98,18.95,1638.64,873.64,9.420695663,12.6563375,9.974488209,12.37633004
08033500,1245.5,12.69,25.2,18.94,1660.3,909.64,1284.94,13.07,25.39,19.23,1697.07,922.74,9.321137453,12.41988675,9.93715388,11.97187481
08050800,1048.04,11.34,23.7,17.52,1538.54,767.92,1063.44,11.54,23.77,17.65,1551.67,765.43,9.80026134,11.70431211,10.09271358,12.01543152
08055500,1003.1,11.53,24.16,17.84,1563.34,746.97,1005.49,11.77,24.29,18.03,1574.24,732.16,9.750482235,12.183436,9.930931492,12.44477631
08066200,1359.07,13.2,25.63,19.42,1675.47,978.8,1403.48,13.65,25.91,19.78,1708.24,996.98,9.078464315,12.78700765,9.744259847,12.59411362
08066300,1414.73,13.41,25.69,19.55,1648.89,990.35,1457.12,13.79,26.03,19.91,1677.95,1002.92,9.184244913,12.53188974,9.650924025,13.24746438
08070000,1286.63,13.74,25.81,19.78,1687.57,993.9,1318.62,14.11,26.07,20.09,1709.99,1004.82,9.36469417,12.46966586,9.862485222,12.80567482
08070200,1297.94,13.95,25.88,19.91,1673.94,980.77,1337.11,14.31,26.16,20.24,1692.22,988.6,9.352249393,12.40744198,9.812706117,12.97990169
08079600,543.7,9.06,24.19,16.62,1754.79,451.42,525.55,9.38,24.52,16.95,1836.69,448.11,9.426918051,13.17279572,9.70070313,12.61278079
08082700,681.42,10.44,24.89,17.67,1819.9,558.43,685.93,10.66,25.16,17.91,1887.14,550.2,9.843818057,12.0278763,9.70070313,12.54433452
08085500,625.54,10.46,24.82,17.64,1892.73,551.39,641.85,10.63,25.06,17.84,1969.42,534.62,9.955821044,12.27677183,9.930931492,12.74967332
08086212,707.09,10.88,24.81,17.85,1870.73,614.61,732.3,11.04,25.09,18.06,1940.3,618.52,9.980710597,12.58789123,9.943376268,12.61278079
08086290,739.82,10.87,24.79,17.83,1853.43,631.16,763.6,11.07,25.07,18.07,1917.29,635.9,9.775371788,13.17279572,9.762927011,12.79945243
08095000,894.35,11.33,24.9,18.12,1701.17,732.74,930.8,11.56,25.08,18.32,1720.68,732.22,9.46425238,12.79945243,9.495364321,12.5007778
08101000,815.17,11.66,24.94,18.3,1704.79,700.3,854.15,12.02,25.17,18.6,1728.5,703.48,9.240246407,13.37813453,9.551365814,12.80567482
08103800,807.48,11.78,25.06,18.42,1695.96,707.11,835.64,12.22,25.31,18.77,1721.93,711.66,9.252691183,13.45902557,9.644701636,12.96745691
08103900,861.72,12.15,25.22,18.68,1659.8,712.26,884.31,12.74,25.55,19.15,1683.09,723.61,8.985128492,13.60836289,9.706925518,13.09812706
08104900,907.56,12.63,25.53,19.08,1643.25,726.88,916.76,13.13,25.84,19.49,1667,722.92,9.028685209,13.07323751,9.657146413,12.75589571
08109700,938.91,13.66,26.2,19.93,1607.13,755.97,997.59,13.85,26.45,20.15,1625.16,757.04,9.46425238,12.43855392,9.731815071,12.27677183
08146000,663.16,10.87,25.46,18.16,1792.66,594.32,665.28,11.13,25.62,18.37,1843.02,592.02,9.12824342,12.45722108,10.11138075,12.73100616
08150000,619.52,10.82,25.29,18.06,1780.5,572.8,622.52,10.88,25.36,18.12,1830.82,568.53,9.850040446,11.49275092,10.00560015,12.43855392
08150700,666.78,10.89,25.32,18.1,1767.36,594.36,664.38,11.01,25.44,18.23,1813.56,590.54,9.619812084,11.7105345,10.23582851,12.46966586
08150800,767.06,11.29,25.37,18.33,1733.93,650.9,750.52,11.64,25.61,18.63,1767.97,642.45,9.047352374,12.24565988,10.0304897,12.64389273
08155200,926.12,12.9,25.79,19.35,1616.52,757.31,933.64,13.25,26.04,19.65,1638.19,760.32,9.140688196,12.48211063,9.501586709,12.40744198
08158700,943.71,12.63,25.56,19.09,1597.25,759.62,946.43,12.99,25.78,19.39,1617.61,755.6,9.090909091,12.44477631,9.482919545,11.91587331
08158810,932.92,12.99,25.83,19.41,1596.61,767.61,957.51,13.34,26.04,19.69,1618.92,772.49,9.12824342,12.61278079,9.613589696,11.86609421
08164000,1053.94,14.87,26.85,20.86,1563.11,776.12,1074.69,15.09,27.05,21.07,1579.28,764.69,9.190467301,12.86167631,9.601144919,12.20210317
08164300,1020.02,14.34,26.64,20.49,1553.29,777.28,1047.55,14.63,26.83,20.73,1571.61,773.55,8.885570282,13.69547632,9.470474768,11.74786883
08164600,1094.4,15.56,27.03,21.3,1542.37,765.3,1110.96,15.72,27.21,21.47,1560.3,746.53,9.538921038,11.81009271,9.837595669,12.58166884
08165300,803.24,10.9,24.96,17.93,1713.22,660.47,795.96,10.85,25.08,17.96,1758.05,621.61,10.14871508,10.6091718,9.812706117,12.10254496
08167500,868.29,11.63,25.31,18.47,1636.8,687.72,853.58,11.83,25.51,18.67,1669.73,660.06,9.377138946,11.41808226,9.874929998,12.36388526
08171000,937.31,12.36,25.46,18.91,1607.28,742.66,940.09,12.71,25.7,19.21,1630.22,737.99,9.159355361,12.00920913,9.63225686,12.11498973
08171300,934.83,12.55,25.6,19.07,1610.91,749.54,945.68,12.89,25.83,19.36,1634.1,745.87,9.097131479,12.0278763,9.576255367,12.17099123
08172000,913.93,13.15,26.12,19.63,1590.35,733.81,931.5,13.46,26.34,19.9,1612.12,726.13,9.165577749,12.22077033,9.570032979,12.48211063
08175000,876.83,14.38,27.1,20.74,1576.51,737.6,903.98,14.54,27.28,20.91,1592.15,747.52,9.588700143,12.40121959,9.756704623,12.67500467
08176900,873.6,14.94,27.27,21.1,1591.28,758.5,905.87,14.98,27.41,21.2,1607.62,762.6,9.93715388,11.72297928,9.993155373,12.42610914
08178880,880.54,11.65,25.55,18.6,1637.11,675.78,872.09,11.71,25.72,18.72,1678.07,640.99,9.899819551,11.10696285,9.750482235,12.52566735
08189500,846.69,15.54,27.59,21.57,1610.4,738.03,852.42,15.64,27.67,21.65,1627.32,741.24,9.402028499,11.37452554,9.986932985,11.70431211
08190000,692.15,11.99,25.84,18.92,1710.64,629.8,700.26,11.98,25.89,18.93,1768.07,598.37,10.25449568,11.05718375,9.86870761,11.69808973
08190500,649.59,12.04,25.85,18.95,1779.7,601.41,654.85,12.07,25.86,18.96,1847.16,590.83,10.22338373,11.16918673,10.15493746,11.35585838
08194200,504,15.68,28.96,22.32,1927.81,543.51,530.35,16.1,29.38,22.74,1957.46,562.63,8.835791177,14.67861365,9.719370294,14.14971066
08195000,790.55,11.71,25.59,18.65,1688.34,658.69,803.63,11.65,25.66,18.66,1742.41,618.26,10.44738971,10.84562255,9.794038952,11.85987182
08196000,756.03,12.1,25.91,19,1697.86,660.44,767.79,12.06,25.96,19.01,1755.47,620.32,10.37894344,10.80828822,9.750482235,11.61097629
08198500,768.98,12.49,26.34,19.42,1653.49,646.86,780.37,12.53,26.54,19.53,1702.07,614.94,9.843818057,11.3994151,9.582477755,12.47588825
08200000,863.47,12.15,26.06,19.1,1635.21,675.34,876.59,12.24,26.29,19.26,1674.79,640.12,9.756704623,11.57364196,9.576255367,12.90523303
08202700,796.06,12.66,26.47,19.57,1617.15,645.37,807.82,12.75,26.73,19.74,1660.59,611.14,9.675813577,11.67320017,9.439362827,12.81811959
08205500,717.4,13.34,27.02,20.18,1659.82,626.56,717.11,13.45,27.28,20.36,1700.04,598.38,9.644701636,12.04032108,9.588700143,12.91145542
08267500,646.99,-4.84,9.59,2.37,976.64,460.64,660.62,-2.75,9.62,3.44,1043.83,386.3,7.945989671,19.63785701,9.557588202,9.862485222
08269000,593.72,-3.77,11.56,3.9,1119.95,504.26,591.17,-2.14,11.71,4.79,1193.34,430.75,7.977101612,18.64849729,9.383361334,10.55939269
08271000,641.14,-4.62,9.89,2.64,1122.49,421.15,652.57,-2.58,9.96,3.69,1193.92,325.97,7.858876237,19.6938585,9.514031485,9.993155373
08324000,548.15,-1.16,14.19,6.51,1138.1,471.49,500.94,-0.42,14.5,7.04,1210.58,391.48,8.518449381,14.74083753,9.140688196,10.95140315
08340500,307.37,0.79,18.16,9.48,1136.36,248.65,302.65,1.11,18.53,9.82,1188.4,224.03,8.854458341,13.01101363,9.308692676,11.21896584
08377900,743.52,-2.75,10.25,3.75,1160.26,570.16,724.86,-1.37,10.83,4.73,1221.43,503.77,7.697094145,18.08225997,8.717565802,12.04654346
08378500,694.77,-2.42,10.71,4.15,1167.86,548.66,684.48,-1.13,11.28,5.08,1225.97,465.65,7.709538921,17.87692116,8.767344907,11.97187481
08380500,619.28,-1.05,14.37,6.66,1382.6,527.2,613.14,-0.14,14.88,7.37,1455.25,423.63,8.033103105,17.14890175,9.122021032,12.12121212
09034900,969.21,-6.33,5.42,-0.46,667.87,441.39,932.72,-5.52,5.94,0.21,686.92,407.4,8.406446394,14.63505693,9.221579242,11.24385539
09035800,917.64,-6.07,6.84,0.38,730.5,464.44,871.47,-5.46,7.31,0.92,750.79,445.46,8.773567295,14.06259722,9.2962479,11.70431211
09035900,880.57,-5.98,6.83,0.42,699.19,452.93,854.72,-5.32,7.31,0.99,718.87,426.43,8.736232966,14.21193454,9.234024018,11.51764047
09047700,690.82,-5.56,7.94,1.19,750.3,505.4,706.47,-4.81,8.44,1.81,770.96,458.2,8.31933296,14.3923838,9.39580611,11.58608674
09065500,891.72,-5.54,6.72,0.59,599.71,450.79,861.22,-4.53,7.2,1.33,615.97,424.62,8.257109078,15.2821853,9.252691183,11.09451808
09066000,832.19,-5.64,7.07,0.71,762.26,474.17,820.05,-4.67,7.54,1.44,792.16,446.04,8.31933296,15.5995271,9.246468795,10.93273598
09066200,907.1,-5.01,7.06,1.03,734.42,456.18,877.38,-3.9,7.56,1.83,752.26,417.59,8.269553855,14.98973306,9.383361334,10.93273598
09066300,847.83,-4.57,8.08,1.75,734.42,456.18,828.93,-3.48,8.52,2.52,752.26,417.59,8.350444901,15.1266256,9.414473275,10.93273598
09081600,924.06,-3.72,9.81,3.04,570.4,366.81,912.19,-2.46,10.43,3.98,594.59,335.63,8.512226993,14.21193454,8.985128492,10.65895091
09107000,744.35,-7.87,7.27,-0.3,646.56,420.71,723.12,-6.47,8.02,0.78,674.84,399.64,8.31933296,14.74705992,8.916682223,10.67139568
09132500,729.95,-3.01,11.37,4.18,678.43,364.86,705.84,-1.91,11.86,4.97,710.06,328.72,8.574450874,14.32393753,9.115798644,11.23141062
09210500,548.88,-5.11,9.28,2.09,741.75,356.56,546.16,-4.21,9.47,2.63,769.84,354.05,8.866903117,12.88656586,9.476697156,10.57183747
09223000,611.14,-4.6,9.27,2.33,715.83,372.6,609.24,-3.66,9.5,2.92,739.02,367.78,8.854458341,12.33277332,9.520253873,10.42872254
09251000,645.48,-2.93,11.88,4.47,724.84,413.67,627.5,-2.12,12.15,5.01,744.26,401.92,9.12824342,12.97990169,9.663368801,11.01984942
09292500,709.23,-5.77,8.43,1.33,761.85,421.17,690.31,-4.97,8.76,1.9,800.9,401.02,8.636674756,14.10615394,9.495364321,9.719370294
09299500,642.23,-5.2,8.87,1.84,703.72,383.68,620.65,-4.72,8.83,2.05,745.19,348.25,8.680231473,12.65011511,10.14871508,9.308692676
09306242,513.06,0.51,14.03,7.27,867.49,398.82,486.73,1.24,14.66,7.95,922.96,357.58,9.358471781,11.05718375,9.339804617,11.89720615
09312600,625.32,-2.84,10.92,4.04,793.98,409.7,599.07,-1.06,11.45,5.19,854.08,392.08,8.344222513,15.63063904,9.402028499,10.31049717
09352900,987.21,-5.56,7.98,1.21,561.54,415.15,899.09,-3.96,8.17,2.11,591.74,406.24,9.041129986,17.02445399,9.619812084,9.881152386
09378170,568.01,0.09,12.23,6.16,1072.37,373.35,580.9,0.82,12.52,6.67,1133.46,323.97,8.705121025,12.67500467,9.881152386,10.42250016
09378630,559.06,0.31,12.52,6.41,1201.97,358.75,573.36,0.96,12.8,6.88,1275.79,326.55,8.742455354,12.56300168,10.02426731,10.38516583
09386900,432.07,-1.36,16.35,7.5,1419.86,392.43,402.4,-0.75,16.68,7.96,1521.6,350.94,7.908655342,15.41907784,9.420695663,10.3478315
09404450,518.2,0.4,15.44,7.92,1103.65,392.16,513.24,0.76,15.82,8.29,1169.05,381.76,8.954016552,12.85545392,9.352249393,11.14429718
09430500,493.63,1.67,18.39,10.03,1288.99,408.14,460.51,2.73,18.37,10.55,1357.66,346.47,8.257109078,18.12581669,9.843818057,10.41005538
09430600,611.54,1.31,16.22,8.76,1177.58,462.16,575.91,2.3,16.09,9.2,1243.94,412.02,8.362889677,16.72577935,9.184244913,10.70873001
09431500,469.75,2.86,19.79,11.33,1289.91,390.85,436.85,3.73,19.84,11.78,1358.59,337.55,8.306888184,16.29643457,9.80026134,10.55939269
09442692,467.59,-0.72,16.96,8.12,1279.62,386.08,420.18,0.32,16.99,8.66,1369.19,359.4,8.244664302,16.83778234,10.01804493,9.862485222
09444500,525,1.5,18.39,9.95,1231.87,402.85,478.13,2.49,18.52,10.5,1298.33,353.13,8.070437434,17.24845996,9.644701636,10.40383299
09447800,375.78,6.89,22.91,14.9,1343.97,348.21,349.51,7.83,23.23,15.53,1391.74,314.19,8.331777736,14.10615394,9.520253873,11.13807479
09480000,532.22,7.73,23.68,15.7,1396.68,427.35,499.43,8.19,24.17,16.18,1441.67,404.18,8.898015058,11.73542406,9.122021032,12.38255242
09484000,538.65,8.92,22.13,15.53,1336.86,395.28,527.61,9.43,22.87,16.15,1323.75,281.65,8.661564308,10.90784643,8.761122519,12.95501213
09484600,464.83,8.93,25.16,17.05,1426.81,365.12,431.06,9.37,25.57,17.47,1459.68,321.5,8.742455354,12.183436,9.283803124,12.05898824
09492400,793.07,-0.82,14.48,6.83,1482.69,552.73,714.31,0.18,14.93,7.55,1583.93,464.36,8.356667289,13.91325991,9.389583722,10.47850165
09494000,644.14,1.53,17.62,9.58,1482.27,503.94,600.77,2.18,17.91,10.05,1572.69,430.54,8.810901624,13.59591811,9.607367308,10.72117479
09497500,529.2,3.29,19.63,11.46,1439.97,466.47,490.77,3.94,19.92,11.93,1512.23,394.31,8.705121025,13.92570469,9.495364321,10.89540166
09497800,575.48,4.31,20.29,12.3,1432.43,434.59,550.33,4.75,20.56,12.66,1494.42,368,9.439362827,12.40121959,9.725592682,10.94518076
09497980,611.13,5.27,20.66,12.97,1371.43,464.76,576.5,5.79,20.95,13.37,1430.44,407.7,9.545143426,12.19588078,9.563810591,10.73361956
09505200,639.32,2.88,18.62,10.75,1449.1,455.92,599.7,3.5,18.97,11.24,1541.1,442.69,8.642897144,14.13104349,9.159355361,11.21896584
09505350,612.29,2.89,19.19,11.04,1451.62,444.32,579.96,3.47,19.53,11.5,1538.17,426.32,8.549561322,13.56480617,9.171800137,11.33096883
09505800,644.77,3.46,18.86,11.16,1559.47,481.96,604.33,4.11,19.23,11.67,1648.79,444.5,8.667786697,14.18704499,9.190467301,11.22518823
09508300,542.16,8.54,24.14,16.34,1324.94,410.6,497.99,9.17,24.44,16.81,1359.34,348.66,8.866903117,12.96745691,9.346027005,10.94518076
09510200,474.42,10.17,25.28,17.72,1212.52,385.87,430.25,10.84,25.47,18.15,1240.59,345.64,8.96023894,12.83678676,9.675813577,10.51583598
09512280,444.96,10.72,24.93,17.82,1310.24,388.28,408.52,11.53,25.21,18.37,1339.13,339.92,8.879347894,13.14168378,9.302470288,10.8705121
09513780,412.9,11.25,25.88,18.57,1382.29,355.46,382.64,11.98,26.11,19.04,1410.3,317.35,8.866903117,13.21635244,9.458029992,10.87673449
10023000,582.13,-3.2,11.14,3.97,700.38,367.88,584.61,-1.93,11.43,4.75,726.6,372.99,8.375334453,13.28479871,9.520253873,10.05537925
10166430,785.44,0.28,13.45,6.87,645.19,363.12,762.95,0.76,13.27,7.02,670.66,311.04,8.72378819,12.12121212,10.55939269,8.568228486
10172700,540.09,0.64,14.38,7.51,793.53,315.89,503.71,1.05,14.47,7.76,823.59,273.3,9.277580735,10.73984195,9.713147906,10.50961359
10172800,800.27,0.74,11.64,6.19,681.37,309.4,795.83,1.13,11.2,6.17,693.57,268.12,8.580673262,11.02607181,10.30427478,8.879347894
10173450,590.59,-1.87,11.59,4.86,903.3,439.14,576.16,-1.51,12.04,5.27,961.07,421.06,8.798456848,12.77456288,9.221579242,11.22518823
10205030,627.61,-1.91,11.27,4.68,775.32,316.2,610.36,-0.77,11.64,5.44,840.11,294.97,8.698898637,13.52747184,9.358471781,10.08026881
10234500,611.53,-1.96,12.85,5.45,870.63,385.53,593.27,-1.29,12.79,5.75,932.77,353.49,8.997573269,11.78520316,10.03671209,9.451807604
10242000,654.68,-0.96,11.66,5.35,910.26,393.84,638.62,-0.53,12.11,5.79,966.8,364.1,8.649119532,13.17901811,9.308692676,11.0820733
10244950,524.66,-2.14,10.85,4.36,776.33,306.23,503.9,-1.4,10.98,4.79,797.68,269.3,8.275776243,12.89901064,9.806483728,9.016240433
10249300,397.25,-0.85,11.57,5.36,726.73,214.9,360.95,0.79,11.39,6.09,745.17,174.98,7.970879223,14.17460021,9.265135959,9.482919545
10258000,409.18,5.91,21.21,13.56,1083.4,364.05,374.04,6.69,21.45,14.07,1108.42,331.53,8.369112065,13.94437185,9.675813577,10.73361956
10258500,311.53,7.93,23.21,15.57,1262.35,232.3,289.68,8.56,23.34,15.95,1272.07,195.08,8.524671769,13.65191961,9.719370294,10.63406135
10259000,338.86,8.04,23.72,15.88,1263.24,175.13,310.81,8.79,23.9,16.35,1268.53,158.19,8.381556842,14.37371663,9.744259847,10.66517329
10259200,251.91,7.67,22.62,15.15,1136.11,248.75,227.9,8.25,22.73,15.49,1133.85,197.51,8.499782216,13.42791363,9.576255367,10.67761807
10263500,599.7,6.65,18.78,12.71,1028.86,392.01,537.63,7.21,19.05,13.13,1050.93,351.26,8.866903117,12.61278079,9.451807604,10.3976106
10296000,862.9,-2.46,11.06,4.3,764.18,356.33,865.55,-1.41,11.36,4.98,789.67,354.62,8.456225499,15.10795843,9.383361334,10.83940016
10296500,788.85,-2.11,11.89,4.89,774.86,354.26,787.38,-1.13,12.2,5.54,801.52,353.98,8.568228486,14.89639724,9.420695663,10.93895837
10301500,501.22,0.41,15.72,8.07,767.54,251.61,498.07,1.01,16.08,8.55,788.4,243.68,8.761122519,13.25368676,9.476697156,11.20029867
10309000,822.83,-0.59,13.41,6.41,943.3,384.44,803.02,0.22,13.72,6.97,970.08,378,8.506004605,14.99595545,9.507809097,11.09451808
10310500,546.06,0.7,15.3,8,950.23,549.39,522,1.13,15.5,8.31,970.62,543.88,8.985128492,12.73100616,9.980710597,10.93895837
10312000,635.06,0.85,15.59,8.22,925.64,342.09,622.57,1.53,15.9,8.72,948.59,331.99,8.605562815,13.86970319,9.489141933,11.19407629
10316500,806.97,-1.63,9.9,4.14,587.48,332.27,794.56,-1.06,9.94,4.44,614.36,326.8,8.742455354,12.20832556,9.980710597,9.383361334
10329500,467.07,0.47,14.51,7.49,867.29,301.34,457.52,1.31,14.74,8.03,878.19,271.41,8.605562815,13.09812706,9.389583722,10.90784643
10336645,1200.18,0.31,13.02,6.66,1094.73,876.14,1167.42,1.1,13.1,7.1,1119.85,892.69,8.65534192,14.08126439,9.899819551,9.86870761
10336660,1405.26,0.47,12.62,6.55,1075.21,685.93,1377.25,1.34,12.7,7.02,1100.61,696.33,8.605562815,13.99415096,9.638479248,9.943376268
10336740,676.87,-0.45,12.4,5.97,NA,NA,643.59,-0.01,12.47,6.23,NA,NA,8.842013565,12.87412109,9.93715388,10.22338373
10343500,1005.37,-1.4,12.87,5.74,1151.44,542.84,985.51,-0.37,13.25,6.44,1182.6,549.31,8.443780723,15.03328978,9.594922531,10.42872254
10348850,851.93,0.04,12.92,6.48,909.05,379.65,843.56,0.74,13.08,6.91,932.52,371.46,8.649119532,13.67680916,10.03671209,10.06160164
10396000,542.62,1,14.37,7.68,759.8,310.5,521.92,1.55,14.67,8.11,788.23,287.4,9.165577749,12.81811959,9.644701636,11.27496733
11025500,578.59,7.92,23.31,15.62,1216.76,419.53,560,8.47,23.25,15.86,1245.17,390.81,8.468670276,14.85284052,10.86428971,9.999377761
11098000,699.86,10.12,22.04,16.08,1234.79,410.63,656.94,10.79,22.24,16.51,1258.83,375.3,8.773567295,14.16215544,10.05537925,11.10074046
11124500,685.38,6.24,21.84,14.04,1253.61,409.06,670.91,7.68,22.36,15.02,1272.92,384.89,7.466865783,14.69728082,9.134465808,11.87853898
11138500,535.71,6.81,22.11,14.46,1162.88,384.12,528.71,8.11,22.49,15.3,1174.41,355.12,7.553979217,14.25549126,9.308692676,11.56119719
11141280,622.42,6.73,22.01,14.37,1203.32,437.66,586.26,7.72,22.41,15.07,1220.48,415.57,7.796652355,14.26171365,9.352249393,12.9176778
11143000,1021.43,5.96,19.3,12.63,1564.13,590.46,1056.21,7.21,20.03,13.62,1557.63,582.74,7.877543401,12.94256736,8.947794163,11.76031361
11148900,737.65,6.31,21.43,13.87,1286.45,442.54,698.94,7.65,22.08,14.86,1286.04,432.88,7.740650862,13.92570469,8.972683716,12.84923154
11151300,461.05,6.67,22.88,14.78,1142.51,335.78,438.12,8.03,23.12,15.57,1156.95,326.37,8.08288221,14.81550619,9.507809097,11.46163898
11160000,868.48,7.92,20.29,14.1,1477.35,615,861.2,8.32,20.7,14.51,1472.85,607.17,8.630452368,12.84923154,9.389583722,11.79764794
11162500,1007.56,7.07,19.46,13.27,1577.93,713,1029.43,7.66,20.04,13.85,1558.08,705.06,7.852653849,14.01904051,9.184244913,13.08568228
11176400,508.13,8.9,20.01,14.45,1238.24,501.6,520.68,9.48,20.2,14.84,1245.65,497.22,8.879347894,13.129239,9.482919545,11.53630763
11180500,514.69,9.58,20.5,15.04,1239.08,809.76,508.56,9.86,20.48,15.17,1249.52,804.09,9.097131479,11.43674942,9.856262834,10.52205837
11180960,596.6,9.58,20.22,14.9,1262.43,669.01,589.36,9.95,20.26,15.1,1264.88,660.6,9.171800137,11.59230913,9.756704623,10.77095389
11224500,460.34,6.82,22.48,14.65,1137.83,338.6,427.41,8.63,22.38,15.5,1154.54,323.78,7.958434447,14.8652853,9.563810591,10.36027627
11230500,696.48,-3.4,9.32,2.96,712.59,381.32,628.76,-2.99,10.18,3.59,732.85,365.38,9.756704623,11.09451808,9.165577749,13.30346587
11237500,1097.03,0.57,12.59,6.58,871.05,450.68,1098.43,1.11,13.43,7.27,899.96,450.74,9.383361334,13.12301661,9.140688196,14.42349574
11253310,434.37,7.42,22.5,14.96,1121.69,349.01,399.45,9.27,22.42,15.84,1140.22,328.09,7.91487773,14.84039574,9.426918051,10.48472404
11264500,967.22,-1.86,11.17,4.65,791.35,364.67,959.62,-1.21,12.05,5.42,813.05,349.03,8.854458341,13.96303901,9.053574762,10.98251509
11266500,972.48,-1.09,12.04,5.47,818.95,403.7,965.46,-0.35,12.84,6.24,842.11,394.44,8.754900131,14.45460768,9.146910584,10.93895837
11274500,433.22,9.32,21.76,15.54,1274.68,392.6,436.97,9.76,22.08,15.92,1281.54,388.49,9.165577749,12.07143302,9.165577749,11.77275838
11274630,432.12,9.3,21.63,15.46,1296.44,412.39,435.49,9.81,21.95,15.88,1308.93,401.64,9.041129986,12.40121959,9.153132972,11.89098376
11281000,1094.32,4.04,17.27,10.66,1017.22,530.2,1073.16,4.91,17.87,11.39,1030.19,517.52,8.686453861,14.38616141,9.321137453,11.37452554
11284400,1012.43,6.65,20.57,13.61,1220.93,563.1,962.09,7.47,20.99,14.23,1249.65,562.57,8.730010578,13.65191961,9.265135959,11.28741211
11299600,770.76,8.4,22.96,15.68,1323.28,434.12,752.01,9.19,23.28,16.24,1343.76,431.09,8.618007591,13.10434945,9.277580735,11.36830315
11342000,1341.15,3.02,17.92,10.47,1293,699.08,1329.46,4.58,18.86,11.72,1323.17,689.45,7.641092651,14.51060917,8.742455354,13.19768527
11355500,1153.01,-0.15,14.28,7.06,1168.13,636.77,1143.25,0.81,14.77,7.79,1193.75,628.21,8.692676249,14.36749424,9.308692676,11.56119719
11381500,1187.14,5.15,19.14,12.15,1331,628.35,1172.45,6.11,19.61,12.86,1350.77,617.33,8.493559828,14.98351067,9.277580735,11.83498227
11383500,1268.69,4.55,18.39,11.47,1346.42,716.46,1256.13,5.61,18.88,12.25,1365.73,711.14,8.38777923,15.84220024,9.333582229,11.76031361
11401500,853.23,1.3,16.31,8.8,1106.75,547.69,850.41,2.15,16.83,9.49,1119.57,546.18,8.512226993,13.76392259,9.2962479,11.86609421
11413000,1577.8,2.21,15.75,8.98,1317.5,711.85,1525.34,3.01,16.06,9.53,1341.23,715.62,8.518449381,14.3363823,9.420695663,10.90784643
11427000,1470.19,4.67,17.65,11.16,1375.2,758.58,1446.7,5.41,17.9,11.66,1390.68,762.98,8.817124012,13.97548379,9.601144919,10.7149524
11451100,1092.55,6.22,20.1,13.16,1204.02,633.59,1097.02,7.64,20.28,13.96,1201.66,617.67,8.425113559,15.51241366,9.520253873,10.67761807
11468500,1375.46,6.5,18.97,12.74,1392.21,538.07,1300.39,7.11,18.95,13.03,1417.89,523.69,8.730010578,13.40302408,10.06782403,10.65895091
11473900,1368.44,4.54,19.12,11.83,1173.02,686.26,1353.16,6.2,18.95,12.58,1180.9,677.76,8.38777923,15.15773754,9.899819551,10.48472404
11475560,1915.65,5.29,18.2,11.75,1404.67,3.22,1819.68,6.12,17.97,12.04,1430.94,3.22,9.215356854,12.41366436,10.54694792,9.874929998
11476600,1894.9,6.91,16.91,11.91,1398.98,896.42,1890.25,7.34,17.52,12.43,1397.82,873.56,10.31671956,12.68122705,9.339804617,12.53188974
11478500,1701.4,5.03,17.95,11.49,1221.37,765.93,1661.55,5.81,18.36,12.09,1231.33,757.28,9.333582229,13.43413602,9.576255367,12.32655093
11480390,1514.24,2.85,18.59,10.72,1263.48,756.01,1522.42,4.51,18.65,11.58,1275.43,742.7,8.456225499,14.29282559,9.7691494,11.16918673
11481200,1619.35,6.78,16.09,11.44,1109.72,724.27,1584.75,7.27,16.33,11.8,1106.51,714.73,8.736232966,14.01281812,9.93715388,10.94518076
11482500,1670.02,5.8,16.33,11.07,1135.5,775.37,1636.66,6.56,16.79,11.67,1138.37,767.59,8.649119532,14.56038828,9.912264327,11.97809719
11497500,509.71,-0.27,14.16,6.94,970.46,465.26,512.88,0.38,14.38,7.38,999.94,442.33,8.922904611,12.38877481,9.501586709,10.53450314
11501000,581.07,-0.12,14.58,7.23,951.72,490.55,575.24,0.41,14.86,7.63,985.72,472.83,9.090909091,12.12121212,9.538921038,10.80206583
11522500,1294.55,3.09,16.43,9.76,1063.33,675.39,1271.73,4.81,17.04,10.93,1085.39,667.46,8.107771763,15.1266256,9.526476262,12.52566735
11523200,1102.15,1.82,16.51,9.16,1028.9,603.32,1093.83,4.09,17.78,10.94,1062.4,600.96,7.603758322,15.29463008,8.201107585,13.83859125
11528700,1437.54,3.85,18.63,11.24,1238.12,722.51,1410.58,5.4,18.86,12.13,1250.62,710.92,8.294443407,14.93995395,9.744259847,11.54253002
11530000,1351.33,4.91,18.72,11.82,1165.37,688.21,1322.5,6.19,19.15,12.67,1181.75,677.46,8.450003111,14.85906291,9.451807604,12.29543899
11532500,1917.43,5.41,16.28,10.85,1204.16,822.29,1958.16,6.05,16.68,11.37,1219.44,819.48,8.599340427,13.74525543,10.16115985,10.92029121
12010000,2657.02,4.98,14.24,9.61,964.86,796,2704.77,5.4,14.24,9.82,964.56,793.06,9.090909091,11.46786137,9.986932985,10.49716881
12013500,2522.15,4.81,14.27,9.54,971.2,801.38,2561.67,5.24,14.3,9.77,977.82,801.82,8.898015058,11.56741958,9.999377761,10.50961359
12020000,2458.22,4.47,14.31,9.39,908.3,748.6,2441.48,4.92,14.35,9.63,918.09,750.63,8.985128492,11.67320017,10.32916433,10.3976106
12025000,1624.37,4.97,15.41,10.19,902.68,716.24,1670.79,5.21,15.42,10.32,915.29,722.34,9.246468795,10.77095389,10.46605687,10.3976106
12025700,1789.58,4.03,13.85,8.94,907.84,716.75,1890.76,4.39,13.9,9.15,919.23,721.4,8.935349387,11.61719868,10.31671956,10.37894344
12027500,1914.24,4.86,14.99,9.92,924.25,740.03,1936.35,5.19,15.03,10.11,935.45,743.87,9.115798644,11.26252256,10.32294195,10.32294195
12035000,2606.54,4.68,14.03,9.35,948.36,755.87,2618.88,4.99,14.26,9.63,962.76,759.51,9.570032979,11.13807479,9.252691183,10.84562255
12040500,3072.24,3.48,12.33,7.91,891.04,650.76,3006.38,3.87,12.4,8.14,903.26,655.09,9.165577749,11.3434136,9.607367308,10.22960612
12041200,2992.1,3.16,12,7.58,816.24,682.33,2877.03,3.54,11.95,7.75,825.66,686.86,9.090909091,11.19407629,9.688258354,9.750482235
12043000,2954.61,4.26,13.4,8.83,956.36,661.49,2886.33,4.56,13.22,8.89,958.64,662.95,8.8233464,10.92029121,10.62783896,9.7691494
12048000,1937.57,2.55,10.68,6.62,685.21,313.41,1683.5,3.01,10.79,6.9,698.88,316.69,9.383361334,11.57986435,8.848235953,10.47850165
12054000,2464.67,2.24,10.45,6.34,625.56,501.22,2280.87,2.71,10.74,6.72,636.72,506.76,9.346027005,11.47408375,8.586895651,10.70250762
12056500,2955.52,2.09,10.3,6.19,737.46,574.59,2834.2,2.65,10.81,6.73,752.25,581.88,9.358471781,11.31230166,8.537116545,10.79584344
12073500,1463.09,6.04,15.43,10.74,936.38,732.97,1480.61,6.34,15.51,10.93,938.03,732.01,9.377138946,11.85364943,9.638479248,10.42872254
12082500,2439.74,1.39,10.41,5.9,707.48,596.96,2493.32,1.97,10.64,6.31,726.04,606.18,8.375334453,12.34521809,9.526476262,10.52205837
12092000,2482.89,0.87,9.48,5.17,708.38,595.83,2502.97,1.57,9.74,5.66,727.21,607.95,8.126438927,12.43233153,9.433140439,10.49716881
12095000,1648.48,3.92,13.46,8.69,888.7,703.16,1653.65,4.5,13.61,9.05,901.88,710.12,8.41889117,13.12301661,9.682035965,10.69628523
12098500,2028.39,1.41,10.22,5.81,774.55,662.2,2052.19,1.94,10.45,6.2,796.36,678.91,8.425113559,12.41366436,9.389583722,10.54694792
12114500,2476.29,1.9,9.9,5.9,810.99,674.05,2586.75,2.44,10.01,6.22,839.98,691.5,8.275776243,12.74345094,9.719370294,10.19227179
12115000,2454.43,2.23,10.37,6.3,821.83,677.35,2565.61,2.75,10.47,6.61,846.82,690.2,8.331777736,12.88034348,9.843818057,10.32916433
12115500,2565.43,2.61,10.49,6.55,843.53,683.92,2660.61,3.16,10.53,6.85,860.53,687.56,8.400224006,12.92390019,9.794038952,10.23582851
12117000,2306.03,3.77,12.25,8.01,874.01,701.01,2393.07,4.25,12.26,8.26,892.3,711.19,8.636674756,12.94878975,9.86870761,10.10515836
12134500,2425.9,1.54,10.04,5.79,700.71,590.89,2621.59,2.19,10.41,6.3,720.71,602.29,8.400224006,12.98612407,9.190467301,10.56561508
12141300,2659.48,2.02,10.02,6.02,679.22,563.16,2832.98,2.59,10.28,6.44,697.11,571.62,8.313110572,12.74345094,9.221579242,10.35405389
12143600,2621.28,2.39,10.38,6.38,767.91,636.75,2757.71,2.93,10.53,6.73,789.62,647.38,8.381556842,12.82434198,9.53269865,10.35405389
12144000,2529.11,2.79,11,6.89,781.64,642.42,2669.1,3.32,11.14,7.23,802.45,651.93,8.493559828,12.73100616,9.46425238,10.34160911
12144500,2355.23,2.79,11.27,7.03,746.16,611.01,2494.69,3.3,11.48,7.39,764.23,619.68,8.499782216,12.63144795,9.495364321,10.3976106
12145500,1890.67,5.09,14.17,9.63,919.02,744.92,1922.57,5.52,14.23,9.88,928.61,748.14,8.810901624,12.90523303,9.644701636,10.36649866
12147500,2649.97,3.78,12.38,8.08,744.84,609.16,2969.17,4.28,12.57,8.42,758.46,616.94,8.499782216,12.5505569,9.619812084,10.33538672
12147600,3118.13,2.5,10.34,6.42,695.98,574.21,3625.46,3.12,10.66,6.89,714.59,585.74,8.138883704,12.65011511,9.283803124,10.43494493
12149000,2201.8,3.2,11.89,7.54,772.86,635.98,2338.09,3.7,12.1,7.9,788.97,644.08,8.562006098,12.66878228,9.439362827,10.4536121
12167000,2254.11,3.5,12.98,8.24,734.21,617.99,2381.5,4.04,13.15,8.6,746.35,625.55,8.72378819,12.71856138,10.15493746,10.68384046
12175500,1864.13,-1.16,8.38,3.61,491.49,430.46,1875.22,-0.09,8.59,4.25,502.61,436.05,8.518449381,12.42610914,9.408250887,10.3478315
12178100,2169.37,-0.26,9.4,4.57,509.49,443.62,2245.16,0.87,9.53,5.2,523.39,452.72,8.232219526,12.80567482,9.688258354,10.3478315
12186000,2373.09,0.76,9.73,5.24,660.57,586.02,2575.71,1.54,10.19,5.86,678,597.67,8.375334453,13.09812706,9.258913571,10.55939269
12189500,2213.69,0.79,10.18,5.49,649.96,565.36,2362.67,1.61,10.48,6.05,664.8,573.02,8.543338933,13.14790617,9.526476262,10.31671956
12340000,661.02,-1.98,10.82,4.42,791.28,494.5,685.05,-1.47,10.92,4.72,787.3,486.21,9.314915064,12.62522556,9.682035965,10.70250762
12358500,978.32,-1.91,9.57,3.83,733.24,493.3,997.52,-1.34,9.61,4.14,727.18,478.14,9.190467301,12.51322257,9.7691494,10.26694045
12374250,750.24,-2.07,10.87,4.4,823.83,512.71,739.19,-0.92,11.01,5.05,828.16,498.81,8.642897144,14.16215544,9.482919545,10.62783896
12375900,1066.69,-1.37,9.24,3.94,600.68,444.25,1156.61,-0.61,9.46,4.43,610.79,440.02,9.370916558,11.89720615,8.96023894,10.6091718
12377150,1279.01,-2.13,8.08,2.98,520.6,375.99,1405.57,-1.52,8.28,3.38,533.43,357.42,9.451807604,11.77275838,9.016240433,10.42872254
12381400,1015.95,-1.9,9.25,3.68,733.59,491.36,1073.66,-1.51,9.44,3.97,741.53,469.24,9.588700143,11.61097629,9.290025512,10.57805986
12383500,1041.36,-1.83,8.97,3.57,717.51,465.2,1083.28,-1.29,9.16,3.94,736.79,436.44,9.482919545,11.56119719,9.097131479,10.57805986
12388400,834.9,-0.33,10.6,5.14,716.5,414.41,795.05,0.19,10.77,5.48,736.4,413.13,9.725592682,11.79764794,9.476697156,11.09451808
12390700,1074.92,-0.25,10.78,5.26,898.1,632.55,1029.4,0.53,10.79,5.66,921,611.67,9.05979715,12.42610914,9.930931492,10.52828075
12411000,1182.6,0.72,11.5,6.11,968.03,692.09,1183.49,1.54,11.55,6.54,995.37,691.33,8.562006098,12.45099869,9.762927011,10.17982702
12413000,1136.09,0.79,11.74,6.26,971.75,595.72,1138.07,1.55,11.79,6.67,1000.44,591.17,8.661564308,12.47588825,9.96826582,10.30427478
12413500,1135.9,0.78,11.77,6.28,953.23,609.18,1138.37,1.53,11.83,6.68,980.63,602.7,8.649119532,12.41988675,9.893597163,10.40383299
12414500,1222.47,0.37,11.37,5.87,874.15,647.91,1216.99,0.96,11.5,6.23,900.19,643.43,9.234024018,12.62522556,9.514031485,10.65895091
12447390,893.37,-2.9,6.6,1.85,616.84,481.19,857.51,-1.63,6.86,2.61,621.04,461.14,8.294443407,12.99234646,9.762927011,10.17982702
12449500,925.96,-0.84,9.55,4.36,667.03,467.87,914.98,0.09,9.81,4.95,681.15,460.52,8.568228486,12.94256736,9.563810591,10.45983448
12449950,894.25,-0.23,10.34,5.06,677.59,450.85,891.61,0.63,10.6,5.61,694.82,443.2,8.686453861,12.94878975,9.601144919,10.62161658
12451000,1589.56,-1.68,8.12,3.22,558.64,463.08,1611.24,-0.61,8.4,3.89,570.32,465.15,8.574450874,12.62522556,9.314915064,10.15493746
12459000,1545.39,0.42,10,5.21,736.67,540.88,1604.6,1.19,10.41,5.8,763.18,546.48,8.499782216,12.98612407,9.234024018,10.77717628
12462500,1376.33,0.81,10.62,5.72,766.27,529.93,1438.09,1.54,10.99,6.26,795,534.22,8.481115052,12.8678987,9.36469417,10.73361956
12488500,1612.19,0.01,9.09,4.55,830.31,654.41,1631.29,0.5,9.43,4.96,858.59,665.69,8.468670276,11.84742704,9.12824342,10.57183747
13011500,946.3,-5.89,8.21,1.16,645.11,439.28,956.34,-5.02,8.68,1.83,653.9,439.07,8.916682223,11.82875988,9.122021032,10.7647315
13011900,859.43,-6.31,6.96,0.33,629.93,439.38,880.03,-5.21,7.7,1.25,639.72,432.89,9.090909091,12.63767034,8.686453861,11.0820733
13018300,877.02,-5.44,8.45,1.51,630.96,425.84,930.8,-4.53,8.93,2.2,648.2,423.33,8.786012071,12.38255242,8.96023894,10.820733
13023000,831.1,-4.43,9.35,2.46,643.62,420.17,859.55,-3.68,9.52,2.92,663.25,419.26,8.947794163,11.92831809,9.756704623,10.11760314
13083000,550.03,0.12,13.39,6.76,778.36,377.94,573.27,0.83,13.57,7.2,810.88,380.79,9.12824342,11.72920167,9.46425238,10.31049717
13161500,513.29,-1.53,12.84,5.66,747.39,354.4,507.13,-0.62,13.02,6.2,766.62,352.68,8.518449381,13.44035841,9.688258354,11.01984942
13186000,773.3,-2.7,10.93,4.11,666.61,403.63,765.36,-1.33,11.29,4.98,678.67,392.32,8.406446394,13.99415096,9.053574762,10.8705121
13200000,767.43,0.25,13.87,7.06,715.54,459.43,766.44,1.04,14.13,7.58,728.74,459.87,8.481115052,12.93012258,9.514031485,10.0864912
13235000,963,-3.85,10.25,3.2,620.91,444.9,952.64,-2.68,10.68,4,625.87,442.48,8.369112065,13.0234584,9.215356854,10.49094643
13240000,1107.94,-4.12,9.51,2.69,625.6,437.52,1091.59,-2.56,9.84,3.64,627.96,432.6,7.958434447,14.85284052,9.2962479,10.81451061
13302500,683.23,-4.2,9.74,2.77,636.86,353.95,674.65,-2.98,10.04,3.53,648.54,341.7,8.437558335,12.88034348,9.178022525,10.95140315
13310700,1145.59,-3.98,9.95,2.98,691.76,495.52,1127.15,-2.65,10.42,3.88,682.26,488.23,8.238441914,13.85103603,9.146910584,11.26252256
13313000,1237.21,-4.8,9.4,2.3,672.54,488.95,1221.13,-3.44,9.82,3.19,659.55,465.81,8.356667289,13.75147782,9.271358347,11.44297181
13331500,880.54,-1.01,11.98,5.49,721.62,472.89,893.22,0.24,12.24,6.24,756.9,470.71,8.437558335,13.17279572,9.489141933,9.986932985
13336500,1078.32,-2.69,10.81,4.06,691.91,494.76,1094.39,-1.76,11.01,4.63,702.55,491.73,8.754900131,14.11859872,9.36469417,10.57805986
13337000,1212.74,-1,11.21,5.1,740.62,511.33,1231.66,-0.33,11.39,5.53,761.76,505.14,9.202912078,13.09190467,9.370916558,10.41627777
13338500,917.89,-0.83,12.74,5.95,764.97,549.64,935.9,-0.13,12.93,6.4,791.09,530.38,8.72378819,13.21635244,9.719370294,10.21716135
13340000,932.49,-1.11,11.88,5.39,732.53,520.5,944.64,-0.26,12.06,5.9,751.92,513.31,8.773567295,13.77636737,9.501586709,10.46605687
13340600,1313.01,-0.41,11.1,5.34,798.2,570.46,1333.84,0.18,11.24,5.71,826.03,561.69,9.433140439,12.6065584,9.402028499,10.21716135
13351000,621.75,2.64,14.96,8.8,987.34,420.63,631.9,3.02,15.13,9.08,1004.35,412,9.308692676,11.9220957,9.906041939,10.52205837
14020000,987.81,1.57,13.06,7.32,850.21,527.07,1005.39,2.41,13.16,7.78,900.56,531.81,9.103353867,11.74786883,9.501586709,10.13004791
14080500,396.36,-0.1,14.75,7.32,867.37,379.32,396.43,0.55,15.08,7.81,913.01,354.81,8.916682223,12.40744198,9.893597163,11.12563002
14092750,1672.79,0.23,11.54,5.88,892.95,689.78,1613.66,0.96,12.06,6.51,920.93,707.55,9.003795657,12.50700019,9.358471781,10.91406882
14096850,959.25,2.4,14.54,8.47,983.11,577.07,930.23,2.89,14.81,8.85,1017.39,585.88,8.916682223,12.30788377,9.993155373,10.55939269
14101500,1217.28,2.77,13.95,8.36,1013.86,620.63,1189.15,3.32,14.22,8.77,1046.72,628.27,8.786012071,12.58166884,9.899819551,10.58428225
14113000,966.99,2.09,13.72,7.91,976.94,545.01,974.84,2.69,13.9,8.29,1003.22,545.66,8.624229979,13.02968079,9.918486715,10.40383299
14137000,2143.06,2.93,12.43,7.68,1074.19,878.46,2141.38,3.37,12.61,7.99,1107.51,904.92,8.96023894,11.71675689,9.669591189,10.31049717
14138800,2793.98,2.67,11.42,7.04,1031.36,833.09,2851.41,3.24,11.53,7.38,1060.03,855.48,8.705121025,11.95320764,9.526476262,9.955821044
14138870,2834.26,3.54,12.85,8.2,1053.07,834.63,2908.35,4.08,12.88,8.48,1076.5,854.06,8.736232966,11.86609421,9.955821044,9.781594176
14138900,3095.19,3.12,12.55,7.83,1093.29,862.58,3184.12,3.68,12.56,8.12,1125.4,884.3,8.65534192,12.02165391,9.738037459,9.594922531
14139800,2645.4,3.86,13.31,8.59,1135.14,898.63,2705.86,4.36,13.33,8.85,1163.99,921.94,8.779789683,11.99054197,10.10515836,9.86870761
14141500,2460.62,4.19,13.83,9.01,1049.38,856.67,2515.76,4.65,13.85,9.25,1079.05,879.73,8.810901624,11.99676436,10.30427478,9.943376268
14154500,1637.04,4.13,15.45,9.79,1116.37,879.09,1629.81,4.65,15.6,10.12,1156.05,897.08,9.028685209,11.54875241,10.22960612,10.1362703
14158500,2153.01,0.97,12.51,6.74,961.75,810.28,2128.06,1.69,12.65,7.17,1000.64,845.26,8.381556842,13.3905793,9.70070313,10.01804493
14158790,2214.32,1.44,12.8,7.12,1070.27,907.45,2224.53,2.26,12.91,7.58,1112.37,943.26,8.15132848,14.13104349,9.63225686,9.893597163
14166500,1626.19,5.76,16.97,11.37,1140.3,872.46,1618.42,6.03,17.14,11.59,1168.07,883.66,9.458029992,10.7647315,10.0864912,9.930931492
14182500,2282.48,3.49,13.68,8.59,964.17,767.29,2310.96,3.81,13.86,8.84,990.68,780.09,9.234024018,11.21896584,10.02426731,10.22960612
14185000,2126.64,3.12,14.22,8.67,1039.62,888.47,2153.39,3.84,14.41,9.13,1073.22,912.7,8.238441914,13.77014498,9.756704623,10.27938523
14185900,2360.77,3.15,13.85,8.5,1061.4,903.42,2385.76,3.72,14.04,8.88,1096.62,927.11,8.667786697,12.54433452,9.974488209,10.27938523
14187000,1884.65,4.38,15.44,9.91,989.17,834.76,1914.32,4.99,15.7,10.35,1016.55,853.71,8.624229979,12.79323004,9.63225686,10.32294195
14216500,2646.74,2.32,11.28,6.8,844.72,725.26,2653.4,2.88,11.4,7.14,878.76,752.03,8.810901624,11.9220957,9.420695663,10.17360463
14222500,2497.16,4.24,14.36,9.3,1000.13,793.59,2493.55,4.75,14.38,9.57,1023.75,807.45,9.103353867,12.23321511,10.44116732,9.818928505
14232500,1962.87,1.02,10.56,5.79,842.34,717.53,1979.01,1.67,10.71,6.19,868.72,733.72,8.456225499,12.47588825,9.389583722,10.17982702
14233400,1956.43,1.41,10.88,6.14,826.37,708.36,1982.95,2.01,11.09,6.55,850.28,723.64,8.481115052,12.51944496,9.551365814,10.42872254
14236200,2000.92,3.69,13.52,8.6,871.51,705.83,2090.39,4.09,13.63,8.86,887.03,710.96,8.779789683,11.82875988,10.15493746,10.5033912
14301000,2126.1,5.04,14.6,9.82,1034.78,838.29,2104.25,5.53,14.66,10.09,1046.05,838.51,9.134465808,12.12121212,9.93715388,10.41005538
14303200,2414.29,4.61,13.29,8.95,973.4,809.5,2398.73,5.15,13.62,9.39,991.02,817.74,8.562006098,12.07143302,9.482919545,10.81451061
14305500,2276.3,5.68,14.98,10.33,1039.91,839.02,2266.04,6.03,15.15,10.59,1055.24,844.26,8.848235953,11.23141062,9.576255367,10.24827329
14306340,2143.56,5.33,15.38,10.36,1243.11,964.12,2217.55,5.72,15.78,10.75,1259.54,968.37,9.215356854,10.58428225,10.11760314,10.42872254
14306500,2099.39,5.89,15.85,10.87,1163.61,915.97,2112.36,6.17,16.02,11.1,1182.95,920.89,9.103353867,10.50961359,10.14871508,9.949598656
14308000,1476.62,3.23,15.63,9.43,1166.65,873.85,1461.77,3.89,16.21,10.05,1206.49,883.33,8.48733744,12.94878975,9.178022525,11.46163898
14308990,1273.42,4.44,16.5,10.47,1241.26,845.3,1277.07,5,16.98,10.99,1274.65,824.82,8.798456848,12.45722108,9.265135959,11.22518823
14309500,1807.02,5.2,15.79,10.49,1246.88,893.32,1757.68,5.62,16.18,10.9,1266.33,894.04,9.12824342,12.57544646,9.346027005,10.56561508
14316700,1658.12,3.45,15.15,9.3,1138.82,887.25,1646.41,4.03,15.49,9.76,1179.41,904.37,8.873125506,12.14610167,9.794038952,10.68384046
14321000,1502.87,3.74,15.67,9.71,1126.06,813.91,1484.86,4.21,15.97,10.09,1159.25,822.24,8.879347894,12.41988675,9.582477755,10.65895091
14325000,2311.81,5.64,15.8,10.72,1291.68,983.2,2274.97,6.02,16.07,11.04,1315.96,992.11,8.972683716,12.75589571,9.725592682,9.881152386
14359000,1062.9,2.37,15.69,9.03,1037.48,647.73,1043.43,2.99,16.07,9.53,1072.11,642.41,8.580673262,12.5505569,9.489141933,11.12563002
14362250,983.08,4,17.41,10.7,1248.96,706.77,977.65,4.53,17.8,11.17,1279.46,724.74,8.649119532,12.47588825,9.420695663,11.12563002
14400000,2096.71,5.93,16.18,11.06,1262.52,800.63,2187.59,6.36,16.51,11.43,1271.81,790.2,8.736232966,13.04212557,10.09271358,9.918486715
