SITENO,TOT_HLR_1,TOT_HLR_2,TOT_HLR_3,TOT_HLR_4,TOT_HLR_5,TOT_HLR_6,TOT_HLR_7,TOT_HLR_8,TOT_HLR_9,TOT_HLR_10,TOT_HLR_11,TOT_HLR_12,TOT_HLR_13,TOT_HLR_14,TOT_HLR_15,TOT_HLR_16,TOT_HLR_17,TOT_HLR_18,TOT_HLR_19,TOT_HLR_20,TOT_PHYSIO_1,TOT_PHYSIO_3,TOT_PHYSIO_4,TOT_PHYSIO_5,TOT_PHYSIO_6,TOT_PHYSIO_7,TOT_PHYSIO_8,TOT_PHYSIO_9,TOT_PHYSIO_10,TOT_PHYSIO_11,TOT_PHYSIO_12,TOT_PHYSIO_13,TOT_PHYSIO_14,TOT_PHYSIO_15,TOT_PHYSIO_16,TOT_PHYSIO_17,TOT_PHYSIO_18,TOT_PHYSIO_19,TOT_PHYSIO_20,TOT_PHYSIO_21,TOT_PHYSIO_22,TOT_PHYSIO_23,TOT_PHYSIO_24,TOT_PHYSIO_25
01013500,0,0,0,0,0,2.65,15.38,0,0,0,41.89,0,0,0,0,34.52,0,0,0,0,0,0,0,0,0,0,0,100,0,0,0,0,0,0,0,0,0,0,0,0,0,0,0,0
01022500,0,13.78,0,0,0,1.87,59.62,0,0,0,4.62,0,0,0,0,18.92,0,0,0,0,0,0,0,0,0,0,0,100,0,0,0,0,0,0,0,0,0,0,0,0,0,0,0,0
01030500,0,0,0,0.07,0,8.89,66.52,0,0.57,0,13.55,0,0,0,0,8.65,0,0,0,0,0,0,0,0,0,0,0,100,0,0,0,0,0,0,0,0,0,0,0,0,0,0,0,0
01031500,0,0,0,0,0,0,11.09,0,0,0,13.94,0,0,0,0,74.17,0,0,0,0,0,0,0,0,0,0,0,100,0,0,0,0,0,0,0,0,0,0,0,0,0,0,0,0
01047000,0,0,0,0,0,0,9.46,0,0,0,0,0,0,0,0,87.67,0,0,2.82,0,0,0,0,0,0,0,0,100,0,0,0,0,0,0,0,0,0,0,0,0,0,0,0,0
01048000,0,1.44,0,0,0,0,5.75,0,0,0,1.78,0,0,0,0,90.97,0,0,0.01,0,0,0,0,0,0,0,0,100,0,0,0,0,0,0,0,0,0,0,0,0,0,0,0,0
01052500,0,0,0,0,0,0,0,0,0,0,0.01,0,0,0,0,99.94,0,0,0,0,0,0,0,0,0,0,0,100,0,0,0,0,0,0,0,0,0,0,0,0,0,0,0,0
01054200,0,0,0,0,0,0,0,0,0,0,0,0,0,0,0,32.05,0,35.51,32.43,0,0,0,0,0,0,0,0,100,0,0,0,0,0,0,0,0,0,0,0,0,0,0,0,0
01055000,0,0,0,0,0,0,0,0,0,0,0,0,0,0,0,100,0,0,0,0,0,0,0,0,0,0,0,100,0,0,0,0,0,0,0,0,0,0,0,0,0,0,0,0
01055500,0,2.7,0,0,0,0,11.25,0,0,0,0,0,0,0,0,86.06,0,0,0,0,0,0,0,0,0,0,0,100,0,0,0,0,0,0,0,0,0,0,0,0,0,0,0,0
01057000,0,0,0,0,0,0,0,0,0,0,0,0,0,0,0,99.6,0,0,0,0,0,0,0,0,0,0,0,100,0,0,0,0,0,0,0,0,0,0,0,0,0,0,0,0
01060000,0,0,0,0,0,4.83,50.59,0,0,0,44.32,0,0,0,0,0.26,0,0,0,0,0,0,0,0,0,0,0,100,0,0,0,0,0,0,0,0,0,0,0,0,0,0,0,0
01064500,0,2.56,0,0,0,0,2.26,0,0,0,0,0,0,0,0,49.39,0,15.63,24.85,5.08,0,0,0,0,0,0,0,100,0,0,0,0,0,0,0,0,0,0,0,0,0,0,0,0
01073000,0,0,0,0,0,0,100,0,0,0,0,0,0,0,0,0,0,0,0,0,0,0,0,0,0,0,0,100,0,0,0,0,0,0,0,0,0,0,0,0,0,0,0,0
01076500,0,0.16,0,0,0,0,0,0,0,0,0,1.46,0,0,0,62.19,0,16.49,15.29,4.34,0,0,0,0,0,0,0,100,0,0,0,0,0,0,0,0,0,0,0,0,0,0,0,0
01078000,0,0,0,0,0,0,0,0,0,0,0,0,0,0,0,100,0,0,0,0,0,0,0,0,0,0,0,100,0,0,0,0,0,0,0,0,0,0,0,0,0,0,0,0
01118300,0,0,0,0,0,0,2.77,0,0,0,0,0,0,0,0,97.23,0,0,0,0,0,0,0,0,0,0,0,100,0,0,0,0,0,0,0,0,0,0,0,0,0,0,0,0
01121000,0,0.45,0,0,0,0,0,0,0,0,0,0,0,0,0,99.55,0,0,0,0,0,0,0,0,0,0,0,100,0,0,0,0,0,0,0,0,0,0,0,0,0,0,0,0
01123000,0,0,0,0,0,0,0,0,0,0,0,0,0,0,0,100,0,0,0,0,0,0,0,0,0,0,0,100,0,0,0,0,0,0,0,0,0,0,0,0,0,0,0,0
01127000,0,1.08,0,0,0,0,15.63,0,0,0,0,0,0,0,0,83.01,0,0,0,0,0,0,0,0,0,0,0,100,0,0,0,0,0,0,0,0,0,0,0,0,0,0,0,0
01134500,0,0,0,0,0,0,0,0,0,0,0,0,0,0,0,100,0,0,0,0,0,0,0,0,0,0,0,100,0,0,0,0,0,0,0,0,0,0,0,0,0,0,0,0
01137500,0,0,0,0,0,0,0,0,0,0,0,0,0,0,0,57.18,0,0,42.66,0.16,0,0,0,0,0,0,0,100,0,0,0,0,0,0,0,0,0,0,0,0,0,0,0,0
01139000,0,0,0,0,0,0,0,0,0,0,0,0.06,0,0,0,99.94,0,0,0,0,0,0,0,0,0,0,0,100,0,0,0,0,0,0,0,0,0,0,0,0,0,0,0,0
01139800,0,0,0,0,0,0,0,0,0,0,0,0,0,0,0,100,0,0,0,0,0,0,0,0,0,0,0,100,0,0,0,0,0,0,0,0,0,0,0,0,0,0,0,0
01142500,0,0,0,0,0,0,0,0,0,0,0,0,0,0,0,99.88,0,0,0,0,0,0,0,0,0,0,0,100,0,0,0,0,0,0,0,0,0,0,0,0,0,0,0,0
01144000,0,0,0,0,0,0,0,0,0,0,0,0,0,0,0,91.67,0,8.09,0,0.18,0,0,0,0,0,1.41,0,98.59,0,0,0,0,0,0,0,0,0,0,0,0,0,0,0,0
01162500,0,0,0,0,0,0,1.1,0,0,0,0,0,0,0,0,98.9,0,0,0,0,0,0,0,0,0,0,0,100,0,0,0,0,0,0,0,0,0,0,0,0,0,0,0,0
01169000,0,0,0,0,0,0,0,0,0,0,0,0,0,0,0,100,0,0,0,0,0,0,0,0,0,0,0,100,0,0,0,0,0,0,0,0,0,0,0,0,0,0,0,0
01170100,0,0,0,0,0,0,0,0,0,0,0,0,0,0,0,100,0,0,0,0,0,0,0,0,0,0,0,100,0,0,0,0,0,0,0,0,0,0,0,0,0,0,0,0
01181000,0,0,0,0,0,0,0.17,0,0,0,0,0,0,0,0,99.83,0,0,0,0,0,0,0,0,0,0,0,100,0,0,0,0,0,0,0,0,0,0,0,0,0,0,0,0
01187300,0,0,0,0,0,0,0.12,0,0,0,0,0,0,0,0,99.88,0,0,0,0,0,0,0,0,0,0,0,100,0,0,0,0,0,0,0,0,0,0,0,0,0,0,0,0
01195100,0,0,0,0,0,0,7.22,0,0,0,0,0,0,0,0,92.78,0,0,0,0,0,0,0,0,0,0,0,100,0,0,0,0,0,0,0,0,0,0,0,0,0,0,0,0
01197500,0,0,0,0,0,0,0.67,0,61.08,0,0,0,0,0,0,37.41,0,0,0,0,0,0,0,0,0,0,0,100,0,0,0,0,0,0,0,0,0,0,0,0,0,0,0,0
01200000,0,0,0,0,0,0,0,0,46.57,0,4.03,0,0,0,2.88,46.17,0,0,0,0,0,0,0,0,14.69,0,0,85.31,0,0,0,0,0,0,0,0,0,0,0,0,0,0,0,0
01321000,0,0.43,0,0,0,0,0,0,0,0,0,0,0,0,0,91.61,0,5.4,0,0,0,0,0,0,0,0,0,0,100,0,0,0,0,0,0,0,0,0,0,0,0,0,0,0
01333000,0,0,0,0,0,0,0,0,63.67,0,0,0,0,0,0,0.76,0,0,35.57,0,0,0,0,0,0,0,0,100,0,0,0,0,0,0,0,0,0,0,0,0,0,0,0,0
01334500,0,0,0,0,0,0,0,0,27.96,0,1.45,0,0,0,1.14,57.91,0,0.42,10.86,0,0,0,0,0,0.59,0,0,99.41,0,0,0,0,0,0,0,0,0,0,0,0,0,0,0,0
01348000,0,0,0,0,0,0,7.68,0,22.75,0,0.03,4.31,0,2.15,0,61.97,0,0,0,0,0,0,0,0,0,0,55.69,0,44.31,0,0,0,0,0,0,0,0,0,0,0,0,0,0,0
01350000,0,0,0,0,0,0,0,0,0,0,0.01,0,0,0,0,99.93,0,0,0,0.06,0,0,0,0,0,0,100,0,0,0,0,0,0,0,0,0,0,0,0,0,0,0,0,0
01350080,0,0,0,0,0,0,0,0,0,0,0.29,0,0,0,0,99.27,0,0,0,0,0,0,0,0,0,0,100,0,0,0,0,0,0,0,0,0,0,0,0,0,0,0,0,0
01350140,0,0,0,0,0,0,0,0,0,0,0,0,0,0,0,100,0,0,0,0,0,0,0,0,0,0,100,0,0,0,0,0,0,0,0,0,0,0,0,0,0,0,0,0
01365000,0,0,0,0,0,0,0,0,0,0,0,0,0,0,0,33.81,0,0,65.97,0.22,0,0,0,0,0,0,100,0,0,0,0,0,0,0,0,0,0,0,0,0,0,0,0,0
01371500,0,0,1.06,1.02,0.42,0,23.12,0,35.47,0,8.43,1.1,0,0,0,29.08,0,0,0,0,0,0,0,0,79,0,0,21,0,0,0,0,0,0,0,0,0,0,0,0,0,0,0,0
01372500,0,0,0,0,0,0,6.03,0,16.84,0,24.2,0,0,0,0,52.49,0,0,0,0,0,0,0,0,100,0,0,0,0,0,0,0,0,0,0,0,0,0,0,0,0,0,0,0
01411300,25.78,74.22,0,0,0,0,0,0,0,0,0,0,0,0,0,0,0,0,0,0,0,100,0,0,0,0,0,0,0,0,0,0,0,0,0,0,0,0,0,0,0,0,0,0
01413500,0,0,0,0,0,0,0,0,0,0,0,0,0,0,0,99.94,0,0,0.03,0.03,0,0,0,0,0,0,100,0,0,0,0,0,0,0,0,0,0,0,0,0,0,0,0,0
01414500,0,0,0,0,0,0,0,0,0,0,0,0,0,0,0,99.6,0,0,0,0,0,0,0,0,0,0,100,0,0,0,0,0,0,0,0,0,0,0,0,0,0,0,0,0
01415000,0,0,0,0,0,0,0,0,0,0,0,0,0,0,0,100,0,0,0,0,0,0,0,0,0,0,100,0,0,0,0,0,0,0,0,0,0,0,0,0,0,0,0,0
01421000,0,0,0,0,0,0,0,0,0,0,0,0,0,0,0,98.81,0,0,0.01,0.09,0,0,0,0,0,0,100,0,0,0,0,0,0,0,0,0,0,0,0,0,0,0,0,0
01423000,0,0,0,0,0,0,0,0,0,0,0,0,0,0,0,99.9,0,0,0,0,0,0,0,0,0,0,100,0,0,0,0,0,0,0,0,0,0,0,0,0,0,0,0,0
01426500,0,0,0,0,0,0,0,0,0,0,0.01,0,0,0,0,98.84,0,0,0,0,0,0,0,0,0,0,100,0,0,0,0,0,0,0,0,0,0,0,0,0,0,0,0,0
01434025,0,0,0,0,0,0,0,0,0,0,0,0,0,0,0,98.74,0,0,1.26,0,0,0,0,0,0,0,100,0,0,0,0,0,0,0,0,0,0,0,0,0,0,0,0,0
01435000,0,0,0,0,0,0,0,0,0,0,0,0,0,0,0,86.45,0,0,13.4,0.16,0,0,0,0,0,0,100,0,0,0,0,0,0,0,0,0,0,0,0,0,0,0,0,0
01439500,0,0,0,0,0,0,34.87,0,1.03,0,0.02,0,0,0,0,64.08,0,0,0,0,0,0,0,0,7.65,0,92.35,0,0,0,0,0,0,0,0,0,0,0,0,0,0,0,0,0
01440000,0,0,0,0,0,0,0,0,99.87,0,0,0,0,0,0,0.13,0,0,0,0,0,0,0,0,100,0,0,0,0,0,0,0,0,0,0,0,0,0,0,0,0,0,0,0
01440400,0,0,0,0,0,0,0.09,0,0,0,16.6,0,0,0,0,83.3,0,0,0,0,0,0,0,0,0,0,100,0,0,0,0,0,0,0,0,0,0,0,0,0,0,0,0,0
01445000,0,0,0,0,0,0,0,0,99.52,0,0,0,0,0,0,0.48,0,0,0,0,0,0,0,0,97.89,0,0,2.11,0,0,0,0,0,0,0,0,0,0,0,0,0,0,0,0
01445500,3.76,0,0,7.34,10.92,0,0,0,55.13,0,0,0.09,0,0,0,22.76,0,0,0,0,0,0,0,0,37.86,0,0,62.14,0,0,0,0,0,0,0,0,0,0,0,0,0,0,0,0
01451800,0,0,0,0,0,0,0,0,100,0,0,0,0,0,0,0,0,0,0,0,0,0,0,0,100,0,0,0,0,0,0,0,0,0,0,0,0,0,0,0,0,0,0,0
01466500,0,100,0,0,0,0,0,0,0,0,0,0,0,0,0,0,0,0,0,0,0,100,0,0,0,0,0,0,0,0,0,0,0,0,0,0,0,0,0,0,0,0,0,0
01484100,100,0,0,0,0,0,0,0,0,0,0,0,0,0,0,0,0,0,0,0,0,100,0,0,0,0,0,0,0,0,0,0,0,0,0,0,0,0,0,0,0,0,0,0
01485500,99.54,0,0,0,0,0,0,0,0,0,0,0,0,0,0,0,0,0,0,0,0,100,0,0,0,0,0,0,0,0,0,0,0,0,0,0,0,0,0,0,0,0,0,0
01486000,100,0,0,0,0,0,0,0,0,0,0,0,0,0,0,0,0,0,0,0,0,100,0,0,0,0,0,0,0,0,0,0,0,0,0,0,0,0,0,0,0,0,0,0
01487000,100,0,0,0,0,0,0,0,0,0,0,0,0,0,0,0,0,0,0,0,0,100,0,0,0,0,0,0,0,0,0,0,0,0,0,0,0,0,0,0,0,0,0,0
01491000,74.97,25.01,0,0,0,0,0,0,0,0,0,0,0,0,0,0,0,0,0,0,0,100,0,0,0,0,0,0,0,0,0,0,0,0,0,0,0,0,0,0,0,0,0,0
01500500,0,0,0,0,0,0,0.02,0,5.65,0,11.98,0,0,0,0.29,81.02,0,0,0,0,0,0,0,0,0,0,100,0,0,0,0,0,0,0,0,0,0,0,0,0,0,0,0,0
01503000,0,0,0,0.2,0,0,0.05,0,4.75,0,20.11,0,0,0,0.13,74.27,0,0,0,0,0,0,0,0,0,0,100,0,0,0,0,0,0,0,0,0,0,0,0,0,0,0,0,0
01510000,0,0,0,0,0,0,0,0,11.91,0,8.22,0,0,0,0,79.76,0,0,0,0,0,0,0,0,0,0,100,0,0,0,0,0,0,0,0,0,0,0,0,0,0,0,0,0
01512500,0,0,0,2.22,0.13,0,1.33,0,7.7,0,50.74,0,0,0,0.63,36.99,0,0,0,0,0,0,0,0,0,0,100,0,0,0,0,0,0,0,0,0,0,0,0,0,0,0,0,0
01516500,0,0,0,0,0,0,0,0,0,0,1.13,0,0,0,0,98.87,0,0,0,0,0,0,0,0,0,0,100,0,0,0,0,0,0,0,0,0,0,0,0,0,0,0,0,0
01518000,0,0,0,0,0,0,0.97,0,20.61,0,23.66,0,0,0,1.52,53.12,0,0,0,0,0,0,0,0,0,0,100,0,0,0,0,0,0,0,0,0,0,0,0,0,0,0,0,0
01518862,0,0,0,0,0,0,0,0,0.08,0,21.62,0,0,0,0,78.3,0,0,0,0,0,0,0,0,0,0,100,0,0,0,0,0,0,0,0,0,0,0,0,0,0,0,0,0
01520000,0,0,0,0,0,0,0,0,0.07,0,32.25,0,0,0,0,67.68,0,0,0,0,0,0,0,0,0,0,100,0,0,0,0,0,0,0,0,0,0,0,0,0,0,0,0,0
01520500,0,0,0,0,0,0,0.44,0,7.57,0,29.31,0,0,0,0.57,62.02,0,0,0,0,0,0,0,0,0,0,100,0,0,0,0,0,0,0,0,0,0,0,0,0,0,0,0,0
01531000,0,0,0.09,2.13,0.23,0.16,0.99,0,2.32,0,47.68,0,0,0,0.73,45.03,0.47,0.02,0,0,0,0,0,0,0,0,100,0,0,0,0,0,0,0,0,0,0,0,0,0,0,0,0,0
01532000,0,0,0,0,0,0,0,0,17.38,0,26.18,0,0,0,19.47,36.97,0,0,0,0,0,0,0,0,0,0,100,0,0,0,0,0,0,0,0,0,0,0,0,0,0,0,0,0
01534000,0,0,0,0,0,0,0,0,0.06,0,15.97,0,0,0,0.04,83.94,0,0,0,0,0,0,0,0,7.76,0,92.24,0,0,0,0,0,0,0,0,0,0,0,0,0,0,0,0,0
01539000,0,0,0,0,0,0,0,0,91.37,0,0,0,0,0,7.36,0.14,0,0,1.07,0,0,0,0,0,20.64,0,79.36,0,0,0,0,0,0,0,0,0,0,0,0,0,0,0,0,0
01541000,0,0,0,0,0,0,0,0,0,0,49.38,0,0,0,0,50.61,0,0,0,0,0,0,0,0,0,0,100,0,0,0,0,0,0,0,0,0,0,0,0,0,0,0,0,0
01541500,0,0,0,0,0,0,0,0,3.41,0,53.95,0,0,0,0.59,41.26,0,0,0,0,0,0,0,0,0,0,100,0,0,0,0,0,0,0,0,0,0,0,0,0,0,0,0,0
01542810,0,0,0,0,0,0,0,0,0,0,0,0,0,0,98.98,1.02,0,0,0,0,0,0,0,0,0,0,100,0,0,0,0,0,0,0,0,0,0,0,0,0,0,0,0,0
01543000,0,0,0,0,0,0,0,0,13.33,0,0,0,0,0,32.83,46.1,0,0,5.55,2.13,0,0,0,0,0,0,100,0,0,0,0,0,0,0,0,0,0,0,0,0,0,0,0,0
01543500,0,0,0,0,0,0,0,0,13.08,0,3.65,0,0,0,24.14,48.27,0,0,5.14,5.66,0,0,0,0,0,0,100,0,0,0,0,0,0,0,0,0,0,0,0,0,0,0,0,0
01544500,0,0,0,0,0,0,0,0,0.01,0,0,0,0,0,12.82,61.08,0,1.64,21.63,2.81,0,0,0,0,0,0,100,0,0,0,0,0,0,0,0,0,0,0,0,0,0,0,0,0
01545600,0,0,0,0,0,0,0,0,17.3,0,0,0,0,0,0.01,37.98,0,0.02,44.24,0.16,0,0,0,0,0,0,100,0,0,0,0,0,0,0,0,0,0,0,0,0,0,0,0,0
01547700,0,0,0,0,0,0,0,0,0.18,0,0,0,0,0,99.81,0,0,0,0.01,0,0,0,0,0,95.46,0,4.54,0,0,0,0,0,0,0,0,0,0,0,0,0,0,0,0,0
01548500,0,0,0,0,0,0,0,0,20.07,0,6,0,0,0,4.56,62.98,0,0.21,0.22,5.77,0,0,0,0,0,0,100,0,0,0,0,0,0,0,0,0,0,0,0,0,0,0,0,0
01549500,0,0,0,0,0,0,0,0,0.27,0,0.72,0,0,0,0.18,81.07,0,0,0.24,17.52,0,0,0,0,0,0,100,0,0,0,0,0,0,0,0,0,0,0,0,0,0,0,0,0
01550000,0,0,0,0,0,0,0,0,26.83,0,23.91,0,0,0,29.62,12.8,0,0,0.03,6.81,0,0,0,0,0,0,100,0,0,0,0,0,0,0,0,0,0,0,0,0,0,0,0,0
01552000,0,0,0,0,0,0,0,0,36.93,0,11.15,0,0,0,9.29,40.36,0,0,1.81,0.33,0,0,0,0,0.04,0,99.96,0,0,0,0,0,0,0,0,0,0,0,0,0,0,0,0,0
01552500,0,0,0,0,0,0,0,0,0.95,0,0,0,0,0,0.15,98.89,0,0,0,0,0,0,0,0,0,0,100,0,0,0,0,0,0,0,0,0,0,0,0,0,0,0,0,0
01556000,0,0,0,0,0,0,0,0,53.57,0,0,0,0,0,32.25,12.37,0,0,1.66,0,0,0,0,0,69.22,0,30.78,0,0,0,0,0,0,0,0,0,0,0,0,0,0,0,0,0
01557500,0,0,0,0,0,0,0,0,56.91,0,0,0,0,0,42.7,0.39,0,0,0,0,0,0,0,0,97.44,0,2.56,0,0,0,0,0,0,0,0,0,0,0,0,0,0,0,0,0
01558000,0,0,0,0,0,0,0,0,76.09,0,0.02,0,0,0,13.3,10.47,0,0,0,0,0,0,0,0,84.48,0,15.52,0,0,0,0,0,0,0,0,0,0,0,0,0,0,0,0,0
01559000,0,0,0,0,0,0,0,0,72.43,0,0.01,0,0,0,19.58,7.26,0,0,0.59,0,0,0,0,0,84.81,0,15.19,0,0,0,0,0,0,0,0,0,0,0,0,0,0,0,0,0
01560000,0,0,0,0,0,0,0,0,77.62,0,0,0,0,0,22.24,0.13,0,0,0.01,0,0,0,0,0,46.93,0,53.07,0,0,0,0,0,0,0,0,0,0,0,0,0,0,0,0,0
01562000,0,0,0,0,0,0,0,0,61.8,0,0,0,0,0,35.85,2.04,0,0,0,0.17,0,0,0,0,78.54,0,21.46,0,0,0,0,0,0,0,0,0,0,0,0,0,0,0,0,0
01567000,0,0,0,0,0,0,0,0,64.16,0,0,0,0,0,32.76,2.24,0,0,0.69,0.04,0,0,0,0,91.46,0,8.54,0,0,0,0,0,0,0,0,0,0,0,0,0,0,0,0,0
01567500,0,0,0,0,0,0,0,0,99.77,0,0,0,0,0,0.23,0,0,0,0,0,0,0,0,0,100,0,0,0,0,0,0,0,0,0,0,0,0,0,0,0,0,0,0,0
01568000,0,0,0,0,0,0,0,0,51.68,0,0,0,0,0,48.32,0,0,0,0,0,0,0,0,0,100,0,0,0,0,0,0,0,0,0,0,0,0,0,0,0,0,0,0,0
01574000,0,0,1.82,2.88,0.14,1.25,31.4,0,2.75,0,42.86,0,0,0,0,16.8,0,0,0,0,0,0,88.3,11.7,0,0,0,0,0,0,0,0,0,0,0,0,0,0,0,0,0,0,0,0
01580000,0,0,0,0,0,0,0.7,0,0,0,52.37,0,0,0,0,46.47,0,0,0,0,0,0,100,0,0,0,0,0,0,0,0,0,0,0,0,0,0,0,0,0,0,0,0,0
01583500,0,0,0,0,0,0,0.06,0,2.83,0,96.72,0,0,0,0,0.39,0,0,0,0,0,0,100,0,0,0,0,0,0,0,0,0,0,0,0,0,0,0,0,0,0,0,0,0
01586610,0,0,0,0,0,0,0.07,0,0,0,0.3,0,0,0,0,99.63,0,0,0,0,0,0,100,0,0,0,0,0,0,0,0,0,0,0,0,0,0,0,0,0,0,0,0,0
01591400,0,0,0,0,0,0,0.39,0,0,0,99.41,0,0,0,0,0.2,0,0,0,0,0,0,100,0,0,0,0,0,0,0,0,0,0,0,0,0,0,0,0,0,0,0,0,0
01594950,0,0,0,0,0,0,0,0,0,0,0,0,0,0,0,100,0,0,0,0,0,0,0,0,0,0,100,0,0,0,0,0,0,0,0,0,0,0,0,0,0,0,0,0
01595000,0,0,0,0,0,0,0,0,0,0,2.06,0,0,0,0,97.94,0,0,0.01,0,0,0,0,0,0,0,100,0,0,0,0,0,0,0,0,0,0,0,0,0,0,0,0,0
01596500,0,0,0,0,0,0,0,0,25.49,0,0,0,0,0,0,72.96,0,0,1.56,0,0,0,0,0,0,0,100,0,0,0,0,0,0,0,0,0,0,0,0,0,0,0,0,0
01605500,0,0,0,0,0,0,0,0,26.72,0,0,0,0,0,34.99,9.02,0,0,25,4.23,0,0,0,0,100,0,0,0,0,0,0,0,0,0,0,0,0,0,0,0,0,0,0,0
01606500,0,0,0,0,0,0,0,0,10.5,0,0,0,0,0,36.34,12.35,0,0,27.09,13.65,0,0,0,0,94.41,0,5.59,0,0,0,0,0,0,0,0,0,0,0,0,0,0,0,0,0
01608500,0,0,0,0,0.82,0,0,0,8.64,0,0,0,0,0,60.81,6.75,0,0,12.41,10.47,0,0,0,0,95.38,0,4.62,0,0,0,0,0,0,0,0,0,0,0,0,0,0,0,0,0
01610000,0,0,0,0,0.38,0,0,0,14.53,0,0.45,0,0,0,49.9,22.57,0.41,0.19,6.08,5.16,0,0,0,0,71.66,0,28.34,0,0,0,0,0,0,0,0,0,0,0,0,0,0,0,0,0
01611500,0,0,0,0,0,0,0,0,16.7,0.08,0,0,0,0,83.08,0,0,0,0,0.01,0,0,0,0,100,0,0,0,0,0,0,0,0,0,0,0,0,0,0,0,0,0,0,0
01613050,0,0,0,0,0,0,0,0,100,0,0,0,0,0,0,0,0,0,0,0,0,0,0,0,100,0,0,0,0,0,0,0,0,0,0,0,0,0,0,0,0,0,0,0
01620500,0,0,0,0,0,0,0,0,18.2,0,0,0,0,0,11.5,0,0,0,69.47,0.84,0,0,0,0,100,0,0,0,0,0,0,0,0,0,0,0,0,0,0,0,0,0,0,0
01628500,0,0,0,0,0,0,0,0,73.72,0,1.26,0,0,0,4.14,7.83,0,0,4.03,8.95,0,0,0,10.89,89.11,0,0,0,0,0,0,0,0,0,0,0,0,0,0,0,0,0,0,0
01631000,0,0,0,0,0,0,0,0,63.67,0,0.84,0,0,0,17.29,6.07,0,0,5.89,6.18,0,0,0,14.05,85.95,0,0,0,0,0,0,0,0,0,0,0,0,0,0,0,0,0,0,0
01632000,0,0,0,0,0,0,0,0,0.39,0,0,0,0,0,80.01,0,0,0,14.75,4.75,0,0,0,0,100,0,0,0,0,0,0,0,0,0,0,0,0,0,0,0,0,0,0,0
01632900,0,0,0,0,0,0,0,0,62.56,0,0,0,0,0,37.44,0,0,0,0,0,0,0,0,0,100,0,0,0,0,0,0,0,0,0,0,0,0,0,0,0,0,0,0,0
01634000,0,0,0,0,0,0,0,0,51.7,0,0,0,0,0,42.75,0,0,0,4.03,1.3,0,0,0,0,100,0,0,0,0,0,0,0,0,0,0,0,0,0,0,0,0,0,0,0
01634500,0,0,0,0,0,0,0,0,30.71,0,0,0,0,0,69.29,0,0,0,0,0,0,0,0,0,100,0,0,0,0,0,0,0,0,0,0,0,0,0,0,0,0,0,0,0
01638480,0,0,0,0,0,0,43.27,0,0,0,0.22,0,0,0,0,56.19,0,0,0,0,0,0,31.11,67.6,1.29,0,0,0,0,0,0,0,0,0,0,0,0,0,0,0,0,0,0,0
01639500,0,0,0,0,0,0,15.11,0,0,0,6.57,0,0,0,0,78,0,0,0,0,0,0,100,0,0,0,0,0,0,0,0,0,0,0,0,0,0,0,0,0,0,0,0,0
01643000,0,0,0.73,0.73,0,0,35.63,0.32,4.04,0,9.75,0,0,0,0,48.63,0,0,0,0,0,0,71.59,28.41,0,0,0,0,0,0,0,0,0,0,0,0,0,0,0,0,0,0,0,0
01644000,0,0,0,0,0,0,31.67,0,0,0,21.13,0,0,0,0.01,47.05,0,0,0,0,0,0,57.15,42.85,0,0,0,0,0,0,0,0,0,0,0,0,0,0,0,0,0,0,0,0
01649500,0,0,0,20.33,0,0,32.39,0,0,0,24.35,0,0,0,0,22.93,0,0,0,0,0,55.75,44.25,0,0,0,0,0,0,0,0,0,0,0,0,0,0,0,0,0,0,0,0,0
01658500,0,0,0,0,0,0,99.6,0,0,0,0.14,0,0,0,0,0.25,0,0,0,0,0,0,100,0,0,0,0,0,0,0,0,0,0,0,0,0,0,0,0,0,0,0,0,0
01663500,0,0,0,0,0,0,1.58,0,0,0,0,0,0,0,0.01,98.16,0,0,0,0,0,0,21.79,77.58,0.63,0,0,0,0,0,0,0,0,0,0,0,0,0,0,0,0,0,0,0
01664000,0,0,0,0.21,0,0.84,3.61,0,0,0,10.48,0,0.02,0,0.01,84.68,0,0,0,0,0,0,50.01,49.7,0.29,0,0,0,0,0,0,0,0,0,0,0,0,0,0,0,0,0,0,0
01666500,0,0,0,0,0,0,4.57,0,0.02,0,13.31,0,0,0,0.02,81.92,0,0,0,0,0,0,56.21,43.79,0,0,0,0,0,0,0,0,0,0,0,0,0,0,0,0,0,0,0,0
01667500,0,0,0,0,0,0,8.4,0,0.01,0,25.19,0,0,0,0.01,65.42,0,0,0,0.87,0,0,64.85,35.15,0,0,0,0,0,0,0,0,0,0,0,0,0,0,0,0,0,0,0,0
01668000,0,0,0,0.84,0,0.9,15.52,0,0,0,29.13,0,0.02,0,0.01,53.22,0,0,0,0.26,0,0,70.3,29.59,0.11,0,0,0,0,0,0,0,0,0,0,0,0,0,0,0,0,0,0,0
01669000,0,62.54,0,0,0,0,0.4,0,0,0,0,37.06,0,0,0,0,0,0,0,0,0,100,0,0,0,0,0,0,0,0,0,0,0,0,0,0,0,0,0,0,0,0,0,0
01669520,0,81.13,0,17.69,0,0,0.92,0,0,0,0,0.15,0,0,0,0,0,0,0,0,0,100,0,0,0,0,0,0,0,0,0,0,0,0,0,0,0,0,0,0,0,0,0,0
01672500,0,0,0,0,0,0,59.07,0,0,0,39.29,0,0,0,0,1.59,0,0,0,0,0,0,100,0,0,0,0,0,0,0,0,0,0,0,0,0,0,0,0,0,0,0,0,0
01674500,0,39.7,0,3.02,0,0,42.29,0,0,0,8.51,6.43,0,0,0,0,0,0,0,0,0,42.58,57.42,0,0,0,0,0,0,0,0,0,0,0,0,0,0,0,0,0,0,0,0,0
02011400,0,0,0,0,0,0,0,0,39.64,0,0,0,0,0,3.44,56.21,0,0,0.7,0,0,0,0,0,100,0,0,0,0,0,0,0,0,0,0,0,0,0,0,0,0,0,0,0
02011460,0,0,0,0,0,0,0,0,18.09,0,0,0,0,0,0,0.53,0,0,74.09,7.3,0,0,0,0,100,0,0,0,0,0,0,0,0,0,0,0,0,0,0,0,0,0,0,0
02013000,0,0,0,0,0,0,0,0,10.36,0,0,0,0,0,53.19,0.27,0,0,13.23,22.92,0,0,0,0,100,0,0,0,0,0,0,0,0,0,0,0,0,0,0,0,0,0,0,0
02014000,0,0,0,0,0,0,0,0,41.75,0,0,0,0,0,50.93,0.01,0,0,2.88,4.27,0,0,0,0,100,0,0,0,0,0,0,0,0,0,0,0,0,0,0,0,0,0,0,0
02015700,0,0,0,0,0,0,0,0,74.95,0,0,0,0,0,24.73,0.32,0,0,0,0,0,0,0,0,100,0,0,0,0,0,0,0,0,0,0,0,0,0,0,0,0,0,0,0
02016000,0,0,0,0,0,0,0,0,58.78,0,0,0,0,0,27.81,5.89,0,0,7.4,0.03,0,0,0,0,100,0,0,0,0,0,0,0,0,0,0,0,0,0,0,0,0,0,0,0
02017500,0,0,0,0,0,0,0,0,34.28,0,0,0,0,0,65.65,0.02,0,0,0.05,0,0,0,0,0,100,0,0,0,0,0,0,0,0,0,0,0,0,0,0,0,0,0,0,0
02018000,0,0,0,0,0,0,0,0,17.1,0,0,0,0,0,82.88,0.01,0,0,0.02,0,0,0,0,0,100,0,0,0,0,0,0,0,0,0,0,0,0,0,0,0,0,0,0,0
02027000,0,0,0,0,0,0,0.1,0,0,0,3.19,0,0,0,0,80.24,0,0.03,0.03,16.41,0,0,1.12,98.88,0,0,0,0,0,0,0,0,0,0,0,0,0,0,0,0,0,0,0,0
02027500,0,0,0,0,0,0,8.28,0,0,0,0.14,0,0,0,0,29.71,0,19.1,0,42.77,0,0,0,100,0,0,0,0,0,0,0,0,0,0,0,0,0,0,0,0,0,0,0,0
02028500,0,0,0,0,0,0,0,0,0,0,0,0,0,0,0,91.86,0,0,0,8.13,0,0,12.84,87.16,0,0,0,0,0,0,0,0,0,0,0,0,0,0,0,0,0,0,0,0
02030500,0,0,0,0,0,0,0,0,0,0,99.67,0,0,0,0,0,0,0,0,0,0,0,100,0,0,0,0,0,0,0,0,0,0,0,0,0,0,0,0,0,0,0,0,0
02038850,0,0,0,0,0,0,0,0,0,0,100,0,0,0,0,0,0,0,0,0,0,0,100,0,0,0,0,0,0,0,0,0,0,0,0,0,0,0,0,0,0,0,0,0
02046000,0,0,0,0.03,0,0,91.56,0,0,0,8.42,0,0,0,0,0,0,0,0,0,0,0,100,0,0,0,0,0,0,0,0,0,0,0,0,0,0,0,0,0,0,0,0,0
02051000,0,0,0,0,0,0,17.72,0,0,0,81.86,0,0,0,0,0,0,0,0,0,0,0,100,0,0,0,0,0,0,0,0,0,0,0,0,0,0,0,0,0,0,0,0,0
02051500,0,0,0,0,0,0,54.26,0,0,0,44.77,0,0,0,0,0.86,0,0,0,0,0,0,100,0,0,0,0,0,0,0,0,0,0,0,0,0,0,0,0,0,0,0,0,0
02053200,5.54,41.59,0,52.76,0,0,0,0,0,0,0,0,0,0,0,0,0,0,0,0,0,100,0,0,0,0,0,0,0,0,0,0,0,0,0,0,0,0,0,0,0,0,0,0
02053800,0,0,0,0,0,0,0,0,38.66,0,0,0,0,0,6.56,42.04,0,0.03,12.71,0.01,0,0,0,67.7,32.3,0,0,0,0,0,0,0,0,0,0,0,0,0,0,0,0,0,0,0
02055000,0,0,0,0,0,0,0,0,44.95,0,3.66,0,0,0,34.19,12.16,0,0.01,3.67,1.25,0,0,0,23.39,76.61,0,0,0,0,0,0,0,0,0,0,0,0,0,0,0,0,0,0,0
02055100,0,0,0,0,0,0,0,0,99.89,0,0,0,0,0,0.11,0,0,0,0,0,0,0,0,0,100,0,0,0,0,0,0,0,0,0,0,0,0,0,0,0,0,0,0,0
02056900,0,0,0,0,0,0,0,0,0,0,9.41,0,0,0,0,79.15,0,11.41,0.03,0,0,0,6.59,93.41,0,0,0,0,0,0,0,0,0,0,0,0,0,0,0,0,0,0,0,0
02058400,0,0,0,0,0,0,2.4,0,0,0,13.3,0,0,0,0,84.21,0,0,0,0,0,0,91.41,8.59,0,0,0,0,0,0,0,0,0,0,0,0,0,0,0,0,0,0,0,0
02059500,0,0,0,0,0,0,0.03,0,0.01,0,3.79,0,0,0,0,95.94,0,0,0.03,0,0,0,32.21,64.2,3.59,0,0,0,0,0,0,0,0,0,0,0,0,0,0,0,0,0,0,0
02064000,0,0,0,0,0,0,0,0,0,0,99.66,0,0,0,0,0.34,0,0,0,0,0,0,100,0,0,0,0,0,0,0,0,0,0,0,0,0,0,0,0,0,0,0,0,0
02065500,0,0,0,0,0,0,7.95,0,0,0,58.78,0,0,0,0,32.78,0,0,0,0,0,0,100,0,0,0,0,0,0,0,0,0,0,0,0,0,0,0,0,0,0,0,0,0
02069700,0,0,0,0,0,0,0,0,0,0,0,0,0,0,0,99.62,0,0,0,0,0,0,100,0,0,0,0,0,0,0,0,0,0,0,0,0,0,0,0,0,0,0,0,0
02070000,0,0,0,0,0,0,0,0,0,0,0,0,0,0,0,100,0,0,0,0,0,0,100,0,0,0,0,0,0,0,0,0,0,0,0,0,0,0,0,0,0,0,0,0
02074500,0,0,0,0,0,0,48.33,0,0,0,18.53,0,0,0,0,33.14,0,0,0,0,0,0,100,0,0,0,0,0,0,0,0,0,0,0,0,0,0,0,0,0,0,0,0,0
02077200,0,0,0,0,0,0,95.99,0,0,0,0,0,0,0,0,4.01,0,0,0,0,0,0,100,0,0,0,0,0,0,0,0,0,0,0,0,0,0,0,0,0,0,0,0,0
02081500,0,0,0,0,0,0.71,84.35,0,0,0,14.5,0,0,0,0,0,0,0,0,0,0,0,100,0,0,0,0,0,0,0,0,0,0,0,0,0,0,0,0,0,0,0,0,0
02082950,0,0,0,0,0,0,99.75,0,0,0,0.25,0,0,0,0,0,0,0,0,0,0,0,100,0,0,0,0,0,0,0,0,0,0,0,0,0,0,0,0,0,0,0,0,0
02083500,2.55,24.91,0,3.67,0,0.46,66.09,0,0,0,2.15,0,0,0,0,0.05,0,0,0,0,0,30.17,69.83,0,0,0,0,0,0,0,0,0,0,0,0,0,0,0,0,0,0,0,0,0
02092500,96.93,0,3.03,0,0,0,0,0,0,0,0,0,0,0,0,0,0,0,0,0,0,100,0,0,0,0,0,0,0,0,0,0,0,0,0,0,0,0,0,0,0,0,0,0
02096846,0,0,0,0,0,0,0,0,0,0,100,0,0,0,0,0,0,0,0,0,0,0,100,0,0,0,0,0,0,0,0,0,0,0,0,0,0,0,0,0,0,0,0,0
02102000,0,0.4,0,0,0,0,42.88,0,0,0,46.01,3.97,0,0,0,6.67,0,0,0,0,0,0,100,0,0,0,0,0,0,0,0,0,0,0,0,0,0,0,0,0,0,0,0,0
02102908,0,1.06,0,0,0,0,0,0,0,0,0,98.94,0,0,0,0,0,0,0,0,0,100,0,0,0,0,0,0,0,0,0,0,0,0,0,0,0,0,0,0,0,0,0,0
02108000,79.27,20.73,0,0,0,0,0,0,0,0,0,0,0,0,0,0,0,0,0,0,0,100,0,0,0,0,0,0,0,0,0,0,0,0,0,0,0,0,0,0,0,0,0,0
02111180,0,0,0,0,0,0,0,0,0,0,0,0,0,0,0,54.42,0,45.58,0,0,0,0,0.15,99.85,0,0,0,0,0,0,0,0,0,0,0,0,0,0,0,0,0,0,0,0
02111500,0,0,0,0,0,0,0,0,0,0,0,0,0,0,0,75.92,0,24.08,0,0,0,0,15.66,84.34,0,0,0,0,0,0,0,0,0,0,0,0,0,0,0,0,0,0,0,0
02112120,0,0,0,0,0,0,0,0,0,0,0,0,0,0,0,80.09,0,19.91,0,0,0,0,13.51,86.49,0,0,0,0,0,0,0,0,0,0,0,0,0,0,0,0,0,0,0,0
02112360,0,0,0,0,0,0,0,0,0,0,0,0,0,0,0,93.1,0,6.9,0,0,0,0,41.69,58.31,0,0,0,0,0,0,0,0,0,0,0,0,0,0,0,0,0,0,0,0
02116500,0,0,0,0,0,0,20.07,0,0,0,3.92,0,0,0,0,70.06,0,5.87,0,0,0,0,72.11,27.89,0,0,0,0,0,0,0,0,0,0,0,0,0,0,0,0,0,0,0,0
02118000,0,0,0,0,0,0,16.99,0,0,0,0,0,0,0,0,83.01,0,0,0,0,0,0,100,0,0,0,0,0,0,0,0,0,0,0,0,0,0,0,0,0,0,0,0,0
02118500,0,0,0,0,0,0,2.59,0,0,0,0.04,0,0,0,0,97.15,0,0,0,0,0,0,100,0,0,0,0,0,0,0,0,0,0,0,0,0,0,0,0,0,0,0,0,0
02125000,0,0,0,0,0,0,1.07,0,0,0,98.75,0,0,0,0,0,0,0,0,0,0,0,100,0,0,0,0,0,0,0,0,0,0,0,0,0,0,0,0,0,0,0,0,0
02126000,0,0,0,0,0,0,49.91,0,0,0,49.28,0,0,0,0,0.76,0,0,0,0,0,0,100,0,0,0,0,0,0,0,0,0,0,0,0,0,0,0,0,0,0,0,0,0
02128000,0,0,0,0,0,0,4.23,0,0,0,95.77,0,0,0,0,0,0,0,0,0,0,0,100,0,0,0,0,0,0,0,0,0,0,0,0,0,0,0,0,0,0,0,0,0
02135000,45.05,37.39,0.41,11.83,0.18,1.65,0,0,0,0,0,3.4,0,0,0,0,0,0,0,0,0,92.09,7.91,0,0,0,0,0,0,0,0,0,0,0,0,0,0,0,0,0,0,0,0,0
02137727,0,0,0,0,0,0,0,0,0,0,0,0,0,0,0,48.51,0,23.5,0,27.99,0,0,0,100,0,0,0,0,0,0,0,0,0,0,0,0,0,0,0,0,0,0,0,0
02138500,0,0,0,0,0,0,0,0,0,0,0,0,0,0,0,98.99,0,0.9,0.1,0,0,0,0.36,99.64,0,0,0,0,0,0,0,0,0,0,0,0,0,0,0,0,0,0,0,0
02140991,0,0,0,0,0,0,0,0,0,0,0,0,0,0,0,46.81,0,53.19,0,0,0,0,2.13,97.87,0,0,0,0,0,0,0,0,0,0,0,0,0,0,0,0,0,0,0,0
02143000,0,0,0,0,0,0,0,0,0,0,0,0,0,0,0,100,0,0,0,0,0,0,100,0,0,0,0,0,0,0,0,0,0,0,0,0,0,0,0,0,0,0,0,0
02143040,0,0,0,0,0,0,0,0,0,0,0,0,0,0,0,100,0,0,0,0,0,0,100,0,0,0,0,0,0,0,0,0,0,0,0,0,0,0,0,0,0,0,0,0
02143500,0,0,0,0,0,0,49.16,0,0,0,0.19,0,0,0,0,50.65,0,0,0,0,0,0,100,0,0,0,0,0,0,0,0,0,0,0,0,0,0,0,0,0,0,0,0,0
02149000,0,0,0,0,0,0,0,0,0,0,0,0,0,0,0,76.53,0,23.47,0,0,0,0,0,100,0,0,0,0,0,0,0,0,0,0,0,0,0,0,0,0,0,0,0,0
02152100,0,0,0,0,0,0,0,0,0,0,0,0,0,0,0,99.72,0,0,0,0,0,0,100,0,0,0,0,0,0,0,0,0,0,0,0,0,0,0,0,0,0,0,0,0
02156500,0,0,0,0,0,0,17.13,0,0,0,6.72,0,0,0,0,72.95,0,2.02,0.28,0.64,0,0,80.84,19.16,0,0,0,0,0,0,0,0,0,0,0,0,0,0,0,0,0,0,0,0
02165000,0,0,0,0,0,0,77.71,0,0,0,0,0,0,0,0,22.29,0,0,0,0,0,0,99.51,0.49,0,0,0,0,0,0,0,0,0,0,0,0,0,0,0,0,0,0,0,0
02177000,0,0,0,0,0,0,0,0,0,0,0,0,0,0,0,47.24,0,0,52.76,0,0,0,0,100,0,0,0,0,0,0,0,0,0,0,0,0,0,0,0,0,0,0,0,0
02178400,0,0,0,0,0,0,0,0,0,0,0,0,0,0,0,15.5,0,0,56.77,27.73,0,0,0,100,0,0,0,0,0,0,0,0,0,0,0,0,0,0,0,0,0,0,0,0
02192000,0,0,0,0,0,0,54.8,0,0,0,3.25,0,0,0,0,41.89,0,0,0,0,0,0,100,0,0,0,0,0,0,0,0,0,0,0,0,0,0,0,0,0,0,0,0,0
02193340,0,0,0,0,0,0,88.03,0,0,0,11.97,0,0,0,0,0,0,0,0,0,0,0,100,0,0,0,0,0,0,0,0,0,0,0,0,0,0,0,0,0,0,0,0,0
02196000,0,0.03,0,0,0,0.01,53.96,0,0,0,45.98,0,0,0,0,0,0,0,0,0,0,0,100,0,0,0,0,0,0,0,0,0,0,0,0,0,0,0,0,0,0,0,0,0
02198100,0.06,21.45,0,0,0,0,0.53,0,77.95,0,0,0,0,0,0,0,0,0,0,0,0,100,0,0,0,0,0,0,0,0,0,0,0,0,0,0,0,0,0,0,0,0,0,0
02202500,15.57,26.15,1.51,1.86,2.31,0.14,29.42,0,8.61,7.78,1.82,4.68,0,0,0,0.1,0,0,0,0,0,87.63,12.37,0,0,0,0,0,0,0,0,0,0,0,0,0,0,0,0,0,0,0,0,0
02202600,92.79,7.03,0,0,0,0,0,0,0,0,0,0,0,0,0,0,0,0,0,0,0,100,0,0,0,0,0,0,0,0,0,0,0,0,0,0,0,0,0,0,0,0,0,0
02212600,0,0,0,0,0,0,5.97,0,0,0,0,0,0,0,0,94.03,0,0,0,0,0,0,100,0,0,0,0,0,0,0,0,0,0,0,0,0,0,0,0,0,0,0,0,0
02215100,0,9.26,0,0,0,0,89.65,0,0,0.15,0,0.91,0,0,0,0,0,0,0,0,0,100,0,0,0,0,0,0,0,0,0,0,0,0,0,0,0,0,0,0,0,0,0,0
02216180,0,0.62,0,0,0,0,0,0,71.56,27.82,0,0,0,0,0,0,0,0,0,0,0,100,0,0,0,0,0,0,0,0,0,0,0,0,0,0,0,0,0,0,0,0,0,0
02217500,0,0,0,0,0,0,25.46,0,0,0,0,0,0,0,0,74.54,0,0,0,0,0,0,100,0,0,0,0,0,0,0,0,0,0,0,0,0,0,0,0,0,0,0,0,0
02221525,0,0,0,0,0,0,76.5,0,0,0,0,0,0,0,0,23.44,0,0,0,0,0,0,100,0,0,0,0,0,0,0,0,0,0,0,0,0,0,0,0,0,0,0,0,0
02228000,97.21,2.44,0,0,0,0,0,0,0.04,0.18,0,0,0,0,0,0,0,0,0,0,0,100,0,0,0,0,0,0,0,0,0,0,0,0,0,0,0,0,0,0,0,0,0,0
02231000,99.29,0.01,0,0,0,0,0,0,0,0,0,0,0,0,0,0,0,0,0,0,0,100,0,0,0,0,0,0,0,0,0,0,0,0,0,0,0,0,0,0,0,0,0,0
02231342,99.49,0,0,0,0,0,0,0,0,0,0,0,0,0,0,0,0,0,0,0,0,100,0,0,0,0,0,0,0,0,0,0,0,0,0,0,0,0,0,0,0,0,0,0
02235200,0,78.84,0,0,0,0,16.94,0,0,0,0,0,0,0,0,0,0,0,0,0,0,100,0,0,0,0,0,0,0,0,0,0,0,0,0,0,0,0,0,0,0,0,0,0
02236000,83.12,13.33,0,0,0,0,0.65,0,0,0,0,0,0,0,0,0,0,0,0,0,0,100,0,0,0,0,0,0,0,0,0,0,0,0,0,0,0,0,0,0,0,0,0,0
02245500,99.42,0,0,0,0,0,0,0,0,0,0,0,0,0,0,0,0,0,0,0,0,100,0,0,0,0,0,0,0,0,0,0,0,0,0,0,0,0,0,0,0,0,0,0
02246000,98.45,0,0,0,0,0,0,0,0,0,0,0,0,0,0,0,0,0,0,0,0,100,0,0,0,0,0,0,0,0,0,0,0,0,0,0,0,0,0,0,0,0,0,0
02296500,99.74,0,0,0,0,0,0,0,0,0,0,0,0,0,0,0,0,0,0,0,0,100,0,0,0,0,0,0,0,0,0,0,0,0,0,0,0,0,0,0,0,0,0,0
02296750,95.26,1.95,0,0,0,0,0,0,0,0,0,0,0,0,0,0,0,0,0,0,0,100,0,0,0,0,0,0,0,0,0,0,0,0,0,0,0,0,0,0,0,0,0,0
02297155,100,0,0,0,0,0,0,0,0,0,0,0,0,0,0,0,0,0,0,0,0,100,0,0,0,0,0,0,0,0,0,0,0,0,0,0,0,0,0,0,0,0,0,0
02297310,99.91,0,0,0,0,0,0,0,0,0,0,0,0,0,0,0,0,0,0,0,0,100,0,0,0,0,0,0,0,0,0,0,0,0,0,0,0,0,0,0,0,0,0,0
02298123,99.92,0,0,0,0,0,0,0,0,0,0,0,0,0,0,0,0,0,0,0,0,100,0,0,0,0,0,0,0,0,0,0,0,0,0,0,0,0,0,0,0,0,0,0
02298608,99.78,0,0,0,0,0,0,0,0,0,0,0,0,0,0,0,0,0,0,0,0,100,0,0,0,0,0,0,0,0,0,0,0,0,0,0,0,0,0,0,0,0,0,0
02299950,100,0,0,0,0,0,0,0,0,0,0,0,0,0,0,0,0,0,0,0,0,100,0,0,0,0,0,0,0,0,0,0,0,0,0,0,0,0,0,0,0,0,0,0
02300700,71.82,28.18,0,0,0,0,0,0,0,0,0,0,0,0,0,0,0,0,0,0,0,100,0,0,0,0,0,0,0,0,0,0,0,0,0,0,0,0,0,0,0,0,0,0
02310947,37.08,62.85,0,0,0,0,0,0,0,0,0,0,0,0,0,0,0,0,0,0,0,100,0,0,0,0,0,0,0,0,0,0,0,0,0,0,0,0,0,0,0,0,0,0
02312200,72.94,27.03,0,0,0,0,0,0,0,0,0,0,0,0,0,0,0,0,0,0,0,100,0,0,0,0,0,0,0,0,0,0,0,0,0,0,0,0,0,0,0,0,0,0
02314500,99.92,0,0,0,0,0,0,0,0,0,0,0,0,0,0,0,0,0,0,0,0,100,0,0,0,0,0,0,0,0,0,0,0,0,0,0,0,0,0,0,0,0,0,0
02315500,96.86,2.98,0,0,0,0,0.03,0,0,0,0,0,0,0,0,0,0,0,0,0,0,100,0,0,0,0,0,0,0,0,0,0,0,0,0,0,0,0,0,0,0,0,0,0
02324400,99.54,0,0,0,0,0,0,0,0,0,0,0,0,0,0,0,0,0,0,0,0,100,0,0,0,0,0,0,0,0,0,0,0,0,0,0,0,0,0,0,0,0,0,0
02327100,91.16,8.24,0,0,0,0,0,0,0.42,0,0,0,0,0,0,0,0,0,0,0,0,100,0,0,0,0,0,0,0,0,0,0,0,0,0,0,0,0,0,0,0,0,0,0
02329000,11.9,33.39,0,0.56,0.02,0,2.81,0,48.12,2.46,0,0,0,0,0,0,0,0,0,0,0,100,0,0,0,0,0,0,0,0,0,0,0,0,0,0,0,0,0,0,0,0,0,0
02339500,0,0,0,0,0,0,11.59,0,0,0,0,0,0,0,0,83.34,0,0,2.68,0,0,0,94.85,5.15,0,0,0,0,0,0,0,0,0,0,0,0,0,0,0,0,0,0,0,0
02342933,0,0,0,27.15,0,0,4.51,0,0,0,0,68.34,0,0,0,0,0,0,0,0,0,100,0,0,0,0,0,0,0,0,0,0,0,0,0,0,0,0,0,0,0,0,0,0
02347500,0,0,0,0,0,0,76.46,0,0,0,0,0.01,0,0,0,23.45,0,0,0,0,0,0,100,0,0,0,0,0,0,0,0,0,0,0,0,0,0,0,0,0,0,0,0,0
02349500,0,11.25,0,0.87,0,0,59.17,0,0,0,0,11.46,0,0,0,17.16,0,0,0,0,0,23.66,76.34,0,0,0,0,0,0,0,0,0,0,0,0,0,0,0,0,0,0,0,0,0
02349900,0,5.78,0,0,0,0,22.82,0,15.96,54.72,0,0.72,0,0,0,0,0,0,0,0,0,100,0,0,0,0,0,0,0,0,0,0,0,0,0,0,0,0,0,0,0,0,0,0
02350900,4.46,41.28,0,0,0,0,0.07,0,0,0,0,54.05,0,0,0,0,0,0,0,0,0,100,0,0,0,0,0,0,0,0,0,0,0,0,0,0,0,0,0,0,0,0,0,0
02361000,0,17.75,0,2.37,0,0,3.75,0,0,0,0,76.07,0,0,0,0,0,0,0,0,0,100,0,0,0,0,0,0,0,0,0,0,0,0,0,0,0,0,0,0,0,0,0,0
02363000,0,14.59,0,9.31,0,0,10.16,0,0,0,0,63.16,0,0,0,2.75,0,0,0,0,0,100,0,0,0,0,0,0,0,0,0,0,0,0,0,0,0,0,0,0,0,0,0,0
02365500,7.89,24.98,0,2.48,0,0,6.7,0,8.64,0,0,46.3,0,0.4,0,2.52,0,0,0,0,0,100,0,0,0,0,0,0,0,0,0,0,0,0,0,0,0,0,0,0,0,0,0,0
02369800,4.94,21.06,0,0.06,0,0,33.99,0,26.04,0,0,13.89,0,0,0,0,0,0,0,0,0,100,0,0,0,0,0,0,0,0,0,0,0,0,0,0,0,0,0,0,0,0,0,0
02371500,0,13.65,0,26.4,0,0,13.64,0,0,0,1.05,38.99,0,0,0,6.17,0,0,0,0,0,100,0,0,0,0,0,0,0,0,0,0,0,0,0,0,0,0,0,0,0,0,0,0
02372250,0,23.89,0,15.83,0,0,8.96,0,0,0,0,38.57,0,0,0,12.75,0,0,0,0,0,100,0,0,0,0,0,0,0,0,0,0,0,0,0,0,0,0,0,0,0,0,0,0
02374500,0,0,0.25,0.4,0,0,0.25,0,41.94,0,0,54.4,0,0,0,2.6,0,0,0,0,0,100,0,0,0,0,0,0,0,0,0,0,0,0,0,0,0,0,0,0,0,0,0,0
02375500,0.24,9.46,0.29,23.04,1.46,0,20.66,0,12.58,0,0.24,19.08,0,0,0,12.76,0,0,0,0,0,100,0,0,0,0,0,0,0,0,0,0,0,0,0,0,0,0,0,0,0,0,0,0
02381600,0,0,0,0,0,0,0,0,0,0,0,0,0,0,0,100,0,0,0,0,0,0,100,0,0,0,0,0,0,0,0,0,0,0,0,0,0,0,0,0,0,0,0,0
02383500,0,0,0,0,0,0,0,0,25.14,0,1.16,0,0,0,0,65.78,0,0.01,7.25,0,0,0,38.7,28.42,32.88,0,0,0,0,0,0,0,0,0,0,0,0,0,0,0,0,0,0,0
02384540,0,0,0,0,0,0,0,0,96.14,0,0,0,0,0,0,0.89,0,0,2.97,0,0,0,0,76,24,0,0,0,0,0,0,0,0,0,0,0,0,0,0,0,0,0,0,0
02387000,0,0,0,0,0,0,0,0,72.38,0,0,0,0,0,1.23,14.92,0,2.37,8.36,0.7,0,0,0,19.23,80.77,0,0,0,0,0,0,0,0,0,0,0,0,0,0,0,0,0,0,0
02387500,0,0,0,0,0,0,0,0,49.28,0,0.6,0,0,0,0.53,40.55,0,1.02,7.35,0.3,0,0,20.09,23.01,56.9,0,0,0,0,0,0,0,0,0,0,0,0,0,0,0,0,0,0,0
02395120,0,0,0,0,0,0,0,0,99.99,0,0,0,0,0,0,0,0,0,0,0,0,0,0,0,100,0,0,0,0,0,0,0,0,0,0,0,0,0,0,0,0,0,0,0
02408540,0,0,0,0,0,0,0,0,0,0,0,0,0,0,0,99.75,0,0,0,0,0,0,100,0,0,0,0,0,0,0,0,0,0,0,0,0,0,0,0,0,0,0,0,0
02414500,0,0,0,0,0,0,9.07,0,0,0,0.02,0,0,0,0,90.84,0,0,0,0,0,0,97.61,0,2.39,0,0,0,0,0,0,0,0,0,0,0,0,0,0,0,0,0,0,0
02415000,0,0,0,0,0,0,0.27,0,0,0,0,0,0,0,0,99.73,0,0,0,0,0,0,100,0,0,0,0,0,0,0,0,0,0,0,0,0,0,0,0,0,0,0,0,0
02422500,0,0,0,4.95,0,0,12.19,0,0,0,0,8.38,0,0,0,74.1,0,0,0,0,0,100,0,0,0,0,0,0,0,0,0,0,0,0,0,0,0,0,0,0,0,0,0,0
02427250,0,0,0,17.49,0,0,40.91,0,2.94,0,13.11,0,0,0,0,25.49,0,0,0,0,0,100,0,0,0,0,0,0,0,0,0,0,0,0,0,0,0,0,0,0,0,0,0,0
02430085,0,0,0,1.08,0,0,0,0,0,0,0,0.94,0,0,0,97.98,0,0,0,0,0,100,0,0,0,0,0,0,0,0,0,0,0,0,0,0,0,0,0,0,0,0,0,0
02430615,0,0,0,0.13,0,0,0,0,0,0,0,0,0,0,0,99.87,0,0,0,0,0,100,0,0,0,0,0,0,0,0,0,0,0,0,0,0,0,0,0,0,0,0,0,0
02448000,0,0,0,0.16,0,35.8,24.72,11.14,2.97,0,19.51,0,0,0,0,5.61,0,0,0,0,0,100,0,0,0,0,0,0,0,0,0,0,0,0,0,0,0,0,0,0,0,0,0,0
02450250,0,0,0,0.26,0,0.46,0,0,0,0,0,0,0,0,0,99.28,0,0,0,0,0,0,0,0,0,0,100,0,0,0,0,0,0,0,0,0,0,0,0,0,0,0,0,0
02456500,0,0,0,0,0,0,10.19,0,14.92,0,4.74,0,0,0,1.9,68.08,0,0,0,0,0,0,0,0,3.81,0,96.19,0,0,0,0,0,0,0,0,0,0,0,0,0,0,0,0,0
02464000,0,0,0,0,0,0,0,0,0,0,6.02,0,0,0,0,93.76,0,0,0,0,0,85.82,0,0,0,0,14.18,0,0,0,0,0,0,0,0,0,0,0,0,0,0,0,0,0
02464146,0,0,0,0,0,0,0,0,0,0,0,0,0,0,0,100,0,0,0,0,0,46.7,0,0,0,0,53.3,0,0,0,0,0,0,0,0,0,0,0,0,0,0,0,0,0
02464360,0,0,0,0.02,0,0,0.89,0,0,0,1.52,0,0,0,0,97.57,0,0,0,0,0,100,0,0,0,0,0,0,0,0,0,0,0,0,0,0,0,0,0,0,0,0,0,0
02465493,0,0,0,97.84,0,0,0,0,0,0,0,0,0,0,0,2.16,0,0,0,0,0,100,0,0,0,0,0,0,0,0,0,0,0,0,0,0,0,0,0,0,0,0,0,0
02469800,0,0,0,6.92,0,0,14.99,0,0,0,0,8.6,0,0,0,69.5,0,0,0,0,0,100,0,0,0,0,0,0,0,0,0,0,0,0,0,0,0,0,0,0,0,0,0,0
02472000,0,0,0,20.83,0,3.64,47.97,0,0,0,14.17,3.43,0,0,0,9.89,0,0,0,0,0,100,0,0,0,0,0,0,0,0,0,0,0,0,0,0,0,0,0,0,0,0,0,0
02472500,0,0,0,15.56,0,0,64.26,0,1.32,0,2.94,8.99,0,0,0,6.84,0,0,0,0,0,100,0,0,0,0,0,0,0,0,0,0,0,0,0,0,0,0,0,0,0,0,0,0
02475000,0,4.99,0,33.3,0,0.78,39.86,0,0.44,0,5.24,5.35,0,0,0,9.95,0,0,0,0,0,100,0,0,0,0,0,0,0,0,0,0,0,0,0,0,0,0,0,0,0,0,0,0
02475500,0,0,0,40.98,0,0.01,27.84,0,6.9,0,16.77,0,0,0,0,7.49,0,0,0,0,0,100,0,0,0,0,0,0,0,0,0,0,0,0,0,0,0,0,0,0,0,0,0,0
02478500,0,0.28,0,31.25,0,0.53,28.65,0,2.51,0,16.71,2.4,0,0,0,17.41,0,0,0,0,0,100,0,0,0,0,0,0,0,0,0,0,0,0,0,0,0,0,0,0,0,0,0,0
02479155,0,0.09,0,15.51,0,0,1.24,0,0,0,0,83.16,0,0,0,0,0,0,0,0,0,100,0,0,0,0,0,0,0,0,0,0,0,0,0,0,0,0,0,0,0,0,0,0
02479300,0,1.02,0,39.84,0,0.01,43.51,0,0,0,0,15.26,0,0,0,0.07,0,0,0,0,0,100,0,0,0,0,0,0,0,0,0,0,0,0,0,0,0,0,0,0,0,0,0,0
02479560,0,0,0,42.02,0,0,26.05,0,0,0,0,23.19,0,0,0,8.71,0,0,0,0,0,100,0,0,0,0,0,0,0,0,0,0,0,0,0,0,0,0,0,0,0,0,0,0
02481000,0,0,0,40.91,0,0,46.21,0,0,0,0,0.13,0,0,0,12.57,0,0,0,0,0,100,0,0,0,0,0,0,0,0,0,0,0,0,0,0,0,0,0,0,0,0,0,0
02481510,0,0,0,24.73,0,0,43.64,0,0,0,0,22.22,0,0,0,9.31,0,0,0,0,0,100,0,0,0,0,0,0,0,0,0,0,0,0,0,0,0,0,0,0,0,0,0,0
02482000,0,0,0,35.54,0,14.19,22.87,0,7.86,0,12.54,0,0,0,0,6.81,0,0,0,0,0,100,0,0,0,0,0,0,0,0,0,0,0,0,0,0,0,0,0,0,0,0,0,0
02486000,0,0,0,35.49,0,16.25,30.19,1.06,2.57,0,9.02,0,0,0,0,4.26,0,0,0,0,0,100,0,0,0,0,0,0,0,0,0,0,0,0,0,0,0,0,0,0,0,0,0,0
02492000,0.16,0,0,41.17,0,1.63,54.77,0,1.74,0,0.37,0,0,0,0,0.05,0,0,0,0,0,100,0,0,0,0,0,0,0,0,0,0,0,0,0,0,0,0,0,0,0,0,0,0
03010500,0,0,0,0.12,0,0.13,0.14,0,9.91,0,3.07,0,0,0,10.36,76.14,0,0,0,0,0,0,0,0,0,0,100,0,0,0,0,0,0,0,0,0,0,0,0,0,0,0,0,0
03010655,0,0,0,0,0,0,0,0,0,0,0,0,0,0,0,99.94,0,0,0,0,0,0,0,0,0,0,100,0,0,0,0,0,0,0,0,0,0,0,0,0,0,0,0,0
03011020,0,0,0,0.85,0,0.05,0.44,0,4.15,0,5.81,0,0,0,3.82,84.79,0,0,0,0,0,0,0,0,0,0,100,0,0,0,0,0,0,0,0,0,0,0,0,0,0,0,0,0
03011800,0,0,0,0,0,0,26.41,0,19.43,0,0.08,0,0,0,29.38,24.71,0,0,0,0,0,0,0,0,0,0,100,0,0,0,0,0,0,0,0,0,0,0,0,0,0,0,0,0
03015500,0,0,0,0.56,0,0,22.48,0,13.44,0,20.91,0,0,0,3.91,38.69,0,0,0,0,0,0,0,0,0,0,100,0,0,0,0,0,0,0,0,0,0,0,0,0,0,0,0,0
03020500,0,0,0,0,0,0,5.6,0,59.21,0,22.68,0,0,0,7.06,5.42,0,0,0,0,0,0,0,0,0,0,100,0,0,0,0,0,0,0,0,0,0,0,0,0,0,0,0,0
03021350,0,0,0,0,0,0,12.69,0,0,0,67.96,0,0,0,0,19.36,0,0,0,0,0,0,0,0,0,0,100,0,0,0,0,0,0,0,0,0,0,0,0,0,0,0,0,0
03024000,0,0,0,3.8,0,0,39.04,0,24.74,0,26.96,0,0,0,0.01,5.41,0,0,0,0,0,0,0,0,0,0,100,0,0,0,0,0,0,0,0,0,0,0,0,0,0,0,0,0
03026500,0,0,0,0,0,0,0,0,0.19,0,0,0,0,0,0,99.81,0,0,0,0,0,0,0,0,0,0,100,0,0,0,0,0,0,0,0,0,0,0,0,0,0,0,0,0
03028000,0,0,0,0,0,0,0,0,2.54,0,0.04,0,0,0,17.35,79.73,0,0,0,0,0,0,0,0,0,0,100,0,0,0,0,0,0,0,0,0,0,0,0,0,0,0,0,0
03032500,0,0,0,0,0,0,0,0,0.01,0,70.01,0,0,0,0.06,29.8,0,0,0,0,0,0,0,0,0,0,100,0,0,0,0,0,0,0,0,0,0,0,0,0,0,0,0,0
03049000,0,0,0,0,0,0,0,0,0,0,86.78,0,0,0,0,12.98,0,0,0,0,0,0,0,0,0,0,100,0,0,0,0,0,0,0,0,0,0,0,0,0,0,0,0,0
03049800,0,0,0,0,0,0,0,0,0,0,99.9,0,0,0,0,0,0,0,0,0,0,0,0,0,0,0,100,0,0,0,0,0,0,0,0,0,0,0,0,0,0,0,0,0
03050000,0,0,0,0,0,0,0,0,0.17,0,0,0,0,0,3.97,34.87,0,0,60.92,0,0,0,0,0,0,0,100,0,0,0,0,0,0,0,0,0,0,0,0,0,0,0,0,0
03050500,0,0,0,0.21,0,0,0.83,0,0.12,0,4,0,0,0,2.81,36.49,0,0,55.49,0,0,0,0,0,0,0,100,0,0,0,0,0,0,0,0,0,0,0,0,0,0,0,0,0
03051000,0,0,0,0.15,0,0,0.54,0,0.08,0,5.11,0,0,0,7.04,50.68,0,0,36.36,0,0,0,0,0,0,0,100,0,0,0,0,0,0,0,0,0,0,0,0,0,0,0,0,0
03054500,0,0,0,0.07,0,0,0.25,0,0.04,0,18.64,0,0,0,3.72,52.68,0,0,24.52,0,0,0,0,0,0,0,100,0,0,0,0,0,0,0,0,0,0,0,0,0,0,0,0,0
03065000,0,0,0,0,0,0,0,0,17.06,0,0,0,0,0,0,15.1,0,0,67.72,0.12,0,0,0,0,44.75,0,55.25,0,0,0,0,0,0,0,0,0,0,0,0,0,0,0,0,0
03066000,0,0,0,0,0,0,0,0,48.94,0,7.28,0,0,0,0,43.63,0,0,0.15,0,0,0,0,0,7.87,0,92.13,0,0,0,0,0,0,0,0,0,0,0,0,0,0,0,0,0
03069000,0,0,0,0,0,0,0,0,0,0,0,0,0,0,0,8.9,0,0,91.1,0,0,0,0,0,0,0,100,0,0,0,0,0,0,0,0,0,0,0,0,0,0,0,0,0
03069500,0,0,0,0,0,0,0,0,14.43,0,1.72,0,0,0,0,22.23,0,0,61.57,0.06,0,0,0,0,22.65,0,77.35,0,0,0,0,0,0,0,0,0,0,0,0,0,0,0,0,0
03070000,0,0,0,0,0,0,0,0,11.08,0,1.32,0,0,0,0,32.12,0,0,55.4,0.04,0,0,0,0,17.39,0,82.61,0,0,0,0,0,0,0,0,0,0,0,0,0,0,0,0,0
03070500,0,0,0,0,0,0,0,0,0,0,44.84,0,0,0,0,54.88,0,0,0,0,0,0,0,0,0,0,100,0,0,0,0,0,0,0,0,0,0,0,0,0,0,0,0,0
03075500,0,0,0,0,0,0,0.39,0,10.94,0,12.65,0,0,0,5.64,70.17,0,0,0,0,0,0,0,0,0,0,100,0,0,0,0,0,0,0,0,0,0,0,0,0,0,0,0,0
03076600,0,0,0,0,0,0,0,0,33.75,0,0.18,0,0,0,33.07,33,0,0,0,0,0,0,0,0,0,0,100,0,0,0,0,0,0,0,0,0,0,0,0,0,0,0,0,0
03078000,0,0,0,0,0,0,0,0,1.54,0,39.41,0,0,0,0,59.06,0,0,0,0,0,0,0,0,0,0,100,0,0,0,0,0,0,0,0,0,0,0,0,0,0,0,0,0
03079000,0,0,0,0,0,0,0,0,1.32,0,63.03,0,0,0,0.03,35.46,0,0,0,0,0,0,0,0,0,0,100,0,0,0,0,0,0,0,0,0,0,0,0,0,0,0,0,0
03109500,0,0,0,0,0,0,9.05,0,0,0,90.56,0,0,0,0,0.36,0,0,0,0,0,0,0,0,0,0,100,0,0,0,0,0,0,0,0,0,0,0,0,0,0,0,0,0
03111500,0,0,0,0,0,0,0,0,0,0,100,0,0,0,0,0,0,0,0,0,0,0,0,0,0,0,100,0,0,0,0,0,0,0,0,0,0,0,0,0,0,0,0,0
03114500,0,0,0,0,0,0,0,0,0,0,85.01,0,0,0,0,14.91,0,0,0,0,0,0,0,0,0,0,100,0,0,0,0,0,0,0,0,0,0,0,0,0,0,0,0,0
03140000,0,0,0,0,0,0,0,0,0,0,100,0,0,0,0,0,0,0,0,0,0,0,0,0,0,0,100,0,0,0,0,0,0,0,0,0,0,0,0,0,0,0,0,0
03144000,0,0,0,0,0,0,0,0,50.2,0,49.8,0,0,0,0,0,0,0,0,0,0,0,0,0,0,0,100,0,0,0,0,0,0,0,0,0,0,0,0,0,0,0,0,0
03155500,0,0,0,0,0,0,0,0,0,0,99.96,0,0,0,0,0,0,0,0,0,0,0,0,0,0,0,100,0,0,0,0,0,0,0,0,0,0,0,0,0,0,0,0,0
03159500,0,0,0.04,2.68,0.09,0.27,0,0.14,39.54,0,56.39,0,0,0,0.75,0,0,0,0,0,0,0,0,0,0,0,80.8,0,0,0,19.2,0,0,0,0,0,0,0,0,0,0,0,0,0
03159540,0,0,0,0,0,0,0,0,0,0,100,0,0,0,0,0,0,0,0,0,0,0,0,0,0,0,100,0,0,0,0,0,0,0,0,0,0,0,0,0,0,0,0,0
03161000,0,0,0,0,0,0,0,0,0,0,0,0,0,0,0,84.36,0,10.61,4.58,0,0,0,0,100,0,0,0,0,0,0,0,0,0,0,0,0,0,0,0,0,0,0,0,0
03164000,0,0,0,0,0,0,0,0,0.01,0,1.62,0,0,0,0,85.46,0,6.97,5.81,0,0,0,0,100,0,0,0,0,0,0,0,0,0,0,0,0,0,0,0,0,0,0,0,0
03165000,0,0,0,0,0,0,0,0,0,0,23.26,0,0,0,0,76.04,0,0,0,0,0,0,0,100,0,0,0,0,0,0,0,0,0,0,0,0,0,0,0,0,0,0,0,0
03165500,0,0,0,0,0,0,0,0,0.02,0,2.15,0,0,0,0.01,86.82,0,5.91,4.93,0,0,0,0,100,0,0,0,0,0,0,0,0,0,0,0,0,0,0,0,0,0,0,0,0
03167000,0,0,0,0,0,0,0,0,89.98,0,0,0,0,0,9.81,0,0,0,0,0,0,0,0,0,100,0,0,0,0,0,0,0,0,0,0,0,0,0,0,0,0,0,0,0
03168000,0,0,0,0,0,0,0,0,18.02,0,1.32,0,0,0,2.91,70.11,0,3.61,3.55,0.35,0,0,0.43,81.1,18.47,0,0,0,0,0,0,0,0,0,0,0,0,0,0,0,0,0,0,0
03170000,0,0,0,0,0,0,0,0,12.53,0,0,0,0,0,2.85,84.43,0,0,0,0,0,0,0,95.85,4.15,0,0,0,0,0,0,0,0,0,0,0,0,0,0,0,0,0,0,0
03173000,0,0,0,0,0,0,0,0,44.34,0,0,0,0,0,55.56,0.01,0,0,0,0,0,0,0,0,100,0,0,0,0,0,0,0,0,0,0,0,0,0,0,0,0,0,0,0
03175500,0,0,0,0,0,0,0,0,32.64,0,0,0,0,0,30.86,24.98,0,0,0,11.15,0,0,0,0,100,0,0,0,0,0,0,0,0,0,0,0,0,0,0,0,0,0,0,0
03179000,0,0,0,0,0,0,0,0,65.34,0,0.01,0,0,0,17.83,16.57,0,0,0,0.17,0,0,0,0,48.87,0,51.13,0,0,0,0,0,0,0,0,0,0,0,0,0,0,0,0,0
03180500,0,0,0,0,0,0,0,0,0,0,0,0,0,0,0,78.36,0,0,21.64,0,0,0,0,0,61.27,0,38.73,0,0,0,0,0,0,0,0,0,0,0,0,0,0,0,0,0
03182500,0,0,0,0,0,0,0,0,3.7,0,0,0,0,0,4.82,80.67,0,0,10.51,0.14,0,0,0,0,82.69,0,17.31,0,0,0,0,0,0,0,0,0,0,0,0,0,0,0,0,0
03183500,0,0,0,0,0,0,0,0,15.59,0,0.88,0,0,0,7.23,68.18,0,0.16,7.35,0.44,0,0,0,0,69.6,0,30.4,0,0,0,0,0,0,0,0,0,0,0,0,0,0,0,0,0
03184000,0,0,0,0,0,0,0,0,25.36,0,0.74,0,0,0,9.46,57.56,0,0.14,6.2,0.37,0,0,0,0,58.77,0,41.23,0,0,0,0,0,0,0,0,0,0,0,0,0,0,0,0,0
03186500,0,0,0,0,0,0,0,0,23.49,0,0,0,0,0,0,0.23,0,0,76.15,0,0,0,0,0,0,0,100,0,0,0,0,0,0,0,0,0,0,0,0,0,0,0,0,0
03187500,0,0,0,0,0,0,0,0,21.96,0,0,0,0,0,0,0.27,0,0,77.78,0,0,0,0,0,0,0,100,0,0,0,0,0,0,0,0,0,0,0,0,0,0,0,0,0
03198500,0,0,0,0,0,0,0,0,0,0,0.01,0,0,0,0,22.86,0,0,0,77.13,0,0,0,0,0,0,100,0,0,0,0,0,0,0,0,0,0,0,0,0,0,0,0,0
03213700,0,0,0,0,0,0,0,0,2.13,0,0,0,0,0,2.78,7.39,0,0,1.08,86.56,0,0,0,0,6.59,0,93.41,0,0,0,0,0,0,0,0,0,0,0,0,0,0,0,0,0
03237280,0,0,0,0,0,0,0,0,30.97,0,68.6,0,0,0,0.43,0,0,0,0,0,0,0,0,0,0,0,100,0,0,0,0,0,0,0,0,0,0,0,0,0,0,0,0,0
03237500,0,0,0,0.02,0,0,8.19,0,75.71,0,16.04,0,0,0,0.01,0,0,0,0,0,0,0,0,0,0,0,0.55,0,0,52.11,47.34,0,0,0,0,0,0,0,0,0,0,0,0,0
03238500,0,0,3.58,2.94,0,38.11,33.19,7.69,8.89,0,5.59,0,0,0,0,0,0,0,0,0,0,0,0,0,0,0,0,0,0,0.01,99.99,0,0,0,0,0,0,0,0,0,0,0,0,0
03241500,0,0,70.64,0.39,0,17.11,0,0,11.86,0,0,0,0,0,0,0,0,0,0,0,0,0,0,0,0,0,0,0,0,0,100,0,0,0,0,0,0,0,0,0,0,0,0,0
03251500,0,0,0,0,0,0.1,0,0,21.05,0,58.14,0,0,0,1.74,18.1,0,0,0,0.01,0,0,0,0,0,0,45.91,0,0,54.09,0,0,0,0,0,0,0,0,0,0,0,0,0,0
03252500,0,0,0,0,0,0,0,0,25.7,0,74.22,0,0,0,0,0,0,0,0,0,0,0,0,0,0,0,0,0,0,100,0,0,0,0,0,0,0,0,0,0,0,0,0,0
03253500,0,0,0,0,0,0.07,0,0,23.22,0,62.1,0,0,0,1.22,12.75,0,0,0,0.01,0,0,0,0,0,0,32.35,0,0,67.65,0,0,0,0,0,0,0,0,0,0,0,0,0,0
03265000,0,0,48.13,0,0.03,50.66,0,1.05,0.06,0,0,0,0,0,0,0,0,0,0,0,0,0,0,0,0,0,0,0,0,0,100,0,0,0,0,0,0,0,0,0,0,0,0,0
03266000,0,0,56.33,0,0.02,41.15,1.54,0.81,0.05,0,0,0,0,0,0,0,0,0,0,0,0,0,0,0,0,0,0,0,0,0,100,0,0,0,0,0,0,0,0,0,0,0,0,0
03269500,0,0,33.34,15.56,4.7,16.28,10.54,0,19.39,0,0.05,0,0,0,0,0,0,0,0,0,0,0,0,0,0,0,0,0,0,0,100,0,0,0,0,0,0,0,0,0,0,0,0,0
03274000,0,0,35.15,5.08,2.54,31.57,12.83,1.82,6.45,0,4.15,0,0,0,0,0,0,0,0,0,0,0,0,0,0,0,0,0,0,0,100,0,0,0,0,0,0,0,0,0,0,0,0,0
03280700,0,0,0,0,0,0,0,0,0,0,0,0,0,0,0,9.73,0,0,0,90.27,0,0,0,0,0,0,100,0,0,0,0,0,0,0,0,0,0,0,0,0,0,0,0,0
03281100,0,0,0,0,0,0,0,0,0,0,0.05,0,0,0,0,99.8,0,0,0,0.07,0,0,0,0,0,0,100,0,0,0,0,0,0,0,0,0,0,0,0,0,0,0,0,0
03281500,0,0,0,0,0,0,0,0,0,0,2.29,0,0,0,0,89.71,0,0,0,7.83,0,0,0,0,0,0,100,0,0,0,0,0,0,0,0,0,0,0,0,0,0,0,0,0
03285000,0,0,0,0,0,0,0,0,11.25,0,88.51,0,0,0,0,0.09,0,0,0,0,0,0,0,0,0,0,0,0,0,100,0,0,0,0,0,0,0,0,0,0,0,0,0,0
03289500,0,0,0,0,0,0,0,0,91.09,0,8.83,0,0,0,0,0,0,0,0,0,0,0,0,0,0,0,0,0,0,100,0,0,0,0,0,0,0,0,0,0,0,0,0,0
03291780,0,0,2.44,0,0,0,0,0,60.47,0,37.09,0,0,0,0,0,0,0,0,0,0,0,0,0,0,0,0,0,0,0,100,0,0,0,0,0,0,0,0,0,0,0,0,0
03300400,0,0,0,0,0,0,0,0,0.08,0,99.9,0,0,0,0,0,0,0,0,0,0,0,0,0,0,0,0,0,0,100,0,0,0,0,0,0,0,0,0,0,0,0,0,0
03301500,0,0,0,0.08,0,0.06,0,0,10.61,0,84.02,0,0,0,0,5.18,0,0,0,0,0,0,0,0,0,0,0,0,0,100,0,0,0,0,0,0,0,0,0,0,0,0,0,0
03303000,0,0,0,0,0,0,0,0,67.59,0,32.35,0,0,0,0,0,0,0,0,0,0,0,0,0,0,0,0,0,0,99.95,0.05,0,0,0,0,0,0,0,0,0,0,0,0,0
03308500,0,0,0,0,0,0.03,0,0,26.46,0,73.4,0,0,0,0,0.04,0,0,0,0,0,0,0,0,0,0,0,0,0,100,0,0,0,0,0,0,0,0,0,0,0,0,0,0
03324300,0,0,38.87,0,0,56.96,0,4.05,0,0,0,0,0,0,0,0,0,0,0,0,0,0,0,0,0,0,0,0,0,0,100,0,0,0,0,0,0,0,0,0,0,0,0,0
03326500,0,0,46.16,0,1.73,38.45,0,8.71,4.53,0.15,0.18,0,0,0,0,0,0,0,0,0,0,0,0,0,0,0,0,0,0,0,100,0,0,0,0,0,0,0,0,0,0,0,0,0
03328500,0.15,2.31,1.46,17.31,0.98,29.73,23.87,22.82,1.27,0,0,0,0,0,0,0,0,0,0,0,0,0,0,0,0,0,0,0,0,0,100,0,0,0,0,0,0,0,0,0,0,0,0,0
03331500,14.55,26.13,0.08,25.18,6.75,10.16,13.83,2.59,0.3,0,0,0,0,0,0,0,0,0,0,0,0,0,0,0,0,0,0,0,0,0,100,0,0,0,0,0,0,0,0,0,0,0,0,0
03338780,0,0,0,3.86,0.31,77.97,0.05,17.69,0,0,0,0,0,0,0,0,0,0,0,0,0,0,0,0,0,0,0,0,0,0,100,0,0,0,0,0,0,0,0,0,0,0,0,0
03339500,0,0,2.2,0.36,0,68.93,28.47,0,0,0,0,0,0,0,0,0,0,0,0,0,0,0,0,0,0,0,0,0,0,0,100,0,0,0,0,0,0,0,0,0,0,0,0,0
03340800,0,0,0,0,0,49.31,49.7,0,0.78,0,0,0,0,0,0,0,0,0,0,0,0,0,0,0,0,0,0,0,0,0,100,0,0,0,0,0,0,0,0,0,0,0,0,0
03345500,0,0,0.19,0,0,94.28,2.81,2.1,0,0,0.55,0,0,0,0,0,0,0,0,0,0,0,0,0,0,0,0,0,0,0,100,0,0,0,0,0,0,0,0,0,0,0,0,0
03346000,0,0,0,0,0,89.79,1.46,8.6,0,0,0.14,0,0,0,0,0,0,0,0,0,0,0,0,0,0,0,0,0,0,0,100,0,0,0,0,0,0,0,0,0,0,0,0,0
03348000,0,0,10.51,5.71,0,69.01,5.7,0,8.43,0,0.01,0,0,0,0,0,0,0,0,0,0,0,0,0,0,0,0,0,0,0,100,0,0,0,0,0,0,0,0,0,0,0,0,0
03349000,0,0,38.85,5.78,0,40.71,7.7,1.68,4.94,0,0,0,0,0,0,0,0,0,0,0,0,0,0,0,0,0,0,0,0,0,100,0,0,0,0,0,0,0,0,0,0,0,0,0
03357350,0,0,0,0,0,0,100,0,0,0,0,0,0,0,0,0,0,0,0,0,0,0,0,0,0,0,0,0,0,0,100,0,0,0,0,0,0,0,0,0,0,0,0,0
03361500,0,0,12.68,26.75,0.49,17.3,21.53,0,21.23,0,0,0,0,0,0,0,0,0,0,0,0,0,0,0,0,0,0,0,0,0,100,0,0,0,0,0,0,0,0,0,0,0,0,0
03361650,0,0,0,0,0,98.67,1.31,0,0.02,0,0,0,0,0,0,0,0,0,0,0,0,0,0,0,0,0,0,0,0,0,100,0,0,0,0,0,0,0,0,0,0,0,0,0
03362500,0,0,6.52,10.67,0.99,55.77,21.73,0,4.23,0,0,0,0,0,0,0,0,0,0,0,0,0,0,0,0,0,0,0,0,0,100,0,0,0,0,0,0,0,0,0,0,0,0,0
03363000,0.68,0,13.49,17.58,2.85,36.7,18.31,0,10.33,0,0,0,0,0,0,0,0,0,0,0,0,0,0,0,0,0,0,0,0,0,100,0,0,0,0,0,0,0,0,0,0,0,0,0
03364000,0.42,0,27.23,13.89,2.51,23.84,16.51,0,11.92,0,3.6,0,0,0,0,0,0,0,0,0,0,0,0,0,0,0,0,0,0,2,98,0,0,0,0,0,0,0,0,0,0,0,0,0
03364500,0,0,99.47,0,0,0,0,0,0.53,0,0,0,0,0,0,0,0,0,0,0,0,0,0,0,0,0,0,0,0,0,100,0,0,0,0,0,0,0,0,0,0,0,0,0
03365500,0.31,0,40.02,10.58,1.83,18.11,14.76,0,11.69,0,2.64,0,0,0,0,0,0,0,0,0,0,0,0,0,0,0,0,0,0,2.74,97.26,0,0,0,0,0,0,0,0,0,0,0,0,0
03366500,0,0,47.57,0,0,0,0,0,52.15,0,0.24,0,0,0,0,0,0,0,0,0,0,0,0,0,0,0,0,0,0,2.54,97.46,0,0,0,0,0,0,0,0,0,0,0,0,0
03368000,0,0,98.08,0,0,0,0,0,1.92,0,0,0,0,0,0,0,0,0,0,0,0,0,0,0,0,0,0,0,0,0,100,0,0,0,0,0,0,0,0,0,0,0,0,0
03381500,0,0.24,0,0.15,0,86.25,0.26,7.27,0.05,0,5.72,0,0,0,0,0,0,0,0,0,0,0,0,0,0,0,0,0,0,0,100,0,0,0,0,0,0,0,0,0,0,0,0,0
03384450,0,0,0,0,0,0,0,0,0,0,100,0,0,0,0,0,0,0,0,0,0,0,0,0,0,0,0,0,0,100,0,0,0,0,0,0,0,0,0,0,0,0,0,0
03410500,0,0,0,0,0,0,1.92,0,0,0,14.8,0,0,0,0,60.47,0,0,18.17,4.55,0,0,0,0,0,0,100,0,0,0,0,0,0,0,0,0,0,0,0,0,0,0,0,0
03438000,0,0,3.74,0,0,0,0.22,0,63.07,0,32.97,0,0,0,0,0,0,0,0,0,0,0,0,0,0,0,0,0,0,100,0,0,0,0,0,0,0,0,0,0,0,0,0,0
03439000,0,0,0,0,0,0,0,0,0,0,0,0,0,0,0,51.74,0,0,48.26,0,0,0,0,100,0,0,0,0,0,0,0,0,0,0,0,0,0,0,0,0,0,0,0,0
03443000,0,0,0,0,0,0,0.15,0,0,0,0,0,0,0,0,67.55,0,0,32.17,0,0,0,0,100,0,0,0,0,0,0,0,0,0,0,0,0,0,0,0,0,0,0,0,0
03450000,0,0,0,0,0,0,0,0,0,0,0,0,0,0,0,0,0,1.18,0,98.82,0,0,0,100,0,0,0,0,0,0,0,0,0,0,0,0,0,0,0,0,0,0,0,0
03451500,0,0,0,0,0,0,4.83,0,0,0,0,0,0,0,0,67.92,0,7,14.51,5.61,0,0,0,100,0,0,0,0,0,0,0,0,0,0,0,0,0,0,0,0,0,0,0,0
03455000,0,0,0,0,0,0,2.46,0,1.06,0,0,0,0,0,3.18,51.69,0,19.34,10.36,11.83,0,0,0,98.78,1.22,0,0,0,0,0,0,0,0,0,0,0,0,0,0,0,0,0,0,0
03455500,0,0,0,0,0,0,0,0,0,0,0,0,0,0,0,0,0,0,1.11,98.65,0,0,0,100,0,0,0,0,0,0,0,0,0,0,0,0,0,0,0,0,0,0,0,0
03456500,0,0,0,0,0,0,0,0,0,0,0,0,0,0,0,0.03,0,37.95,1.37,60.65,0,0,0,100,0,0,0,0,0,0,0,0,0,0,0,0,0,0,0,0,0,0,0,0
03460000,0,0,0,0,0,0,0,0,0,0,0,0,0,0,0,0,0,16.35,32.03,51.62,0,0,0,100,0,0,0,0,0,0,0,0,0,0,0,0,0,0,0,0,0,0,0,0
03463300,0,0,0,0,0,0,0,0,0,0,0,0,0,0,0,6.91,0,11.29,33.41,47.93,0,0,0,100,0,0,0,0,0,0,0,0,0,0,0,0,0,0,0,0,0,0,0,0
03465500,0,0,0,0,0,0,0,0,0.2,0,0,0,0,0,0,28.28,0,38.38,19.91,12.85,0,0,0,100,0,0,0,0,0,0,0,0,0,0,0,0,0,0,0,0,0,0,0,0
03470000,0,0,0,0,0,0,0,0,21.13,0,0,0,0,0,6.78,42.23,0,4.92,3.27,21.62,0,0,0,88.73,11.27,0,0,0,0,0,0,0,0,0,0,0,0,0,0,0,0,0,0,0
03471500,0,0,0,0,0,0,0,0,48.39,0,0,0,0,0,0,22.7,0,0,28.61,0,0,0,0,83.1,16.9,0,0,0,0,0,0,0,0,0,0,0,0,0,0,0,0,0,0,0
03473000,0,0,0,0,0,0,0,0,33.82,0,0,0,0,0,0,32.25,0,0,33.4,0.45,0,0,0,79.2,20.8,0,0,0,0,0,0,0,0,0,0,0,0,0,0,0,0,0,0,0
03479000,0,0,0,0,0,0,0,0,0,0,0,0,0,0,0,25.85,0,74.15,0,0,0,0,0,100,0,0,0,0,0,0,0,0,0,0,0,0,0,0,0,0,0,0,0,0
03488000,0,0,0,0,0,0,0,0,60.1,0,0,0,0,0,0,11.97,0,0,27.74,0,0,0,0,0,100,0,0,0,0,0,0,0,0,0,0,0,0,0,0,0,0,0,0,0
03490000,0,0,0,0,0,0,0,0,73.33,0,0,0,0,0,0.37,7.5,0,0,18.63,0,0,0,0,0,100,0,0,0,0,0,0,0,0,0,0,0,0,0,0,0,0,0,0,0
03498500,0,0,0,0,0,0,0,0,31.02,0,0,0,0,0,0,15.09,0,15.02,15.97,22.76,0,0,0,92.63,7.37,0,0,0,0,0,0,0,0,0,0,0,0,0,0,0,0,0,0,0
03500000,0,0,0,0,0,0,0,0,0,0,0,0,0,0,0,35.6,0,0,59.03,5.11,0,0,0,100,0,0,0,0,0,0,0,0,0,0,0,0,0,0,0,0,0,0,0,0
03500240,0,0,0,0,0,0,0,0,0,0,0,0,0,0,0,30.17,0,5.34,39.89,24.6,0,0,0,100,0,0,0,0,0,0,0,0,0,0,0,0,0,0,0,0,0,0,0,0
03504000,0,0,0,0,0,0,0,0,0,0,0,0,0,0,0,0,0,0,99.47,0.53,0,0,0,100,0,0,0,0,0,0,0,0,0,0,0,0,0,0,0,0,0,0,0,0
03512000,0,0,0,0,0,0,0,0,0,0,0,0,0,0,0,7.51,0,3.3,3.23,85.78,0,0,0,100,0,0,0,0,0,0,0,0,0,0,0,0,0,0,0,0,0,0,0,0
03524000,0,0,0,0,0,0,0,0,61.6,0,0.78,0,0,0,5.96,30.16,0,0,1.32,0.15,0,0,0,0,96.24,0,3.76,0,0,0,0,0,0,0,0,0,0,0,0,0,0,0,0,0
03528000,0,0,0,0,0,0,0,0,67.95,0,1.56,0,0,0,5.22,22.82,0,0,1.72,0.55,0,0,0,0,94.62,0,5.38,0,0,0,0,0,0,0,0,0,0,0,0,0,0,0,0,0
03531500,0,0,0,0,0,0,0,0,21.03,0,0,0,0,0,3.89,46.94,0,0,16.98,10.98,0,0,0,0,63.57,0,36.43,0,0,0,0,0,0,0,0,0,0,0,0,0,0,0,0,0
03532000,0,0,0,0,0,0,0,0,61.54,0,0,0,0,0,1.81,21.8,0,0,9.64,5.1,0,0,0,0,82.83,0,17.17,0,0,0,0,0,0,0,0,0,0,0,0,0,0,0,0,0
03540500,0,0,0,0,0,0,2.96,0,0.02,0,10.83,0,0,0,0.01,81.26,0,0,4.87,0,0,0,0,0,0,0,100,0,0,0,0,0,0,0,0,0,0,0,0,0,0,0,0,0
03550000,0,0,0,0,0,0,0,0,11.31,0,0,0,0,0,0,17.79,0,0,63.07,7.83,0,0,0,100,0,0,0,0,0,0,0,0,0,0,0,0,0,0,0,0,0,0,0,0
03567500,0,0,0,0,0,0,0,0,99.16,0,0,0,0,0,0,0.84,0,0,0,0,0,0,0,0,72.48,0,27.52,0,0,0,0,0,0,0,0,0,0,0,0,0,0,0,0,0
03574500,0,0,0,0,0,0.13,0,0,0.04,0,10.31,0,0,0,0,89.47,0,0,0,0,0,0,0,0,0,0,91.11,0,0,8.89,0,0,0,0,0,0,0,0,0,0,0,0,0,0
03592718,0,0,0,3.99,0,0,49.72,0,0,0,0,0,0,0,0,46.29,0,0,0,0,0,100,0,0,0,0,0,0,0,0,0,0,0,0,0,0,0,0,0,0,0,0,0,0
03603000,0,0,7.13,0.46,0.33,0.57,0.85,0.78,45.81,0,42.75,0,0,0,0,1.17,0,0,0,0,0,0,0,0,0,0,0,0,0,100,0,0,0,0,0,0,0,0,0,0,0,0,0,0
03604000,0,0,0,0,0,1.24,5.45,0,23.17,0,69.89,0,0,0,0,0,0,0,0,0,0,0,0,0,0,0,0,0,0,100,0,0,0,0,0,0,0,0,0,0,0,0,0,0
04015330,0,0.09,0,0,0,0,83.6,0,0,0,15.87,0,0,0,0,0,0,0,0,0,100,0,0,0,0,0,0,0,0,0,0,0,0,0,0,0,0,0,0,0,0,0,0,0
04024430,9.23,36.46,0,7.62,0,3.83,35.98,3.56,0,0,3.3,0,0,0,0,0,0,0,0,0,100,0,0,0,0,0,0,0,0,0,0,0,0,0,0,0,0,0,0,0,0,0,0,0
04027000,0,0.07,0,0.53,0,3.67,77.67,0,0,0,3.61,3.69,0,0,0,10.68,0,0,0,0,100,0,0,0,0,0,0,0,0,0,0,0,0,0,0,0,0,0,0,0,0,0,0,0
04040500,4.03,9.15,0,6.72,0,5.85,72.36,0,0,0,0,0,0,0,0,1.77,0,0,0,0,100,0,0,0,0,0,0,0,0,0,0,0,0,0,0,0,0,0,0,0,0,0,0,0
04043050,0,0,0,0,0,0,0,0,0,0,0,0,0,0,0,0,0,0,0,0,100,0,0,0,0,0,0,0,0,0,0,0,0,0,0,0,0,0,0,0,0,0,0,0
04045500,25.4,69.96,0,0.29,0,0.24,3.95,0,0.02,0,0,0,0,0,0,0,0,0,0,0,0,0,0,0,0,0,0,0,0,0,100,0,0,0,0,0,0,0,0,0,0,0,0,0
04056500,45.97,49.87,0.02,0,0,0,1.81,0,0.01,0,0,0.03,0,0,0,0,0,0,0,0,0,0,0,0,0,0,0,0,0,0,100,0,0,0,0,0,0,0,0,0,0,0,0,0
04057510,3.53,96.1,0,0,0,0,0.24,0,0,0,0,0,0,0,0,0,0,0,0,0,0,0,0,0,0,0,0,0,0,0,100,0,0,0,0,0,0,0,0,0,0,0,0,0
04057800,0,4.96,0,0,0,0,86.35,0,0,0,0,0,0,0,0,8.11,0,0,0,0,100,0,0,0,0,0,0,0,0,0,0,0,0,0,0,0,0,0,0,0,0,0,0,0
04059500,0.13,30.55,0,34.82,0,5.87,28.56,0,0,0,0,0,0,0,0,0,0,0,0,0,52.76,0,0,0,0,0,0,0,0,0,47.24,0,0,0,0,0,0,0,0,0,0,0,0,0
04063700,0,59.46,0,0,0,0,36.33,0,3.62,0,0,0.56,0,0,0,0,0,0,0,0,100,0,0,0,0,0,0,0,0,0,0,0,0,0,0,0,0,0,0,0,0,0,0,0
04073500,6.84,52.15,0,7.26,6.84,5.55,9.44,6.88,0,0,0.2,1.21,1.25,0.56,0,0,0,0,0,0,0,0,0,0,0,0,0,0,0,0,100,0,0,0,0,0,0,0,0,0,0,0,0,0
04074950,0.67,78.01,0,0,0,0,9.22,0,0.65,0,0,5.61,0,4.05,0,0,0,0,0,0,100,0,0,0,0,0,0,0,0,0,0,0,0,0,0,0,0,0,0,0,0,0,0,0
04079000,5.13,47.2,2.87,9.77,5.87,7.34,15.47,0,0.77,0.51,0,2.6,0,1.68,0,0,0,0,0,0,54.11,0,0,0,0,0,0,0,0,0,45.89,0,0,0,0,0,0,0,0,0,0,0,0,0
04100500,11.63,12.99,0.11,21.64,29.69,9.77,9.57,3.08,0,0.21,0.53,0,0,0,0,0,0,0,0,0,0,0,0,0,0,0,0,0,0,0,100,0,0,0,0,0,0,0,0,0,0,0,0,0
04105700,1.5,98.22,0,0,0,0,0.2,0,0.09,0,0,0,0,0,0,0,0,0,0,0,0,0,0,0,0,0,0,0,0,0,100,0,0,0,0,0,0,0,0,0,0,0,0,0
04113000,0.09,37.09,0,25.83,0.35,27.54,9.01,0,0,0,0,0,0,0,0,0,0,0,0,0,0,0,0,0,0,0,0,0,0,0,100,0,0,0,0,0,0,0,0,0,0,0,0,0
04115000,2.5,5.69,0.55,10.52,11.68,64.64,4.21,0,0,0,0,0,0,0,0,0,0,0,0,0,0,0,0,0,0,0,0,0,0,0,100,0,0,0,0,0,0,0,0,0,0,0,0,0
04115265,1.16,98.84,0,0,0,0,0,0,0,0,0,0,0,0,0,0,0,0,0,0,0,0,0,0,0,0,0,0,0,0,100,0,0,0,0,0,0,0,0,0,0,0,0,0
04122200,14.58,47.07,0,2.53,0,0,30.2,0,0.45,0,0.01,4.13,0,0.87,0,0,0,0,0,0,0,0,0,0,0,0,0,0,0,0,100,0,0,0,0,0,0,0,0,0,0,0,0,0
04122500,15.34,50.95,0.36,1.83,0,0.09,18.2,0,6.09,0,0,5.57,0,1.44,0,0,0,0,0,0,0,0,0,0,0,0,0,0,0,0,100,0,0,0,0,0,0,0,0,0,0,0,0,0
04124000,51.54,29.45,0,0,0,0,9.18,0,2.44,0,0,5.95,0,1.05,0,0,0,0,0,0,0,0,0,0,0,0,0,0,0,0,100,0,0,0,0,0,0,0,0,0,0,0,0,0
04127918,32.11,28,0,6.42,2.99,9.81,15.87,4.14,0.62,0,0,0,0,0,0,0,0,0,0,0,0,0,0,0,0,0,0,0,0,0,100,0,0,0,0,0,0,0,0,0,0,0,0,0
04127997,1.32,39.01,0,0,0,0,8.44,0,10.75,0,0,37.51,0,0,0,2.82,0,0,0,0,0,0,0,0,0,0,0,0,0,0,100,0,0,0,0,0,0,0,0,0,0,0,0,0
04161580,0,29.09,0,47.71,0,0,23.2,0,0,0,0,0,0,0,0,0,0,0,0,0,0,0,0,0,0,0,0,0,0,0,100,0,0,0,0,0,0,0,0,0,0,0,0,0
04164000,13.18,43.06,4.18,7.7,11.33,5.63,12.09,0.08,0.25,2.44,0,0,0,0,0,0,0,0,0,0,0,0,0,0,0,0,0,0,0,0,100,0,0,0,0,0,0,0,0,0,0,0,0,0
04165500,9.63,29.11,3.38,15.42,7.24,22.15,11.28,0.06,0.15,1.5,0,0,0,0,0,0,0,0,0,0,0,0,0,0,0,0,0,0,0,0,100,0,0,0,0,0,0,0,0,0,0,0,0,0
04176500,4.14,12.1,12.33,11.59,4.39,29.25,16.03,8.1,0.42,1,0.59,0,0,0,0,0,0,0,0,0,0,0,0,0,0,0,0,0,0,0,100,0,0,0,0,0,0,0,0,0,0,0,0,0
04178000,0,2.27,0,10.06,2.41,49.98,20.08,14.26,0.9,0,0,0,0,0,0,0,0,0,0,0,0,0,0,0,0,0,0,0,0,0,100,0,0,0,0,0,0,0,0,0,0,0,0,0
04183500,0,0.67,37.89,4.15,1.44,38.93,7.28,9.28,0.26,0,0,0,0,0,0,0,0,0,0,0,0,0,0,0,0,0,0,0,0,0,100,0,0,0,0,0,0,0,0,0,0,0,0,0
04185000,0.06,0.03,3.98,0.01,10.29,46.53,20.38,18.52,0,0,0,0,0,0,0,0,0,0,0,0,0,0,0,0,0,0,0,0,0,0,100,0,0,0,0,0,0,0,0,0,0,0,0,0
04191500,0,0,96.8,0.64,0.7,1.56,0,0.07,0,0,0,0,0,0,0,0,0,0,0,0,0,0,0,0,0,0,0,0,0,0,100,0,0,0,0,0,0,0,0,0,0,0,0,0
04196800,0,0,99.75,0,0,0,0,0,0,0,0,0,0,0,0,0,0,0,0,0,0,0,0,0,0,0,0,0,0,0,100,0,0,0,0,0,0,0,0,0,0,0,0,0
04197100,0,0,57.39,0,0,42.37,0,0,0.1,0,0,0,0,0,0,0,0,0,0,0,0,0,0,0,0,0,0,0,0,0,100,0,0,0,0,0,0,0,0,0,0,0,0,0
04197170,0,0,82.4,0,0,0.11,0,0,17.49,0,0,0,0,0,0,0,0,0,0,0,0,0,0,0,0,0,0,0,0,0,100,0,0,0,0,0,0,0,0,0,0,0,0,0
04198000,0.28,0,86.44,0.39,0.02,8.46,0.96,0.13,3.1,0,0.12,0,0,0,0,0,0,0,0,0,0,0,0,0,0,0,0,0,0,0,100,0,0,0,0,0,0,0,0,0,0,0,0,0
04201500,0,0,19.95,1.68,1.91,0.07,0.01,2,72.9,0,1.47,0,0,0,0,0,0,0,0,0,0,0,0,0,0,0,73.7,0,0,0,26.3,0,0,0,0,0,0,0,0,0,0,0,0,0
04213000,0,0,0,0.01,0,18.17,63.82,7.55,0,0,10.22,0,0,0,0,0,0,0,0,0,0,0,0,0,0,0,100,0,0,0,0,0,0,0,0,0,0,0,0,0,0,0,0,0
04213075,0,0,0,0.23,0,0,94.73,0,0,0,5.04,0,0,0,0,0,0,0,0,0,0,0,0,0,0,0,47.85,0,0,0,52.15,0,0,0,0,0,0,0,0,0,0,0,0,0
04216418,0,0,0,0,0,0,0.53,0,0,0,89.01,0,0,0,0,10.45,0,0,0,0,0,0,0,0,0,0,98.6,0,0,0,1.4,0,0,0,0,0,0,0,0,0,0,0,0,0
04221000,0,0,0,0,0,0,0,0,0.03,0,11.15,0,0,0,0,88.43,0,0,0,0,0,0,0,0,0,0,100,0,0,0,0,0,0,0,0,0,0,0,0,0,0,0,0,0
04223000,0,0,0,0.24,0,0,6.5,0,0.09,0,56.9,0,0,0,0,36.01,0,0,0,0,0,0,0,0,0,0,100,0,0,0,0,0,0,0,0,0,0,0,0,0,0,0,0,0
04224775,0,0,0,0,0,0,0,0,0,0,79.1,0,0,0,0,20.78,0,0,0,0,0,0,0,0,0,0,100,0,0,0,0,0,0,0,0,0,0,0,0,0,0,0,0,0
04233000,0,0,0,0,0,0,0,0,0,0,87.67,0,0,0,0,12.33,0,0,0,0,0,0,0,0,0,0,100,0,0,0,0,0,0,0,0,0,0,0,0,0,0,0,0,0
04256000,0,6.38,0,0,0,0,40.23,0,2.76,0,0,2.71,0,0,0,47.91,0,0,0,0,0,0,0,0,0,0,0.5,0,99.5,0,0,0,0,0,0,0,0,0,0,0,0,0,0,0
04296000,0,0,0,0,0,0,0.7,0,0,0,0,0,0,0,0,99.26,0,0,0,0,0,0,0,0,0,0,0,100,0,0,0,0,0,0,0,0,0,0,0,0,0,0,0,0
05053000,19.31,3.4,0,0,9.07,41.15,0.84,22.41,0,0,0,0,3.33,0,0,0,0,0,0,0,0,0,0,0,0,0,0,0,0,0,100,0,0,0,0,0,0,0,0,0,0,0,0,0
05056000,1.65,9.14,0,4.75,13.28,10.98,16.2,14.58,0,0,0,3.39,25.55,0,0,0,0,0,0,0,0,0,0,0,0,0,0,0,0,0,86.83,13.17,0,0,0,0,0,0,0,0,0,0,0,0
05057000,2.26,7.11,0,5.28,11.04,10.78,18,23.8,0,0.04,0,3.22,18.05,0,0,0,0,0,0,0,0,0,0,0,0,0,0,0,0,0,90.81,9.19,0,0,0,0,0,0,0,0,0,0,0,0
05057200,5.5,5.94,0.51,1.92,12.57,57.17,2.66,10.22,0,1.41,0,0,1.94,0,0,0,0,0,0,0,0,0,0,0,0,0,0,0,0,0,100,0,0,0,0,0,0,0,0,0,0,0,0,0
05062500,3.17,14.1,0.73,4.19,7.19,26.37,31.04,6.32,0,0.13,0,2.75,2.48,0,0,0,0,0,0,0,0,0,0,0,0,0,0,0,0,0,100,0,0,0,0,0,0,0,0,0,0,0,0,0
05087500,46.43,11.36,19.8,6.2,1.6,14.2,0.09,0.26,0,0,0,0,0,0,0,0,0,0,0,0,0,0,0,0,0,0,0,0,0,0,100,0,0,0,0,0,0,0,0,0,0,0,0,0
05120500,2.86,12.65,0,1.31,18.13,28.83,3.5,4.85,0,0,0,0.2,27.42,0,0,0,0,0,0,0,0,0,0,0,0,0,0,0,0,0,87.21,12.79,0,0,0,0,0,0,0,0,0,0,0,0
05123400,3.01,9.91,0,3.75,12.27,29.33,3.42,21.34,0,0,0.03,0.68,9.21,0,0.03,0,0,0,0,0,0,0,0,0,0,0,0,0,0,0,93.88,0,0,0,0,0,0,0,0,0,0,0,0,0
05129115,0,25.66,0,0.01,0,0.08,54.74,0,0,0,0.51,7.97,0,0,0,0,0,0,0,0,100,0,0,0,0,0,0,0,0,0,0,0,0,0,0,0,0,0,0,0,0,0,0,0
05131500,1.17,29.18,0,0.55,0,36.41,28.03,2.55,0,0,0,0.98,0,0,0,0,0,0,0,0,57.87,0,0,0,0,0,0,0,0,0,42.13,0,0,0,0,0,0,0,0,0,0,0,0,0
05244000,55.93,32.43,0,0.05,0,0,4.16,0,0,3.24,0,2.62,0,0,0,0,0,0,0,0,0,0,0,0,0,0,0,0,0,0,100,0,0,0,0,0,0,0,0,0,0,0,0,0
05280000,8.98,6.52,0.22,8.03,2.87,44.56,22.85,3.93,0,0.17,0,0.32,0.3,0,0,0,0,0,0,0,0,0,0,0,0,0,0,0,0,0,100,0,0,0,0,0,0,0,0,0,0,0,0,0
05291000,0,0,0,4.09,0.26,37.85,6.44,32.72,0,0.01,0,0,18.24,0,0,0,0,0,0,0,0,0,0,0,0,0,0,0,0,0,100,0,0,0,0,0,0,0,0,0,0,0,0,0
05320500,0,0,0,1.97,0.06,63.87,21.37,11.96,0,0,0,0,0,0,0.08,0,0,0,0,0,0,0,0,0,0,0,0,0,0,0,100,0,0,0,0,0,0,0,0,0,0,0,0,0
05362000,0,4.27,0,33.26,4.55,11.24,44.28,2.14,0,0,0,0.09,0,0,0,0,0,0,0,0,100,0,0,0,0,0,0,0,0,0,0,0,0,0,0,0,0,0,0,0,0,0,0,0
05393500,0,16.4,0,72.25,0,0,10.84,0,0,0,0,0,0,0,0,0,0,0,0,0,100,0,0,0,0,0,0,0,0,0,0,0,0,0,0,0,0,0,0,0,0,0,0,0
05399500,0,0,0,0,0,13.7,86.3,0,0,0,0,0,0,0,0,0,0,0,0,0,18.97,0,0,0,0,0,0,0,0,0,81.03,0,0,0,0,0,0,0,0,0,0,0,0,0
05408000,0,0,0,0.01,0,0,0.01,0,0,0,85.34,0.02,0,0,0,0,14.6,0,0,0,0,0,0,0,0,0,0,0,0,0,100,0,0,0,0,0,0,0,0,0,0,0,0,0
05410490,0,0,0,0,0,0,0,0,0,0,85.48,0.21,0,0,0,1.29,12.85,0,0,0,0,0,0,0,0,0,0,0,0,0,100,0,0,0,0,0,0,0,0,0,0,0,0,0
05412500,0.13,0,1.08,8.53,0,0.03,10.1,0.62,29.62,7.71,40.94,0.54,0.57,0,0,0,0,0,0,0,0,0,0,0,0,0,0,0,0,0,100,0,0,0,0,0,0,0,0,0,0,0,0,0
05413500,0,0,0,0,0,0,0,0,0,0,100,0,0,0,0,0,0,0,0,0,0,0,0,0,0,0,0,0,0,0,100,0,0,0,0,0,0,0,0,0,0,0,0,0
05414000,0,0,0,0,0,0,0,0,0,0,100,0,0,0,0,0,0,0,0,0,0,0,0,0,0,0,0,0,0,0,100,0,0,0,0,0,0,0,0,0,0,0,0,0
05418500,0.06,0,0.47,4.46,0,0,7.45,0,81.15,2.47,3.86,0,0,0,0,0,0,0,0,0,0,0,0,0,0,0,0,0,0,0,100,0,0,0,0,0,0,0,0,0,0,0,0,0
05422000,1.48,0.22,19.39,14.46,7.51,4.25,14.05,1.32,32.84,3.87,0.55,0,0,0,0,0,0,0,0,0,0,0,0,0,0,0,0,0,0,0,100,0,0,0,0,0,0,0,0,0,0,0,0,0
05430500,0,4.27,1.84,29.95,5.99,23.12,27.3,1.65,1.53,0.62,0.03,0.4,1.09,0,0,0,0,0,0,0,0,0,0,0,0,0,0,0,0,0,100,0,0,0,0,0,0,0,0,0,0,0,0,0
05435500,0,0,0,0,0,0.9,0.85,2.92,0,0,95.28,0,0,0,0,0,0,0,0,0,0,0,0,0,0,0,0,0,0,0,100,0,0,0,0,0,0,0,0,0,0,0,0,0
05440000,0.06,0,1.42,15.6,6.48,64.87,8.31,3.13,0,0,0,0,0,0,0,0,0,0,0,0,0,0,0,0,0,0,0,0,0,0,100,0,0,0,0,0,0,0,0,0,0,0,0,0
05444000,0,0,0,0,0,0,4.1,32.77,0.09,0,62.78,0,0,0,0,0,0,0,0,0,0,0,0,0,0,0,0,0,0,0,100,0,0,0,0,0,0,0,0,0,0,0,0,0
05447500,11.62,4.04,6.49,11.24,11.02,34.13,5.93,6.51,0,0,8.93,0,0,0,0,0,0,0,0,0,0,0,0,0,0,0,0,0,0,0,100,0,0,0,0,0,0,0,0,0,0,0,0,0
05451500,0.33,0,12.96,13.42,7.91,27.39,23.51,10.79,2.05,0,1.53,0,0,0,0,0,0,0,0,0,0,0,0,0,0,0,0,0,0,0,100,0,0,0,0,0,0,0,0,0,0,0,0,0
05452000,0,0,0,2.57,0,0.62,5.53,59.92,0.03,0,31.16,0,0,0,0,0,0,0,0,0,0,0,0,0,0,0,0,0,0,0,100,0,0,0,0,0,0,0,0,0,0,0,0,0
05454000,0,0,0,0,0,0.12,0.04,0,23.06,0,76.78,0,0,0,0,0,0,0,0,0,0,0,0,0,0,0,0,0,0,0,100,0,0,0,0,0,0,0,0,0,0,0,0,0
05454500,0.15,0.16,7.11,7.34,6.39,16.54,19.22,18.79,5.32,0.22,17.95,0.16,0.35,0,0,0,0,0,0,0,0,0,0,0,0,0,0,0,0,0,100,0,0,0,0,0,0,0,0,0,0,0,0,0
05455500,0,0,0,0,0,8.21,4.46,36.71,10.95,0,39.61,0,0,0,0,0,0,0,0,0,0,0,0,0,0,0,0,0,0,0,100,0,0,0,0,0,0,0,0,0,0,0,0,0
05457700,7.89,0,54.85,5.68,3.59,20.78,4.85,0,0,1.99,0,0,0,0,0,0,0,0,0,0,0,0,0,0,0,0,0,0,0,0,100,0,0,0,0,0,0,0,0,0,0,0,0,0
05458000,0.01,0,37.43,20.97,1.22,0,15.04,0,2.7,22.62,0,0,0,0,0,0,0,0,0,0,0,0,0,0,0,0,0,0,0,0,100,0,0,0,0,0,0,0,0,0,0,0,0,0
05458500,5.15,0,44.97,10.72,3.12,13.39,9.52,0,2.21,10.64,0,0,0,0,0,0,0,0,0,0,0,0,0,0,0,0,0,0,0,0,100,0,0,0,0,0,0,0,0,0,0,0,0,0
05462000,1.33,0.62,56.86,9.47,7.85,12.89,4.47,0,0.23,5.5,0,0,0,0,0,0,0,0,0,0,0,0,0,0,0,0,0,0,0,0,100,0,0,0,0,0,0,0,0,0,0,0,0,0
05466500,0.56,0.07,0.07,1.86,2.74,32.9,1.89,51.98,0,0,7.93,0,0,0,0,0,0,0,0,0,0,0,0,0,0,0,0,0,0,0,100,0,0,0,0,0,0,0,0,0,0,0,0,0
05471500,0,0,7.04,15.93,5.42,27.89,22.05,8.98,0.41,0.39,11.75,0,0,0,0,0,0,0,0,0,0,0,0,0,0,0,0,0,0,0,100,0,0,0,0,0,0,0,0,0,0,0,0,0
05472500,0,0,0,0.86,0.14,2.04,6.09,40.88,15.23,0,34.73,0,0,0,0,0,0,0,0,0,0,0,0,0,0,0,0,0,0,0,100,0,0,0,0,0,0,0,0,0,0,0,0,0
05476500,0.05,0.55,3.53,11.89,3.8,46.22,25.58,7.37,0,0,0,0,0.08,0,0,0,0,0,0,0,0,0,0,0,0,0,0,0,0,0,100,0,0,0,0,0,0,0,0,0,0,0,0,0
05479000,0,0,1.62,6.23,0.41,70.29,19.79,1.18,0,0.08,0,0,0,0,0,0,0,0,0,0,0,0,0,0,0,0,0,0,0,0,100,0,0,0,0,0,0,0,0,0,0,0,0,0
05481000,0.37,0,12.51,7.27,3.29,66.94,9.1,0,0,0.45,0,0,0,0,0,0,0,0,0,0,0,0,0,0,0,0,0,0,0,0,100,0,0,0,0,0,0,0,0,0,0,0,0,0
05482500,0,0,0.01,6.01,0.58,65.62,22.97,3.65,0,0.03,0.56,0,0,0,0,0,0,0,0,0,0,0,0,0,0,0,0,0,0,0,100,0,0,0,0,0,0,0,0,0,0,0,0,0
05484500,0,0,0,5.34,0.58,47.08,26,4.27,0,0.01,16.32,0,0,0,0,0,0,0,0,0,0,0,0,0,0,0,0,0,0,0,100,0,0,0,0,0,0,0,0,0,0,0,0,0
05487980,0,0,0,0,0,0.31,1.91,13.3,0,0,84.34,0,0,0,0,0,0,0,0,0,0,0,0,0,0,0,0,0,0,0,100,0,0,0,0,0,0,0,0,0,0,0,0,0
05488200,0,0,0,0,0,0,0,46.23,0,0,53.77,0,0,0,0,0,0,0,0,0,0,0,0,0,0,0,0,0,0,0,100,0,0,0,0,0,0,0,0,0,0,0,0,0
05489000,0,0,0,0,0,0,4.28,4.55,0,0,91.03,0,0,0,0,0,0,0,0,0,0,0,0,0,0,0,0,0,0,0,100,0,0,0,0,0,0,0,0,0,0,0,0,0
05495000,0,0,0,2.74,0.01,4.19,33.02,52.63,0.56,0,6.85,0,0,0,0,0,0,0,0,0,0,0,0,0,0,0,0,0,0,0,100,0,0,0,0,0,0,0,0,0,0,0,0,0
05495500,0,0,13.45,0,0,39.68,0,17.37,28.81,0,0.59,0,0,0,0,0,0,0,0,0,0,0,0,0,0,0,0,0,0,0,100,0,0,0,0,0,0,0,0,0,0,0,0,0
05501000,0,0,7.91,0.02,0,18.35,0,28.75,41.72,0,3.15,0,0,0,0,0,0,0,0,0,0,0,0,0,0,0,0,0,0,0,100,0,0,0,0,0,0,0,0,0,0,0,0,0
05503800,0,0,0.01,0.92,0,7.64,0,89.9,1.51,0,0,0,0,0,0,0,0,0,0,0,0,0,0,0,0,0,0,0,0,0,100,0,0,0,0,0,0,0,0,0,0,0,0,0
05507600,0,0,0,0,0,7.72,0,89.67,2.61,0,0,0,0,0,0,0,0,0,0,0,0,0,0,0,0,0,0,0,0,0,100,0,0,0,0,0,0,0,0,0,0,0,0,0
05508000,0,0,3.6,1.4,0,14.79,23.1,40.68,6.63,0,8.49,0,0.1,0,0,0,0,0,0,0,0,0,0,0,0,0,0,0,0,0,100,0,0,0,0,0,0,0,0,0,0,0,0,0
05508805,0,0,4.76,3.54,0,26.78,5.03,42.45,12.69,0,4.18,0,0,0,0,0,0,0,0,0,0,0,0,0,0,0,0,0,0,0,100,0,0,0,0,0,0,0,0,0,0,0,0,0
05514500,0,0,4.47,0,0,8.14,2.42,31.46,32.81,0,20.62,0,0,0,0,0,0,0,0,0,0,0,0,0,0,0,0,0,0,0,100,0,0,0,0,0,0,0,0,0,0,0,0,0
05515500,75.41,7.37,0.23,9.34,0.81,3.86,2.79,0,0.08,0,0,0,0,0,0,0,0,0,0,0,0,0,0,0,0,0,0,0,0,0,100,0,0,0,0,0,0,0,0,0,0,0,0,0
05517000,17.76,7.31,3.44,25.36,0.78,38.69,6.47,0,0,0,0,0,0,0,0,0,0,0,0,0,0,0,0,0,0,0,0,0,0,0,100,0,0,0,0,0,0,0,0,0,0,0,0,0
05517500,57.65,10.98,1.22,11.97,0.57,14.19,3.21,0,0.03,0,0,0,0,0,0,0,0,0,0,0,0,0,0,0,0,0,0,0,0,0,100,0,0,0,0,0,0,0,0,0,0,0,0,0
05518000,54.53,15.65,0.92,10.73,1.46,13.61,2.48,0.45,0.02,0,0.01,0,0,0,0,0,0,0,0,0,0,0,0,0,0,0,0,0,0,0,100,0,0,0,0,0,0,0,0,0,0,0,0,0
05520500,52.63,12.16,4.17,8.34,3.45,15.56,2.09,1.44,0.02,0,0.01,0,0,0,0,0,0,0,0,0,0,0,0,0,0,0,0,0,0,0,100,0,0,0,0,0,0,0,0,0,0,0,0,0
05525500,0,0,6.2,0,1.25,86.1,1.07,5.28,0,0,0,0,0,0,0,0,0,0,0,0,0,0,0,0,0,0,0,0,0,0,100,0,0,0,0,0,0,0,0,0,0,0,0,0
05526000,19.8,6.91,10.29,0.82,3.51,54.33,0.65,3.49,0,0,0,0,0,0,0,0,0,0,0,0,0,0,0,0,0,0,0,0,0,0,100,0,0,0,0,0,0,0,0,0,0,0,0,0
05542000,2.78,4.9,0,0,0,90.95,0.9,0.33,0,0,0,0,0,0,0,0,0,0,0,0,0,0,0,0,0,0,0,0,0,0,100,0,0,0,0,0,0,0,0,0,0,0,0,0
05552500,1.19,3.24,11.98,10.57,6.37,40.55,11.52,6.34,5.76,1.03,0.42,0,0,0,0,0,0,0,0,0,0,0,0,0,0,0,0,0,0,0,100,0,0,0,0,0,0,0,0,0,0,0,0,0
05554500,0.09,0,0.42,0.16,0.01,97.77,0,1.42,0,0,0,0,0,0,0,0,0,0,0,0,0,0,0,0,0,0,0,0,0,0,100,0,0,0,0,0,0,0,0,0,0,0,0,0
05555300,0.04,0,0.19,0.07,0.01,97.97,0,1.53,0,0,0,0,0,0,0,0,0,0,0,0,0,0,0,0,0,0,0,0,0,0,100,0,0,0,0,0,0,0,0,0,0,0,0,0
05556500,0,0,0,0.13,0,38.03,0.1,61.73,0,0,0,0,0,0,0,0,0,0,0,0,0,0,0,0,0,0,0,0,0,0,100,0,0,0,0,0,0,0,0,0,0,0,0,0
05569500,0,0,0,0,0,55.4,0.5,34.27,0,0,9.69,0,0,0,0,0,0,0,0,0,0,0,0,0,0,0,0,0,0,0,100,0,0,0,0,0,0,0,0,0,0,0,0,0
05570000,0,0,1.02,0,0,63.04,0.33,28.31,0,0,7.17,0,0,0,0,0,0,0,0,0,0,0,0,0,0,0,0,0,0,0,100,0,0,0,0,0,0,0,0,0,0,0,0,0
05582000,0,0,7.02,0.21,0,66.85,1.01,23.68,0.84,0,0,0,0,0,0,0,0,0,0,0,0,0,0,0,0,0,0,0,0,0,100,0,0,0,0,0,0,0,0,0,0,0,0,0
05584500,0,0,29.82,0,0,61.7,0,3.29,5.13,0,0,0,0,0,0,0,0,0,0,0,0,0,0,0,0,0,0,0,0,0,100,0,0,0,0,0,0,0,0,0,0,0,0,0
05585000,0,0,17.61,0,0.3,57.54,0,11.21,9.91,0,3.32,0,0,0,0,0,0,0,0,0,0,0,0,0,0,0,0,0,0,0,100,0,0,0,0,0,0,0,0,0,0,0,0,0
05591550,0,0,0,0,0,76.44,0,23.53,0,0,0,0,0,0,0,0,0,0,0,0,0,0,0,0,0,0,0,0,0,0,100,0,0,0,0,0,0,0,0,0,0,0,0,0
05592050,0,0,0,0,0,87.97,0,7.79,0,0,4.08,0,0,0,0,0,0,0,0,0,0,0,0,0,0,0,0,0,0,0,100,0,0,0,0,0,0,0,0,0,0,0,0,0
05592500,0,0,0.12,0,0.1,86.02,0.22,10.75,0,0,1.82,0,0,0,0,0,0,0,0,0,0,0,0,0,0,0,0,0,0,0,100,0,0,0,0,0,0,0,0,0,0,0,0,0
05592575,0,0,0,0,0,89.79,0,9.97,0,0,0,0,0,0,0,0,0,0,0,0,0,0,0,0,0,0,0,0,0,0,100,0,0,0,0,0,0,0,0,0,0,0,0,0
05593000,0,0,0.37,0,0.28,86.71,0.16,9.16,0,0,1.32,0,0,0,0,0,0,0,0,0,0,0,0,0,0,0,0,0,0,0,100,0,0,0,0,0,0,0,0,0,0,0,0,0
05593575,0,0,0,0,0,99.87,0,0,0,0,0,0,0,0,0,0,0,0,0,0,0,0,0,0,0,0,0,0,0,0,100,0,0,0,0,0,0,0,0,0,0,0,0,0
05593900,0,0,0,0,0,99.98,0,0.02,0,0,0,0,0,0,0,0,0,0,0,0,0,0,0,0,0,0,0,0,0,0,100,0,0,0,0,0,0,0,0,0,0,0,0,0
05594000,0,0,0,0,0,84.16,0,15.07,0,0,0.72,0,0,0,0,0,0,0,0,0,0,0,0,0,0,0,0,0,0,0,100,0,0,0,0,0,0,0,0,0,0,0,0,0
05595730,0,0,0,0,0,99.79,0,0.05,0,0,0.02,0,0,0,0,0,0,0,0,0,0,0,0,0,0,0,0,0,0,0,100,0,0,0,0,0,0,0,0,0,0,0,0,0
06037500,0.01,0,0,4.95,0.93,0,0,0,39.39,0,0,11.7,0,4.68,1.48,20.32,0,0,16.49,0.02,0,0,0,0,0,0,0,0,0,0,0,0,0,0,0,0,100,0,0,0,0,0,0,0
06043500,0,0,0,0,0,0,0,0,0,0,0,0,0,0,0,37.68,1.4,22.45,1.44,36.91,0,0,0,0,0,0,0,0,0,0,0,0,0,0,0,0,0,100,0,0,0,0,0,0
06154410,0,0,0,0,0,0,0,0,0,0,0,0,0.03,0,31.14,0,68.83,0,0,0,0,0,0,0,0,0,0,0,0,0,0,100,0,0,0,0,0,0,0,0,0,0,0,0
06188000,0,0,0,0,0,0,0,0,0,0,0,0,0,0,0,16.95,0,49.71,0,33.21,0,0,0,0,0,0,0,0,0,0,0,0,0,0,0,0,100,0,0,0,0,0,0,0
06191500,0,0,0,0.49,0.05,0,1.98,0,2.18,0,0,5.32,0,0.06,2.5,26.26,0.05,29.1,0.92,25.97,0,0,0,0,0,0,0,0,0,0,0,0,0,0,0,0,94.11,5.89,0,0,0,0,0,0
06192500,0,0,0,0.36,0.47,0,1.51,0,1.61,1.21,0,4.2,0,0.22,2.64,21.4,1.2,27.89,0.68,32.8,0,0,0,0,0,0,0,0,0,0,0,0,0,0,0,0,80.73,19.27,0,0,0,0,0,0
06221400,0,0,0,0,0,0,0,0,0,0,0,0,0,0,0,0,0,37.76,0,62.24,0,0,0,0,0,0,0,0,0,0,0,0,0,0,0,0,100,0,0,0,0,0,0,0
06224000,0,0,0,0,0,0,0,0,0,0,0,0.09,0,0,0,11.23,0,41.96,0,46.72,0,0,0,0,0,0,0,0,0,0,0,0,0,0,0,0,100,0,0,0,0,0,0,0
06225500,0,0,0,0,0.09,0,0,0,0,0,0,8.14,1.39,0,3.92,17.88,16.35,25.52,0,26.39,0,0,0,0,0,0,0,0,0,0,0,0,0,0,0,38.04,61.96,0,0,0,0,0,0,0
06278300,0,0,0,0,0,0,0,0,0,0,0,0,0,0,0,61.69,0,38.31,0,0,0,0,0,0,0,0,0,0,0,0,0,0,0,0,0,0,100,0,0,0,0,0,0,0
06280300,0,0,0,0,0,0,0,0,0,0,0,0,0,0,0,0,0,1.57,0,98.37,0,0,0,0,0,0,0,0,0,0,0,0,0,0,0,0,100,0,0,0,0,0,0,0
06289000,0,0,0,0,0,0,0,0,3.83,0,0,0,0,0,55.85,5.47,0.04,0,2.78,32.04,0,0,0,0,0,0,0,0,0,0,0,0,0,0,0,0,100,0,0,0,0,0,0,0
06291500,0,0,0,0,0,0,0,0,0,0,12.59,0,0,0,68.26,0,19.12,0,0.03,0.01,0,0,0,0,0,0,0,0,0,0,0,18.84,0,0,0,0,81.16,0,0,0,0,0,0,0
06311000,0,0,0,0,0,0,0,0,0,0,0,30.24,0,0,0.16,69.03,0.12,0.44,0,0,0,0,0,0,0,0,0,0,0,0,0,0,0,0,0,0,100,0,0,0,0,0,0,0
06332515,0,0,0,0,0,0,0,0,0,0,0,0.01,99.25,0,0,0,0.75,0,0,0,0,0,0,0,0,0,0,0,0,0,0,100,0,0,0,0,0,0,0,0,0,0,0,0
06334500,0,0,0,0,2.33,12.26,0,30.23,0,0,3.6,10.37,35.41,0,0,0,5.68,0,0,0,0,0,0,0,0,0,0,0,0,0,0,100,0,0,0,0,0,0,0,0,0,0,0,0
06339100,0,0,0,0,0,0,0,2.92,0,0,0,0.16,96.67,0,0,0,0.11,0,0,0,0,0,0,0,0,0,0,0,0,0,0,100,0,0,0,0,0,0,0,0,0,0,0,0
06339500,0,0,0,0,0,1.35,0,3.74,0,0,0,0.34,94.37,0,0,0,0.02,0,0,0,0,0,0,0,0,0,0,0,0,0,0,100,0,0,0,0,0,0,0,0,0,0,0,0
06340500,0,0,0,1.13,0.57,0.73,0,2.02,0,0.09,0,2.11,92.9,0,0,0,0.01,0,0,0,0,0,0,0,0,0,0,0,0,0,0,100,0,0,0,0,0,0,0,0,0,0,0,0
06344600,0,0,0,0,0.52,9.76,0,36.9,0,0,0,8.03,44.35,0,0,0,0.43,0,0,0,0,0,0,0,0,0,0,0,0,0,0,100,0,0,0,0,0,0,0,0,0,0,0,0
06350000,0,0,0,4.39,1.76,7.9,0,35.33,0,0,0,3.72,46.67,0,0,0,0.04,0,0,0,0,0,0,0,0,0,0,0,0,0,0,100,0,0,0,0,0,0,0,0,0,0,0,0
06352000,0,0,0,5.43,5.12,12.64,0.46,13.43,0,0,0,2.52,60.32,0,0,0,0,0,0,0,0,0,0,0,0,0,0,0,0,0,0,100,0,0,0,0,0,0,0,0,0,0,0,0
06353000,0,0,0,4.93,4.47,7.17,0.39,11.88,0,0,0,5.42,65.67,0,0,0,0,0,0,0,0,0,0,0,0,0,0,0,0,0,0,100,0,0,0,0,0,0,0,0,0,0,0,0
06354000,0,0,0,3.73,2.69,5.8,0.17,12.35,0,0.03,0,9.95,65.16,0.03,0,0,0.01,0,0,0,0,0,0,0,0,0,0,0,0,0,0,100,0,0,0,0,0,0,0,0,0,0,0,0
06359500,0,0,0,0.15,1.15,0.1,0.75,8.17,0,0,0,42.47,44.81,0,0,0,2.21,0,0,0,0,0,0,0,0,0,0,0,0,0,0,100,0,0,0,0,0,0,0,0,0,0,0,0
06360500,0,0.27,0,0.43,1.07,1.85,1.28,13.1,0,0,0.44,28.56,51.64,0,0,0,1.17,0,0,0,0,0,0,0,0,0,0,0,0,0,0,100,0,0,0,0,0,0,0,0,0,0,0,0
06404000,0,0,0,0,0,0,0,0,0,0,0,0,0,0,0.02,0,81.89,17.88,0,0,0,0,0,0,0,0,0,0,0,0,0,100,0,0,0,0,0,0,0,0,0,0,0,0
06406000,0,0,0,0,0,0,0,0,0,0,0,0,2.04,0,14.47,0,77.23,6.18,0,0,0,0,0,0,0,0,0,0,0,0,0,100,0,0,0,0,0,0,0,0,0,0,0,0
06408700,0,0,0,0,0,0,0,0,97.99,0,0,0,0,0,1.01,1,0,0,0,0,0,0,0,0,0,0,0,0,0,0,0,100,0,0,0,0,0,0,0,0,0,0,0,0
06409000,0,0,0,0,0,0,0,0,86.93,0,0.18,0,0,0,12.76,0,0.14,0,0,0,0,0,0,0,0,0,0,0,0,0,0,100,0,0,0,0,0,0,0,0,0,0,0,0
06426500,0,0.76,0,0,0.39,0,0,0,0,0,0,25.1,64.83,0,0,0,8.77,0,0,0,0,0,0,0,0,0,0,0,0,0,0,100,0,0,0,0,0,0,0,0,0,0,0,0
06431500,0,0,0,0,0,0,0,0,66.29,0,8.52,0,0.02,0,24.76,0.06,0.34,0,0,0,0,0,0,0,0,0,0,0,0,0,0,100,0,0,0,0,0,0,0,0,0,0,0,0
06440200,0,0,0,0,0,0,0,62.98,0,0,0,0,36.79,0,0,0,0,0,0,0,0,0,0,0,0,0,0,0,0,0,0,100,0,0,0,0,0,0,0,0,0,0,0,0
06441500,0,0,0,0,0,0.5,0,25.17,0,0,0.3,0,73.92,0,0,0,0,0,0,0,0,0,0,0,0,0,0,0,0,0,0,100,0,0,0,0,0,0,0,0,0,0,0,0
06447000,0,0,0.62,0.05,1.51,0.89,0.16,8.74,2.3,34.61,0,1,22.75,0.22,27.04,0,0,0,0,0,0,0,0,0,0,0,0,0,0,0,0,100,0,0,0,0,0,0,0,0,0,0,0,0
06447500,10.51,0,24.69,0,14.72,0,0,0,0,42.88,0,0,0,7.11,0.01,0,0,0,0,0,0,0,0,0,0,0,0,0,0,0,0,100,0,0,0,0,0,0,0,0,0,0,0,0
06450500,13.47,0.11,6.21,0,5.55,0,0,0.31,0.59,58.7,0.3,3.17,6.63,3.73,1.04,0,0,0,0,0,0,0,0,0,0,0,0,0,0,0,0,100,0,0,0,0,0,0,0,0,0,0,0,0
06452000,2.13,0.02,1.3,0.03,2.12,0.5,0.09,15.15,1.24,35.63,0.23,0.99,25.37,0.99,14.11,0,0,0,0,0,0,0,0,0,0,0,0,0,0,0,0,100,0,0,0,0,0,0,0,0,0,0,0,0
06453600,8.39,2.87,5.23,1.18,2.41,1.53,5.8,25.97,0.02,16.35,2.61,3.81,23.62,0,0,0,0,0,0,0,0,0,0,0,0,0,0,0,0,0,0,100,0,0,0,0,0,0,0,0,0,0,0,0
06454500,3.94,0,0.01,0,6.5,0,0,0,0,80.09,0,0.01,0,8.4,0.96,0,0,0,0,0,0,0,0,0,0,0,0,0,0,0,0,100,0,0,0,0,0,0,0,0,0,0,0,0
06464500,24.72,12.03,0,0.83,4.31,0,7.08,0.75,0,33.92,0,11.52,0.44,4.27,0,0,0,0,0,0,0,0,0,0,0,0,0,0,0,0,0,100,0,0,0,0,0,0,0,0,0,0,0,0
06468170,0.03,0.05,0,0.12,19.58,48.25,10.96,15.61,0,0,0,0,5.26,0,0,0,0,0,0,0,0,0,0,0,0,0,0,0,0,0,94.15,5.85,0,0,0,0,0,0,0,0,0,0,0,0
06468250,1.91,3.47,0,0.1,18.34,44.01,13.74,13.6,0,0,0,0.03,4.56,0,0,0,0,0,0,0,0,0,0,0,0,0,0,0,0,0,94.93,5.07,0,0,0,0,0,0,0,0,0,0,0,0
06470800,0,0,0,0.03,13.37,63.77,3.72,18.12,0,0,0,0.9,0,0,0,0,0,0,0,0,0,0,0,0,0,0,0,0,0,0,100,0,0,0,0,0,0,0,0,0,0,0,0,0
06477500,0,0,0,0,10.56,59,0.01,20.81,0,0,0,0,9.34,0,0,0,0,0,0,0,0,0,0,0,0,0,0,0,0,0,94.06,5.94,0,0,0,0,0,0,0,0,0,0,0,0
06479215,0,0,0,15.81,35.76,9.9,0.05,23.86,0,7.99,0,0,6.55,0,0,0,0,0,0,0,0,0,0,0,0,0,0,0,0,0,100,0,0,0,0,0,0,0,0,0,0,0,0,0
06479438,0,0,0.18,4.61,27.17,16.58,1.79,37.63,0,2.32,0,0,9.03,0,0,0,0,0,0,0,0,0,0,0,0,0,0,0,0,0,100,0,0,0,0,0,0,0,0,0,0,0,0,0
06480000,0.3,0,4.23,2.33,15.29,25.68,0.4,44.48,0.04,0.33,0.02,0,4.42,0,0,0,0,0,0,0,0,0,0,0,0,0,0,0,0,0,100,0,0,0,0,0,0,0,0,0,0,0,0,0
06600500,0,0,0,0,0.31,10.69,0,55.07,0.21,0,28.53,0,5.17,0,0,0,0,0,0,0,0,0,0,0,0,0,0,0,0,0,100,0,0,0,0,0,0,0,0,0,0,0,0,0
06601000,0,0,0,0,0,0.86,0,0.2,0,0,98.94,0,0,0,0,0,0,0,0,0,0,0,0,0,0,0,0,0,0,0,100,0,0,0,0,0,0,0,0,0,0,0,0,0
06606600,0.18,0,1.67,6.04,3.08,31.17,14.74,31.05,0.91,0.43,9.72,0,0,0,0,0,0,0,0,0,0,0,0,0,0,0,0,0,0,0,100,0,0,0,0,0,0,0,0,0,0,0,0,0
06607200,0,0,0.07,0,0,5.72,3.01,22.54,1.3,0,67.21,0,0,0,0,0,0,0,0,0,0,0,0,0,0,0,0,0,0,0,100,0,0,0,0,0,0,0,0,0,0,0,0,0
06609500,0,0,0.14,0.91,3.58,1.62,0.05,11.04,2.5,0,80.05,0,0,0,0,0,0,0,0,0,0,0,0,0,0,0,0,0,0,0,100,0,0,0,0,0,0,0,0,0,0,0,0,0
06614800,0,0,0,0,0,0,0,0,0,0,0,0,0,0,0,0,0,98.03,0,1.97,0,0,0,0,0,0,0,0,0,0,0,0,0,0,100,0,0,0,0,0,0,0,0,0
06622700,0,0,0,0,0,0,0,0,0,0,0,0.21,0,0,0,99.77,0.02,0,0,0,0,0,0,0,0,0,0,0,0,0,0,0,0,0,91.42,8.58,0,0,0,0,0,0,0,0
06623800,0,0,0,0,0,0,0,0,0,0,0,0,0,0,0,46.14,0,53.79,0,0.07,0,0,0,0,0,0,0,0,0,0,0,0,0,0,100,0,0,0,0,0,0,0,0,0
06632400,0,0,0,0,0,0,0,0,0,0,0,0.03,0.04,0,0,72.36,0.14,27.42,0,0,0,0,0,0,0,0,0,0,0,0,0,0,0,0,100,0,0,0,0,0,0,0,0,0
06746095,0,0,0,0,0,0,0,0,0,0,0,0,0,0,0,0,0,100,0,0,0,0,0,0,0,0,0,0,0,0,0,0,0,0,100,0,0,0,0,0,0,0,0,0
06784000,3.26,2.25,4.1,0,1.77,0,0,0.18,50.61,34.73,0,0,0,2.83,0.11,0,0,0,0,0,0,0,0,0,0,0,0,0,0,0,0,100,0,0,0,0,0,0,0,0,0,0,0,0
06799500,0,0,0.36,0,6.96,9.17,0.01,35.96,0.21,0,42.14,0,5.09,0,0,0,0,0,0,0,0,0,0,0,0,0,0,0,0,0,100,0,0,0,0,0,0,0,0,0,0,0,0,0
06803510,0,0,0,0,0,0.65,0,14.82,0,0,84.53,0,0,0,0,0,0,0,0,0,0,0,0,0,0,0,0,0,0,0,100,0,0,0,0,0,0,0,0,0,0,0,0,0
06803530,0,0,0,0,0,0.52,0,17.36,0.02,0,82.1,0,0,0,0,0,0,0,0,0,0,0,0,0,0,0,0,0,0,0,100,0,0,0,0,0,0,0,0,0,0,0,0,0
06808500,0,0,2.99,4.77,1.92,1.29,0,6.55,0.18,0,82.3,0,0,0,0,0,0,0,0,0,0,0,0,0,0,0,0,0,0,0,100,0,0,0,0,0,0,0,0,0,0,0,0,0
06810000,0,0,1.69,3.78,2.28,5.52,0,8.37,0.08,0,78.25,0,0,0,0,0,0,0,0,0,0,0,0,0,0,0,0,0,0,0,100,0,0,0,0,0,0,0,0,0,0,0,0,0
06811500,0,0,0,0,0,5.25,0,14.28,0,0,80.36,0,0,0,0,0,0,0,0,0,0,0,0,0,0,0,0,0,0,0,100,0,0,0,0,0,0,0,0,0,0,0,0,0
06813000,0,0,0,0,0,0,0,14.12,0.34,0,85.53,0,0,0,0,0,0,0,0,0,0,0,0,0,0,0,0,0,0,0,100,0,0,0,0,0,0,0,0,0,0,0,0,0
06814000,0,0,0,0,0,0,0,14,0,0,81.78,0,4.14,0,0,0,0,0,0,0,0,0,0,0,0,0,0,0,0,0,100,0,0,0,0,0,0,0,0,0,0,0,0,0
06815000,0,0,0,0,0,4.09,0,29.13,0,0,65.88,0,0.86,0,0,0,0,0,0,0,0,0,0,0,0,0,0,0,0,0,100,0,0,0,0,0,0,0,0,0,0,0,0,0
06817000,0,0,0,0,0,4.79,1.63,4.77,0,0,88.75,0,0,0,0,0,0,0,0,0,0,0,0,0,0,0,0,0,0,0,100,0,0,0,0,0,0,0,0,0,0,0,0,0
06817500,0,0,0,0,0,7.56,1.28,7.81,0,0,83.3,0,0,0,0,0,0,0,0,0,0,0,0,0,0,0,0,0,0,0,100,0,0,0,0,0,0,0,0,0,0,0,0,0
06820500,0,0,0,2.51,0.64,3.5,8.48,22.25,0.84,0,61.76,0,0,0,0,0,0,0,0,0,0,0,0,0,0,0,0,0,0,0,100,0,0,0,0,0,0,0,0,0,0,0,0,0
06847000,0,0,56.4,0,0.46,0,0,0,0,43.04,0,0,0,0,0,0,0,0,0,0,0,0,0,0,0,0,0,0,0,0,0,100,0,0,0,0,0,0,0,0,0,0,0,0
06847900,0,0,54.85,0,0,0,0,0,0,45.08,0,0,0,0,0,0,0,0,0,0,0,0,0,0,0,0,0,0,0,0,0,100,0,0,0,0,0,0,0,0,0,0,0,0
06853800,0,0,0,0,0,0,0,77.19,0,0,1.66,0,20.95,0,0,0,0,0,0,0,0,0,0,0,0,0,0,0,0,0,0,100,0,0,0,0,0,0,0,0,0,0,0,0
06860000,0,0,44.79,0,1.7,0.81,0,14.24,0,23.57,0,0,14.57,0,0.25,0,0,0,0,0,0,0,0,0,0,0,0,0,0,0,0,100,0,0,0,0,0,0,0,0,0,0,0,0
06869500,0,0,17.46,0,0,3.28,0,24.57,0,17.23,2.49,0,34.53,0,0.01,0,0,0,0,0,0,0,0,0,0,0,0,0,0,0,0,100,0,0,0,0,0,0,0,0,0,0,0,0
06876700,0,0,0,0,0,5.02,0,56.07,0,0,5.77,0,32.98,0,0,0,0,0,0,0,0,0,0,0,0,0,0,0,0,0,0,100,0,0,0,0,0,0,0,0,0,0,0,0
06878000,0,0,0,0,0,1.23,0,44.87,0,0,20.65,0,33.01,0,0,0,0,0,0,0,0,0,0,0,0,0,0,0,0,0,36.1,63.9,0,0,0,0,0,0,0,0,0,0,0,0
06879650,0,0,0,0,0,0.25,0,0,0,0,99.75,0,0,0,0,0,0,0,0,0,0,0,0,0,0,0,0,0,0,0,100,0,0,0,0,0,0,0,0,0,0,0,0,0
06883000,2.22,3.12,5.6,0.54,6.38,1.29,1.92,1.26,0.23,22.24,0.04,19.29,10.33,1.3,2.02,3.75,5.17,11.72,0,1.04,0,0,0,0,0,0,0,0,0,0,0,59,0,0,22.4,17.97,0.63,0,0,0,0,0,0,0
06884400,2.13,2.99,7.23,0.51,6.12,1.27,1.84,2.47,0.51,21.34,0.4,18.5,10.19,1.25,1.94,3.59,4.96,11.24,0,1,0,0,0,0,0,0,0,0,0,0,0.51,60.16,0,0,21.49,17.23,0.6,0,0,0,0,0,0,0
06885500,0,0,0,0,0,2.24,0,23.4,0,0,74.33,0,0,0,0,0,0,0,0,0,0,0,0,0,0,0,0,0,0,0,100,0,0,0,0,0,0,0,0,0,0,0,0,0
06888500,0,0,0,0,0,0.14,0,13.12,0,0,86.63,0,0,0,0,0,0,0,0,0,0,0,0,0,0,0,0,0,0,0,100,0,0,0,0,0,0,0,0,0,0,0,0,0
06889200,0,0,0,0,0,0,0,7.04,0,0,92.73,0,0,0,0,0,0,0,0,0,0,0,0,0,0,0,0,0,0,0,100,0,0,0,0,0,0,0,0,0,0,0,0,0
06889500,0,0,0,0,0,3.85,0,10.41,0,0,85.56,0,0,0,0,0,0,0,0,0,0,0,0,0,0,0,0,0,0,0,100,0,0,0,0,0,0,0,0,0,0,0,0,0
06892000,0,0,0,0,0,0.68,7.84,9.03,0,0,82.22,0,0,0,0,0,0,0,0,0,0,0,0,0,0,0,0,0,0,0,100,0,0,0,0,0,0,0,0,0,0,0,0,0
06894000,0,0,0,0,0,2.45,0.01,1.97,0,0,94.79,0,0,0,0,0,0,0,0,0,0,0,0,0,0,0,0,0,0,0,100,0,0,0,0,0,0,0,0,0,0,0,0,0
06897500,0,0,0.23,2.24,0.39,2.55,1.64,6.65,0.8,0,85.35,0,0,0,0,0,0,0,0,0,0,0,0,0,0,0,0,0,0,0,100,0,0,0,0,0,0,0,0,0,0,0,0,0
06898000,0,0,0,0,0,1.73,5.48,9.08,0,0,83.63,0,0,0,0,0,0,0,0,0,0,0,0,0,0,0,0,0,0,0,100,0,0,0,0,0,0,0,0,0,0,0,0,0
06899500,0,0,0,0,0,8.06,2.92,16.61,0.02,0,72.31,0,0,0,0,0,0,0,0,0,0,0,0,0,0,0,0,0,0,0,100,0,0,0,0,0,0,0,0,0,0,0,0,0
06903400,0,0,0,0,0,0,12.42,53.64,0,0,33.9,0,0,0,0,0,0,0,0,0,0,0,0,0,0,0,0,0,0,0,100,0,0,0,0,0,0,0,0,0,0,0,0,0
06906800,0,0,9.62,0,0,3.9,0.05,2.8,83.54,0,0,0,0,0,0,0,0,0,0,0,0,0,0,0,0,0,0,0,0,0,18.76,0,81.24,0,0,0,0,0,0,0,0,0,0,0
06908000,0,0,1.39,0.04,0,4.15,15.04,6.88,8.27,0,64.14,0,0,0,0,0,0,0,0,0,0,0,0,0,0,0,0,0,0,0,100,0,0,0,0,0,0,0,0,0,0,0,0,0
06910800,0,0,0,0,0,0,0,24.78,0,0,75.15,0,0,0,0,0,0,0,0,0,0,0,0,0,0,0,0,0,0,0,100,0,0,0,0,0,0,0,0,0,0,0,0,0
06911900,0,0,0,0,0,0,0,31.76,0,0,68.24,0,0,0,0,0,0,0,0,0,0,0,0,0,0,0,0,0,0,0,100,0,0,0,0,0,0,0,0,0,0,0,0,0
06913500,0,0,0,0,0,4.3,6.15,43.19,0,0,45.24,0,0,0,0,0,0,0,0,0,0,0,0,0,0,0,0,0,0,0,100,0,0,0,0,0,0,0,0,0,0,0,0,0
06914000,0,0,0,0,0,61.91,5.89,31.05,0,0,1.08,0,0,0,0,0,0,0,0,0,0,0,0,0,0,0,0,0,0,0,100,0,0,0,0,0,0,0,0,0,0,0,0,0
06917000,0,0,0,0,0,4.49,19.56,55.17,0,0,20.54,0,0,0,0,0,0,0,0,0,0,0,0,0,0,0,0,0,0,0,100,0,0,0,0,0,0,0,0,0,0,0,0,0
06918460,0,0,0,0,0,0,0,0,99.92,0,0,0,0,0,0,0,0,0,0,0,0,0,0,0,0,0,0,0,0,0,0,0,100,0,0,0,0,0,0,0,0,0,0,0
06919500,0,0,5.86,6.85,0,1.22,29.46,0,46.77,0,9.78,0,0.01,0,0,0,0,0,0,0,0,0,0,0,0,0,0,0,0,0,65.6,0,34.4,0,0,0,0,0,0,0,0,0,0,0
06921070,0,0,0,0,0,0,0,0,99.78,0,0,0,0,0,0,0,0,0,0,0,0,0,0,0,0,0,0,0,0,0,0,0,100,0,0,0,0,0,0,0,0,0,0,0
06921200,0,0,0,0,0,0,0,0,99.92,0,0,0,0,0,0,0,0,0,0,0,0,0,0,0,0,0,0,0,0,0,0,0,100,0,0,0,0,0,0,0,0,0,0,0
06928000,0,0,0,0,0,0,0,0,99.97,0,0,0,0,0,0,0,0,0,0,0,0,0,0,0,0,0,0,0,0,0,0,0,100,0,0,0,0,0,0,0,0,0,0,0
06933500,0,0,0,0,0,0,0,0,99.93,0,0,0,0,0,0,0,0,0,0,0,0,0,0,0,0,0,0,0,0,0,0,0,100,0,0,0,0,0,0,0,0,0,0,0
06934000,0,0,0,0,0,0,0,0,99.93,0,0,0,0,0,0,0,0,0,0,0,0,0,0,0,0,0,0,0,0,0,0,0,100,0,0,0,0,0,0,0,0,0,0,0
07014500,0,0,0,0,0,0,0,0,99.66,0,0.28,0,0,0,0,0,0,0,0,0,0,0,0,0,0,0,0,0,0,0,0,0,100,0,0,0,0,0,0,0,0,0,0,0
07019000,0,0,0.19,0,0,0,0,0,91.51,0,8.24,0,0,0,0,0,0,0,0,0,0,0,0,0,0,0,0,0,0,0,0,0,100,0,0,0,0,0,0,0,0,0,0,0
07029500,0,0,0,25.88,0,4.71,24.14,0,1.11,0,7.16,0.96,0,0,0,35.91,0,0,0,0,0,100,0,0,0,0,0,0,0,0,0,0,0,0,0,0,0,0,0,0,0,0,0,0
07049000,0,0,0,0,0,0,0,0,29.74,0,0.03,0,0,0,2.87,67.36,0,0,0,0,0,0,0,0,0,0,0,0,0,0,0,0,100,0,0,0,0,0,0,0,0,0,0,0
07052500,0,0,2.79,0,0,0,0,0,97.18,0,0,0,0,0,0,0,0,0,0,0,0,0,0,0,0,0,0,0,0,0,0,0,100,0,0,0,0,0,0,0,0,0,0,0
07056000,0,0,0,0,0,0,0,0,23.83,0,0,0,0,0,16,57.85,0,0.54,1.75,0,0,0,0,0,0,0,0,0,0,0,0,0,100,0,0,0,0,0,0,0,0,0,0,0
07057500,0,0,0,0,0,0,0,0,99.92,0,0,0,0,0,0,0,0,0,0,0,0,0,0,0,0,0,0,0,0,0,0,0,100,0,0,0,0,0,0,0,0,0,0,0
07058000,0,0,0,0,0,0,0,0,98.04,0,0,0,0,0,1.76,0,0,0,0,0,0,0,0,0,0,0,0,0,0,0,0,0,100,0,0,0,0,0,0,0,0,0,0,0
07060710,0,0,0,0,0,0,0,0,60.71,0,0,0,0,0,39.29,0,0,0,0,0,0,0,0,0,0,0,0,0,0,0,0,0,100,0,0,0,0,0,0,0,0,0,0,0
07066000,0,0,0,0,0,0,0,0,99.88,0,0,0,0,0,0,0,0,0,0,0,0,0,0,0,0,0,0,0,0,0,0,0,100,0,0,0,0,0,0,0,0,0,0,0
07067000,0,0,0,0,0,0,0,0,99.92,0,0,0,0,0,0,0,0,0,0,0,0,0,0,0,0,0,0,0,0,0,0,0,100,0,0,0,0,0,0,0,0,0,0,0
07068000,0,0,0,0,0,0,0,0,99.91,0,0,0,0,0,0,0,0,0,0,0,0,0,0,0,0,0,0,0,0,0,0,0,100,0,0,0,0,0,0,0,0,0,0,0
07069500,0,0,0,0,0,0,0,0,99.83,0,0,0,0,0,0,0,0,0,0,0,0,0,0,0,0,0,0,0,0,0,0,0,100,0,0,0,0,0,0,0,0,0,0,0
07071500,0,0,0,0,0,0,0,0,99.82,0,0,0,0,0,0,0,0,0,0,0,0,0,0,0,0,0,0,0,0,0,0,0,100,0,0,0,0,0,0,0,0,0,0,0
07072000,0,0,0,0,0,0,0,0,99.85,0,0,0,0,0,0,0,0,0,0,0,0,0,0,0,0,0,0,0,0,0,0,0,100,0,0,0,0,0,0,0,0,0,0,0
07083000,0,0,0,0,0,0,0.05,0,0,0,0,0.9,0,0,0,0,0,0.46,0,98.58,0,0,0,0,0,0,0,0,0,0,0,0,0,0,100,0,0,0,0,0,0,0,0,0
07142300,66.92,0,31.76,0,0.5,0,0,0,0,0.71,0,0,0.04,0,0,0,0,0,0,0,0,0,0,0,0,0,0,0,0,0,0,100,0,0,0,0,0,0,0,0,0,0,0,0
07144200,6.23,0,73.65,0,8.2,2.03,0,9.55,0,0.16,0,0,0.09,0,0,0,0,0,0,0,0,0,0,0,0,0,0,0,0,0,76.44,23.56,0,0,0,0,0,0,0,0,0,0,0,0
07144780,77.25,4.88,12.1,1,2.99,0,0,0,0,1.74,0,0,0,0,0,0,0,0,0,0,0,0,0,0,0,0,0,0,0,0,0,100,0,0,0,0,0,0,0,0,0,0,0,0
07145700,0,0,0,0.05,6.55,62.83,0,30.54,0,0.02,0,0,0,0,0,0,0,0,0,0,0,0,0,0,0,0,0,0,0,0,98.39,1.61,0,0,0,0,0,0,0,0,0,0,0,0
07147070,0,0,0.03,0,0,7.97,0,91.75,0,0,0.03,0,0,0,0,0,0,0,0,0,0,0,0,0,0,0,0,0,0,0,100,0,0,0,0,0,0,0,0,0,0,0,0,0
07147800,0,0,0.01,0,0,4.93,0,92.15,0,0,2.71,0,0,0,0,0,0,0,0,0,0,0,0,0,0,0,0,0,0,0,100,0,0,0,0,0,0,0,0,0,0,0,0,0
07148400,3.64,1.23,0.43,0,5.06,0,3.9,2.2,0,12.62,0,3.98,66.86,0,0,0,0,0,0,0,0,0,0,0,0,0,0,0,0,0,12.65,87.35,0,0,0,0,0,0,0,0,0,0,0,0
07149000,0.27,1.02,7.75,1.5,5.36,0,7.63,1.32,0,25.72,0,4.77,44.53,0,0,0,0,0,0,0,0,0,0,0,0,0,0,0,0,0,1.11,98.89,0,0,0,0,0,0,0,0,0,0,0,0
07151500,16.11,9.74,5.65,2.61,17.84,16.89,2.45,6.62,0,18.43,0,1.68,0.69,1.05,0,0,0,0,0,0,0,0,0,0,0,0,0,0,0,0,32.34,67.66,0,0,0,0,0,0,0,0,0,0,0,0
07152000,6.98,6,2.45,2.62,11.39,21.43,1.13,36.51,0,8.52,0,1.37,1.01,0.45,0,0,0,0,0,0,0,0,0,0,0,0,0,0,0,0,64.27,35.73,0,0,0,0,0,0,0,0,0,0,0,0
07163000,0,0,0,0,0,0,0,9.2,0,0,0.16,0,90.63,0,0,0,0,0,0,0,0,0,0,0,0,0,0,0,0,0,100,0,0,0,0,0,0,0,0,0,0,0,0,0
07167500,0,0,0,0,0,0,0,32.74,0,0,67.26,0,0,0,0,0,0,0,0,0,0,0,0,0,0,0,0,0,0,0,100,0,0,0,0,0,0,0,0,0,0,0,0,0
07172000,0,0,0,0,0,0,0,31.56,0,0,68.29,0,0,0,0,0,0,0,0,0,0,0,0,0,0,0,0,0,0,0,100,0,0,0,0,0,0,0,0,0,0,0,0,0
07177500,0,0,0,0,0,5.32,3.99,12.68,0,0,39.56,0.63,33.76,0,0,0,1.22,0,0,0,0,0,0,0,0,0,0,0,0,0,100,0,0,0,0,0,0,0,0,0,0,0,0,0
07180500,0,0,0,0,0,0,0,98.48,0,0,1.25,0,0,0,0,0,0,0,0,0,0,0,0,0,0,0,0,0,0,0,100,0,0,0,0,0,0,0,0,0,0,0,0,0
07183000,0,0,0.8,0,0,14.76,1.48,59.32,0,0.59,22.08,0,0.18,0,0,0,0,0,0,0,0,0,0,0,0,0,0,0,0,0,100,0,0,0,0,0,0,0,0,0,0,0,0,0
07184000,0,0,0,0,0,38.42,0.03,61.47,0,0,0,0,0,0,0,0,0,0,0,0,0,0,0,0,0,0,0,0,0,0,100,0,0,0,0,0,0,0,0,0,0,0,0,0
07186000,0,0,26.09,2.62,0.42,19.03,6.69,1.37,43.74,0,0,0,0,0,0,0,0,0,0,0,0,0,0,0,0,0,0,0,0,0,35.2,0,64.8,0,0,0,0,0,0,0,0,0,0,0
07195800,0,0,0,0,0,0,0,0,100,0,0,0,0,0,0,0,0,0,0,0,0,0,0,0,0,0,0,0,0,0,0,0,100,0,0,0,0,0,0,0,0,0,0,0
07196500,0,0,9.19,0.43,0,0,4.69,0,77.46,0,2.23,0,0,0,0,5.83,0,0,0,0,0,0,0,0,0,0,0,0,0,0,0,0,100,0,0,0,0,0,0,0,0,0,0,0
07196900,0,0,0,0,0,0,9.17,0,23.59,0,0,0,0,0,0,67.23,0,0,0,0,0,0,0,0,0,0,0,0,0,0,0,0,100,0,0,0,0,0,0,0,0,0,0,0
07197000,0,0,0,0,0,0,1.22,0,80.39,0,1.85,0,0,0,0,16.43,0,0,0,0,0,0,0,0,0,0,0,0,0,0,0,0,100,0,0,0,0,0,0,0,0,0,0,0
07208500,0,0,0,0,0,0,0,0.01,0,0,31.36,0,0,0,0,9.01,9.23,42.5,0,7.89,0,0,0,0,0,0,0,0,0,0,0,98.82,0,0,1.18,0,0,0,0,0,0,0,0,0
07211500,0,0,0,0,0,0.93,0,15.66,0,0,9.25,0,17.72,0,0,3.65,37.98,14.23,0,0.33,0,0,0,0,0,0,0,0,0,0,0,86.44,0,0,13.56,0,0,0,0,0,0,0,0,0
07221000,0,0,0,0,0,0.05,0,14.06,0,0,7.41,0,30.11,0,0,8.15,19.94,18.42,0,1.65,0,0,0,0,0,0,0,0,0,0,0,49.5,0,0,50.5,0,0,0,0,0,0,0,0,0
07226500,0.01,11.67,0,0,1.93,2.11,5.02,10.66,0,2.25,0.28,22.85,35.13,0,0,0,7.9,0.14,0,0,0,0,0,0,0,0,0,0,0,0,0,100,0,0,0,0,0,0,0,0,0,0,0,0
07243500,0,0.04,0,2.66,0.08,3.55,21.68,5.65,0,0,0.81,24.53,40.8,0,0,0,0,0,0,0,0,0,0,0,0,0,0,0,0,0,100,0,0,0,0,0,0,0,0,0,0,0,0,0
07252000,0,0,0,0,0,0,0,0,0,0,0,0,0,0,0,100,0,0,0,0,0,0,0,0,0,0,0,0,0,0,0,0,74.19,25.81,0,0,0,0,0,0,0,0,0,0
07261000,0,0,0,0,0,0,35.28,0,0,0,0,0,0,0,0,64.72,0,0,0,0,0,0,0,0,0,0,0,0,0,0,0,0,0,100,0,0,0,0,0,0,0,0,0,0
07263295,0,0,0,0,0,0,0.24,0,0,0,58.05,0,0,0,0,41.71,0,0,0,0,0,0,0,0,0,0,0,0,0,0,0,0,0,100,0,0,0,0,0,0,0,0,0,0
07288500,0,0,99.96,0,0,0,0,0,0,0,0,0,0,0,0,0,0,0,0,0,0,100,0,0,0,0,0,0,0,0,0,0,0,0,0,0,0,0,0,0,0,0,0,0
07290000,0,0,0,20.54,0,16.8,26.15,0.29,2.26,0,25.13,0,0,0,0,8.71,0,0,0,0,0,100,0,0,0,0,0,0,0,0,0,0,0,0,0,0,0,0,0,0,0,0,0,0
07290650,0,0,0,18.21,0,2.38,7.73,0.65,1.05,0,62.96,0,0,0,0,6.97,0,0,0,0,0,100,0,0,0,0,0,0,0,0,0,0,0,0,0,0,0,0,0,0,0,0,0,0
07291000,0,0,0,14.2,0,0,25.49,0,2.47,0,20.77,0,0,0,0,36.87,0,0,0,0,0,100,0,0,0,0,0,0,0,0,0,0,0,0,0,0,0,0,0,0,0,0,0,0
07292500,0,0,0,16.15,0,0.16,16,0,7.63,0,31.95,0,0,0,0,27.94,0,0,0,0,0,100,0,0,0,0,0,0,0,0,0,0,0,0,0,0,0,0,0,0,0,0,0,0
07295000,0,0,0,8.16,0,0,4.37,0,14.09,0,73.38,0,0,0,0,0,0,0,0,0,0,100,0,0,0,0,0,0,0,0,0,0,0,0,0,0,0,0,0,0,0,0,0,0
07299670,0.01,0,65.47,0,20.1,0,0,3.58,0,9.26,0,0,1.39,0,0,0,0,0,0,0,0,0,0,0,0,0,0,0,0,0,100,0,0,0,0,0,0,0,0,0,0,0,0,0
07301410,0,3.04,4.86,0.13,5.01,0,0.14,0,0,78.93,0,7.73,0,0,0,0,0,0,0,0,0,0,0,0,0,0,0,0,0,0,0,100,0,0,0,0,0,0,0,0,0,0,0,0
07301500,0.55,10.03,19.44,0.84,1.48,1.32,4.87,3.39,0,37.99,0,11.37,7.2,0.64,0.74,0,0,0,0,0,0,0,0,0,0,0,0,0,0,0,31.03,68.97,0,0,0,0,0,0,0,0,0,0,0,0
07307800,3.66,0.45,15.26,1.25,5.97,0.64,2.5,0.62,0,26.5,0,16.37,26.01,0,0.64,0,0.08,0,0,0,0,0,0,0,0,0,0,0,0,0,44.58,55.42,0,0,0,0,0,0,0,0,0,0,0,0
07315200,0,0,0,0,0,3.07,44.64,39.17,0,0,0,0,12.93,0,0,0,0,0,0,0,0,0,0,0,0,0,0,0,0,0,100,0,0,0,0,0,0,0,0,0,0,0,0,0
07315700,0,0,0,0,0.02,0.13,16.1,45.38,0,0,0,0,38.38,0,0,0,0,0,0,0,0,0,0,0,0,0,0,0,0,0,100,0,0,0,0,0,0,0,0,0,0,0,0,0
07335700,0,0,0,0,0,0,0,0,0,0,0,0,0,0,0,100,0,0,0,0,0,0,0,0,0,0,0,0,0,0,0,0,0,100,0,0,0,0,0,0,0,0,0,0
07340000,0,0,0,3.39,2.97,2.26,7.07,0,9.66,0,47.61,0,0,0,0,25.54,0,0,0,0,0,27.4,0,0,0,0,0,0,0,0,0,0,0,72.6,0,0,0,0,0,0,0,0,0,0
07340300,0,0,0,0,0,0,0,0,0,0,24.76,0,0,0,0,75.24,0,0,0,0,0,0,0,0,0,0,0,0,0,0,0,0,0,100,0,0,0,0,0,0,0,0,0,0
07346000,0,0,0,22.89,0,0,34.36,0,0,0,0.46,27.36,8.59,0,0,0,0,0,0,0,0,100,0,0,0,0,0,0,0,0,0,0,0,0,0,0,0,0,0,0,0,0,0,0
07346045,0,10.37,0,8.53,0,0,9.97,0,0,0,0,71,0.03,0,0,0,0,0,0,0,0,100,0,0,0,0,0,0,0,0,0,0,0,0,0,0,0,0,0,0,0,0,0,0
07346050,0,0,0,27.54,0,0,25.15,0,0,0,0,45.44,0,0,0,1.7,0,0,0,0,0,100,0,0,0,0,0,0,0,0,0,0,0,0,0,0,0,0,0,0,0,0,0,0
07346070,0,0,0,28.95,0,0,23.89,0,0,0,0,45.42,0.58,0,0,0.97,0,0,0,0,0,100,0,0,0,0,0,0,0,0,0,0,0,0,0,0,0,0,0,0,0,0,0,0
07359610,0,0,0,0,0,0,0,0,0,0,32.65,0,0,0,0,67.08,0,0,0,0,0,0,0,0,0,0,0,0,0,0,0,0,0,100,0,0,0,0,0,0,0,0,0,0
07362100,0,0,0,42.15,0,0.24,57.46,0,0,0,0,0,0,0,0,0.01,0,0,0,0,0,100,0,0,0,0,0,0,0,0,0,0,0,0,0,0,0,0,0,0,0,0,0,0
07362587,0,0,0,0,0,0,0,0,0,0,9.4,0,0,0,0,90.6,0,0,0,0,0,0,0,0,0,0,0,0,0,0,0,0,0,100,0,0,0,0,0,0,0,0,0,0
07363500,0,0,0,56.13,0,3.99,14.86,0,0.02,0,21.94,0,0,0,0,2.89,0,0,0,0,0,66.38,0,0,0,0,0,0,0,0,0,0,0,33.62,0,0,0,0,0,0,0,0,0,0
07373000,0,0,0,0.03,0,0.11,97.81,0,1.59,0,0,0,0,0,0,0.47,0,0,0,0,0,100,0,0,0,0,0,0,0,0,0,0,0,0,0,0,0,0,0,0,0,0,0,0
07375000,0,0,0,41.17,0,0,58.83,0,0,0,0,0,0,0,0,0,0,0,0,0,0,100,0,0,0,0,0,0,0,0,0,0,0,0,0,0,0,0,0,0,0,0,0,0
07375500,0,0,0,45.1,0,2.02,51.11,0,0.03,0,0.94,0,0,0,0,0.72,0,0,0,0,0,100,0,0,0,0,0,0,0,0,0,0,0,0,0,0,0,0,0,0,0,0,0,0
07376000,0,0,0,40.65,0,7.56,49.97,0,0,0,0,0,0,0,0,1.76,0,0,0,0,0,100,0,0,0,0,0,0,0,0,0,0,0,0,0,0,0,0,0,0,0,0,0,0
07378000,0,0,0,19.23,0,47.96,27.8,0,4.87,0,0.05,0,0,0,0,0.01,0,0,0,0,0,100,0,0,0,0,0,0,0,0,0,0,0,0,0,0,0,0,0,0,0,0,0,0
07378500,0,0,0,31.26,0,26.13,34.1,0,6.95,0,1.52,0,0,0,0,0,0,0,0,0,0,100,0,0,0,0,0,0,0,0,0,0,0,0,0,0,0,0,0,0,0,0,0,0
08013000,0,0,0,61.5,0,0.14,27.92,0,6.56,0,1.97,0.02,0,0,0,1.79,0,0,0,0,0,100,0,0,0,0,0,0,0,0,0,0,0,0,0,0,0,0,0,0,0,0,0,0
08013500,0,0,0,52.4,0,22.3,18.38,0,4.32,0,1.3,0.01,0,0,0,1.18,0,0,0,0,0,100,0,0,0,0,0,0,0,0,0,0,0,0,0,0,0,0,0,0,0,0,0,0
08014500,0,0,0,63.89,0,3.75,23.92,0,0,0,3.75,0.81,0,0,0,3.87,0,0,0,0,0,100,0,0,0,0,0,0,0,0,0,0,0,0,0,0,0,0,0,0,0,0,0,0
08015500,0,0,0,58.16,0,19.07,17.05,0,1.91,0,1.69,0.24,0,0,0,1.67,0,0,0,0,0,100,0,0,0,0,0,0,0,0,0,0,0,0,0,0,0,0,0,0,0,0,0,0
08023080,0,0,0,22.85,0,0,77.03,0,0,0,0.03,0,0,0,0,0,0,0,0,0,0,100,0,0,0,0,0,0,0,0,0,0,0,0,0,0,0,0,0,0,0,0,0,0
08025500,0,0,0,2.7,0,0.33,64.09,0,0,0,32.76,0,0,0,0,0.1,0,0,0,0,0,100,0,0,0,0,0,0,0,0,0,0,0,0,0,0,0,0,0,0,0,0,0,0
08029500,0,0,0,16.9,0,0.35,26.83,0,0.01,0,0,55.9,0,0,0,0,0,0,0,0,0,100,0,0,0,0,0,0,0,0,0,0,0,0,0,0,0,0,0,0,0,0,0,0
08032000,0,6.09,0,25.03,1.01,0.04,11.63,0,0,0,0.41,48.69,4.04,0,0,0,0,0,0,0,0,100,0,0,0,0,0,0,0,0,0,0,0,0,0,0,0,0,0,0,0,0,0,0
08033500,0.03,2.46,0,27.84,0.93,8.24,15.06,3,0,0,3.44,29.39,7.24,0,0,0.81,0.48,0,0,0,0,100,0,0,0,0,0,0,0,0,0,0,0,0,0,0,0,0,0,0,0,0,0,0
08050800,0,0,0,0,0,0,99.99,0.01,0,0,0,0,0,0,0,0,0,0,0,0,0,65.68,0,0,0,0,0,0,0,0,34.32,0,0,0,0,0,0,0,0,0,0,0,0,0
08055500,0,0,0,0,0.05,14.3,11.76,46.73,0.18,10.83,1.72,0,10.91,0,1.75,0,0,0,0,0,0,32.53,0,0,0,0,0,0,0,0,67.47,0,0,0,0,0,0,0,0,0,0,0,0,0
08066200,0,0.3,0,32.5,0,0,18.96,0,4.66,0,32.03,0.03,11.5,0,0,0,0,0,0,0,0,100,0,0,0,0,0,0,0,0,0,0,0,0,0,0,0,0,0,0,0,0,0,0
08066300,0.04,4.79,0,58.69,0,7.83,28.35,0,0,0,0.06,0.26,0,0,0,0,0,0,0,0,0,100,0,0,0,0,0,0,0,0,0,0,0,0,0,0,0,0,0,0,0,0,0,0
08070000,0.02,15.63,0,33.9,0,0.02,28.44,0,0,0,0.24,15.95,5.68,0,0,0,0,0,0,0,0,100,0,0,0,0,0,0,0,0,0,0,0,0,0,0,0,0,0,0,0,0,0,0
08070200,4.23,13.62,0,31.22,0,9.17,23.55,0,0,0,0.2,13.21,4.7,0,0,0,0,0,0,0,0,100,0,0,0,0,0,0,0,0,0,0,0,0,0,0,0,0,0,0,0,0,0,0
08079600,0,0,22.83,0,0.91,1.88,0.15,27.59,0,28.47,0,1,17.06,0,0,0,0,0,0,0,0,0,0,0,0,0,0,0,0,0,14.31,85.69,0,0,0,0,0,0,0,0,0,0,0,0
08082700,0,0,0,0,0,83.47,0,16.21,0,0,0,0,0,0,0,0,0,0,0,0,0,0,0,0,0,0,0,0,0,0,100,0,0,0,0,0,0,0,0,0,0,0,0,0
08085500,2.05,0.12,3.67,0,15.02,21.19,1.37,16.77,0,12.32,0.89,0.21,24.15,0,1.73,0,0.1,0,0,0,0,0,0,0,0,0,0,0,0,0,83.63,16.37,0,0,0,0,0,0,0,0,0,0,0,0
08086212,0,0,0,0,0.01,1.03,0.03,51.19,0,0.1,0,0,47.53,0.03,0,0,0,0,0,0,0,0,0,0,0,0,0,0,0,0,100,0,0,0,0,0,0,0,0,0,0,0,0,0
08086290,0,0,0,0,1.23,0,11.24,11.1,0,3.74,0,0.09,70.98,1.48,0,0,0,0,0,0,0,0,0,0,0,0,0,0,0,0,100,0,0,0,0,0,0,0,0,0,0,0,0,0
08095000,0,0,0,0,0,0,0,12.61,0.01,37.18,0.52,0,48.75,0,0.76,0,0,0,0,0,0,0,0,0,0,0,0,0,0,0,0,100,0,0,0,0,0,0,0,0,0,0,0,0
08101000,0,0,0,0,0,0,0,17.27,0,13.39,0,0,61.26,0,8.07,0,0,0,0,0,0,0,0,0,0,0,0,0,0,0,0,100,0,0,0,0,0,0,0,0,0,0,0,0
08103800,0,0,0,0,0,0,0,2.2,0,39.71,0,0,55.69,0,2.31,0,0,0,0,0,0,0,0,0,0,0,0,0,0,0,0,100,0,0,0,0,0,0,0,0,0,0,0,0
08103900,0,0,0,0,0,0,0,0.25,0,0.33,0,0,99.31,0,0.11,0,0,0,0,0,0,0,0,0,0,0,0,0,0,0,0,100,0,0,0,0,0,0,0,0,0,0,0,0
08104900,0,0,0,0,0,0,0,4.36,0,36.38,0,0,58.87,0,0.25,0,0,0,0,0,0,0,0,0,0,0,0,0,0,0,0,100,0,0,0,0,0,0,0,0,0,0,0,0
08109700,0,6.63,0,12.03,0.88,0.03,0,0.07,0,2.28,0,60.15,17.85,0,0,0,0,0,0,0,0,100,0,0,0,0,0,0,0,0,0,0,0,0,0,0,0,0,0,0,0,0,0,0
08146000,0,0,0.46,0,1.37,0.52,0.25,5.83,0,65.34,0,2.96,22.61,0,0.49,0,0,0,0,0,0,0,0,0,0,0,0,0,0,0,0,100,0,0,0,0,0,0,0,0,0,0,0,0
08150000,0,0,0,0,0,0,0,0,0,98.71,0,0,0,0,1.19,0,0,0,0,0,0,0,0,0,0,0,0,0,0,0,0,100,0,0,0,0,0,0,0,0,0,0,0,0
08150700,0,0,0,0,0,0,0.19,0,0,85.55,0,1.14,10.35,0,2.38,0,0.24,0,0,0,0,0,0,0,0,0,0,0,0,0,0,100,0,0,0,0,0,0,0,0,0,0,0,0
08150800,0,0,0,0,0,0,0,0,2.67,46.58,0,1.49,22.53,0,22.89,0,3.69,0,0,0,0,0,0,0,0,0,0,0,0,0,0,100,0,0,0,0,0,0,0,0,0,0,0,0
08155200,0,0,0,0,0,0,0,0,0,76.44,0,0,0,0,23.46,0,0,0,0,0,0,0,0,0,0,0,0,0,0,0,0,100,0,0,0,0,0,0,0,0,0,0,0,0
08158700,0,0,0,0,0,0,0,0,0.02,82.6,0,0,0,0,17.38,0,0,0,0,0,0,0,0,0,0,0,0,0,0,0,0,100,0,0,0,0,0,0,0,0,0,0,0,0
08158810,0,0,0,0,0,0,0,0,0,100,0,0,0,0,0,0,0,0,0,0,0,0,0,0,0,0,0,0,0,0,0,100,0,0,0,0,0,0,0,0,0,0,0,0
08164000,0,3,0,37.79,14.65,0.02,1.52,6.49,0,0.76,0,3.59,32.1,0,0,0,0,0,0,0,0,100,0,0,0,0,0,0,0,0,0,0,0,0,0,0,0,0,0,0,0,0,0,0
08164300,0,0,0,7.45,0.91,0,6.04,0.01,0,1.5,0,5.89,78.18,0,0,0,0,0,0,0,0,100,0,0,0,0,0,0,0,0,0,0,0,0,0,0,0,0,0,0,0,0,0,0
08164600,0,0,0,12.57,87.4,0,0,0.03,0,0,0,0,0,0,0,0,0,0,0,0,0,100,0,0,0,0,0,0,0,0,0,0,0,0,0,0,0,0,0,0,0,0,0,0
08165300,0,0,0,0,0,0,0,0,6.22,78.99,0,0,0,0,14.79,0,0,0,0,0,0,0,0,0,0,0,0,0,0,0,0,100,0,0,0,0,0,0,0,0,0,0,0,0
08167500,0,0,0,0,0,0,0,0,11.5,44.52,0,0,0,0,43.89,0,0,0,0,0,0,0,0,0,0,0,0,0,0,0,0,100,0,0,0,0,0,0,0,0,0,0,0,0
08171000,0,0,0,0,0,0,0,0,16.25,56.15,0,0,0,0,27.44,0,0,0,0,0,0,0,0,0,0,0,0,0,0,0,0,100,0,0,0,0,0,0,0,0,0,0,0,0
08171300,0,0,0,0,0,0,0,0.02,13.95,51.26,0,0,2.22,0,32.42,0,0,0,0,0,0,0.06,0,0,0,0,0,0,0,0,0,99.94,0,0,0,0,0,0,0,0,0,0,0,0
08172000,0,0,0,0.65,0,5.14,0,26.96,6.85,35.79,0,0,7.95,0,16.6,0,0,0,0,0,0,39.68,0,0,0,0,0,0,0,0,0,60.32,0,0,0,0,0,0,0,0,0,0,0,0
08175000,0,0.75,0,19.3,10.73,1.02,6.43,12.47,0,4.39,0,11.36,33.51,0,0,0,0,0,0,0,0,100,0,0,0,0,0,0,0,0,0,0,0,0,0,0,0,0,0,0,0,0,0,0
08176900,0,4.38,0,35.82,3.38,0,0,0,0,0.03,0,49.91,6.47,0,0,0,0,0,0,0,0,100,0,0,0,0,0,0,0,0,0,0,0,0,0,0,0,0,0,0,0,0,0,0
08178880,0,0,0,0,0.17,0,0,0,1.44,19.08,0,0,0,0,79.3,0,0,0,0,0,0,0,0,0,0,0,0,0,0,0,0,100,0,0,0,0,0,0,0,0,0,0,0,0
08189500,0,0,0,27.72,35.83,1.8,0,0,0,4.78,0,24.76,5.12,0,0,0,0,0,0,0,0,100,0,0,0,0,0,0,0,0,0,0,0,0,0,0,0,0,0,0,0,0,0,0
08190000,0,0,0,0,0.01,0,0,0,0,30.87,0,0,0,0,69,0,0,0,0,0,0,0,0,0,0,0,0,0,0,0,0,100,0,0,0,0,0,0,0,0,0,0,0,0
08190500,0,0,0,0,0,0,0,0,0,83.16,0,0,0,0,16.74,0,0,0,0,0,0,0,0,0,0,0,0,0,0,0,0,100,0,0,0,0,0,0,0,0,0,0,0,0
08194200,0,0,0,0.03,20.59,24.34,0,48.48,0,0,0,1.96,4.59,0,0,0,0,0,0,0,0,100,0,0,0,0,0,0,0,0,0,0,0,0,0,0,0,0,0,0,0,0,0,0
08195000,0,0,0,0,0,0,0,0,3.24,20.86,0,0,0,0,75.75,0,0,0,0,0,0,0,0,0,0,0,0,0,0,0,0,100,0,0,0,0,0,0,0,0,0,0,0,0
08196000,0,0,0,0,0,0,0,0,0,16.06,0,0,0,0,83.94,0,0,0,0,0,0,0,0,0,0,0,0,0,0,0,0,100,0,0,0,0,0,0,0,0,0,0,0,0
08198500,0,0,0,0,6.38,7.16,0,0.08,0.01,33.14,0,0,0,0,53.23,0,0,0,0,0,0,5.97,0,0,0,0,0,0,0,0,0,94.03,0,0,0,0,0,0,0,0,0,0,0,0
08200000,0,0,0,0,0,0,0,0,0,6.39,0,0,0,0,93.35,0,0,0,0,0,0,0,0,0,0,0,0,0,0,0,0,100,0,0,0,0,0,0,0,0,0,0,0,0
08202700,0,0,0,0,6.84,0.04,0,9.39,0,33.26,0,0,0,0,50.47,0,0,0,0,0,0,4.93,0,0,0,0,0,0,0,0,0,95.07,0,0,0,0,0,0,0,0,0,0,0,0
08205500,0,0,0.3,2.07,30.21,11.03,0.4,12.75,0.37,14.37,0,0,2.39,0.39,25.62,0,0,0,0,0,0,56.65,0,0,0,0,0,0,0,0,0,43.35,0,0,0,0,0,0,0,0,0,0,0,0
08267500,0,0,0,0,0,0,0,0,0,0,0,0,0,0,0.39,0,0,0.04,0,99.58,0,0,0,0,0,0,0,0,0,0,0,0,0,0,100,0,0,0,0,0,0,0,0,0
08269000,0,0,0,0,0,0,0,0,0,0,0,0,0,0,0,0,0.54,23.64,0,75.82,0,0,0,0,0,0,0,0,0,0,0,0,0,0,100,0,0,0,0,0,0,0,0,0
08271000,0,0,0,0,0,0,0,0,0,0,0,0,0,0,0.04,0,0,0.15,0,99.81,0,0,0,0,0,0,0,0,0,0,0,0,0,0,100,0,0,0,0,0,0,0,0,0
08324000,0,0,0,0,0,0,0,0,0,0,2.55,2.57,0,0,0,25.99,6.14,62.54,0,0.02,0,0,0,0,0,0,0,0,0,0,0,0,0,0,88.97,0,0,0,0,10.96,0.07,0,0,0
08340500,0,0,0,0,0.68,0,0,0,0,0,0,67.46,13.17,0,0,0,18.63,0,0,0,0,0,0,0,0,0,0,0,0,0,0,0,0,0,0,0,0,0,0,100,0,0,0,0
08377900,0,0,0,0,0,0,0,0,0,0,0,0,0,0,0,44.4,0,55.35,0,0.22,0,0,0,0,0,0,0,0,0,0,0,0,0,0,100,0,0,0,0,0,0,0,0,0
08378500,0,0,0,0,0,0,0,0,0,0,0,0,0,0,0,38.11,0,44.53,0,17.21,0,0,0,0,0,0,0,0,0,0,0,0,0,0,100,0,0,0,0,0,0,0,0,0
08380500,0,0,0,0,0,0,0,0,0,0,0,0,0,0,0,5.73,22.86,43.57,0,27.84,0,0,0,0,0,0,0,0,0,0,0,0,0,0,100,0,0,0,0,0,0,0,0,0
09034900,0,0,0,0,0,0,0,0,0,0,0,0,0,0,0,0,0,0,0,100,0,0,0,0,0,0,0,0,0,0,0,0,0,0,100,0,0,0,0,0,0,0,0,0
09035800,0,0,0,0,0,0,0,0,0,0,0,0,0,0,0,0,0,0,0,100,0,0,0,0,0,0,0,0,0,0,0,0,0,0,100,0,0,0,0,0,0,0,0,0
09035900,0,0,0,0,0,0,0,0,0,0,0,0,0,0,0,0,0,0.73,0,99.27,0,0,0,0,0,0,0,0,0,0,0,0,0,0,100,0,0,0,0,0,0,0,0,0
09047700,0,0,0,0,0,0,0,0,0,0,0,0,0,0,0,0,0,98.73,0,1.27,0,0,0,0,0,0,0,0,0,0,0,0,0,0,100,0,0,0,0,0,0,0,0,0
09065500,0,0,0,0,0,0,0,0,0,0,0,0,0,0,0,0,0,1.08,0,98.92,0,0,0,0,0,0,0,0,0,0,0,0,0,0,100,0,0,0,0,0,0,0,0,0
09066000,0,0,0,0,0,0,0,0,0,0,0,0,0,0,0,0.84,0,98.2,0,0.96,0,0,0,0,0,0,0,0,0,0,0,0,0,0,100,0,0,0,0,0,0,0,0,0
09066200,0,0,0,0,0,0,0,0,0,0,0,0,0,0,0,0,0,0.08,0,99.92,0,0,0,0,0,0,0,0,0,0,0,0,0,0,100,0,0,0,0,0,0,0,0,0
09066300,0,0,0,0,0,0,0,0,0,0,0,0,0,0,0,0,0,3.92,0,96.08,0,0,0,0,0,0,0,0,0,0,0,0,0,0,100,0,0,0,0,0,0,0,0,0
09081600,0,0,0,0,0,0,0,0,0,0,0,0,0,0,0,0.16,0.01,0,2.67,96.85,0,0,0,0,0,0,0,0,0,0,0,0,0,0,92.4,0,0,0,0,7.6,0,0,0,0
09107000,0,0,0,0,0,0,0,0,0,0,0,1.38,0,0,0,0,0,82.68,0,15.77,0,0,0,0,0,0,0,0,0,0,0,0,0,0,100,0,0,0,0,0,0,0,0,0
09132500,0,0,0,0,0,0,0,0,0,0,0,0,0,0,0,28.24,19.38,4.75,0,47.57,0,0,0,0,0,0,0,0,0,0,0,0,0,0,68.35,0,0,0,0,31.65,0,0,0,0
09210500,0,0,0,0,0,0,0,0,0,0,0,0.03,0,0,0,42.77,39.76,17.12,0,0,0,0,0,0,0,0,0,0,0,0,0,0,0,0,0,0,100,0,0,0,0,0,0,0
09223000,0,0,0,0,0,0,0,0,0,0,11.48,0,0,0,0,88.02,0,0.34,0,0.16,0,0,0,0,0,0,0,0,0,0,0,0,0,0,0,0,100,0,0,0,0,0,0,0
09251000,0,0.05,0,0,0,0.08,0,0.15,0,0,6.01,10.2,3.73,0,0,26.94,34.06,15.16,1.14,2.32,0,0,0,0,0,0,0,0,0,0,0,0,0,0,13.09,86.91,0,0,0,0,0,0,0,0
09292500,0,0,0,0,0,0,0,0,0,0,0,5.48,0,0,0,0.24,0,84.57,0,9.71,0,0,0,0,0,0,0,0,0,0,0,0,0,0,0,0,100,0,0,0,0,0,0,0
09299500,0,0,0,0,0,0,0,0,0,0,0,0,0,0,0,31.85,0,47.79,0,20.36,0,0,0,0,0,0,0,0,0,0,0,0,0,0,0,0,100,0,0,0,0,0,0,0
09306242,0,0,0,0,0,0,0,0,0,0,0,0,0.54,0,0,0,99.08,0.38,0,0,0,0,0,0,0,0,0,0,0,0,0,0,0,0,0,0,0,0,0,100,0,0,0,0
09312600,0,0,0,0,0,0,0,0,0,0,0,0,0,0,0,0.2,60.71,10.95,0,28.14,0,0,0,0,0,0,0,0,0,0,0,0,0,0,0,0,17.51,0,0,82.49,0,0,0,0
09352900,0,0,0,0,0,0,0,0,0,0,0,0,0,0,0,0,0,0.33,0,99.67,0,0,0,0,0,0,0,0,0,0,0,0,0,0,91.41,0,0,0,0,8.59,0,0,0,0
09378170,0,0,0,0,0,0,0,0,0,0,0,0,0,0,0,99.89,0.11,0,0,0,0,0,0,0,0,0,0,0,0,0,0,0,0,0,0,0,0,0,0,100,0,0,0,0
09378630,0,0,0,0,0,0,0,0,0,0,0,0,0,0,0,0.6,99.31,0.09,0,0,0,0,0,0,0,0,0,0,0,0,0,0,0,0,0,0,0,0,0,100,0,0,0,0
09386900,0,0,0,0,0,0,0,0,0,0,0,7.95,26.65,0,0,0,65.4,0,0,0,0,0,0,0,0,0,0,0,0,0,0,0,0,0,0,0,0,0,0,100,0,0,0,0
09404450,0,0,0,0,0,0,0,0,0,0,0.31,0,0,0,0,0,61,32.03,0,6.66,0,0,0,0,0,0,0,0,0,0,0,0,0,0,0,0,0,0,0,100,0,0,0,0
09430500,0,0,0,0,0,0,0.43,1.08,0,0,0.52,6.76,11.96,0,0.01,4.84,31.49,41.62,0,1.2,0,0,0,0,0,0,0,0,0,0,0,0,0,0,0,0,0,0,0,0,100,0,0,0
09430600,0,0,0,0,0,0,0,0,0,0,0,0,0,0,0.93,0.07,0.09,44.85,0,54.06,0,0,0,0,0,0,0,0,0,0,0,0,0,0,0,0,0,0,0,0,100,0,0,0
09431500,0,0,0,0,0,0,0.28,0.71,0,4.7,0.34,4.44,8.16,0,10.24,3.18,32.87,32.05,0,2.93,0,0,0,0,0,0,0,0,0,0,0,0,0,0,0,0,0,0,0,0,100,0,0,0
09442692,0,0,0,0,0,0,0,0,0,0,0,46.47,3.42,0,0,0,47.14,2.23,0,0,0,0,0,0,0,0,0,0,0,0,0,0,0,0,0,0,0,0,0,95.48,4.52,0,0,0
09444500,0,0,0,0,0,0,0.57,0,0,0.3,0.27,9.39,0.79,0,9.43,5.53,26.88,41.54,0,5.17,0,0,0,0,0,0,0,0,0,0,0,0,0,0,0,0,0,0,0,23.18,76.82,0,0,0
09447800,0,0,0,0,2.13,0,0,0,0,11.54,0,0,0,0,51.35,0,27.61,7.05,0,0,0,0,0,0,0,0,0,0,0,0,0,0,0,0,0,0,0,0,0,0,100,0,0,0
09480000,0,0,0,0,0,0,0,0,0,45.08,0,4.47,0,0,45.21,0,5.11,0.04,0,0,0,0,0,0,0,0,0,0,0,0,0,0,0,0,0,0,0,0,0,0,100,0,0,0
09484000,0,0,0,0,0,0,0,0,0,0,0,0,0,0.03,0,0,0,44.45,0,54.72,0,0,0,0,0,0,0,0,0,0,0,0,0,0,0,0,0,0,0,0,100,0,0,0
09484600,0,0,0,0,0,0,0,0,0,29.17,0,3.15,0,1.42,34.87,0,25.92,5.17,0,0,0,0,0,0,0,0,0,0,0,0,0,0,0,0,0,0,0,0,0,0,100,0,0,0
09492400,0,0,0,0,0,0,0,0,0,0,0,0,0,0,0,76.39,23.09,0.52,0,0,0,0,0,0,0,0,0,0,0,0,0,0,0,0,0,0,0,0,0,0,100,0,0,0
09494000,0,0,0,0,0,0,5.89,0,0,0,2.36,0,0.02,0,0,40.85,47.71,0.02,0,3.01,0,0,0,0,0,0,0,0,0,0,0,0,0,0,0,0,0,0,0,3.66,96.34,0,0,0
09497500,0,0,0.03,0,0.22,0,3.06,0.85,0,0.01,1.23,0.42,5.66,0,0.22,24.95,52.48,9.68,0,1.06,0,0,0,0,0,0,0,0,0,0,0,0,0,0,0,0,0,0,0,6.79,93.21,0,0,0
09497800,0,0,0,0,0,0,0,0,0,0,0,0,0,0,0,0.02,69.34,30.52,0,0,0,0,0,0,0,0,0,0,0,0,0,0,0,0,0,0,0,0,0,0.77,99.23,0,0,0
09497980,0,0,0,0,0,0,0,0,0,0,0,6.49,0,0,0,11.24,12.43,69.77,0,0,0,0,0,0,0,0,0,0,0,0,0,0,0,0,0,0,0,0,0,0,100,0,0,0
09505200,0,0,0,0,0,0,0,0,0,0,55.43,0,0.2,0,0,0,44.3,0.03,0,0,0,0,0,0,0,0,0,0,0,0,0,0,0,0,0,0,0,0,0,97.69,2.31,0,0,0
09505350,0,0,0,0,0,0,0,0,0,0,45.85,2.45,12.87,0,0,0,19.85,0.02,0,0,0,0,0,0,0,0,0,0,0,0,0,0,0,0,0,0,0,0,0,85.31,14.69,0,0,0
09505800,0,0,0,0,0,0,0,0.02,0,0,37.89,3.95,14.5,0,0,14.91,9.55,19.01,0,0,0,0,0,0,0,0,0,0,0,0,0,0,0,0,0,0,0,0,0,88.96,11.04,0,0,0
09508300,0,0,0,0,0,0,0,0,0,0,0,0.01,0,0.14,0,0,0,74.4,0,25.45,0,0,0,0,0,0,0,0,0,0,0,0,0,0,0,0,0,0,0,0,100,0,0,0
09510200,0,0,0,0,0,0,0,0,0,0,0,5.36,0,5.06,0,0,6.19,82.84,0,0.02,0,0,0,0,0,0,0,0,0,0,0,0,0,0,0,0,0,0,0,0,100,0,0,0
09512280,0,0,0,0,0,0,0,0,0,0,0,1.65,0,0.04,0,0,21.39,76.65,0,0,0,0,0,0,0,0,0,0,0,0,0,0,0,0,0,0,0,0,0,0,100,0,0,0
09513780,0,0,0,0,0,0,0,0,0,0,0,0,0.17,0,0,0,32.12,67.71,0,0,0,0,0,0,0,0,0,0,0,0,0,0,0,0,0,0,0,0,0,0,100,0,0,0
10023000,0,0,0,0,0,0,0,0,0.03,0,0,0,0.11,0,0,53.46,46.4,0,0,0,0,0,0,0,0,0,0,0,0,0,0,0,0,0,0,0,100,0,0,0,0,0,0,0
10166430,0,0,0,0,0,0,0,0,0,0,0,0,0,0,1.08,0,1.21,0,0,97.7,0,0,0,0,0,0,0,0,0,0,0,0,0,0,0,0,0,0,0,0,100,0,0,0
10172700,0,0,0,0,0,0,0,0,0,0,0,0,0,0,15.23,0,0.31,84.46,0,0,0,0,0,0,0,0,0,0,0,0,0,0,0,0,0,0,0,0,0,0,100,0,0,0
10172800,0,0,0,0,0,0,0,0,0,0,0,0,0,0,0,0,0.46,1.55,0,97.99,0,0,0,0,0,0,0,0,0,0,0,0,0,0,0,0,0,0,0,0,100,0,0,0
10173450,0,0,0,0,0,0,0,0,0,0,0.69,0,0,0,0,77.38,21.82,0,0,0.12,0,0,0,0,0,0,0,0,0,0,0,0,0,0,0,0,0,0,0,100,0,0,0,0
10205030,0,0,0,0,0,0,0,0,0,0,0,0,0,0,0,44.58,18.74,22.99,0,13.69,0,0,0,0,0,0,0,0,0,0,0,0,0,0,0,0,0,0,0,100,0,0,0,0
10234500,0,0,0,0,0,0,0,0,0,0,0,0,0,0,7.47,32.47,0.03,17.6,0,42.33,0,0,0,0,0,0,0,0,0,0,0,0,0,0,0,0,0,0,0,100,0,0,0,0
10242000,0,0,0,0,0.05,0,0,0,0,0,0.09,0,0,0,0.03,0.68,32.58,24.27,0,42.31,0,0,0,0,0,0,0,0,0,0,0,0,0,0,0,0,0,0,0,98.88,1.12,0,0,0
10244950,0,0,0,0,0,0,0,0,0,0,0,0,0,0,0.5,0,0,0.08,0,99.42,0,0,0,0,0,0,0,0,0,0,0,0,0,0,0,0,0,0,0,0,100,0,0,0
10249300,0,0,0,0,0,0,0,0,0,0,0,0.02,0,0.4,0,0,0,0.98,0,98.6,0,0,0,0,0,0,0,0,0,0,0,0,0,0,0,0,0,0,0,0,100,0,0,0
10258000,0,0,0,0,0,0,0,0,0,0,0,0,0,0.11,0,0,0,74.25,0,25.64,0,0,0,0,0,0,0,0,0,0,0,0,0,0,0,0,0,0,0,0,3.32,0,96.68,0
10258500,0,0,0,0,0,0,0,0,0,0,0,0.06,0,0.08,0,0,42.84,56.8,0,0,0,0,0,0,0,0,0,0,0,0,0,0,0,0,0,0,0,0,0,0,2.81,0,97.19,0
10259000,0,0,0,0,0,0,0,0,0,0,0,0,0,0,0,0,0.17,99.33,0,0.49,0,0,0,0,0,0,0,0,0,0,0,0,0,0,0,0,0,0,0,0,0.16,0,99.84,0
10259200,0,0,0,0,0,0,0,0,0,0,0,0,0,0,0,0,0.26,99.74,0,0,0,0,0,0,0,0,0,0,0,0,0,0,0,0,0,0,0,0,0,0,0,0,100,0
10263500,0,0,0,0,0,0,0,0,0,0,0,0.25,0,0,0,0,0,17.18,0,82.57,0,0,0,0,0,0,0,0,0,0,0,0,0,0,0,0,0,0,0,0,0,0,100,0
10296000,0,0,0,0,0,0,0,0,0,0,0,0,0,0,0,3.2,0,64.43,2.33,29.89,0,0,0,0,0,0,0,0,0,0,0,0,0,0,0,0,0,0,0,0,0,100,0,0
10296500,0,0,0,0,0,0,0,0,0,0,0,0,0,0,0,2.37,0,69.53,1.72,26.26,0,0,0,0,0,0,0,0,0,0,0,0,0,0,0,0,0,0,0,0,0.28,99.72,0,0
10301500,0,0,0.04,0,6.97,0,0,0,0,2.36,0,10.42,0,10.12,11.23,0.27,9.43,38.19,0.2,10.3,0,0,0,0,0,0,0,0,0,0,0,0,0,0,0,0,0,0,0,0,61.06,38.94,0,0
10309000,0,0,0,0,0,0,0,0,0,0,0,0,0,0,0,14.49,1.71,37.53,9.13,37.1,0,0,0,0,0,0,0,0,0,0,0,0,0,0,0,0,0,0,0,0,1.15,98.85,0,0
10310500,0,0,0,0,0,0,0,0,0,0,0,0,0,5.13,0,0,0,94.78,0,0.08,0,0,0,0,0,0,0,0,0,0,0,0,0,0,0,0,0,0,0,0,0,100,0,0
10312000,0,0.01,0,0,5.99,0,0,0,0,2.29,0,4.86,0,15.12,12.89,6.19,6.98,26.73,3.05,15.84,0,0,0,0,0,0,0,0,0,0,0,0,0,0,0,0,0,0,0,0,34.9,65.1,0,0
10316500,0,0,0,0,0,0,0,0,0,0,0,0,0,0,19.05,0,0,0.18,0,80.77,0,0,0,0,0,0,0,0,0,0,0,0,0,0,0,0,0,0,0,0,100,0,0,0
10329500,0,0,0,0,0,0,0,0,0,0,0,0,0.01,0,0.02,35.55,52.04,11.82,0,0.07,0,0,0,0,0,0,0,0,0,0,0,0,0,0,0,0,0,0,0,0,100,0,0,0
10336645,0,0,0,0,0,0,0,0,0,0,0,0.22,0,0,0,98.45,0,1.06,0,0,0,0,0,0,0,0,0,0,0,0,0,0,0,0,0,0,0,0,0,0,0,100,0,0
10336660,0,0,0,0,0,0,0,0,0,0,0,2.99,0,0,0,0.24,0,2.1,0.62,93.99,0,0,0,0,0,0,0,0,0,0,0,0,0,0,0,0,0,0,0,0,0,100,0,0
10336740,0,0,0,0,0,0,0,0,0,0,0,0,0,0.59,0,0,0,99.39,0,0,0,0,0,0,0,0,0,0,0,0,0,0,0,0,0,0,0,0,0,0,0,100,0,0
10343500,0,0,0,0,0,0,0,0,0,0,0,0,0,0,0,98.55,0,0.81,0,0.64,0,0,0,0,0,0,0,0,0,0,0,0,0,0,0,0,0,0,0,0,0,100,0,0
10348850,0,0,0,0,0,0,0,0,0,0,0,0,0,0,0,0,3.26,96.56,0,0.18,0,0,0,0,0,0,0,0,0,0,0,0,0,0,0,0,0,0,0,0,0,100,0,0
10396000,0,0,0,0,0.03,0,0,5.06,25.77,0,0,0,0,0,48.66,0,0,0,11,9.44,0,0,0,0,0,0,0,0,0,0,0,0,0,0,0,0,0,0,0,0,100,0,0,0
11025500,0,0,0,0,0,0,0,0,0,0,0,10.86,0,0,0,0,6.43,82.2,0,0,0,0,0,0,0,0,0,0,0,0,0,0,0,0,0,0,0,0,0,0,0,0,0,100
11098000,0,0,0,0,0,0,0,0,0,0,0,0,0,0,0.33,0,0,0.89,0,98.79,0,0,0,0,0,0,0,0,0,0,0,0,0,0,0,0,0,0,0,0,0,0,100,0
11124500,0,0,0,0,0,0,0,0,0,0,0,0,0,0,14.59,0,0,63.22,0,22.18,0,0,0,0,0,0,0,0,0,0,0,0,0,0,0,0,0,0,0,0,0,0,100,0
11138500,0,0,0,0,0,0,0,0,0,0,0,0,0,0,0.03,0,0.03,99.09,0,0.47,0,0,0,0,0,0,0,0,0,0,0,0,0,0,0,0,0,0,0,0,0,0,100,0
11141280,0,0,0,0,0,0,0,0,0,0,0,0,0,0,0,0,0.88,99.12,0,0,0,0,0,0,0,0,0,0,0,0,0,0,0,0,0,0,0,0,0,0,0,0,100,0
11143000,0,0,0,0,0,0,0,0,0,0,0,0,0,0,0,0,0,0.13,0,99.87,0,0,0,0,0,0,0,0,0,0,0,0,0,0,0,0,0,0,0,0,0,0,100,0
11148900,0,0,0,0,0,0,0,0,0,0.03,0,1.3,0,0,0.04,0,39.87,58.72,0,0.02,0,0,0,0,0,0,0,0,0,0,0,0,0,0,0,0,0,0,0,0,0,0,100,0
11151300,0,0,0,0,0,0,0,0,0,0.58,0,0,0,0,8.93,0,74.73,15.75,0,0,0,0,0,0,0,0,0,0,0,0,0,0,0,0,0,0,0,0,0,0,0,0,100,0
11160000,0,0,0,0,0.01,0,0,0,0,0,0,0,0,0.03,23.3,0.02,0,30.06,0,46.6,0,0,0,0,0,0,0,0,0,0,0,0,0,0,0,0,0,0,0,0,0,0,100,0
11162500,0,0,0,0,0,0,0,0,0,0,0,0,0,0,0,0,0,100,0,0,0,0,0,0,0,0,0,0,0,0,0,0,0,0,0,0,0,0,0,0,0,0,100,0
11176400,0,0,0,0,0,0,0,0,0,0,0,0,0.66,0,7.43,0,54.95,36.96,0,0,0,0,0,0,0,0,0,0,0,0,0,0,0,0,0,0,0,0,0,0,0,0,100,0
11180500,0,0,5.96,0,6.59,0,0,0,0,0,0,0,0,0,0,0,86.85,0.59,0,0,0,0,0,0,0,0,0,0,0,0,0,0,0,0,0,0,0,0,0,0,0,0,100,0
11180960,0,0,0,0,0,0,0,0,0,0.07,0,0,0,0,0.36,0,2.45,97.12,0,0,0,0,0,0,0,0,0,0,0,0,0,0,0,0,0,0,0,0,0,0,0,0,100,0
11224500,0,0,0,0,0,0,0,0,0,0,0,0,0,0.02,0,0,50.26,49.72,0,0,0,0,0,0,0,0,0,0,0,0,0,0,0,0,0,0,0,0,0,0,0,0,100,0
11230500,0,0,0,0,0,0,0,0,0,0,0,0,0,0,0,0,0,45.24,0,54.68,0,0,0,0,0,0,0,0,0,0,0,0,0,0,0,0,0,0,0,0,0,100,0,0
11237500,0,0,0,0,0,0,0,0,0,0,0,0,0,0,0,87.25,0,1.08,0,11.67,0,0,0,0,0,0,0,0,0,0,0,0,0,0,0,0,0,0,0,0,0,100,0,0
11253310,0,0,0,0,0.03,0,0,0,0,0,0,0,0,0,0,0,42.25,57.72,0,0,0,0,0,0,0,0,0,0,0,0,0,0,0,0,0,0,0,0,0,0,0,0,100,0
11264500,0,0,0,0,0,0,0,0,0,0,0,0,0,0,0,9.17,0,45.17,0,45.47,0,0,0,0,0,0,0,0,0,0,0,0,0,0,0,0,0,0,0,0,0,100,0,0
11266500,0,0,0,0,0,0,0,0,0,0,0,0,0,0,0,16.23,0,38.36,0,45.21,0,0,0,0,0,0,0,0,0,0,0,0,0,0,0,0,0,0,0,0,0,100,0,0
11274500,0,0,0,0,7.19,0,0,0,0,0,0,0,0.16,0,0,0,32.94,59.71,0,0,0,0,0,0,0,0,0,0,0,0,0,0,0,0,0,0,0,0,0,0,0,0,100,0
11274630,0,0,0.01,0,0.15,0,0,0,0,0,0,0,0,0.03,0,0,49.54,50.27,0,0,0,0,0,0,0,0,0,0,0,0,0,0,0,0,0,0,0,0,0,0,0,0,100,0
11281000,0,0,0,0,0,0,0,0,0,0,0,0,0,0,0,12.67,0,87.16,0,0.17,0,0,0,0,0,0,0,0,0,0,0,0,0,0,0,0,0,0,0,0,0,100,0,0
11284400,0,0,0,0,0,0,0,0,0,0,0,0,0,0,0,99.28,0,0.02,0,0.7,0,0,0,0,0,0,0,0,0,0,0,0,0,0,0,0,0,0,0,0,0,100,0,0
11299600,0,0,0,0,0,0,0,0,0,0,0,0,0,0,0,0,99.14,0.86,0,0,0,0,0,0,0,0,0,0,0,0,0,0,0,0,0,0,0,0,0,0,0,100,0,0
11342000,0,0,0,0,0,0,0,0,1.03,0,0,0.01,0,0,5.69,6.19,0,18.7,22.34,45.95,0,0,0,0,0,0,0,0,0,0,0,0,0,0,0,0,0,0,0,0,0,6.59,93.41,0
11355500,0,0,0,0,0,0,0,0,0,7.75,0,20.07,0,2.01,40.61,3.08,0,0,26.43,0,0,0,0,0,0,0,0,0,0,0,0,0,0,0,0,0,0,0,0,0,0,100,0,0
11381500,0,0,0,0,0.03,0,0,0,0,0.01,0,0,0,0,10.77,5.27,0,0.03,73.31,10.58,0,0,0,0,0,0,0,0,0,0,0,0,0,0,0,0,0,0,0,0,0,95.18,4.82,0
11383500,0,0,0,0,0,0,0,0,0,0,0,0,0,0,6.68,31.24,0,0,59.89,2.03,0,0,0,0,0,0,0,0,0,0,0,0,0,0,0,0,0,0,0,0,0,97.4,2.6,0
11401500,0,0,0,0,1.3,0,0,0,0.23,0,0,3.05,0,2.8,7.98,11.36,12.43,45.27,1.91,13.34,0,0,0,0,0,0,0,0,0,0,0,0,0,0,0,0,0,0,0,0,1.82,98.18,0,0
11413000,0,0.01,0,0,0,0,0,0,0,0,0,0,0,0.02,0,8.37,0,0.04,43.46,47.96,0,0,0,0,0,0,0,0,0,0,0,0,0,0,0,0,0,0,0,0,0,100,0,0
11427000,0,0,0,0,0,0,0,0,0,0,0,0,0,0,0,31.26,0,2.37,26.7,39.52,0,0,0,0,0,0,0,0,0,0,0,0,0,0,0,0,0,0,0,0,0,100,0,0
11451100,0,0,0,0,0,0,0,0,0,0,0,0,0,0,0,33.04,0,4.21,0,62.75,0,0,0,0,0,0,0,0,0,0,0,0,0,0,0,0,0,0,0,0,0,0,100,0
11468500,0,0,0,0,0,0,0,0,0,0,0,0,0,0,0,64.36,0,0,0,35.64,0,0,0,0,0,0,0,0,0,0,0,0,0,0,0,0,0,0,0,0,0,0,100,0
11473900,0,0,0,1.58,1.28,0,0,0,0,0,0,0,0,0,1.16,28.77,0,2.16,48.88,16,0,0,0,0,0,0,0,0,0,0,0,0,0,0,0,0,0,0,0,0,0,0,100,0
11475560,0,0,0,0,0,0,0,0,0,0,0,0,0,0,0,1.87,0,0,98.13,0,0,0,0,0,0,0,0,0,0,0,0,0,0,0,0,0,0,0,0,0,0,0,100,0
11476600,0,0,0,0,0,0,0,0,0,0,0,0,0,0,0,0,0,0,100,0,0,0,0,0,0,0,0,0,0,0,0,0,0,0,0,0,0,0,0,0,0,0,100,0
11478500,0,0,0,0,0,0,0,0,0,0,0,0,0,0,0,20.54,0,4,75.45,0,0,0,0,0,0,0,0,0,0,0,0,0,0,0,0,0,0,0,0,0,0,0,100,0
11480390,0,0,0,0,0,0,0,0,0,0,0,0,0,0,0,0,0,0,85.74,14.15,0,0,0,0,0,0,0,0,0,0,0,0,0,0,0,0,0,0,0,0,0,0,100,0
11481200,0,0,0,0,0,0,0,0,0.01,0,0,0,0,0,0,84.98,0,0,15.01,0,0,0,0,0,0,0,0,0,0,0,0,0,0,0,0,0,0,0,0,0,0,0,100,0
11482500,0,0,0,0,0,0,0,0,0,0,0,0,0,0,0,10.63,0,0,89.34,0.03,0,0,0,0,0,0,0,0,0,0,0,0,0,0,0,0,0,0,0,0,0,0,99.69,0
11497500,0,0,0,0,4.82,0,0,0,0.02,0.98,0,25.55,0,1.55,61.71,3.02,0.93,1.41,0,0,0,0,0,0,0,0,0,0,0,0,0,0,0,0,0,0,0,0,0,0,100,0,0,0
11501000,0,1.82,2.67,2.25,8.6,0,0,0,0.71,6.76,0,31.03,0,6.71,35.27,2.12,1.46,0.47,0,0.01,0,0,0,0,0,0,0,0,0,0,0,0,0,0,0,0,0,0,0,0,100,0,0,0
11522500,0,0,0,0,0,0,0,0,0,0,0,0,0,0,0,0,0,0.43,1.09,98.4,0,0,0,0,0,0,0,0,0,0,0,0,0,0,0,0,0,0,0,0,0,0,100,0
11523200,0,0,0,0,0,0,0,0,0,0,0,0,0,0,0,0,0,12.53,0,87.21,0,0,0,0,0,0,0,0,0,0,0,0,0,0,0,0,0,0,0,0,0,0,100,0
11528700,0,0,0,0,0,0,0,0,0.21,0,0,0,0,0,0,24.01,0,24.2,11.42,40.07,0,0,0,0,0,0,0,0,0,0,0,0,0,0,0,0,0,0,0,0,0,0,100,0
11530000,0,0,0,0,0,0,0,0,0.06,0,0,0,0,0,0,8.96,0,13.37,7.94,68.78,0,0,0,0,0,0,0,0,0,0,0,0,0,0,0,0,0,0,0,0,0,0,100,0
11532500,0,0,0,0,0,0,0,0,0,0,0,0,0,0,0,1.69,0,0,88.33,9.88,0,0,0,0,0,0,0,0,0,0,0,0,0,0,0,0,0,0,0,0,0,0,100,0
12010000,0,0,0,0,0,0,0,0,0,0,0,0,0,0,0,49.29,0,0,50.55,0,0,0,0,0,0,0,0,0,0,0,0,0,0,0,0,0,0,0,0,0,0,0,100,0
12013500,0,0,0,0,0,0,0,0,7.18,0,0,0,0,0,0,54.97,0,0,37.6,0,0,0,0,0,0,0,0,0,0,0,0,0,0,0,0,0,0,0,0,0,0,0,100,0
12020000,0,0,0,0,0,0,0,0,0,0,0,0,0,0,0,34.96,0,0,49.04,15.7,0,0,0,0,0,0,0,0,0,0,0,0,0,0,0,0,0,0,0,0,0,0,100,0
12025000,0,0,6.77,0,0,0,0,0,46.74,0,0,0,0,0,0,19.08,0,0,24.75,0,0,0,0,0,0,0,0,0,0,0,0,0,0,0,0,0,0,0,0,0,0,27.61,72.39,0
12025700,0,0,0,0,0,0,0,0,0,0,0,0,0,0.23,0,20.36,0,0,64.04,0,0,0,0,0,0,0,0,0,0,0,0,0,0,0,0,0,0,0,0,0,0,100,0,0
12027500,0,0,2.43,0.55,0.83,0,0,0,18.41,0,2.59,0,0,0.02,0,52.06,0,0,19.73,2.01,0,0,0,0,0,0,0,0,0,0,0,0,0,0,0,0,0,0,0,0,0,11.6,88.4,0
12035000,12.11,0.01,1.42,0,0,0,0.37,0,42.33,0,3.41,0,0,0,0,3.78,0,0,31,5.57,0,0,0,0,0,0,0,0,0,0,0,0,0,0,0,0,0,0,0,0,0,0,100,0
12040500,0.15,0.31,0,0,0,0,0,0,12.16,0,0,0,0,0,0,13.88,0,0,17.96,2.73,0,0,0,0,0,0,0,0,0,0,0,0,0,0,0,0,0,0,0,0,0,0,100,0
12041200,0,0.5,0,0,0,0,0,0,4.76,0,0,0,0,3.89,0,7.02,0,0,13.31,10.23,0,0,0,0,0,0,0,0,0,0,0,0,0,0,0,0,0,0,0,0,0,0,100,0
12043000,0,0,0,0,0,0,0,0,4.68,0,0,0,0,0,0,4.27,0,0,56.62,0,0,0,0,0,0,0,0,0,0,0,0,0,0,0,0,0,0,0,0,0,0,0,100,0
12048000,0,0,0,0,0.01,0,0,0,0,0,0,0.01,0,0,0,0.22,0,6.07,14.77,54.33,0,0,0,0,0,0,0,0,0,0,0,0,0,0,0,0,0,0,0,0,0,0,100,0
12054000,0,0,0,0,0,0,0,0,0,0,0,0,0,0,0,0,0,0,44.69,55.31,0,0,0,0,0,0,0,0,0,0,0,0,0,0,0,0,0,0,0,0,0,0,100,0
12056500,0,0,0,0,0,0,0,0,0,0,0,0,0,0,0,0,0,0,24.51,75.32,0,0,0,0,0,0,0,0,0,0,0,0,0,0,0,0,0,0,0,0,0,0,100,0
12073500,0,0,0,0,0,0,0,0,100,0,0,0,0,0,0,0,0,0,0,0,0,0,0,0,0,0,0,0,0,0,0,0,0,0,0,0,0,0,0,0,0,0,100,0
12082500,0,0,0,0,0,0,0,0,0,0,0,0,0,0,0,0,0,0,81.86,11.52,0,0,0,0,0,0,0,0,0,0,0,0,0,0,0,0,0,0,0,0,0,100,0,0
12092000,0,0,0,0,0,0,0,0,0.53,0,0,0,0,0,0,0,0,0,62.18,37.29,0,0,0,0,0,0,0,0,0,0,0,0,0,0,0,0,0,0,0,0,0,100,0,0
12095000,0,0,0.09,0,0,0,0,0,20.36,0,0,0,0,18.08,0,6.49,0,0,50.16,4.82,0,0,0,0,0,0,0,0,0,0,0,0,0,0,0,0,0,0,0,0,0,36.9,63.1,0
12098500,0,0,0,0,0,0,0,0,0,0,0,0,0,0,0,2.4,0,0,43.3,54.06,0,0,0,0,0,0,0,0,0,0,0,0,0,0,0,0,0,0,0,0,0,93.41,6.59,0
12114500,0,0,0,0,0,0,0,0,0,0,0,0,0,0,0,0,0,0,0.16,99.84,0,0,0,0,0,0,0,0,0,0,0,0,0,0,0,0,0,0,0,0,0,100,0,0
12115000,0,0,0,0,0,0,0,0,0,0,0,0,0,0,0,0,0,0,0.4,99.6,0,0,0,0,0,0,0,0,0,0,0,0,0,0,0,0,0,0,0,0,0,100,0,0
12115500,0,0,0,0,0,0,0,0,0,0,0,0,0,0,0,0,0,0,0.26,99.74,0,0,0,0,0,0,0,0,0,0,0,0,0,0,0,0,0,0,0,0,0,100,0,0
12117000,0,0,0,0,0,0,0,0,0.05,0,0,0,0,0,0,0,0,0,99.43,0.52,0,0,0,0,0,0,0,0,0,0,0,0,0,0,0,0,0,0,0,0,0,51.81,48.19,0
12134500,0,0,0,0,0,0,0,0,0,0,0,0,0,0,0,0,0,0,2.86,97.14,0,0,0,0,0,0,0,0,0,0,0,0,0,0,0,0,0,0,0,0,0,100,0,0
12141300,0,0,0,0,0,0,0,0,0,0,0,0,0,0,0,0,0,0,17.69,82.31,0,0,0,0,0,0,0,0,0,0,0,0,0,0,0,0,0,0,0,0,0,100,0,0
12143600,0,0,0,0,0,0,0,0,0,0,0,0,0,0,0,0,0,0,51.62,48.38,0,0,0,0,0,0,0,0,0,0,0,0,0,0,0,0,0,0,0,0,0,100,0,0
12144000,0,0,0,0,0,0,0,0,0,0,0,0,0,0,0,0,0,0,62.7,37.3,0,0,0,0,0,0,0,0,0,0,0,0,0,0,0,0,0,0,0,0,0,100,0,0
12144500,0,0,0,0,0,0,0,0,2.98,0,0,0,0,0,0,0,0,0,35.53,61.34,0,0,0,0,0,0,0,0,0,0,0,0,0,0,0,0,0,0,0,0,0,99.58,0.42,0
12145500,0,0,0,0,0.16,0,0,0,0.85,0,0,0,0,0,0,0,0,0,98.99,0,0,0,0,0,0,0,0,0,0,0,0,0,0,0,0,0,0,0,0,0,0,67.51,32.49,0
12147500,0,0,0,0,0,0,0,0,0,0,0,0,0,0,0,0.68,0,0,5.56,93.76,0,0,0,0,0,0,0,0,0,0,0,0,0,0,0,0,0,0,0,0,0,85.68,14.32,0
12147600,0,0,0,0,0,0,0,0,0,0,0,0,0,0,0,0,0,0,0,100,0,0,0,0,0,0,0,0,0,0,0,0,0,0,0,0,0,0,0,0,0,100,0,0
12149000,0,0,0,0,0.28,0,0,0,14.86,0,0,0,0,0,0,2.59,0,0,33.25,48.65,0,0,0,0,0,0,0,0,0,0,0,0,0,0,0,0,0,0,0,0,0,77.28,22.72,0
12167000,0,0,0,0,0,0,0,0,0,0,0,0,0,0.02,0,0.27,0,0,71.65,27.7,0,0,0,0,0,0,0,0,0,0,0,0,0,0,0,0,0,0,0,0,0,94.56,5.44,0
12175500,0,0,0,0,0,0,0,0,0,0,0,0,0,0,0,0,0,0,2.84,97.16,0,0,0,0,0,0,0,0,0,0,0,0,0,0,0,0,0,0,0,0,0,100,0,0
12178100,0,0,0,0,0,0,0,0,0,0,0,0,0,0,0,0,0,0,0,99.98,0,0,0,0,0,0,0,0,0,0,0,0,0,0,0,0,0,0,0,0,0,100,0,0
12186000,0,0,0,0,0,0,0,0,0,0,0,0,0,0,0,0,0,0,40.19,59.44,0,0,0,0,0,0,0,0,0,0,0,0,0,0,0,0,0,0,0,0,0,100,0,0
12189500,0,0,0,0,0,0,0,0,0,0,0,0,0,0.86,0,0,0,0,36.19,62.02,0,0,0,0,0,0,0,0,0,0,0,0,0,0,0,0,0,0,0,0,0,100,0,0
12340000,0,0,0.47,0,1.31,0,0,0,2.94,4.69,0.86,1.79,0.23,1.04,15.3,9.16,7.92,20.95,4.67,28.44,0,0,0,0,0,0,0,0,0,0,0,0,0,0,0,0,0,100,0,0,0,0,0,0
12358500,0,0,0,0,0,0.05,0,0,0,0,0,0,0,0,0,4.15,0,2.14,34.6,58.12,0,0,0,0,0,0,0,0,0,0,0,0,0,0,0,0,0,100,0,0,0,0,0,0
12374250,0,0,0,0,0,0,0,0,0,0,0,0,0,0,0.33,0.06,0.27,99.34,0,0,0,0,0,0,0,0,0,0,0,0,0,0,0,0,0,0,0,100,0,0,0,0,0,0
12375900,0,0,0,0,0,0,0,0,0.43,0,0,0,0,0,0.45,0.47,0,0,0.63,98.02,0,0,0,0,0,0,0,0,0,0,0,0,0,0,0,0,0,100,0,0,0,0,0,0
12377150,0,0,0,0,0,0,0,0,0,0,0,0,0,0,0,0,0,0,99.83,0.17,0,0,0,0,0,0,0,0,0,0,0,0,0,0,0,0,0,100,0,0,0,0,0,0
12381400,0,0,0,0,0,0,0,0,0,0,0,0,0,0,0,22.4,0,0,41.51,36.09,0,0,0,0,0,0,0,0,0,0,0,0,0,0,0,0,0,100,0,0,0,0,0,0
12383500,0,0,0,0,0,0,0,0,0,0,0,0,0,0,0,1.7,0,0,0.73,97.57,0,0,0,0,0,0,0,0,0,0,0,0,0,0,0,0,0,100,0,0,0,0,0,0
12388400,0,0,0,0,0,0,0,0,0,0,0,0,0,0,0.16,0,0.59,75.62,0,23.63,0,0,0,0,0,0,0,0,0,0,0,0,0,0,0,0,0,100,0,0,0,0,0,0
12390700,0,0,0,0,0,0,0,0,0,0,0,0,0,0,0.56,0,0.72,0.73,4.61,93.35,0,0,0,0,0,0,0,0,0,0,0,0,0,0,0,0,0,100,0,0,0,0,0,0
12411000,0,0,0,0,0,0,0,0,0,0,0,0,0,0,0,0,0,1.85,6.76,91.13,0,0,0,0,0,0,0,0,0,0,0,0,0,0,0,0,0,100,0,0,0,0,0,0
12413000,0,0,0,0,0,0,0,0,0,0,0,0,0,0,0,1.56,0,3.34,2.98,91.98,0,0,0,0,0,0,0,0,0,0,0,0,0,0,0,0,0,100,0,0,0,0,0,0
12413500,0,0,0,0,0,0,0,0,0.04,0,0.59,0,0,0,0.08,1.61,0,3.29,4.44,89.8,0,0,0,0,0,0,0,0,0,0,0,0,0,0,0,0,0,100,0,0,0,0,0,0
12414500,0,0,0,0,0,0,0,0,0,0,0.14,0,0,0,0,3.95,0,12.24,6.75,76.85,0,0,0,0,0,0,0,0,0,0,0,0,0,0,0,0,0,100,0,0,0,0,0,0
12447390,0,0,0,0,0,0,0,0,0,0,0,0,0,0,0,0,0,0.99,0,99.01,0,0,0,0,0,0,0,0,0,0,0,0,0,0,0,0,0,0,0,0,0,100,0,0
12449500,0,0,0,0,0,0,0,0,0,0,0,2.16,0,0.35,0.89,2.67,0.53,24.53,0.01,68.76,0,0,0,0,0,0,0,0,0,0,0,0,0,0,0,0,0,0,0,0,0,100,0,0
12449950,0,0,0,0,0,0,0,0,0,0,0,2.21,0,0.26,1.31,1.99,0.39,36.4,0.01,57.34,0,0,0,0,0,0,0,0,0,0,0,0,0,0,0,0,0,0,0,0,0,100,0,0
12451000,0,0,0,0,0,0,0,0,0,0,0,0,0,0,0,0,0,0,10,89.91,0,0,0,0,0,0,0,0,0,0,0,0,0,0,0,0,0,0,0,0,0,100,0,0
12459000,0.13,0,0,0,0,0,0,0,0,0,0,0,0,1.4,1.87,1.95,0,6.14,0.75,79.74,0,0,0,0,0,0,0,0,0,0,0,0,0,0,0,0,0,0,0,0,0,100,0,0
12462500,0.1,0,0,0,0,0,0,0,0,0,0,0,0,1.08,2.23,1.51,0.66,11.52,0.58,76.07,0,0,0,0,0,0,0,0,0,0,0,0,0,0,0,0,0,0,0,0,0,100,0,0
12488500,0,0,0,0,0,0,0,0,0,0,0,0,0,0,0,0,0,0.18,0.28,99.53,0,0,0,0,0,0,0,0,0,0,0,0,0,0,0,0,0,0,0,0,0,100,0,0
13011500,0,0.01,0,0,0,0,0.25,0,0,0,0,1.2,0,0,0,91.35,0,5.79,0,0.04,0,0,0,0,0,0,0,0,0,0,0,0,0,0,0,0,100,0,0,0,0,0,0,0
13011900,0,2.47,0,0,0,0,0.01,0,0,0,0,0,0,0,0,31.4,0,51.21,0,14.82,0,0,0,0,0,0,0,0,0,0,0,0,0,0,0,0,100,0,0,0,0,0,0,0
13018300,0,0,0,0,0,0,0,0,0,0,0,0,0,0,0,0,0,0,0,100,0,0,0,0,0,0,0,0,0,0,0,0,0,0,0,0,100,0,0,0,0,0,0,0
13023000,0,0,0,0,0,0,0,0,0,0,0,0,0,0,0,10.23,0,33.73,0,55.88,0,0,0,0,0,0,0,0,0,0,0,0,0,0,0,0,100,0,0,0,0,0,0,0
13083000,0,0,0,0,0,0,0,0,0,0,0,0,0,0,53.46,0,23.28,23.26,0,0,0,0,0,0,0,0,0,0,0,0,0,0,0,0,0,0,0,0,100,0,0,0,0,0
13161500,0,0,0,0,0,0,0,0,0,0,0,0,10.15,0,22.68,0,22.75,26.08,0,17.94,0,0,0,0,0,0,0,0,0,0,0,0,0,0,0,0,0,0,67.17,0,32.83,0,0,0
13186000,0,0,0,0,0,0,0,0,0,0,0,0,0,0,0,0.9,0,31.79,0,67.23,0,0,0,0,0,0,0,0,0,0,0,0,0,0,0,0,0,100,0,0,0,0,0,0
13200000,0,0,0,0,0,0,0,0,0.11,0,0,9.68,0,0,2.1,1.43,0,46,0,3.13,0,0,0,0,0,0,0,0,0,0,0,0,0,0,0,0,0,98.62,1.38,0,0,0,0,0
13235000,0,0,0,0,0,0,0,0,0,0,0,0,0,0,0,0.02,0,1.18,0.02,84.99,0,0,0,0,0,0,0,0,0,0,0,0,0,0,0,0,0,100,0,0,0,0,0,0
13240000,0,14.89,0,0,0,0,0,0,0,0,0,0,0,0,0,0.04,0,0.08,0.04,84.66,0,0,0,0,0,0,0,0,0,0,0,0,0,0,0,0,0,100,0,0,0,0,0,0
13302500,0,0,0.1,0.03,0.33,0,0,0,1.24,3.58,0,1.75,0,0.98,7.56,1.15,3.22,24.11,1.82,44.29,0,0,0,0,0,0,0,0,0,0,0,0,0,0,0,0,0,100,0,0,0,0,0,0
13310700,0,0,0,0,0,0,0,0,0,0,0,0,0,0,0,0.01,0,24.13,0.01,65,0,0,0,0,0,0,0,0,0,0,0,0,0,0,0,0,0,100,0,0,0,0,0,0
13313000,0,0,0,0,0,0,0,0,0,0,0,0,0,0,0,0.35,0,10.26,1.79,24.72,0,0,0,0,0,0,0,0,0,0,0,0,0,0,0,0,0,100,0,0,0,0,0,0
13331500,0,0,0,0,0,0,0,0,0.01,0,0,0,0,0,12.86,0,0,0,28.22,46.74,0,0,0,0,0,0,0,0,0,0,0,0,0,0,0,0,0,0,100,0,0,0,0,0
13336500,0,0,0,0,0,0,0,0,0,0,0,0,0,0,0,4.12,0,0.99,7.45,87.36,0,0,0,0,0,0,0,0,0,0,0,0,0,0,0,0,0,100,0,0,0,0,0,0
13337000,0,0,0,0,0,0,0,0,0,0,0,0,0,0,0,11.07,0,3.83,25.89,58.98,0,0,0,0,0,0,0,0,0,0,0,0,0,0,0,0,0,100,0,0,0,0,0,0
13338500,0,0,0,0,0,0,0,0.5,3.2,0,6.77,0,0,0,14.51,41.52,0.03,17.83,0.46,15.1,0,0,0,0,0,0,0,0,0,0,0,0,0,0,0,0,0,74.01,25.99,0,0,0,0,0
13340000,0,0,0,0,0,0,0,0.11,2.89,0,5.33,0,0,0,8.93,18.08,0.39,6.36,8.82,48.98,0,0,0,0,0,0,0,0,0,0,0,0,0,0,0,0,0,86.25,13.75,0,0,0,0,0
13340600,0,0,0,0,0,0,0,0,0,0,0,0,0,0,0,6.64,0,2.97,31.08,59.27,0,0,0,0,0,0,0,0,0,0,0,0,0,0,0,0,0,100,0,0,0,0,0,0
13351000,0,0,0,0,0.39,0,0,0.8,1.68,9.3,22.66,0.23,1.73,0,53.7,8.26,0,0.48,0,0.52,0,0,0,0,0,0,0,0,0,0,0,0,0,0,0,0,0,5.91,94.09,0,0,0,0,0
14020000,0,0,0,0,0,0,0,0,0.15,0,0,0,0,0,12.74,0,0,0,42.15,44.71,0,0,0,0,0,0,0,0,0,0,0,0,0,0,0,0,0,0,100,0,0,0,0,0
14080500,0,1.05,0,0,7.2,0,0,0.02,3.76,11.4,1.37,1.05,0.89,0.45,48.07,0.48,23.76,0.17,0,0,0,0,0,0,0,0,0,0,0,0,0,0,0,0,0,0,0,0,100,0,0,0,0,0
14092750,0,0,0,0,0,0,0,0,0,0,0,0,0,0,0.07,18.9,0,0,79.01,0,0,0,0,0,0,0,0,0,0,0,0,0,0,0,0,0,0,0,0,0,0,100,0,0
14096850,0,0,0,0,3.37,0,0,0.14,0,0.71,0,24.77,10.62,0,21.87,9.48,23.47,0.05,5.52,0,0,0,0,0,0,0,0,0,0,0,0,0,0,0,0,0,0,0,55.5,0,0,44.5,0,0
14101500,0,0,1.28,0,0.05,0,0,0,0,10.86,0,0.02,0,0,53.04,15.07,0,1.91,17.01,0,0,0,0,0,0,0,0,0,0,0,0,0,0,0,0,0,0,0,50.52,0,0,49.48,0,0
14113000,0,0,0,0.12,4.47,0,0,0,16.8,2.97,0.14,0,2.03,0,45.84,10.18,0.5,0,14.04,2.75,0,0,0,0,0,0,0,0,0,0,0,0,0,0,0,0,0,0,53.32,0,0,46.68,0,0
14137000,0,0,0,0,0,0,0,0,0.02,0,0,0,0,0,0,0.02,0,0,96.85,0,0,0,0,0,0,0,0,0,0,0,0,0,0,0,0,0,0,0,0,0,0,100,0,0
14138800,0,0,0,0,0,0,0,0,0,0,0,0,0,0,0,0,0,0,100,0,0,0,0,0,0,0,0,0,0,0,0,0,0,0,0,0,0,0,0,0,0,100,0,0
14138870,0,0,0,0,0,0,0,0,0,0,0,0,0,0,0,0,0,0,99.97,0,0,0,0,0,0,0,0,0,0,0,0,0,0,0,0,0,0,0,0,0,0,100,0,0
14138900,0,0,0,0,0,0,0,0,0,0,0,0,0,0,0,0,0,0,98.5,0,0,0,0,0,0,0,0,0,0,0,0,0,0,0,0,0,0,0,0,0,0,100,0,0
14139800,0,0,0,0,0,0,0,0,0,0,0,0,0,0,0,0,0,0,100,0,0,0,0,0,0,0,0,0,0,0,0,0,0,0,0,0,0,0,0,0,0,100,0,0
14141500,0,0,0,0,0,0,0,0,0.15,0,0,0,0,0,0,0,0,0,99.85,0,0,0,0,0,0,0,0,0,0,0,0,0,0,0,0,0,0,0,0,0,0,100,0,0
14154500,0,0,0,0,0,0,0,0,0,0,0,0,0,0,0,11.16,0,0,86.18,2.66,0,0,0,0,0,0,0,0,0,0,0,0,0,0,0,0,0,0,0,0,0,100,0,0
14158500,0,0,0,0.45,0,0,0,0,0,0,0,0,0,0,0,0,0,0,97.33,0,0,0,0,0,0,0,0,0,0,0,0,0,0,0,0,0,0,0,0,0,0,100,0,0
14158790,0,0,0,0,0,0,0,0,0,0,0,0,0,0,0,0,0,0,100,0,0,0,0,0,0,0,0,0,0,0,0,0,0,0,0,0,0,0,0,0,0,100,0,0
14166500,0,0,0,0.03,0,0,0,0,11.05,0,12.31,0,0,0,0,30.1,0,0,46.51,0,0,0,0,0,0,0,0,0,0,0,0,0,0,0,0,0,0,0,0,0,0,0,100,0
14182500,0,0,0,0,0,0,0,0,0.1,0,0,0,0,0,0.05,0,0,0,99.86,0,0,0,0,0,0,0,0,0,0,0,0,0,0,0,0,0,0,0,0,0,0,100,0,0
14185000,0,0,0,0,0,0,0,0,0,0,0,0,0,0,0,0,0,0,99.72,0,0,0,0,0,0,0,0,0,0,0,0,0,0,0,0,0,0,0,0,0,0,100,0,0
14185900,0,0,0,0,0,0,0,0,0,0,0,0,0,0,0,0,0,0,100,0,0,0,0,0,0,0,0,0,0,0,0,0,0,0,0,0,0,0,0,0,0,100,0,0
14187000,0,0,0,0,0,0,0,0,0.23,0,0,0,0,0,0,0,0,0,99.77,0,0,0,0,0,0,0,0,0,0,0,0,0,0,0,0,0,0,0,0,0,0,100,0,0
14216500,0,0,0,0,0,0,0,0,0,0,0,0,0,0,0,4.57,0,0,62.84,30.9,0,0,0,0,0,0,0,0,0,0,0,0,0,0,0,0,0,0,0,0,0,100,0,0
14222500,0,0,0,0,0,0,0,0,0,0,6.21,0,0,0,0,45.94,0,0,20.28,0,0,0,0,0,0,0,0,0,0,0,0,0,0,0,0,0,0,0,0,0,0,56.37,43.63,0
14232500,0,0,0,0,0,0,0,0,0,0,0,0,0,0,0,0.03,0,0,33.94,59.48,0,0,0,0,0,0,0,0,0,0,0,0,0,0,0,0,0,0,0,0,0,100,0,0
14233400,0.45,0.37,0,0,0,0,0,0,1.63,0,0,0,0,0.22,0,0.95,0,0,34.44,51.68,0,0,0,0,0,0,0,0,0,0,0,0,0,0,0,0,0,0,0,0,0,100,0,0
14236200,0,0,0,0,0,0,0,0,0,0,0,0,0,0,0,5.1,0,0,78.44,0.01,0,0,0,0,0,0,0,0,0,0,0,0,0,0,0,0,0,0,0,0,0,100,0,0
14301000,0,0,0,0,0,0,0,0,0.05,0,2.9,0,0,0,0,73.26,0,0,23.6,0,0,0,0,0,0,0,0,0,0,0,0,0,0,0,0,0,0,0,0,0,0,0,100,0
14303200,0,0,0,0,0,0,0,0,0,0,0,0,0,0,0,0,0,0,100,0,0,0,0,0,0,0,0,0,0,0,0,0,0,0,0,0,0,0,0,0,0,0,100,0
14305500,0,0,0,0,0,0,0,0,0,0,0,0,0,0,0,11.97,0,0,87.74,0,0,0,0,0,0,0,0,0,0,0,0,0,0,0,0,0,0,0,0,0,0,0,100,0
14306340,0,0,0,0,0,0,0,0,0,0,0,0,0,0,0,0,0,0,100,0,0,0,0,0,0,0,0,0,0,0,0,0,0,0,0,0,0,0,0,0,0,0,100,0
14306500,0,0,0,0,0,0,0,0,2.04,0,0.04,0,0,0,0,9.27,0,0,88.65,0,0,0,0,0,0,0,0,0,0,0,0,0,0,0,0,0,0,0,0,0,0,0,100,0
14308000,0,0,0,0,0,0,0,0,0,0,0,0,0,0,0,47.81,0,0,24.81,27.3,0,0,0,0,0,0,0,0,0,0,0,0,0,0,0,0,0,0,0,0,0,68.05,31.95,0
14308990,0,0,0,0,0,0,0,0,0,0,0,0,0,0,0,8.81,0,45.53,26.32,19.34,0,0,0,0,0,0,0,0,0,0,0,0,0,0,0,0,0,0,0,0,0,0,100,0
14309500,0,0,0,0,0,0,0,0,0,0,0,0,0,0,0,6.59,0,0,59.68,33.33,0,0,0,0,0,0,0,0,0,0,0,0,0,0,0,0,0,0,0,0,0,0,100,0
14316700,0,0,0,0,0,0,0,0,0,0,0,0,0,0,0,2.16,0,0,70.53,27.09,0,0,0,0,0,0,0,0,0,0,0,0,0,0,0,0,0,0,0,0,0,100,0,0
14321000,0,0,0,0,0,0,0.02,0,0.35,0,2.87,0,0,0.01,1.25,36.77,0.15,4.72,26.68,26.98,0,0,0,0,0,0,0,0,0,0,0,0,0,0,0,0,0,0,0,0,0,37.89,62.11,0
14325000,0,0,0,0,0,0,0,0,0,0,0,0,0,0,0,4.05,0,0,95.95,0,0,0,0,0,0,0,0,0,0,0,0,0,0,0,0,0,0,0,0,0,0,0,100,0
14359000,0,0,0.59,0.17,1.88,0,0.16,0,5.02,2.11,0.05,0.67,3.32,0.67,10.41,29.67,8.03,10.61,20.13,6.37,0,0,0,0,0,0,0,0,0,0,0,0,0,0,0,0,0,0,0,0,0,78.28,21.72,0
14362250,0,0,0,0,0,0,0,0,0,0,0,0,0,0,0,0,0,0.31,0,99.69,0,0,0,0,0,0,0,0,0,0,0,0,0,0,0,0,0,0,0,0,0,0,100,0
14400000,0,0,0,0,0,0,0,0,0,0,0,0,0,0,0,0,0,0,99.89,0,0,0,0,0,0,0,0,0,0,0,0,0,0,0,0,0,0,0,0,0,0,0,100,0
