SITENO,COMID,dataset,huc_cd,station_name,state,lat_va,long_va,coord_datum,dec_lat_va,dec_long_va,dec_coord_datum,alt_va,alt_meters,alt_datum,NWIS_drain_area_sqmi,NHD_drain_area_sqkm,basin_slope,elev_mean,elev_min,elev_max,upstream_site,no_upstream,tz_cd,site_NWIS
01013500,724696,CAMELS,01010003,Fish River Near Fort Kent,ME,471415,683458,NAD83,47.2375,-68.58277778,NAD83,510.64,155.64,NAVD88,870,2258.63,8.38,274.14,155.41,608.91,,NA,EST,http://waterdata.usgs.gov/nwis/nwisman/?site_no=01013500
01022500,2677104,CAMELS,01050002,Narraguagus River At Cherryfield,ME,443629,675607,NAD83,44.60805556,-67.93527778,NAD83,43.89,13.38,NAVD88,227,840.57,5.1,111.56,14.82,451.35,,NA,EST,http://waterdata.usgs.gov/nwis/nwisman/?site_no=01022500
01030500,3923,CAMELS,01020003,Mattawamkeag River Near Mattawamkeag,ME,453004,681821,NAD83,45.5011111,-68.3058333,NAD83,210.62,64.2,NAVD88,1419,3673.94,4.29,172.41,63.57,740.53,,NA,EST,http://waterdata.usgs.gov/nwis/nwisman/?site_no=01030500
01031500,1722317,CAMELS,01020004,Piscataquis River Near Dover-Foxcroft,ME,451030,691853,NAD83,45.175,-69.3147222,NAD83,357.66,109.01,NAVD88,296,774.2,8.09,302.61,109.16,798.33,,NA,EST,http://waterdata.usgs.gov/nwis/nwisman/?site_no=01031500
01047000,3321976,CAMELS,01030003,Carrabassett River Near North Anson,ME,445209,695718,NAD83,44.86916667,-69.955,NAD83,302.84,92.31,NAVD88,352,905,13.25,375.7,93.68,1290.64,,NA,EST,http://waterdata.usgs.gov/nwis/nwisman/?site_no=01047000
01048000,3322258,MOPEX,01030003,Sandy River Near Mercer,ME,444229,695615,NAD83,44.70805556,-69.9375,NAD83,195.79,59.68,NAVD88,516,1338.08,11.66,305.04,57.01,1257.55,,NA,EST,http://waterdata.usgs.gov/nwis/nwisman/?site_no=01048000
01052500,19334265,CAMELS,01040001,Diamond River Near Wentworth Location,NH,445239,710327,NAD83,44.8775,-71.0575,NAD83,1258.84,383.69,NAVD88,152,396.16,17.78,645.8,378.01,1104.17,,NA,EST,http://waterdata.usgs.gov/nwis/nwisman/?site_no=01052500
01054200,6716129,CAMELS,01040002,Wild River At Gilead,ME,442326,705847,NAD83,44.39055556,-70.9797222,NAD83,682.57,208.05,NAVD88,70.1,181.18,25.5,624.12,202.23,1471,,NA,EST,http://waterdata.usgs.gov/nwis/nwisman/?site_no=01054200
01055000,6709987,CAMELS,01040002,Swift River Near Roxbury,ME,443834,703520,NAD83,44.64277778,-70.58888889,NAD83,615.27,187.53,NAVD88,96.4,251.17,18.28,565.01,180.7,1147.36,,NA,EST,http://waterdata.usgs.gov/nwis/nwisman/?site_no=01055000
01055500,6712297,MOPEX,01040002,Nezinscot River At Turner Center,ME,441610,701347,NAD83,44.26944444,-70.2297222,NAD83,275.08,83.84,NAVD88,170,455.48,10.7,186.46,80.31,665.76,,NA,EST,http://waterdata.usgs.gov/nwis/nwisman/?site_no=01055500
01057000,6711893,CAMELS,01040002,Little Androscoggin River Near South Paris,ME,441814,703223,NAD83,44.30388889,-70.5397222,NAD83,446.18,136,NAVD88,73.9,198.59,14.08,280.72,116.24,732.55,,NA,EST,http://waterdata.usgs.gov/nwis/nwisman/?site_no=01057000
01060000,6722249,MOPEX,01060001,Royal River At Yarmouth,ME,434756.94,701041.77,NAD83,43.79915,-70.1782694,NAD83,9.18,2.8,NAVD88,142,365.11,5.68,73.29,0.15,192.88,,NA,EST,http://waterdata.usgs.gov/nwis/nwisman/?site_no=01060000
01064500,9316375,MOPEX,01060002,Saco River Near Conway,NH,435927,710526,NAD83,43.9908333,-71.0905556,NAD83,417.83,127.35,NAVD88,385,1003.51,22.65,548.11,124.23,1915.68,,NA,EST,http://waterdata.usgs.gov/nwis/nwisman/?site_no=01064500
01073000,5845058,CAMELS,01060003,Oyster River Near Durham,NH,430855,705756,NAD27,43.1486955,-70.9650603,NAD83,64.58,19.68,NAVD88,12.1,32.09,4.31,58.53,20.67,116.45,,NA,EST,http://waterdata.usgs.gov/nwis/nwisman/?site_no=01073000
01076500,6731463,MOPEX,01070001,Pemigewasset River At Plymouth,NH,434533,714110,NAD27,43.7592388,-71.6856337,NAD83,456.66,139.19,NAVD88,622,1629.8,21.82,539.18,139.14,1598.76,,NA,EST,http://waterdata.usgs.gov/nwis/nwisman/?site_no=01076500
01078000,6731199,CAMELS,01070001,Smith River Near Bristol,NH,433359,714454,NAD27,43.56646307,-71.747857,NAD83,449.42,136.98,NAVD88,85.8,222.18,13.8,360.27,136.8,856.13,,NA,EST,http://waterdata.usgs.gov/nwis/nwisman/?site_no=01078000
01118300,6140826,CAMELS,01090005,Pendleton Hill Brook Near Clarks Falls, CT,412829.36,715003.25,NAD83,41.4748222,-71.8342361,NAD83,151.98,46.32,NAVD88,4.02,13.73,6.48,90.77,27.72,161.52,,NA,EST,http://waterdata.usgs.gov/nwis/nwisman/?site_no=01118300
01121000,6162583,CAMELS,01100002,Mount Hope River Near Warrenville, CT,415037,721010,NAD27,41.84359288,-72.1689462,NAD83,334.84,102.06,NAVD88,28.6,94.36,7.56,186.17,74.7,383.14,,NA,EST,http://waterdata.usgs.gov/nwis/nwisman/?site_no=01121000
01123000,6162981,CAMELS,01100002,Little River Near Hanover, CT,414018,720310,NAD27,41.6717651,-72.05229807,NAD83,220.32,67.15,NAVD88,30,83.89,7.07,151.57,58.29,241.7,,NA,EST,http://waterdata.usgs.gov/nwis/nwisman/?site_no=01123000
01127000,6149075,MOPEX,01100001,Quinebaug River At Jewett City, CT,413550.97,715902.74,NAD83,41.59749167,-71.9840944,NAD83,62.14,18.94,NAVD88,713,1839.8,6.9,164.66,21.27,392.19,,NA,EST,http://waterdata.usgs.gov/nwis/nwisman/?site_no=01127000
01134500,4570675,CAMELS,01080102,Moose River At Victory, VT,443042,715016,NAD27,44.5117231,-71.8373143,NAD83,1103.46,336.33,NAVD88,75.2,208.88,14.27,536.35,322.14,1047.33,,NA,EST,http://waterdata.usgs.gov/nwis/nwisman/?site_no=01134500
01137500,4594599,CAMELS,01080101,Ammonoosuc River At Bethlehem Junction,NH,441607,713751,NAD27,44.2686741,-71.6303617,NAD83,1180.48,359.81,NAVD88,87.6,238.38,20.98,740.14,346.28,1915.27,,NA,EST,http://waterdata.usgs.gov/nwis/nwisman/?site_no=01137500
01139000,4573927,CAMELS,01080103,Wells River At Wells River, VT,440901,720356,NAD27,44.1503413,-72.0650915,NAD83,505.2,153.98,NAVD88,98.4,259.56,13.57,414.86,123.24,1025.43,,NA,EST,http://waterdata.usgs.gov/nwis/nwisman/?site_no=01139000
01139800,4573939,CAMELS,01080103,East Orange Branch At East Orange, VT,440534,722010,NAD27,44.0928419,-72.33565327,NAD83,1177.59,358.93,NAVD88,8.95,24.7,23.14,540.81,316.7,737.25,,NA,EST,http://waterdata.usgs.gov/nwis/nwisman/?site_no=01139800
01142500,6083547,CAMELS,01080105,Ayers Brook At Randolph, VT,435604,723930,NAD27,43.93450969,-72.6578821,NAD83,630.13,192.06,NAVD88,30.5,79.88,17.48,407.95,193.19,709.56,,NA,EST,http://waterdata.usgs.gov/nwis/nwisman/?site_no=01142500
01144000,6084505,CAMELS,01080105,White River At West Hartford, VT,434251,722507,NAD27,43.71423614,-72.418149,NAD83,374.32,114.09,NAVD88,690,1779.11,21.13,445.55,111.49,1150.41,01142500,1,EST,http://waterdata.usgs.gov/nwis/nwisman/?site_no=01144000
01162500,9343363,CAMELS,01080202,Priest Brook Near Winchendon, MA,424057,720656,NAD27,42.6825859,-72.1150812,NAD83,848.95,258.76,NAVD88,19.4,125.55,6.9,333.59,256.06,575.98,,NA,EST,http://waterdata.usgs.gov/nwis/nwisman/?site_no=01162500
01169000,10294784,CAMELS,01080203,North River At Shattuckville, MA,423818,724332,NAD27,42.63841775,-72.7250922,NAD83,457.86,139.56,NAVD88,89,233.4,15.1,432.02,128.17,706.86,,NA,EST,http://waterdata.usgs.gov/nwis/nwisman/?site_no=01169000
01170100,10294622,CAMELS,01080203,Green River Near Colrain, MA,424212,724016,NAD27,42.70341695,-72.67064738,NAD83,434.51,132.44,NAVD88,41.4,109.21,17.1,410.22,129.58,734.85,,NA,EST,http://waterdata.usgs.gov/nwis/nwisman/?site_no=01170100
01181000,6096297,CAMELS,01080206,West Branch Westfield River At Huntington, MA,421414,725346,NAD27,42.23731169,-72.895654,NAD83,382.94,116.72,NAVD88,94,245.47,13.91,431.94,109.91,680.43,,NA,EST,http://waterdata.usgs.gov/nwis/nwisman/?site_no=01181000
01187300,6105951,CAMELS,01080207,Hubbard River Near West Hartland, CT,420215,725621.58,NAD83,42.0375,-72.93932778,NAD83,594.57,181.22,NGVD29,19.9,53.89,8.76,390.38,159.55,498.53,,NA,EST,http://waterdata.usgs.gov/nwis/nwisman/?site_no=01187300
01195100,6177558,CAMELS,01100004,Indian River Near Clinton, CT,411822.22,723151.72,NAD83,41.3061722,-72.5310333,NAD83,33.83,10.31,NAVD88,5.68,15.86,7.39,68.36,9.04,150.87,,NA,EST,http://waterdata.usgs.gov/nwis/nwisman/?site_no=01195100
01197500,7710210,MOPEX,01100005,Housatonic River Near Great Barrington, MA,421354.9,732116.8,NAD83,42.23191667,-73.3546667,NAD83,682.41,208,NAVD88,282,727.35,11.85,426.54,209.82,799.12,,NA,EST,http://waterdata.usgs.gov/nwis/nwisman/?site_no=01197500
01200000,7712756,MOPEX,01100005,Tenmile River Near Gaylordsville, CT,413931.55,733143.26,NAD83,41.65876389,-73.5286833,NAD83,304,92.66,NGVD29,203,526.82,12.71,249.25,88.35,701.76,,NA,EST,http://waterdata.usgs.gov/nwis/nwisman/?site_no=01200000
01321000,22297114,MOPEX,02020002,Sacandaga River Near Hope ,NY,432112.5,741606.5,NAD83,43.3534722,-74.2684722,NAD83,880.74,268.45,NAVD88,491,1265.13,16.71,581.12,263.16,1085.48,,NA,EST,http://waterdata.usgs.gov/nwis/nwisman/?site_no=01321000
01333000,22290373,CAMELS,02020003,Green River At Williamstown, MA,424232,731150,NAD27,42.70886815,-73.1967511,NAD83,610.6,186.11,NAVD88,42.6,111.41,23.93,472.89,178.87,1062.07,,NA,EST,http://waterdata.usgs.gov/nwis/nwisman/?site_no=01333000
01334500,22290307,MOPEX,02020003,Hoosic River Near Eagle Bridge ,NY,425618.9,732237,NAD83,42.9385833,-73.3769444,NAD83,354.79,108.14,NAVD88,510,1326.68,17.42,427.09,104.73,1137.71,01333000,1,EST,http://waterdata.usgs.gov/nwis/nwisman/?site_no=01334500
01348000,22741637,MOPEX,02020004,East Canada Creek At East Creek ,NY,430100,744427,NAD83,43.01666667,-74.7408333,NAD83,335.16,102.16,NAVD88,289,758.37,9.23,471.87,92.7,849.92,,NA,EST,http://waterdata.usgs.gov/nwis/nwisman/?site_no=01348000
01350000,3247466,CAMELS,02020005,Schoharie Creek At Prattsville ,NY,421910,742612,NAD83,42.31944444,-74.4366667,NAD83,1131.13,344.77,NAVD88,237,616.33,19.93,651.84,344.21,1232.96,,NA,EST,http://waterdata.usgs.gov/nwis/nwisman/?site_no=01350000
01350080,3247464,CAMELS,02020005,Manor Kill At West Conesville Near Gilboa ,NY,422237,742447,NAD83,42.37694444,-74.4130556,NAD83,1254.63,382.41,NAVD88,32.4,89.55,13.39,587,348.58,1044.59,,NA,EST,http://waterdata.usgs.gov/nwis/nwisman/?site_no=01350080
01350140,3247552,CAMELS,02020005,Mine Kill Near North Blenheim ,NY,422544,742823,NAD83,42.42888889,-74.4730556,NAD83,1060.13,323.13,NAVD88,16.2,46.01,13.72,560.02,271.02,855.4,,NA,EST,http://waterdata.usgs.gov/nwis/nwisman/?site_no=01350140
01365000,6200212,CAMELS,02020007,Rondout Creek Near Lowes Corners ,NY,415159,742914,NAD83,41.86638889,-74.4872222,NAD83,874.68,266.6,NAVD88,38.3,102.66,26.83,622.96,256.95,1173.43,,NA,EST,http://waterdata.usgs.gov/nwis/nwisman/?site_no=01365000
01371500,6200432,MOPEX,02020007,Wallkill River At Gardiner ,NY,414110.1,740955,NAD83,41.68613889,-74.16527778,NAD83,183.7,55.99,NAVD88,695,1854.88,7.67,194.72,47.03,696.71,,NA,EST,http://waterdata.usgs.gov/nwis/nwisman/?site_no=01371500
01372500,6212050,MOPEX,02020008,Wappinger Creek Near Wappingers Falls ,NY,413911,735221,NAD83,41.65305556,-73.8725,NAD83,114.37,34.86,NGVD29,181,480.83,8.95,157.82,30.73,426.39,,NA,EST,http://waterdata.usgs.gov/nwis/nwisman/?site_no=01372500
01411300,9436435,CAMELS,02040302,Tuckahoe River At Head Of River ,NJ,391825,744914,NAD83,39.30694444,-74.8205556,NAD83,0,0,NGVD29,30.8,79.57,0.39,16.76,1.63,30.59,,NA,EST,http://waterdata.usgs.gov/nwis/nwisman/?site_no=01411300
01413500,1748583,CAMELS,02040102,East Branch Delaware River At Margaretville ,NY,420841,743913,NAD83,42.1447222,-74.6536111,NAD83,1301.67,396.75,NAVD88,163,434.81,22.26,663.97,389.11,1179.95,,NA,EST,http://waterdata.usgs.gov/nwis/nwisman/?site_no=01413500
01414500,1748611,CAMELS,02040102,Mill Brook Near Dunraven ,NY,420622,744350,NAD83,42.1061111,-74.7305556,NAD83,1297.18,395.38,NAVD88,25.2,67.13,24.49,708.49,390.09,1135.66,,NA,EST,http://waterdata.usgs.gov/nwis/nwisman/?site_no=01414500
01415000,1748589,CAMELS,02040102,Tremper Kill Near Andes ,NY,420712,744907,NAD83,42.12,-74.8186111,NAD83,1285.2,391.73,NAVD88,33.2,87.07,20.43,609.36,391.39,1019.26,,NA,EST,http://waterdata.usgs.gov/nwis/nwisman/?site_no=01415000
01421000,1752137,MOPEX,02040102,East Branch Delaware River At Fishs Eddy ,NY,415823.8,751029,NAD83,41.97327778,-75.1747222,NAD83,955.47,291.23,NAVD88,784,2031.34,20.83,619.86,286.9,1179.95,"01415000, 01414500, 01413500",3,EST,http://waterdata.usgs.gov/nwis/nwisman/?site_no=01421000
01423000,2613578,SAME,02040101,West Branch Delaware River At Walton ,NY,420958,750824.1,NAD83,42.1661111,-75.14002778,NAD83,1187.77,362.03,NAVD88,332,864.59,17.36,591.85,359.52,1018.5,,NA,EST,http://waterdata.usgs.gov/nwis/nwisman/?site_no=01423000
01426500,2614210,MOPEX,02040101,West Branch Delaware River At Hale Eddy ,NY,420010.9,752300.7,NAD83,42.00302778,-75.38352778,NAD83,945.98,288.33,NAVD88,595,1547.14,17.71,550.95,277.67,1018.5,01423000,1,EST,http://waterdata.usgs.gov/nwis/nwisman/?site_no=01426500
01434025,4147946,CAMELS,02040104,Biscuit Bk Above Pigeon Bk At Frost Valley ,NY,415945.9,743000.8,NAD83,41.9960833,-74.5002222,NAD83,2057.25,627.05,NAVD88,3.72,9.94,25.66,866.32,619.5,1116.49,,NA,EST,http://waterdata.usgs.gov/nwis/nwisman/?site_no=01434025
01435000,4147956,CAMELS,02040104,Neversink River Near Claryville ,NY,415323.8,743523.3,NAD83,41.88994444,-74.5898056,NAD83,1521.67,463.81,NAVD88,66.6,183.16,21.52,758.16,438.91,1264.99,,NA,EST,http://waterdata.usgs.gov/nwis/nwisman/?site_no=01435000
01439500,4153168,CAMELS,02040104,Bush Kill At Shoemakers, PA,410517,750217,NAD27,41.08815078,-75.03767469,NAD83,420.4,128.14,NAVD88,117,305.91,7.27,385.61,123.08,621.24,,NA,EST,http://waterdata.usgs.gov/nwis/nwisman/?site_no=01439500
01440000,4151302,CAMELS,02040104,Flat Brook Near Flatbrookville,NJ,410622,745709,NAD83,41.1061111,-74.9525,NAD83,347.73,105.99,NGVD29,64,170.96,11.12,273.01,96.12,498.63,,NA,EST,http://waterdata.usgs.gov/nwis/nwisman/?site_no=01440000
01440400,4153166,CAMELS,02040104,Brodhead Creek Near Analomink, PA,410505,751254,NAD27,41.0848148,-75.2146251,NAD83,585.78,178.55,NAVD88,65.9,179.05,9.1,424.41,176.26,665.53,,NA,EST,http://waterdata.usgs.gov/nwis/nwisman/?site_no=01440400
01445000,2586769,MOPEX,02040105,Pequest River At Huntsville ,NJ,405851,744635,NAD83,40.9808333,-74.77638889,NAD83,553.81,168.8,NGVD29,31,83.54,7.8,210.29,165.54,339.62,,NA,EST,http://waterdata.usgs.gov/nwis/nwisman/?site_no=01445000
01445500,2586809,MOPEX,02040105,Pequest River At Pequest ,NJ,404950,745840,NAD83,40.83055556,-74.97777778,NAD83,398.78,121.55,NGVD29,106,277.78,8.33,205.18,118.23,381.64,01445000,1,EST,http://waterdata.usgs.gov/nwis/nwisman/?site_no=01445500
01451800,4187713,CAMELS,02040106,Jordan Creek Near Schnecksville, PA,403942,753738,NAD27,40.66176219,-75.626854,NAD83,380.48,115.97,NAVD88,53,149.22,11.23,201.88,103.32,477.4,,NA,EST,http://waterdata.usgs.gov/nwis/nwisman/?site_no=01451800
01466500,4492036,CAMELS,02040202,Mcdonalds Branch In Byrne State Forest ,NJ,395306,743019,NAD83,39.885,-74.50527778,NAD83,117.73,35.88,NGVD29,2.35,6.01,1.01,44.28,35.67,63.01,,NA,EST,http://waterdata.usgs.gov/nwis/nwisman/?site_no=01466500
01484100,8077030,CAMELS,02040207,Beaverdam Branch At Houston, DE,385420.8,753045.9,NAD83,38.90577778,-75.51275,NAD83,34.87,10.63,NAVD88,3.02,7.39,0.16,16.05,9.86,18.16,,NA,EST,http://waterdata.usgs.gov/nwis/nwisman/?site_no=01484100
01485500,8401785,CAMELS,02080111,Nassawango Creek Near Snow Hill, MD,381344.1,752817.2,NAD83,38.22891667,-75.4714444,NAD83,11.49,3.5,NAVD88,44.9,117.92,0.36,13.43,3.61,26.71,,NA,EST,http://waterdata.usgs.gov/nwis/nwisman/?site_no=01485500
01486000,8401391,CAMELS,02080110,Manokin Branch Near Princess Anne, MD,381250,754017,NAD83,38.21388889,-75.67138889,NAD83,6.2,1.89,NAVD88,4.8,15.57,0.19,8.07,0.2,13.56,,NA,EST,http://waterdata.usgs.gov/nwis/nwisman/?site_no=01486000
01487000,8392898,CAMELS,02080109,Nanticoke River Near Bridgeville, DE,384342,753342.7,NAD83,38.7283333,-75.5618611,NAD83,12.82,3.91,NAVD88,75.4,190.34,0.18,14.8,4.78,21.51,,NA,EST,http://waterdata.usgs.gov/nwis/nwisman/?site_no=01487000
01491000,9407484,CAMELS,02060005,Choptank River Near Greensboro, MD,385949.9,754708.9,NAD83,38.99719444,-75.7858056,NAD83,2.73,0.83,NAVD88,113,300.45,0.45,17.41,1.25,34.97,,NA,EST,http://waterdata.usgs.gov/nwis/nwisman/?site_no=01491000
01500500,8086851,MOPEX,02050101,Susquehanna River At Unadilla ,NY,421917.4,751859,NAD83,42.3215,-75.31638889,NAD83,995.71,303.49,NAVD88,982,2551.03,12.15,499.99,298.57,832.07,,NA,EST,http://waterdata.usgs.gov/nwis/nwisman/?site_no=01500500
01503000,8088149,MOPEX,02050101,Susquehanna River At Conklin ,NY,420208,754808.2,NAD83,42.03555556,-75.80227778,NAD83,840.36,256.14,NAVD88,2232,5796,11.96,471.92,255.68,832.07,01500500,1,EST,http://waterdata.usgs.gov/nwis/nwisman/?site_no=01503000
01510000,9420683,CAMELS,02050102,Otselic River At Cincinnatus ,NY,423228,755359,NAD83,42.5411111,-75.8997222,NAD83,1031.11,314.28,NAVD88,147,380.72,12.14,483.65,311.23,651.6,,NA,EST,http://waterdata.usgs.gov/nwis/nwisman/?site_no=01510000
01512500,9423965,MOPEX,02050102,Chenango River Near Chenango Forks ,NY,421305,755053.3,NAD83,42.21805556,-75.84813889,NAD83,871.18,265.54,NAVD88,1483,3853.94,10.31,443.94,262.41,651.6,01510000,1,EST,http://waterdata.usgs.gov/nwis/nwisman/?site_no=01512500
01516500,8112305,CAMELS,02050104,Corey Creek Near Mainesburg, PA,414727,770054,NAD27,41.79090746,-77.0146877,NAD83,1337.05,407.53,NAVD88,12.2,31.63,13.23,534.64,408.01,746.09,,NA,EST,http://waterdata.usgs.gov/nwis/nwisman/?site_no=01516500
01518000,8112611,MOPEX,02050104,Tioga River At Tioga, PA,415430,770747,NAD27,41.90833256,-77.1293867,NAD83,1020.59,311.08,NAVD88,282,726.13,12.91,536.03,310.03,746.09,01516500,1,EST,http://waterdata.usgs.gov/nwis/nwisman/?site_no=01518000
01518862,8111873,CAMELS,02050104,Cowanesque River At Westfield, PA,415523,773156,NAD27,41.92312576,-77.5319298,NAD83,1337.58,407.69,NGVD29,90.6,234.09,15.63,597.34,404.36,780.84,,NA,EST,http://waterdata.usgs.gov/nwis/nwisman/?site_no=01518862
01520000,8111577,MOPEX,02050104,Cowanesque River Near Lawrenceville, PA,415948,770825,NAD27,41.99674048,-77.1399724,NAD83,983.6,299.8,NAVD88,298,776.17,14.37,541.68,301.68,780.84,,NA,EST,http://waterdata.usgs.gov/nwis/nwisman/?site_no=01520000
01520500,8110981,MOPEX,02050104,Tioga River At Lindley ,NY,420143,770756,NAD83,42.0286111,-77.1322222,NAD83,963.91,293.8,NAVD88,771,1988.14,14.02,526.23,294.94,780.84,"01520000, 01518000, 01516500",3,EST,http://waterdata.usgs.gov/nwis/nwisman/?site_no=01520500
01531000,8118503,MOPEX,02050105,Chemung River At Chemung ,NY,420008,763805,NAD83,42.0022222,-76.6347222,NAD83,778.66,237.34,NAVD88,2506,6496.88,13.26,491.53,234.35,780.84,"01516500, 01518000, 01520000, 01520500",4,EST,http://waterdata.usgs.gov/nwis/nwisman/?site_no=01531000
01532000,4199144,CAMELS,02050106,Towanda Creek Near Monroeton, PA,414227,762907,NAD27,41.70757505,-76.4849432,NAD83,764.84,233.12,NAVD88,215,558.87,12.73,486.41,230.08,743.98,,NA,EST,http://waterdata.usgs.gov/nwis/nwisman/?site_no=01532000
01534000,4196160,MOPEX,02050106,Tunkhannock Creek Near Tunkhannock, PA,413330,755342,NAD27,41.55841008,-75.89464168,NAD83,609.44,185.76,NAVD88,383,1023.61,12.01,402.91,182.3,819.03,,NA,EST,http://waterdata.usgs.gov/nwis/nwisman/?site_no=01534000
01539000,2603023,CAMELS,02050107,Fishing Creek Near Bloomsburg, PA,410441,762554,NAD27,41.07814118,-76.4313333,NAD83,543.84,165.76,NGVD29,274,703.93,14.74,402.01,164.57,786.82,,NA,EST,http://waterdata.usgs.gov/nwis/nwisman/?site_no=01539000
01541000,4673267,MOPEX,02050201,West Branch Susquehanna River At Bower, PA,405349,784038,NAD27,40.89700655,-78.6769726,NAD83,1207.14,367.94,NGVD29,315,816.3,13.13,520.75,369.68,713.09,,NA,EST,http://waterdata.usgs.gov/nwis/nwisman/?site_no=01541000
01541500,4674911,MOPEX,02050201,Clearfield Creek At Dimeling, PA,405818,782422,NAD27,40.97172406,-78.4058533,NAD83,1145.56,349.17,NAVD88,371,965.04,11.51,519.36,344.74,798.77,,NA,EST,http://waterdata.usgs.gov/nwis/nwisman/?site_no=01541500
01542810,8125917,CAMELS,02050202,Waldy Run Near Emporium, PA,413444,781734,NAD27,41.57895225,-78.2925121,NAD83,1263.62,385.15,NGVD29,5.24,13.73,25.66,563.46,384.35,741.04,,NA,EST,http://waterdata.usgs.gov/nwis/nwisman/?site_no=01542810
01543000,8127529,CAMELS,02050202,Driftwood Br Sinnemahoning Cr At Sterling Run, PA,412448,781150,NAD27,41.4133959,-78.1969524,NAD83,894.84,272.75,NGVD29,272,705.15,24.87,531.52,272.11,746.07,01542810,1,EST,http://waterdata.usgs.gov/nwis/nwisman/?site_no=01543000
01543500,8127609,SAME,02050202,Sinnemahoning Creek At Sinnemahoning, PA,411902,780612,NAD27,41.31728467,-78.1030596,NAD83,768.79,234.33,NAVD88,685,1779.47,22.17,523.09,233.99,746.07,"01543000, 01542810",2,EST,http://waterdata.usgs.gov/nwis/nwisman/?site_no=01543500
01544500,8134650,CAMELS,02050203,Kettle Creek At Cross Fork, PA,412833,774934,NAD27,41.47583829,-77.82580078,NAD83,1026.6,312.91,NAVD88,136,363.16,25.33,575.18,307.8,759.13,,NA,EST,http://waterdata.usgs.gov/nwis/nwisman/?site_no=01544500
01545600,8134878,CAMELS,02050203,Young Womans Creek Near Renovo, PA,412322,774128,NAD27,41.38951168,-77.6908191,NAD83,780.41,237.87,NGVD29,46.2,124.38,22.01,551.67,215.44,691.85,,NA,EST,http://waterdata.usgs.gov/nwis/nwisman/?site_no=01545600
01547700,8139414,CAMELS,02050204,Marsh Creek At Blanchard, PA,410334,773622,NAD27,41.05950916,-77.6058264,NAD83,586.16,178.66,NGVD29,44.1,115.65,20.45,396.54,176.92,672.64,,NA,EST,http://waterdata.usgs.gov/nwis/nwisman/?site_no=01547700
01548500,8144622,SAME,02050205,Pine Creek At Cedar Run, PA,413118,772652,NAD27,41.52167017,-77.4474547,NAD83,779.8,237.68,NAVD88,604,1557.76,19.66,571.48,237.62,787.28,,NA,EST,http://waterdata.usgs.gov/nwis/nwisman/?site_no=01548500
01549500,8144818,CAMELS,02050205,Blockhouse Creek Near English Center, PA,412825,771352,NAD27,41.47368336,-77.230809,NAD83,1041.85,317.56,NGVD29,37.7,98.66,20.28,537.57,312.68,716.49,,NA,EST,http://waterdata.usgs.gov/nwis/nwisman/?site_no=01549500
01550000,8152817,CAMELS,02050206,Lycoming Creek Near Trout Run, PA,412505,770200,NAD27,41.41813179,-77.0330238,NAD83,693.95,211.52,NGVD29,173,453.47,18.63,525.38,209.64,731.39,,NA,EST,http://waterdata.usgs.gov/nwis/nwisman/?site_no=01550000
01552000,8152257,CAMELS,02050206,Loyalsock Creek At Loyalsockville, PA,411930,765446,NAD27,41.32507836,-76.91246379,NAD83,586.33,178.71,NGVD29,435,1131.17,14.83,509.15,179.24,750.29,,NA,EST,http://waterdata.usgs.gov/nwis/nwisman/?site_no=01552000
01552500,8151091,CAMELS,02050206,Muncy Creek Near Sonestown, PA,412125,763206,NAD27,41.35702418,-76.5346708,NAD83,1025.01,312.42,NGVD29,23.8,61.91,18.43,558.01,290.88,740.65,,NA,EST,http://waterdata.usgs.gov/nwis/nwisman/?site_no=01552500
01556000,4684242,MOPEX,02050302,Frankstown Br Juniata River At Williamsburg, PA,402747,781200,NAD27,40.4631283,-78.199732,NAD83,831.78,253.53,NGVD29,291,754.26,16.46,464.02,253.15,956.76,,NA,EST,http://waterdata.usgs.gov/nwis/nwisman/?site_no=01556000
01557500,4683152,CAMELS,02050302,Bald Eagle Creek At Tyrone, PA,404101,781402,NAD27,40.6836733,-78.23362439,NAD83,921.8,280.96,NGVD29,44.1,118.1,17.38,490.15,274.3,775.99,,NA,EST,http://waterdata.usgs.gov/nwis/nwisman/?site_no=01557500
01558000,4682638,MOPEX,02050302,Little Juniata River At Spruce Creek, PA,403645,780827,NAD27,40.61256655,-78.1405645,NAD83,751.15,228.95,NGVD29,220,578.76,16.29,474.57,228.49,800.46,01557500,1,EST,http://waterdata.usgs.gov/nwis/nwisman/?site_no=01558000
01559000,4684346,MOPEX,02050302,Juniata River At Huntingdon, PA,402905,780109,NAD27,40.4847958,-78.01889269,NAD83,599.69,182.79,NGVD29,816,2120.49,15.29,431.06,183.37,956.76,"01558000, 01557500, 01556000",3,EST,http://waterdata.usgs.gov/nwis/nwisman/?site_no=01559000
01560000,4690113,MOPEX,02050303,Dunning Creek At Belden, PA,400418,782934,NAD27,40.07174679,-78.4925172,NAD83,1051.16,320.39,NGVD29,172,447.39,15.94,482.79,320.78,957.31,,NA,EST,http://waterdata.usgs.gov/nwis/nwisman/?site_no=01560000
01562000,4690429,MOPEX,02050303,Raystown Branch Juniata River At Saxton, PA,401257,781556,NAD27,40.21591249,-78.2652901,NAD83,795.77,242.55,NGVD29,756,1955.02,16.05,457.58,241.7,957.31,01560000,1,EST,http://waterdata.usgs.gov/nwis/nwisman/?site_no=01562000
01567000,4699925,MOPEX,02050304,Juniata River At Newport, PA,402842,770746,NAD27,40.47841677,-77.1291484,NAD83,363.93,110.93,NGVD29,3354,8681.38,16.34,379.61,111.45,957.31,"01559000, 01558000, 01557500, 01556000, 01562000, 01560000",6,EST,http://waterdata.usgs.gov/nwis/nwisman/?site_no=01567000
01567500,4710396,CAMELS,02050305,Bixler Run Near Loysville, PA,402215,772409,NAD27,40.37091615,-77.402209,NAD83,601.22,183.25,NGVD29,15,39.47,12.85,274.35,180.75,614.49,,NA,EST,http://waterdata.usgs.gov/nwis/nwisman/?site_no=01567500
01568000,4710668,CAMELS,02050305,Sherman Creek At Shermans Dale, PA,401924,771009,NAD27,40.3233483,-77.1688404,NAD83,421.91,128.6,NAVD88,207,536.76,15.88,306.24,126.31,687.35,01567500,1,EST,http://waterdata.usgs.gov/nwis/nwisman/?site_no=01568000
01574000,4722109,MOPEX,02050306,West Conewago Creek Near Manchester, PA,400450.9,764306.21,NAD27,40.0809008,-76.7180813,NAD83,263.68,80.37,NGVD29,510,1327.61,6.37,189.69,74.16,577.61,,NA,EST,http://waterdata.usgs.gov/nwis/nwisman/?site_no=01574000
01580000,4726301,CAMELS,02050306,Deer Creek At Rocks, MD,393747.9,762411.9,NAD83,39.6299722,-76.4033056,NAD83,249.59,76.08,NAVD88,94.4,246.96,9.57,195.8,73.43,323.34,,NA,EST,http://waterdata.usgs.gov/nwis/nwisman/?site_no=01580000
01583500,11687656,CAMELS,02060003,Western Run At Western Run, MD,393038.8,764035.4,NAD83,39.51077778,-76.6765,NAD83,262.08,79.88,NAVD88,59.8,163.48,9.14,166.5,72.61,275.53,,NA,EST,http://waterdata.usgs.gov/nwis/nwisman/?site_no=01583500
01586610,11688538,CAMELS,02060003,Morgan Run Near Louisville, MD,392706.8,765719.1,NAD83,39.45188889,-76.9553056,NAD83,422,128.63,NAVD88,28,73.03,9.77,218.46,130.41,294.76,,NA,EST,http://waterdata.usgs.gov/nwis/nwisman/?site_no=01586610
01591400,11907272,CAMELS,02060006,Cattail Creek Near Glenwood, MD,391521.5,770303.8,NAD83,39.2559722,-77.0510556,NAD83,374.44,114.13,NAVD88,22.9,59.74,5.99,170.41,113.7,239.49,,NA,EST,http://waterdata.usgs.gov/nwis/nwisman/?site_no=01591400
01594950,14365490,CAMELS,02070002,Mcmillan F Near Fort Pendleton, MD,391636.1,792325.1,NAD83,39.27669444,-79.3903056,NAD83,2441.53,744.18,NAVD88,2.3,6.07,12.65,846.28,743.37,974.83,,NA,EST,http://waterdata.usgs.gov/nwis/nwisman/?site_no=01594950
01595000,14365432,MOPEX,02070002,North Branch Potomac River At Steyer, MD,391806.8,791824.8,NAD83,39.30188889,-79.30688889,NAD83,2275.58,693.6,NAVD88,73.1,191.05,12.74,857.66,686.45,1063.12,,NA,EST,http://waterdata.usgs.gov/nwis/nwisman/?site_no=01595000
01596500,14364088,CAMELS,02070002,Savage River Near Barton, MD,393412.2,790607,NAD83,39.57005556,-79.1019444,NAD83,1603.44,488.73,NAVD88,49.1,127.17,22.1,751.2,474.75,920.57,,NA,EST,http://waterdata.usgs.gov/nwis/nwisman/?site_no=01596500
01605500,8423458,CAMELS,02070001,South Branch Potomac River At Franklin, WV,383808,792017,NAD27,38.63567247,-79.3378199,NAD83,1692.92,516,NAVD88,179,475.15,25.56,865.47,502.78,1394.58,,NA,EST,http://waterdata.usgs.gov/nwis/nwisman/?site_no=01605500
01606500,8423278,SAME,02070001,South Branch Potomac River Near Petersburg, WV,385928,791034,NAD27,38.99122107,-79.17587059,NAD83,965.88,294.4,NAVD88,651,1686.6,30.14,837.61,292.18,1482,01605500,1,EST,http://waterdata.usgs.gov/nwis/nwisman/?site_no=01606500
01608500,8420360,MOPEX,02070001,South Branch Potomac River Near Springfield, WV,392649,783916,NAD27,39.44703879,-78.6541817,NAD83,561.78,171.23,NAVD88,1461,3794.05,27.17,653.88,169.95,1482,"01606500, 0165500",2,EST,http://waterdata.usgs.gov/nwis/nwisman/?site_no=01608500
01610000,8431820,MOPEX,02070003,Potomac River At Paw Paw, WV,393219.9,782720.2,NAD83,39.5388611,-78.4556111,NAD83,487.21,148.5,NAVD88,3129,8060.26,22.75,582.22,152.6,1482,"01608500, 01596500, 01595000, 01606500, 01605500",5,EST,http://waterdata.usgs.gov/nwis/nwisman/?site_no=01610000
01611500,8431736,MOPEX,02070003,Cacapon River Near Great Cacapon, WV,393456,781836,NAD27,39.5823158,-78.3097312,NAD83,456.46,139.13,NAVD88,675,1749.29,19.87,482.93,142.13,1015.78,,NA,EST,http://waterdata.usgs.gov/nwis/nwisman/?site_no=01611500
01613050,5892356,CAMELS,02070004,Tonoloway Creek Near Needmore, PA,395354,780757,NAD27,39.89842119,-78.132229,NAD83,688.94,209.99,NGVD29,10.7,28.1,18.76,380.22,209.33,713.5,,NA,EST,http://waterdata.usgs.gov/nwis/nwisman/?site_no=01613050
01620500,5909157,CAMELS,02070005,North River Near Stokesville, VA,382006,791421,NAD83,38.335,-79.2391667,NAD83,2050.67,625.04,NAVD88,17.3,61.16,29.84,907.91,614.94,1321.14,,NA,EST,http://waterdata.usgs.gov/nwis/nwisman/?site_no=01620500
01628500,5908723,MOPEX,02070005,S F Shenandoah River Near Lynnwood, VA,381921,784518,NAD27,38.32262796,-78.7547457,NAD83,1001.74,305.33,NAVD88,1079,2809.05,15.48,539.09,303.74,1357.69,01620500,1,EST,http://waterdata.usgs.gov/nwis/nwisman/?site_no=01628500
01631000,5907079,MOPEX,02070005,S F Shenandoah River At Front Royal, VA,385450,781240,NAD27,38.91400059,-78.21083388,NAD83,468.69,142.86,NAVD88,1634,4237.78,16.67,499.95,141.18,1357.69,"01628500, 01620500",2,EST,http://waterdata.usgs.gov/nwis/nwisman/?site_no=01631000
01632000,8441037,CAMELS,02070006,N F Shenandoah River At Cootes Store, VA,383813,785111,NAD27,38.63706254,-78.852803,NAD83,1050.79,320.28,NAVD88,210,546.66,27.45,599.75,320.55,1231.26,,NA,EST,http://waterdata.usgs.gov/nwis/nwisman/?site_no=01632000
01632900,8441303,CAMELS,02070006,Smith Creek Near New Market, VA,384136,783835,NAD27,38.69345016,-78.6427935,NAD83,880.84,268.48,NAVD88,93.6,246.48,12.66,420.14,267.3,998.95,,NA,EST,http://waterdata.usgs.gov/nwis/nwisman/?site_no=01632900
01634000,8441253,MOPEX,02070006,N F Shenandoah River Near Strasburg, VA,385836,782011,NAD27,38.9767759,-78.3361152,NAD83,493.31,150.36,NAVD88,770,2000.35,16.79,442.17,148.27,1231.26,"01632900, 01632000",2,EST,http://waterdata.usgs.gov/nwis/nwisman/?site_no=01634000
01634500,8440459,CAMELS,02070006,Cedar Creek Near Winchester, VA,390452,781947,NAD27,39.0812176,-78.3294486,NAD83,646.2,196.96,NAVD88,102,265.07,18.84,419.3,197.57,949.6,,NA,EST,http://waterdata.usgs.gov/nwis/nwisman/?site_no=01634500
01638480,4505612,CAMELS,02070008,Catoctin Creek At Taylorstown, VA,391518,773436,NAD27,39.25510206,-77.5763778,NAD83,246.8,75.22,NAVD88,89.5,233.45,7.52,171.08,72.25,511.08,,NA,EST,http://waterdata.usgs.gov/nwis/nwisman/?site_no=01638480
01639500,8449082,CAMELS,02070009,Big Pipe Creek At Bruceville, MD,393644.5,771414.8,NAD83,39.6123611,-77.2374444,NAD83,336.21,102.48,NAVD88,102,267.76,7.6,196.13,103.05,336.67,,NA,EST,http://waterdata.usgs.gov/nwis/nwisman/?site_no=01639500
01643000,8450266,MOPEX,02070009,Monocacy River At Jug Bridge Near Frederick, MD,392410.2,772157.9,NAD83,39.4028333,-77.3660833,NAD83,231.21,70.47,NAVD88,817,2114.94,7.44,192.95,69.3,594.83,1639500,1,EST,http://waterdata.usgs.gov/nwis/nwisman/?site_no=01643000
01644000,4507266,CAMELS,02070008,Goose Creek Near Leesburg, VA,390110,773440,NAD27,39.01955309,-77.5774918,NAD83,247.96,75.58,NAVD88,332,859.9,9.13,185.66,76.25,671.98,,NA,EST,http://waterdata.usgs.gov/nwis/nwisman/?site_no=01644000
01649500,22337975,MOPEX,02070010,Northeast Branch Anacostia River At Riverdale, MD,385736.9,765533.5,NAD83,38.96025,-76.9259722,NAD83,11.55,3.52,NAVD88,72.8,194.49,4.74,64.95,1.38,170.78,,NA,EST,http://waterdata.usgs.gov/nwis/nwisman/?site_no=01649500
01658500,4529107,CAMELS,02070011,S F Quantico Creek Near Independent Hill, VA,383514,772544,NAD27,38.5873427,-77.4285958,NAD83,237.83,72.49,NAVD88,7.62,23.74,5.59,102.75,65.05,129.05,,NA,EST,http://waterdata.usgs.gov/nwis/nwisman/?site_no=01658500
01663500,8465423,MOPEX,02080103,Hazel River At Rixeyville, VA,383530,775755,NAD27,38.59178867,-77.9649962,NAD83,287.74,87.7,NAVD88,285,738.7,17.32,298.32,90.54,1215.68,,NA,EST,http://waterdata.usgs.gov/nwis/nwisman/?site_no=01663500
01664000,8465429,SAME,02080103,Rappahannock River At Remington, VA,383150,774850,NAD27,38.53067996,-77.8136045,NAD83,251.6,76.69,NAVD88,619,1604.19,13.51,238.25,78.86,1215.68,1663500,1,EST,http://waterdata.usgs.gov/nwis/nwisman/?site_no=01664000
01666500,8468559,CAMELS,02080103,Robinson River Near Locust Dale, VA,381930,780545,NAD27,38.32513047,-78.0955557,NAD83,282.64,86.15,NAVD88,179,468.51,14.45,266.01,86.89,1232.7,,NA,EST,http://waterdata.usgs.gov/nwis/nwisman/?site_no=01666500
01667500,8467225,SAME,02080103,Rapidan River Near Culpeper, VA,382101,775831,NAD27,38.35040774,-77.9749972,NAD83,240.3,73.24,NAVD88,468,1212.05,13.83,264.28,72.78,1232.7,1666500,1,EST,http://waterdata.usgs.gov/nwis/nwisman/?site_no=01667500
01668000,8476948,MOPEX,02080104,Rappahannock River Near Fredericksburg, VA,381830,773146,NAD27,38.30846178,-77.52915268,NAD83,63.69,19.41,NAVD88,1595,4134.15,10.96,203.15,14.81,1232.7,"01664000, 01663500, 01667500, 01666500",4,EST,http://waterdata.usgs.gov/nwis/nwisman/?site_no=01668000
01669000,8479268,CAMELS,02080104,Piscataway Creek Near Tappahannock, VA,375237,765403,NAD27,37.8770819,-76.900521,NAD83,-0.6,-0.18,NAVD88,27.9,76.19,5.95,37.22,0.64,58.17,,NA,EST,http://waterdata.usgs.gov/nwis/nwisman/?site_no=01669000
01669520,8457352,CAMELS,02080102,Dragon Swamp At Mascot, VA,373801,764148,NAD27,37.6337529,-76.6963468,NAD83,20.3,6.19,NAVD88,109,283.64,3.05,33.14,7.2,65.72,,NA,EST,http://waterdata.usgs.gov/nwis/nwisman/?site_no=01669520
01672500,8507536,MOPEX,02080106,South Anna River Near Ashland, VA,374748,773257,NAD27,37.796809,-77.5488744,NAD83,82.7,25.21,NAVD88,395,1023.73,5.13,109.79,27.07,545.83,,NA,EST,http://waterdata.usgs.gov/nwis/nwisman/?site_no=01672500
01674500,8494082,MOPEX,02080105,Mattaponi River Near Beulahville, VA,375302,770955,NAD83,37.88388889,-77.16527778,NAD83,11.47,3.5,NAVD88,603,1561.55,4.47,65.84,5.14,165.41,,NA,EST,http://waterdata.usgs.gov/nwis/nwisman/?site_no=01674500
02011400,8520617,CAMELS,02080201,Jackson River Near Bacova, VA,380232,795254,NAD27,38.04234707,-79.8814439,NAD83,1639.07,499.59,NAVD88,157,410.39,24.58,810.28,482.19,1333.15,,NA,EST,http://waterdata.usgs.gov/nwis/nwisman/?site_no=02011400
02011460,8520739,CAMELS,02080201,Back Creek Near Sunrise, VA,381443,794608,NAD27,38.24540129,-79.76866328,NAD83,2199.81,670.5,NAVD88,60.9,235.85,35.67,892.21,544.71,1381.46,,NA,EST,http://waterdata.usgs.gov/nwis/nwisman/?site_no=02011460
02013000,8525587,CAMELS,02080201,Dunlap Creek Near Covington, VA,374810,800250,NAD27,37.8029022,-80.0470043,NAD83,1294.29,394.5,NAVD88,162,426.47,32.58,690.41,376.86,1161.92,,NA,EST,http://waterdata.usgs.gov/nwis/nwisman/?site_no=02013000
02014000,8525619,CAMELS,02080201,Potts Creek Near Covington, VA,374344,800233,NAD27,37.72901408,-80.0422802,NAD83,1273.48,388.16,NAVD88,153,397.31,25.36,732.13,385.95,1227.58,,NA,EST,http://waterdata.usgs.gov/nwis/nwisman/?site_no=02014000
02015700,8520749,CAMELS,02080201,Bullpasture River At Williamsville, VA,381143,793414,NAD27,38.19540308,-79.57032338,NAD83,1610,490.73,NAVD88,110,286,23.17,795.66,486.74,1334.33,,NA,EST,http://waterdata.usgs.gov/nwis/nwisman/?site_no=02015700
02016000,8523325,SAME,02080201,Cowpasture River Near Clifton Forge, VA,374730,794535,NAD27,37.79179587,-79.7594917,NAD83,1007.02,306.94,NAVD88,461,1194.92,26.85,656.68,309.42,1334.33,02015700,1,EST,http://waterdata.usgs.gov/nwis/nwisman/?site_no=02016000
02017500,8525659,CAMELS,02080201,Johns Creek At New Castle, VA,373022,800625,NAD27,37.5062397,-80.106715,NAD83,1254.1,382.25,NAVD88,105,271.76,21.98,698.59,378.42,1324.45,,NA,EST,http://waterdata.usgs.gov/nwis/nwisman/?site_no=02017500
02018000,8522521,SAME,02080201,Craig Creek At Parr, VA,373957,795442,NAD27,37.66596174,-79.9114388,NAD83,992.17,302.41,NAVD88,329,850.61,24.06,634.76,302.04,1324.45,02017500,1,EST,http://waterdata.usgs.gov/nwis/nwisman/?site_no=02018000
02027000,8547581,CAMELS,02080203,Tye River Near Lovingston, VA,374255,785855,NAD27,37.71541868,-78.981691,NAD83,574.6,175.14,NAVD88,93,241.22,28.3,548.59,172.85,1239.23,,NA,EST,http://waterdata.usgs.gov/nwis/nwisman/?site_no=02027000
02027500,8549853,CAMELS,02080203,Piney River At Piney River, VA,374208,790140,NAD27,37.7023625,-79.0275254,NAD83,630.8,192.27,NAVD88,47.7,127.78,31.2,628.32,183.64,1233.39,,NA,EST,http://waterdata.usgs.gov/nwis/nwisman/?site_no=02027500
02028500,8547459,CAMELS,02080203,Rockfish River Near Greenfield, VA,375210,784925,NAD27,37.86958499,-78.8233543,NAD83,527.6,160.81,NAVD88,94.8,246.2,23.21,403.43,13.23,1208.64,,NA,EST,http://waterdata.usgs.gov/nwis/nwisman/?site_no=02028500
02030500,8547583,MOPEX,02080203,Slate River Near Arvonia, VA,374210,782240,NAD27,37.70292198,-78.37750429,NAD83,237.6,72.42,NAVD88,226,593.07,7.09,152.45,63.55,354.27,,NA,EST,http://waterdata.usgs.gov/nwis/nwisman/?site_no=02030500
02038850,8611825,CAMELS,02080207,Holiday Creek Near Andersonville, VA,372455,783810,NAD27,37.41542434,-78.6358392,NAD83,472.1,143.9,NAVD88,8.54,23.8,7.99,201.16,135.97,283.8,,NA,EST,http://waterdata.usgs.gov/nwis/nwisman/?site_no=02038850
02046000,8719481,CAMELS,03010201,Stony Creek Near Dinwiddie, VA,370401,773610,NAD27,37.0670942,-77.602489,NAD83,128.86,39.28,NAVD88,113,292.71,3.99,85.53,38.67,130.87,,NA,EST,http://waterdata.usgs.gov/nwis/nwisman/?site_no=02046000
02051000,8744593,CAMELS,03010204,North Meherrin River Near Lunenburg, VA,365950,782100,NAD27,36.9973738,-78.3497182,NAD83,333.82,101.75,NAVD88,56,144.97,6.77,157.23,101.08,201,,NA,EST,http://waterdata.usgs.gov/nwis/nwisman/?site_no=02051000
02051500,8741021,CAMELS,03010204,Meherrin River Near Lawrenceville, VA,364300,774955,NAD27,36.71681395,-77.8316582,NAD83,135.4,41.27,NAVD88,552,1431.06,6.3,121.83,44.75,201,02051000,1,EST,http://waterdata.usgs.gov/nwis/nwisman/?site_no=02051500
02053200,8746117,CAMELS,03010204,Potecasi Creek Near Union, NC,362215,770132,NAD83,36.3708333,-77.0255556,NAD83,2.4,0.73,NAVD88,225,586.04,0.67,21.8,2.76,45.62,,NA,EST,http://waterdata.usgs.gov/nwis/nwisman/?site_no=02053200
02053800,8629303,CAMELS,03010101,S F Roanoke River Near Shawsville, VA,370824,801600,NAD27,37.1401323,-80.2664328,NAD83,1364.19,415.81,NAVD88,109,287.48,27.37,702.46,401.23,1196.25,,NA,EST,http://waterdata.usgs.gov/nwis/nwisman/?site_no=02053800
02055000,8627261,MOPEX,03010101,Roanoke River At Roanoke, VA,371530,795620,NAD27,37.25847085,-79.9386485,NAD83,906.4,276.27,NAVD88,384,996.94,24.44,573.97,275.26,1196.25,2053800,1,EST,http://waterdata.usgs.gov/nwis/nwisman/?site_no=02055000
02055100,8627131,CAMELS,03010101,Tinker Creek Near Daleville, VA,372503,795608,NAD27,37.41763318,-79.9353193,NAD83,1216.93,370.92,NAVD88,11.7,33.38,14.06,436.64,357.97,769.77,,NA,EST,http://waterdata.usgs.gov/nwis/nwisman/?site_no=02055100
02056900,8626863,CAMELS,03010101,Blackwater River Near Rocky Mount, VA,370242,795040,NAD27,37.0451406,-79.8441993,NAD83,875.96,266.99,NAVD88,115,299.69,19.32,465.34,265.88,1076.3,,NA,EST,http://waterdata.usgs.gov/nwis/nwisman/?site_no=02056900
02058400,8632147,MOPEX,03010101,Pigg River Near Sandy Level, VA,365645,793130,NAD27,36.9459767,-79.5247508,NAD83,616.25,187.83,NAVD88,351,910.03,13.23,322.74,187.62,842.45,,NA,EST,http://waterdata.usgs.gov/nwis/nwisman/?site_no=02058400
02059500,8627301,CAMELS,03010101,Goose Creek Near Huddleston, VA,371023,793114,NAD27,37.1731995,-79.5203076,NAD83,592.31,180.54,NAVD88,188,486.91,15.43,333.53,179.17,850.53,,NA,EST,http://waterdata.usgs.gov/nwis/nwisman/?site_no=02059500
02064000,8647998,CAMELS,03010102,Falling River Near Naruna, VA,370736,785736,NAD27,37.12680956,-78.9597374,NAD83,411.5,125.43,NAVD88,165,428.96,7.73,211.56,124.42,434.54,,NA,EST,http://waterdata.usgs.gov/nwis/nwisman/?site_no=02064000
02065500,8648830,CAMELS,03010102,Cub Creek At Phenix, VA,370445,784550,NAD27,37.0793112,-78.7636178,NAD83,369.4,112.59,NAVD88,97.6,252.69,7.54,184.28,112.58,273.71,,NA,EST,http://waterdata.usgs.gov/nwis/nwisman/?site_no=02065500
02069700,8675163,CAMELS,03010103,South Mayo River Near Nettleridge, VA,363415,800747,NAD27,36.570971,-80.1294928,NAD83,871.15,265.53,NAVD88,85.5,229.22,20.33,445.3,248.93,976.68,,NA,EST,http://waterdata.usgs.gov/nwis/nwisman/?site_no=02069700
02070000,8673051,CAMELS,03010103,North Mayo River Near Spencer, VA,363405,795915,NAD27,36.56819358,-79.98726539,NAD83,730.39,222.62,NAVD88,108,279.65,13.98,330.55,223.97,874.16,,NA,EST,http://waterdata.usgs.gov/nwis/nwisman/?site_no=02070000
02074500,8673535,CAMELS,03010103,Sandy River Near Danville, VA,363710,793016,NAD27,36.6195825,-79.5041932,NAD83,458.4,139.72,NAVD88,111,288.9,8.95,242.92,138.31,361.29,,NA,EST,http://waterdata.usgs.gov/nwis/nwisman/?site_no=02074500
02077200,8701361,CAMELS,03010104,Hyco Creek Near Leasburg, NC,362352,791148,NAD83,36.39777778,-79.1966667,NAD83,399.3,121.71,NAVD88,45.9,125.61,7.85,186.4,126.84,234.41,,NA,EST,http://waterdata.usgs.gov/nwis/nwisman/?site_no=02077200
02081500,8760623,CAMELS,03020101,Tar River Near Tar River, NC,361139,783459,NAD83,36.19416667,-78.5830556,NAD83,286.34,87.28,NAVD88,167,432.81,3.98,148.62,86.57,224.89,,NA,EST,http://waterdata.usgs.gov/nwis/nwisman/?site_no=02081500
02082950,10511316,CAMELS,03020102,Little Fishing Creek Near White Oak, NC,361100,775234,NAD83,36.1833333,-77.8761111,NAD83,115.6,35.23,NAVD88,177,461.58,4.15,83.29,36.99,142.92,,NA,EST,http://waterdata.usgs.gov/nwis/nwisman/?site_no=02082950
02083500,3350831,MOPEX,03020103,Tar River At Tarboro, NC,355340,773159,NAD83,35.89444444,-77.5330556,NAD83,9.2,2.8,NAVD88,2183,5761.09,3.36,76.94,-0.2,224.89,"02082950, 02081500",2,EST,http://waterdata.usgs.gov/nwis/nwisman/?site_no=02083500
02092500,10976591,CAMELS,03020204,Trent River Near Trenton, NC,350351,772741,NAD83,35.06416667,-77.46138889,NAD83,18,5.49,NAVD88,168,454.61,0.48,24.01,6.38,50.41,,NA,EST,http://waterdata.usgs.gov/nwis/nwisman/?site_no=02092500
02096846,8895436,CAMELS,03030002,Cane Creek Near Orange Grove, NC,355914,791222,NAD83,35.9872222,-79.2061111,NAD83,507.69,154.74,NAVD88,7.54,19.62,5.44,196.06,155.77,239.55,,NA,EST,http://waterdata.usgs.gov/nwis/nwisman/?site_no=02096846
02102000,8872370,MOPEX,03030003,Deep River At Moncure, NC,353737,790658,NAD83,35.62694444,-79.1161111,NAD83,184.5,56.24,NAVD88,1434,3739.08,5.53,166.81,57.7,334.02,,NA,EST,http://waterdata.usgs.gov/nwis/nwisman/?site_no=02102000
02102908,8849951,CAMELS,03030004,Flat Creek Near Inverness, NC,351058,791039,NAD83,35.18277778,-79.1775,NAD83,190.4,58.03,NAVD88,7.63,19.85,4.36,101.13,57.61,159.07,,NA,EST,http://waterdata.usgs.gov/nwis/nwisman/?site_no=02102908
02108000,10525949,CAMELS,03030007,Northeast Cape Fear River Near Chinquapin, NC,344944,774956,NAD83,34.82888889,-77.8322222,NAD83,16.3,4.97,NAVD88,599,1566.04,0.13,11.01,7.94,12.22,,NA,EST,http://waterdata.usgs.gov/nwis/nwisman/?site_no=02108000
02111180,9251726,CAMELS,03040101,Elk Creek At Elkville, NC,360417,812411,NAD83,36.07138889,-81.4030556,NAD83,1081.78,329.73,NAVD88,50.9,130.95,33.63,628.6,325.67,1253.18,,NA,EST,http://waterdata.usgs.gov/nwis/nwisman/?site_no=02111180
02111500,9250814,CAMELS,03040101,Reddies River At North Wilkesboro, NC,361030,811008,NAD83,36.175,-81.16888889,NAD83,978.08,298.12,NAVD88,89.2,233.16,27.05,555.88,297.38,1134.65,,NA,EST,http://waterdata.usgs.gov/nwis/nwisman/?site_no=02111500
02112120,9251654,CAMELS,03040101,Roaring River Near Roaring River, NC,361501,810240,NAD83,36.25027778,-81.0444444,NAD83,964.85,294.09,NGVD29,128,329.1,24.44,528.78,294.33,1185.18,,NA,EST,http://waterdata.usgs.gov/nwis/nwisman/?site_no=02112120
02112360,9248978,CAMELS,03040101,Mitchell River Near State Road, NC,361841,804826,NAD83,36.31138889,-80.8072222,NAD83,927.12,282.59,NGVD29,78.8,206.91,19.74,476.79,282.3,1024.94,,NA,EST,http://waterdata.usgs.gov/nwis/nwisman/?site_no=02112360
02116500,9252852,MOPEX,03040101,Yadkin River At Yadkin College, NC,355124,802313,NAD83,35.85666667,-80.3869444,NAD83,637.85,194.42,NAVD88,2280,5901.4,14.88,392.34,156.69,1254.6,"02111500, 02111180",2,EST,http://waterdata.usgs.gov/nwis/nwisman/?site_no=02116500
02118000,9235493,MOPEX,03040102,South Yadkin River Near Mocksville, NC,355042,803932,NAD83,35.845,-80.65888889,NAD83,662.9,202.05,NAVD88,306,791.6,10.09,313.57,203.16,811.44,,NA,EST,http://waterdata.usgs.gov/nwis/nwisman/?site_no=02118000
02118500,9233605,CAMELS,03040102,Hunting Creek Near Harmony, NC,360002,804444,NAD83,36.00055556,-80.7455556,NAD83,734.18,223.78,NAVD88,155,401.77,12.29,357.69,223.41,701.29,,NA,EST,http://waterdata.usgs.gov/nwis/nwisman/?site_no=02118500
02125000,9203175,CAMELS,03040105,Big Bear Cr Nr Richfield, NC,352005,802008,NAD83,35.3347222,-80.3355556,NAD83,426.62,130.03,NGVD29,55.6,144.44,5.75,193.04,130.16,243.88,,NA,EST,http://waterdata.usgs.gov/nwis/nwisman/?site_no=02125000
02126000,9203249,MOPEX,03040105,Rocky River Near Norwood, NC,350925.19,800956.78,NAD83,35.1569972,-80.1657722,NAD83,202.02,61.58,NAVD88,1380,3567.46,5.15,183.32,64.13,288.08,,NA,EST,http://waterdata.usgs.gov/nwis/nwisman/?site_no=02126000
02128000,9210446,CAMELS,03040104,Little River Near Star, NC,352314,794953,NAD83,35.3872222,-79.83138889,NAD83,408.15,124.4,NAVD88,106,272.64,6.61,208.06,125.08,311.93,,NA,EST,http://waterdata.usgs.gov/nwis/nwisman/?site_no=02128000
02135000,9114416,MOPEX,03040204,Little Pee Dee R. At Galivants Ferry, SC,340324.3,791451.8,NAD83,34.05675,-79.2477222,NAD83,22.34,6.81,NAVD88,2790,7263.93,1.01,53.8,8.53,228.6,,NA,EST,http://waterdata.usgs.gov/nwis/nwisman/?site_no=02135000
02137727,9754776,CAMELS,03050101,Catawba R Nr Pleasant Gardens, NC,354109,820337,NAD83,35.6858333,-82.0602778,NAD83,1233.81,376.07,NAVD88,126,328.76,31.44,649.3,376.67,1721.75,,NA,EST,http://waterdata.usgs.gov/nwis/nwisman/?site_no=02137727
02138500,9753828,MOPEX,03050101,Linville River Near Nebo, NC,354744,815328,NAD83,35.79555556,-81.8911111,NAD83,1202.99,366.67,NAVD88,66.7,174.93,26.97,1007.18,364.49,1786.46,,NA,EST,http://waterdata.usgs.gov/nwis/nwisman/?site_no=02138500
02140991,9752476,CAMELS,03050101,Johns River At Arneys Store, NC,355001,814243,NAD83,35.8336111,-81.7119444,NAD83,1002.9,305.68,NAVD88,201,521.92,30.4,622.66,305.23,1803.19,,NA,EST,http://waterdata.usgs.gov/nwis/nwisman/?site_no=02140991
02143000,9745122,SAME,03050102,Henry Fork Near Henry River, NC,354104,812412,NAD83,35.68444444,-81.4033333,NAD83,890.11,271.31,NAVD88,83.2,221.74,20.71,442.2,267.77,909.73,,NA,EST,http://waterdata.usgs.gov/nwis/nwisman/?site_no=02143000
02143040,9745600,SAME,03050102,Jacob Fork At Ramsey, NC,353526,813401,NAD83,35.59055556,-81.5669444,NAD83,1102.62,336.08,NAVD88,25.7,68.01,26.6,543.7,332.98,881.76,,NA,EST,http://waterdata.usgs.gov/nwis/nwisman/?site_no=02143040
02143500,9747390,MOPEX,03050102,Indian Creek Near Laboratory, NC,352514,811555,NAD83,35.42055556,-81.2652778,NAD83,741.62,226.05,NAVD88,69.2,182.44,6.08,286.77,217.98,408.63,,NA,EST,http://waterdata.usgs.gov/nwis/nwisman/?site_no=02143500
02149000,12036581,CAMELS,03050105,Cove Creek Near Lake Lure, NC,352524,820642,NAD83,35.4233333,-82.1116667,NAD83,815.28,248.5,NAVD88,79,204.72,25.18,472.17,249.59,1097.81,,NA,EST,http://waterdata.usgs.gov/nwis/nwisman/?site_no=02149000
02152100,12034181,CAMELS,03050105,First Broad River Near Casar, NC,352935,814056,NAD83,35.49305556,-81.6822222,NAD83,899.87,274.28,NAVD88,60.5,156.61,25.58,466.02,273,906.45,,NA,EST,http://waterdata.usgs.gov/nwis/nwisman/?site_no=02152100
02156500,9705130,MOPEX,03050106,Broad River Near Carlisle, SC,343542,812517,NAD27,34.5951393,-81.4212089,NAD83,289.99,88.39,NAVD88,2780,7199.71,11.54,298.94,88.89,1341.91,"02152100, 02149000",2,EST,http://waterdata.usgs.gov/nwis/nwisman/?site_no=02156500
02165000,9870626,MOPEX,03050109,Reedy River Near Ware Shoals, SC,342502,820906,NAD27,34.4173425,-82.15149998,NAD83,451.14,137.51,NGVD29,236,612.38,6.05,249.9,137.16,628.73,,NA,EST,http://waterdata.usgs.gov/nwis/nwisman/?site_no=02165000
02177000,6269342,CAMELS,03060102,Chattooga River Near Clayton, GA,344849.6,831822.9,NAD83,34.81377778,-83.3063611,NAD83,1165.5,355.24,NAVD88,207,526.79,28.29,758.2,343.98,1490.44,,NA,EST,http://waterdata.usgs.gov/nwis/nwisman/?site_no=02177000
02178400,6267840,CAMELS,03060102,Tallulah River Near Clayton, GA,345323.9,833150.3,NAD83,34.8899722,-83.53063889,NAD83,1868.93,569.65,NGVD29,58.4,152.1,35.71,883.96,567.8,1671.5,,NA,EST,http://waterdata.usgs.gov/nwis/nwisman/?site_no=02178400
02192000,6280111,MOPEX,03060104,Broad River Near Bell, GA,335821.5,824615.1,NAD83,33.97263889,-82.7708611,NAD83,356.8,108.75,NAVD88,1420,3677.81,7.19,215.71,107.75,555.14,,NA,EST,http://waterdata.usgs.gov/nwis/nwisman/?site_no=02192000
02193340,6289497,CAMELS,03060105,Kettle Creek Near Washington, GA,334057.6,825130.6,NAD83,33.68266667,-82.8585,NAD83,415.6,126.67,NAVD88,33.9,90.31,5.37,171.87,127.66,213.58,,NA,EST,http://waterdata.usgs.gov/nwis/nwisman/?site_no=02193340
02196000,11730030,CAMELS,03060107,Stevens Creek Near Modoc, SC,334345,821055,NAD27,33.72929717,-82.1817873,NAD83,195.81,59.68,NAVD88,545,1408.93,4.13,142.17,62.94,207.54,,NA,EST,http://waterdata.usgs.gov/nwis/nwisman/?site_no=02196000
02198100,9978327,CAMELS,03060108,Beaverdam Creek Near Sardis, GA,325615,814855.2,NAD83,32.9375,-81.8153333,NAD83,185.54,56.55,NAVD88,30.8,79.73,2.22,82.92,57.13,116.04,,NA,EST,http://waterdata.usgs.gov/nwis/nwisman/?site_no=02198100
02202500,9944828,MOPEX,03060202,Ogeechee River Near Eden, GA,321124.4,812457.1,NAD83,32.1901111,-81.4158611,NAD83,17.06,5.2,NAVD88,2650,6906.71,2.61,90.46,7.37,225.98,,NA,EST,http://waterdata.usgs.gov/nwis/nwisman/?site_no=02202500
02202600,9944858,CAMELS,03060202,Black Creek Near Blitchton, GA,321003.2,812915.9,NAD83,32.16755556,-81.48775,NAD83,27.5,8.38,NAVD88,232,598.41,0.44,34.89,7.05,74.37,,NA,EST,http://waterdata.usgs.gov/nwis/nwisman/?site_no=02202600
02212600,6335902,CAMELS,03070103,Falling Creek Near Juliette, GA,330601.1,834323.4,NAD83,33.10030556,-83.7231667,NAD83,366.52,111.72,NGVD29,72.2,190.1,7.08,159.78,111.3,219.6,,NA,EST,http://waterdata.usgs.gov/nwis/nwisman/?site_no=02212600
02215100,6365072,CAMELS,03070104,Tucsawhatchee Creek Near Hawkinsville, GA,321424.4,833006.6,NAD83,32.2401111,-83.5018333,NAD83,209.9,63.98,NAVD88,163,425.71,2.62,114.27,64.47,167.82,,NA,EST,http://waterdata.usgs.gov/nwis/nwisman/?site_no=02215100
02216180,6383975,CAMELS,03070105,Turnpike Creek Near Mcrae, GA,315929,825519,NAD83,31.99138889,-82.9219444,NAD83,172.4,52.55,NAVD88,49.2,127.96,2.95,83.49,53.79,118.66,,NA,EST,http://waterdata.usgs.gov/nwis/nwisman/?site_no=02216180
02217500,1049699,MOPEX,03070101,Middle Oconee River Near Athens, GA,335648,832522,NAD83,33.94666667,-83.4227778,NAD83,555.5,169.32,NAVD88,398,1016.12,7.4,270.55,170.03,407.24,,NA,EST,http://waterdata.usgs.gov/nwis/nwisman/?site_no=02217500
02221525,1056599,CAMELS,03070101,Murder Creek Below Eatonton, GA,331509.9,832857.4,NAD83,33.25275,-83.4826111,NAD83,374.7,114.21,NAVD88,190,493.4,5.61,176.62,114.18,244.67,,NA,EST,http://waterdata.usgs.gov/nwis/nwisman/?site_no=02221525
02228000,6396033,MOPEX,03070201,Satilla River At Atkinson, GA,311310.5,815159.2,NAD83,31.21958333,-81.8664444,NAD83,13.63,4.15,NAVD88,2790,7329.71,0.9,53.56,6.17,113.17,,NA,EST,http://waterdata.usgs.gov/nwis/nwisman/?site_no=02228000
02231000,18260325,CAMELS,03070204,St. Marys River Near Macclenny, FL,302131,820454,NAD27,30.35884726,-82.0815013,NAD83,40,12.19,NGVD29,700,1956.33,0.2,38.68,12.38,59.75,,NA,EST,http://waterdata.usgs.gov/nwis/nwisman/?site_no=02231000
02231342,11014543,CAMELS,03080101,Ft Drum Creek At Sunshine St Pky Near Ft Drum, FL,273406,804747,NAD27,27.5686473,-80.7961709,NAD83,NA,10.32,NA,52.6,151.62,0.03,18.79,10.32,22.82,,NA,EST,http://waterdata.usgs.gov/nwis/nwisman/?site_no=02231342
02235200,10997161,CAMELS,03080101,Blackwater Creek Near Cassia, FL,285228,812923,NAD83,28.87444444,-81.4897222,NAD83,18.55,5.65,NGVD29,126,311.34,1.19,19.47,6.34,56.8,,NA,EST,http://waterdata.usgs.gov/nwis/nwisman/?site_no=02235200
02236000,10989245,MOPEX,03080101,St. Johns River Near De Land, FL,290029,812258,NAD27,29.00831827,-81.3825651,NAD83,-0.09,-0.03,NGVD29,3066,8095.1,0.34,12.74,-2.44,56.8,"02235200, 02231342",2,EST,http://waterdata.usgs.gov/nwis/nwisman/?site_no=02236000
02245500,16662855,CAMELS,03080103,South Fork Black Creek Near Penney Farms, FL,295845,815108,NAD27,29.9794075,-81.8520426,NAD83,9.82,2.99,NGVD29,134,353.59,1.13,36.21,6.54,76.52,,NA,EST,http://waterdata.usgs.gov/nwis/nwisman/?site_no=02245500
02246000,16658901,CAMELS,03080103,North Fork Black Creek Near Middleburg, FL,300647,815424,NAD27,30.1132953,-81.9064915,NAD83,1.02,0.31,NGVD29,177,463.19,0.72,33.35,2.46,78.29,,NA,EST,http://waterdata.usgs.gov/nwis/nwisman/?site_no=02246000
02296500,16806475,CAMELS,03100101,Charlie Creek Near Gardner ,FL,272229,814748,NAD27,27.37504297,-81.7964708,NAD83,21.66,6.6,NGVD29,330,851.57,0.24,26.64,7.04,55.06,,NA,EST,http://waterdata.usgs.gov/nwis/nwisman/?site_no=02296500
02296750,16807219,MOPEX,03100101,Peace River At Sr 70 At Arcadia, FL,271314,815235,NAD27,27.22088245,-81.8761946,NAD83,6,1.83,NGVD29,1367,3434.43,0.68,32.87,1.9,105.82,02296500,1,EST,http://waterdata.usgs.gov/nwis/nwisman/?site_no=02296750
02297155,16812461,CAMELS,03100101,Horse Creek Near Myakka Head ,FL,272913,820125,NAD27,27.4872613,-82.0234197,NAD83,58.12,17.71,NGVD29,42,106.91,0.22,35.76,17.68,57.74,,NA,EST,http://waterdata.usgs.gov/nwis/nwisman/?site_no=02297155
02297310,16807511,CAMELS,03100101,Horse Creek At Sr 72 Near Arcadia, FL,271157,815919,NAD27,27.19949477,-81.9884193,NAD83,10.96,3.34,NGVD29,218,572.17,0.24,24.36,2.93,57.74,02297155,1,EST,http://waterdata.usgs.gov/nwis/nwisman/?site_no=02297310
02298123,16808187,CAMELS,03100101,Prairie Creek Near Fort Ogden ,FL,270306,814705,NAD27,27.05199986,-81.7845267,NAD83,25,7.62,NGVD29,233,593.34,0.04,20.3,8.62,28.62,,NA,EST,http://waterdata.usgs.gov/nwis/nwisman/?site_no=02298123
02298608,16837084,CAMELS,03100102,Myakka River At Myakka City ,FL,272036,820925,NAD27,27.3436562,-82.1567556,NAD83,24.45,7.45,NGVD29,125,314.61,0.22,21.82,8.72,35.22,,NA,EST,http://waterdata.usgs.gov/nwis/nwisman/?site_no=02298608
02299950,16877194,CAMELS,03100202,Manatee River At Sr 64 Near Myakka Head, FL,272824,821241,NAD27,27.47365137,-82.211201,NAD83,40.93,12.48,NGVD29,65.3,182.19,0.22,33.15,13.17,42.26,,NA,EST,http://waterdata.usgs.gov/nwis/nwisman/?site_no=02299950
02300700,16918210,CAMELS,03100206,Bullfrog Creek Near Wimauma ,FL,274730,822108,NAD27,27.79197208,-82.3520369,NAD83,-0.88,-0.27,NAVD88,29.1,83.3,0.45,23.39,3.26,46.59,,NA,EST,http://waterdata.usgs.gov/nwis/nwisman/?site_no=02300700
02310947,16955670,CAMELS,03100208,Withlacoochee River Near Cumpressco, FL,281842,820322,NAD27,28.31195156,-82.05591468,NAD83,75,22.86,NGVD29,280,503.67,0.19,35.96,25.54,57.26,,NA,EST,http://waterdata.usgs.gov/nwis/nwisman/?site_no=02310947
02312200,16949670,CAMELS,03100208,Little Withlacoochee River At Rerdell, FL,283421,820920,NAD27,28.57277286,-82.155363,NAD83,59.02,17.99,NGVD29,145,365.74,0.24,27.65,14.68,46.65,,NA,EST,http://waterdata.usgs.gov/nwis/nwisman/?site_no=02312200
02314500,1997544,CAMELS,03110201,Suwannee River At Us 441 At Fargo,GA,304051.7,823336.5,NAD83,30.68102778,-82.56013889,NAD83,91,27.74,NAVD88,1130,2935.5,0.02,41.54,29.55,61.73,,NA,EST,http://waterdata.usgs.gov/nwis/nwisman/?site_no=02314500
02315500,166743978,CAMELS,03110201,Suwannee River At White Springs,FL,301932,824418,NAD27,30.3257812,-82.7381826,NAD83,0,0,NGVD29,2430,5882.18,0.08,41.85,16.97,72.46,2314500,1,EST,http://waterdata.usgs.gov/nwis/nwisman/?site_no=02315500
02324400,1978648,CAMELS,03110102,Fenholloway River Near Foley,FL,300553,832819,NAD27,30.09827057,-83.4718112,NAD83,53.59,16.33,NGVD29,60,177.63,0.09,27.58,16.56,47.41,,NA,EST,http://waterdata.usgs.gov/nwis/nwisman/?site_no=02324400
02327100,10365698,CAMELS,03120003,Sopchoppy River Nr Sopchoppy,FL,300745,842940,NAD27,30.12936856,-84.4943482,NAD83,0,0,NGVD29,102,297.11,0.19,20.78,1.11,42.14,,NA,EST,http://waterdata.usgs.gov/nwis/nwisman/?site_no=02327100
02329000,10362924,MOPEX,03120003,Ochlockonee River Nr Havana,FL,303314,842303,NAD27,30.55408644,-84.3840715,NAD83,59.36,18.09,NGVD29,1140,2958.75,2.44,76.16,21.04,138.35,,NA,EST,http://waterdata.usgs.gov/nwis/nwisman/?site_no=02329000
02339500,3298592,MOPEX,03130002,Chattahoochee River At West Point, GA,325311.9,851053.7,NAD83,32.88663889,-85.1815833,NAD83,551.78,168.18,NAVD88,3550,9173.18,9.26,328.66,161.39,1355.7,,NA,EST,http://waterdata.usgs.gov/nwis/nwisman/?site_no=02339500
02342933,3437900,CAMELS,03130003,South Fork Cowikee Creek Near Batesville ,AL,320103,851745,NAD27,32.0176572,-85.2957704,NAD83,200,60.96,NGVD29,112,291,5.96,110.57,59.29,211.45,,NA,CST,http://waterdata.usgs.gov/nwis/nwisman/?site_no=02342933
02347500,6429916,MOPEX,03130005,Flint River At Us 19 Near Carsonville,GA,324319.9,841356.7,NAD83,32.72219444,-84.2324167,NAD83,334.54,101.97,NGVD29,1850,4796.98,5.43,239.47,101.47,410.69,,NA,EST,http://waterdata.usgs.gov/nwis/nwisman/?site_no=02347500
02349500,6444260,MOPEX,03130006,Flint River At Montezuma, GA,321753,840238,NAD27,32.29821336,-84.0437965,NAD83,255.83,77.98,NGVD29,2900,6824.82,5.25,212.34,79.17,410.69,,NA,EST,http://waterdata.usgs.gov/nwis/nwisman/?site_no=02349500
02349900,6442680,CAMELS,03130006,Turkey Creek At Byromville, GA,321144,835408,NAD83,32.19555556,-83.9022222,NAD83,284.18,86.62,NAVD88,47.5,126.37,2.31,118.96,85.35,153.61,,NA,EST,http://waterdata.usgs.gov/nwis/nwisman/?site_no=02349900
02350900,6460293,CAMELS,03130007,Kinchafoonee Creek At Pinewood Road Near Dawson,GA,314552.5,841511.2,NAD83,31.76458333,-84.2531111,NAD83,210.67,64.21,NAVD88,527,1364.87,4.55,138.39,66.65,230.51,,NA,EST,http://waterdata.usgs.gov/nwis/nwisman/?site_no=02350900
02361000,2188031,CAMELS,03140201,Choctawhatchee River Near Newton,AL,312034,853638,NAD27,31.3429492,-85.6104912,NAD83,138.56,42.23,NGVD29,686,1779.23,5.43,114.32,43.24,193.37,,NA,CST,http://waterdata.usgs.gov/nwis/nwisman/?site_no=02361000
02363000,2210130,CAMELS,03140202,Pea River Near Ariton ,AL,313541,854659,NAD27,31.59488716,-85.7829975,NAD83,246.59,75.16,NAVD88,498,1291.92,5.41,132.55,76.05,211.01,,NA,CST,http://waterdata.usgs.gov/nwis/nwisman/?site_no=02363000
02365500,2242113,MOPEX,03140203,Choctawhatchee River At Caryville,FL,304632,854940,NAD27,30.77574389,-85.827711,NAD83,39.02,11.89,NGVD29,3499,9076.02,4.52,92.63,12.52,211.01,"02361000, 02363000",2,CST,http://waterdata.usgs.gov/nwis/nwisman/?site_no=02365500
02369800,789206,CAMELS,03140104,Blackwater River Near Bradley ,AL,310139,864236,NAD27,31.02767985,-86.7099567,NAD83,121.87,37.15,NGVD29,87.7,231.32,3.12,69.95,37.03,104.3,,NA,CST,http://waterdata.usgs.gov/nwis/nwisman/?site_no=02369800
02371500,2377281,CAMELS,03140301,Conecuh River At Brantley ,AL,313424,861506,NAD27,31.57349458,-86.2516226,NAD83,226.13,68.92,NAVD88,500,1257.88,5.39,127.89,69.5,205.55,,NA,CST,http://waterdata.usgs.gov/nwis/nwisman/?site_no=02371500
02372250,2323396,CAMELS,03140302,Patsaliga Creek Near Brantley ,AL,313546,862420,NAD27,31.59627177,-86.40551809,NAD83,220,67.06,NGVD29,442,1144.77,5.05,123.88,67.15,205.59,,NA,CST,http://waterdata.usgs.gov/nwis/nwisman/?site_no=02372250
02374500,933140017,CAMELS,03140304,Murder Creek Near Evergreen ,AL,312506,865912,NAD27,31.41850006,-86.9866403,NAD83,178.24,54.33,NAVD88,176,456.69,5.34,108.9,55.17,174.97,,NA,CST,http://waterdata.usgs.gov/nwis/nwisman/?site_no=02374500
02375500,448444,MOPEX,03140305,Escambia River Near Century, FL,305754,871403,NAD27,30.96518304,-87.2341395,NAD83,28.34,8.64,NGVD29,3817,9936.56,4.55,95.41,9.25,205.59,"02374500, 02372250, 02371500",3,CST,http://waterdata.usgs.gov/nwis/nwisman/?site_no=02375500
02381600,6478765,CAMELS,03150102,Fausett Creek Near Talking Rock, GA,343413.6,842808,NAD83,34.57044444,-84.46888889,NAD83,1311.74,399.82,NGVD29,9.99,28.24,15.22,485.94,401.26,703.59,,NA,EST,http://waterdata.usgs.gov/nwis/nwisman/?site_no=02381600
02383500,6478921,MOPEX,03150102,Coosawattee River Near Pine Chapel, GA,343351,844959,NAD83,34.56416667,-84.8330556,NAD83,616.09,187.78,NAVD88,831,2154.97,16.97,419.97,191.18,1232.72,2381600,1,EST,http://waterdata.usgs.gov/nwis/nwisman/?site_no=02383500
02384540,12193270,CAMELS,03150101,Mill Creek Near Crandall, GA,345219,844316.6,NAD83,34.87194444,-84.7212778,NAD83,888.98,270.96,NGVD29,8.24,22.21,30.83,649.51,249.74,1125.79,,NA,EST,http://waterdata.usgs.gov/nwis/nwisman/?site_no=02384540
02387000,12194190,MOPEX,03150101,Conasauga River At Tilton, GA,344000.9,845540.5,NAD83,34.66691667,-84.9279167,NAD83,622.16,189.63,NAVD88,687,1782.54,14.14,340.95,190.79,1283.72,,NA,EST,http://waterdata.usgs.gov/nwis/nwisman/?site_no=02387000
02387500,6486392,MOPEX,03150103,Oostanaula River At Resaca, GA,343439,845630.9,NAD83,34.5775,-84.9419167,NAD83,604.29,184.19,NAVD88,1602,4151.55,15.14,375.27,184.4,1283.72,"02387000, 02383500, 02381600",3,EST,http://waterdata.usgs.gov/nwis/nwisman/?site_no=02387500
02395120,6498620,CAMELS,03150104,Two Run Creek Near Kingston, GA,341434,845323,NAD83,34.24277778,-84.8897222,NAD83,723.2,220.43,NAVD88,33.1,85.31,6.01,266.01,221.19,338.14,,NA,EST,http://waterdata.usgs.gov/nwis/nwisman/?site_no=02395120
02408540,22274612,CAMELS,03150107,Hatchet Creek Below Rockford,AL,325500,861613,NAD27,32.9168292,-86.2702519,NAD83,373.5,113.84,NAVD88,263,680.92,11.01,248.85,114.81,584.23,,NA,CST,http://waterdata.usgs.gov/nwis/nwisman/?site_no=02408540
02414500,22042575,MOPEX,03150109,Tallapoosa River At Wadley ,AL,330700,853339,NAD27,33.11678684,-85.5607875,NAD83,599.87,182.84,NGVD29,1675,4337.02,9.3,320.68,183.55,715.34,,NA,CST,http://waterdata.usgs.gov/nwis/nwisman/?site_no=02414500
02415000,22035157,CAMELS,03150109,Hillabee Creek Near Hackneyville ,AL,330355,855241,NAD27,33.06539786,-85.8780186,NAD83,557.92,170.05,NGVD29,190,491.54,10.6,279.71,172.78,477.29,,NA,CST,http://waterdata.usgs.gov/nwis/nwisman/?site_no=02415000
02422500,21676818,CAMELS,03150201,Mulberry Creek At Jones ,AL,323458,865413,NAD27,32.5829103,-86.9035991,NAD83,165.23,50.36,NGVD29,203,602.35,7.53,135.54,54.76,226.12,,NA,CST,http://waterdata.usgs.gov/nwis/nwisman/?site_no=02422500
02427250,21457950,CAMELS,03150203,Pine Barren Creek Near Snow Hill,AL,315946,870406,NAD27,31.99629727,-87.0683313,NAD83,126.58,38.58,NAVD88,261,677.33,5.59,90.08,37.72,177.11,,NA,CST,http://waterdata.usgs.gov/nwis/nwisman/?site_no=02427250
02430085,18693151,CAMELS,03160101,Red Bud Creek Nr Moores Mill, MS,342800,881701,NAD83,34.46666667,-88.2836111,NAD83,360.36,109.84,NGVD29,15.7,40.54,7.81,146.34,110.98,198.64,,NA,CST,http://waterdata.usgs.gov/nwis/nwisman/?site_no=02430085
02430615,18693687,CAMELS,03160101,Mud Creek Nr Fairview, MS,342333,882118,NAD83,34.3925,-88.355,NAD83,313,95.4,NGVD29,11.1,32.45,9.61,124.31,91.49,170.55,,NA,CST,http://waterdata.usgs.gov/nwis/nwisman/?site_no=02430615
02448000,18602182,MOPEX,03160108,Noxubee River At Macon, MS,330420.5,883331.6,NAD83,33.0723611,-88.5587778,NAD83,136.9,41.73,NAVD88,777,2022.56,3.84,99.42,46.93,210.15,,NA,CST,http://waterdata.usgs.gov/nwis/nwisman/?site_no=02448000
02450250,18578829,CAMELS,03160110,Sipsey Fork Near Grayson ,AL,341707,872356,NAD27,34.28537757,-87.3989084,NAD83,540,164.59,NGVD29,92.1,242.59,18.61,250.07,159.77,326.82,,NA,CST,http://waterdata.usgs.gov/nwis/nwisman/?site_no=02450250
02456500,18566317,MOPEX,03160111,Locust Fork At Sayre,AL,334235,865900,NAD27,33.7098268,-86.9833305,NAD83,258.64,78.83,NGVD29,885,2300.97,10.53,238.16,80.4,471.11,,NA,CST,http://waterdata.usgs.gov/nwis/nwisman/?site_no=02456500
02464000,18229143,CAMELS,03160112,North River Near Samantha ,AL,332845,873550,NAD27,33.47928058,-87.5972297,NAD83,233.19,71.08,NAVD88,223,581.43,11.09,146.83,72.29,236.91,,NA,CST,http://waterdata.usgs.gov/nwis/nwisman/?site_no=02464000
02464146,18227533,CAMELS,03160112,Turkey Creek Near Tuscaloosa,AL,332448,873038,NAD27,33.41344824,-87.5105601,NAD83,270,82.3,NGVD29,6.16,15.78,11.29,140.35,82.36,190.24,,NA,CST,http://waterdata.usgs.gov/nwis/nwisman/?site_no=02464146
02464360,18227431,CAMELS,03160112,Binion Creek Below Gin Creek Near Samantha ,AL,332529,873833,NAD27,33.42483704,-87.6425091,NAD83,NA,71.28,NA,57.2,149.53,9.06,113.56,71.28,177.61,,NA,CST,http://waterdata.usgs.gov/nwis/nwisman/?site_no=02464360
02465493,18208346,CAMELS,03160113,Elliotts Creek At Moundville ,AL,325950,873720,NAD27,32.99734636,-87.6222295,NAD83,147.92,45.09,NAVD88,32.3,86.02,11.15,100.24,40.86,176.84,,NA,CST,http://waterdata.usgs.gov/nwis/nwisman/?site_no=02465493
02469800,21640642,CAMELS,03160203,Satilpa Creek Near Coffeeville ,AL,314439,880121,NAD27,31.7443247,-88.0225066,NAD83,39.8,12.13,NGVD29,164,423.1,8.37,69.75,13.41,158.02,,NA,CST,http://waterdata.usgs.gov/nwis/nwisman/?site_no=02469800
02472000,18154237,SAME,03170004,Leaf River Nr Collins, MS,314225,892425,NAD83,31.70694444,-89.4069444,NAD83,196.77,59.98,NAVD88,743,1926.9,4.25,118.47,62.16,193.42,,NA,CST,http://waterdata.usgs.gov/nwis/nwisman/?site_no=02472000
02472500,18157053,CAMELS,03170004,Bouie Creek Nr Hattiesburg, MS,312533,892453,NAD83,31.42583333,-89.4147222,NAD83,159.65,48.66,NAVD88,304,788.45,4.12,110.49,48.76,169.39,,NA,CST,http://waterdata.usgs.gov/nwis/nwisman/?site_no=02472500
02475000,18134412,MOPEX,03170005,Leaf River Nr Mclain, MS,310626.69,884829.96,NAD83,31.10741389,-88.8083222,NAD83,41.83,12.75,NAVD88,3495,9071.83,3.99,93.64,15.84,207.72,"02472500, 0247200",2,CST,http://waterdata.usgs.gov/nwis/nwisman/?site_no=02475000
02475500,18194859,MOPEX,03170001,Chunky River Nr Chunky, MS,321934,885433,NAD83,32.3261111,-88.9091667,NAD83,269.11,82.02,NAVD88,369,958.86,4.73,131.07,81.8,215.54,,NA,CST,http://waterdata.usgs.gov/nwis/nwisman/?site_no=02475500
02478500,18172814,MOPEX,03170003,Chickasawhay River At Leakesville, MS,310855,883253,NAD83,31.1486111,-88.5480556,NAD83,50.49,15.39,NAVD88,2690,6986.49,4.94,101.67,17.68,215.54,2475500,1,CST,http://waterdata.usgs.gov/nwis/nwisman/?site_no=02478500
02479155,18105412,CAMELS,03170007,Cypress Creek Nr Janice, MS,310131,890100,NAD83,31.02527778,-89.0166667,NAD83,103,31.39,NGVD29,52.6,138.04,3.93,68.14,32.78,101.22,,NA,CST,http://waterdata.usgs.gov/nwis/nwisman/?site_no=02479155
02479300,18107248,SAME,03170007,Red Creek At Vestry, MS,304410,884652,NAD83,30.7361111,-88.7811111,NAD83,19.26,5.87,NAVD88,441,1152.57,3.37,63.33,7.08,120.65,,NA,CST,http://waterdata.usgs.gov/nwis/nwisman/?site_no=02479300
02479560,18094981,CAMELS,03170008,Escatawpa River Near Agricola ,MS,304842,882731,NAD27,30.8118552,-88.4586274,NAD83,46,14.02,NGVD29,562,1455.62,3.44,62.21,15.2,109.83,,NA,CST,http://waterdata.usgs.gov/nwis/nwisman/?site_no=02479560
02481000,18070104,CAMELS,03170009,Biloxi River At Wortham, MS,303331,890719,NAD83,30.5586111,-89.1219444,NAD83,18.4,5.61,NAVD88,96.2,250.73,3.44,48.66,6.33,110.99,,NA,CST,http://waterdata.usgs.gov/nwis/nwisman/?site_no=02481000
02481510,18075806,CAMELS,03170009,Wolf River Nr Landon, MS,302901,891628,NAD83,30.4836111,-89.2744444,NAD83,14.34,4.37,NGVD29,308,801.87,4.09,66.55,9.11,127.13,,NA,CST,http://waterdata.usgs.gov/nwis/nwisman/?site_no=02481510
02482000,15785502,MOPEX,03180001,Pearl River At Edinburg, MS,324756,892006,NAD83,32.79888889,-89.335,NAD83,341.54,104.1,NAVD88,904,2343.28,3.56,145.24,105.36,218.22,,NA,CST,http://waterdata.usgs.gov/nwis/nwisman/?site_no=02482000
02486000,15758318,MOPEX,03180002,Pearl River At Jackson, MS,321653,901044,NAD83,32.28138889,-90.1788889,NAD83,233.39,71.14,NAVD88,3171,8212.93,3.31,132.37,71.43,220.92,02482000,1,CST,http://waterdata.usgs.gov/nwis/nwisman/?site_no=02486000
02492000,15690765,MOPEX,03180005,Bogue Chitto River Near Bush, LA,303745,895350,NAD27,30.62935636,-89.8972956,NAD83,43.31,13.2,NAVD88,1213,3130.64,3.16,101.76,13.99,173.7,,NA,CST,http://waterdata.usgs.gov/nwis/nwisman/?site_no=02492000
03010500,8974256,MOPEX,05010001,Allegheny River At Eldred, PA,415748,782311,NAD27,41.963398,-78.3861287,NAD83,1416.53,431.76,NGVD29,550,1421.7,17.57,602.7,433.24,784.52,,NA,EST,http://waterdata.usgs.gov/nwis/nwisman/?site_no=03010500
03010655,8971150,CAMELS,05010001,Oswayo Creek At Shinglehouse, PA,415742,781154,NAD27,41.96173237,-78.1980662,NAD83,1460.34,445.11,NGVD29,98.7,255.23,19.18,618.17,445.05,765.69,,NA,EST,http://waterdata.usgs.gov/nwis/nwisman/?site_no=03010655
03011020,8969860,MOPEX,05010001,Allegheny River At Salamanca ,NY,420924.6,784256,NAD83,42.1568333,-78.7155556,NAD83,1357.49,413.76,NAVD88,1608,4163.45,17.03,581.94,411.05,784.52,"03010500, 03010655",2,EST,http://waterdata.usgs.gov/nwis/nwisman/?site_no=03011020
03011800,8974366,CAMELS,05010001,Kinzua Creek Near Guffey, PA,414559,784308,NAD27,41.76645099,-78.71863999,NAD83,1540,469.39,NGVD29,38.8,100.18,9.53,624.53,471.1,704.31,,NA,EST,http://waterdata.usgs.gov/nwis/nwisman/?site_no=03011800
03015500,8975242,CAMELS,05010001,Brokenstraw Creek At Youngsville, PA,415109,791903,NAD27,41.8525587,-79.3172708,NAD83,1186.3,361.58,NAVD88,321,788.07,9.47,487.4,361.56,602.13,,NA,EST,http://waterdata.usgs.gov/nwis/nwisman/?site_no=03015500
03020500,10222114,MOPEX,05010003,Oil Creek At Rouseville, PA,412854,794144,NAD27,41.4817261,-79.6953304,NAD83,1027.9,313.3,NAVD88,283,732.66,8.09,459.79,310.32,578.99,,NA,EST,http://waterdata.usgs.gov/nwis/nwisman/?site_no=03020500
03021350,9049227,CAMELS,05010004,French Creek Near Wattsburg, PA,420055,794658,NAD27,42.015332,-79.7825507,NAD83,1304.7,397.67,NAVD88,92,248.5,6.87,485.29,391.8,569.76,,NA,EST,http://waterdata.usgs.gov/nwis/nwisman/?site_no=03021350
03024000,9053487,MOPEX,05010004,French Creek At Utica, PA,412615,795722,NAD27,41.43755525,-79.9558912,NAD83,1018.8,310.53,NAVD88,1028,2666.16,5.49,417.61,311.44,575.23,03021350,1,EST,http://waterdata.usgs.gov/nwis/nwisman/?site_no=03024000
03026500,6874093,CAMELS,05010005,Sevenmile Run Near Rasselas, PA,413752,783437,NAD27,41.63117349,-78.5766898,NAD83,1690.6,515.29,NAVD88,7.84,20.26,9.04,630.03,515.11,697.68,,NA,EST,http://waterdata.usgs.gov/nwis/nwisman/?site_no=03026500
03028000,6874111,CAMELS,05010005,West Branch Clarion River At Wilcox, PA,413431,784133,NAD27,41.57533955,-78.69224919,NAD83,1501,457.5,NAVD88,63,166.36,13.41,596.35,453.29,706.98,,NA,EST,http://waterdata.usgs.gov/nwis/nwisman/?site_no=03028000
03032500,4741683,MOPEX,05010006,Redbank Creek At St. Charles, PA,405940,792340,NAD27,40.9945093,-79.3942088,NAD83,972.5,296.42,NAVD88,528,1380.28,12.35,473.66,297.97,663.62,,NA,EST,http://waterdata.usgs.gov/nwis/nwisman/?site_no=03032500
03049000,11049880,CAMELS,05010009,Buffalo Creek Near Freeport, PA,404259.2,794159.7,NAD83,40.71644444,-79.6999167,NAD83,792,241.4,NGVD29,137,356.39,13.46,380.15,243.39,475.55,,NA,EST,http://waterdata.usgs.gov/nwis/nwisman/?site_no=03049000
03049800,11049744,CAMELS,05010009,Little Pine Creek Near Etna, PA,403113,795618,NAD27,40.5203462,-79.93810799,NAD83,774,235.92,NAVD88,5.78,16.06,18.77,335.11,227.55,408.29,,NA,EST,http://waterdata.usgs.gov/nwis/nwisman/?site_no=03049800
03050000,4353002,CAMELS,05020001,Tygart Valley River Near Dailey, WV,384833,795255,NAD27,38.809275,-79.8817342,NAD83,1940.53,591.47,NAVD88,188,486.47,29.17,864.68,591.98,1446.43,,NA,EST,http://waterdata.usgs.gov/nwis/nwisman/?site_no=03050000
03050500,4352966,MOPEX,05020001,Tygart Valley River Near Elkins, WV,385525,795245,NAD27,38.92371705,-79.8789587,NAD83,1894.35,577.4,NAVD88,273,710.56,27.86,826.12,573.46,1446.43,,NA,EST,http://waterdata.usgs.gov/nwis/nwisman/?site_no=03050500
03051000,4351512,MOPEX,05020001,Tygart Valley River At Belington, WV,390145,795610,NAD27,39.0292694,-79.93590799,NAD83,1679.79,512,NAVD88,415,1087.18,25.66,776.96,514.91,1446.43,3050000,1,EST,http://waterdata.usgs.gov/nwis/nwisman/?site_no=03051000
03054500,4352178,MOPEX,05020001,Tygart Valley River At Philippi, WV,390901,800220,NAD27,39.15037545,-80.038691,NAD83,1279.7,390.05,NAVD88,919,2398.2,23.58,708.82,391.07,1446.43,"0305100, 03050000",2,EST,http://waterdata.usgs.gov/nwis/nwisman/?site_no=03054500
03065000,3775187,MOPEX,05020004,Dry Fork At Hendricks, WV,390420,793723,NAD27,39.07232928,-79.6228373,NAD83,1699.13,517.89,NAVD88,347,899.55,25.66,998.05,518.03,1452.96,,NA,EST,http://waterdata.usgs.gov/nwis/nwisman/?site_no=03065000
03066000,3775599,CAMELS,05020004,Blackwater River At Davis, WV,390737,792807,NAD83,39.1270524,-79.4683852,NAD83,3059.3,932.47,NAVD88,86.1,225.3,10.25,1022.8,932.51,1330.59,,NA,EST,http://waterdata.usgs.gov/nwis/nwisman/?site_no=03066000
03069000,3780351,MOPEX,05020004,Shavers Fork At Parsons, WV,390546,794037,NAD27,39.0962172,-79.6767291,NAD83,1634.87,498.31,NGVD29,213,544.96,26.23,1022.45,496.83,1477.68,,NA,EST,http://waterdata.usgs.gov/nwis/nwisman/?site_no=03069000
03069500,3775993,SAME,05020004,Cheat River Near Parsons, WV,390717.6,794031.9,NAD83,39.12155556,-79.6755278,NAD83,1589.8,484.57,NAVD88,718,1854.78,23.28,996.49,483.43,1477.68,"03065000, 03066000",2,EST,http://waterdata.usgs.gov/nwis/nwisman/?site_no=03069500
03070000,3775731,MOPEX,05020004,Cheat River At Rowlesburg, WV,392046,793956,NAD27,39.34620905,-79.6653372,NAD83,1367.58,416.84,NAVD88,936,2417.09,25.38,923.01,419.09,1477.68,3069000,1,EST,http://waterdata.usgs.gov/nwis/nwisman/?site_no=03070000
03070500,3773681,CAMELS,05020004,Big Sandy Creek At Rockville, WV,393718.3,794216.4,NAD83,39.62175,-79.7045556,NAD83,1322.4,403.07,NAVD88,200,518.17,13.83,601.81,400.66,944.75,,NA,EST,http://waterdata.usgs.gov/nwis/nwisman/?site_no=03070500
03075500,3809533,MOPEX,05020006,Youghiogheny River Near Oakland, MD,392517.7,792525.1,NAD83,39.4215833,-79.42363889,NAD83,2353.14,717.24,NAVD88,134,349.77,11.9,790.73,717.76,1026.14,,NA,EST,http://waterdata.usgs.gov/nwis/nwisman/?site_no=03075500
03076600,3808829,CAMELS,05020006,Bear Creek At Friendsville, MD,393922.1,792338.8,NAD83,39.65613889,-79.3941111,NAD83,1550.83,472.69,NAVD88,48.9,128.37,17.29,749.15,444.07,915.06,,NA,EST,http://waterdata.usgs.gov/nwis/nwisman/?site_no=03076600
03078000,3808365,CAMELS,05020006,Casselman River At Grantsville, MD,394207.9,790811,NAD83,39.70219444,-79.13638889,NAD83,2088.56,636.59,NAVD88,64.2,166.56,10.11,787.87,636.65,944.99,,NA,EST,http://waterdata.usgs.gov/nwis/nwisman/?site_no=03078000
03079000,3808745,MOPEX,05020006,Casselman River At Markleton, PA,395135.7,791343.8,NAD83,39.85991667,-79.2288333,NAD83,1654.8,504.38,NAVD88,382,990.55,10.58,718.51,457.8,978.66,3078000,1,EST,http://waterdata.usgs.gov/nwis/nwisman/?site_no=03079000
03109500,3819547,MOPEX,05030101,Little Beaver Creek Near East Liverpool ,OH,404033,803227,NAD27,40.6758974,-80.5406244,NAD83,702.38,214.09,NAVD88,496,1298.47,9.31,344.34,214.72,437.77,,NA,EST,http://waterdata.usgs.gov/nwis/nwisman/?site_no=03109500
03111500,19453023,MOPEX,05030106,Short Creek Near Dillonvale ,OH,401136,804404,NAD27,40.19340427,-80.7342482,NAD83,673.54,205.29,NAVD88,123,319.23,14.44,339.94,204.84,416.03,,NA,EST,http://waterdata.usgs.gov/nwis/nwisman/?site_no=03111500
03114500,15431972,MOPEX,05030201,Middle Island Creek At Little, WV,392830,805950,NAD27,39.4750762,-80.9970537,NAD83,631.04,192.34,NAVD88,459,1188.46,28.26,311.92,192.52,503.04,,NA,EST,http://waterdata.usgs.gov/nwis/nwisman/?site_no=03114500
03140000,15400312,CAMELS,05040003,Mill Creek Near Coshocton ,OH,402146,815145,NAD27,40.36284598,-81.8623563,NAD83,781.16,238.1,NAVD88,27.2,71.36,13.2,304.05,237.92,389.43,,NA,EST,http://waterdata.usgs.gov/nwis/nwisman/?site_no=03140000
03144000,15380169,CAMELS,05040004,Wakatomika Creek Near Frazeysburg ,OH,400711,820811,NAD83,40.1197222,-82.13638889,NAD83,735.46,224.17,NAVD88,140,363.63,11.37,304.03,227.29,382.21,,NA,EST,http://waterdata.usgs.gov/nwis/nwisman/?site_no=03144000
03155500,19415375,MOPEX,05030203,Hughes River At Cisco, WV,390707,811639,NAD27,39.11868976,-81.2773386,NAD83,607.92,185.29,COE1912,453,1175.99,25.73,292.38,183.65,430.46,,NA,EST,http://waterdata.usgs.gov/nwis/nwisman/?site_no=03155500
03159500,15421121,MOPEX,05030204,Hocking River At Athens,OH,391944,820516,NAD27,39.32896188,-82.0876439,NAD83,610.78,186.17,NAVD88,943,2449.91,12.87,274.09,176.54,378.06,,NA,EST,http://waterdata.usgs.gov/nwis/nwisman/?site_no=03159500
03159540,19440277,CAMELS,05030202,Shade River Near Chester ,OH,390349,815255,NAD27,39.06368935,-81.8818024,NAD83,576.28,175.65,NAVD88,156,401.24,16.11,243.61,178,312.17,,NA,EST,http://waterdata.usgs.gov/nwis/nwisman/?site_no=03159540
03161000,6892192,SAME,05050001,South Fork New River Near Jefferson, NC,362336,812425,NAD83,36.3933333,-81.4069444,NAD83,2656.8,809.79,NAVD88,205,534.02,23.89,1024.45,807.02,1696.02,,NA,EST,http://waterdata.usgs.gov/nwis/nwisman/?site_no=03161000
03164000,6887572,SAME,05050001,New River Near Galax, VA,363850,805845,NAD27,36.6473497,-80.978969,NAD83,2207.06,672.71,NAVD88,1141,2963.65,23.58,955.19,668.39,1745.52,3161000,1,EST,http://waterdata.usgs.gov/nwis/nwisman/?site_no=03164000
03165000,6886804,CAMELS,05050001,Chestnut Creek At Galax, VA,363845,805510,NAD27,36.6459613,-80.9192444,NAD83,2344.8,714.7,NAVD88,39.4,117.76,14.65,802.84,694.15,1080.01,,NA,EST,http://waterdata.usgs.gov/nwis/nwisman/?site_no=03165000
03165500,6887364,MOPEX,05050001,New River At Ivanhoe, VA,365005,805710,NAD27,36.83484534,-80.9525807,NAD83,1941.63,591.81,NAVD88,1350,3497.05,22.78,928.7,591.18,1745.52,"03165000, 03164000, 03161000",3,EST,http://waterdata.usgs.gov/nwis/nwisman/?site_no=03165500
03167000,6885460,MOPEX,05050001,Reed Creek At Grahams Forge, VA,365620,805315,NAD27,36.93900995,-80.8872997,NAD83,1924.2,586.5,NAVD88,258,668.24,18.81,763.49,582.3,1206.38,,NA,EST,http://waterdata.usgs.gov/nwis/nwisman/?site_no=03167000
03168000,6887202,MOPEX,05050001,New River At Allisonia, VA,365615,804445,NAD27,36.93762235,-80.7456257,NAD83,1848.16,563.32,NAVD88,2212,5728.72,21.39,868.99,559.49,1745.52,"03167000, 03165500, 03165000, 03164000, 03161000",5,EST,http://waterdata.usgs.gov/nwis/nwisman/?site_no=03168000
03170000,6884590,CAMELS,05050001,Little River At Graysontown, VA,370215,803325,NAD27,37.03762635,-80.5567239,NAD83,1815.6,553.39,NAVD88,300,801.46,17.55,760.2,552.43,1083.98,,NA,EST,http://waterdata.usgs.gov/nwis/nwisman/?site_no=03170000
03173000,6908597,SAME,05050002,Walker Creek At Bane, VA,371605,804235,NAD27,37.26817845,-80.7095125,NAD83,1665.48,507.64,NAVD88,299,775,24.28,782.3,505.34,1239.97,,NA,EST,http://waterdata.usgs.gov/nwis/nwisman/?site_no=03173000
03175500,6908591,MOPEX,05050002,Wolf Creek Near Narrows, VA,371820,805100,NAD27,37.30567654,-80.8497993,NAD83,1585.84,483.36,NAVD88,223,577.61,26.36,864.38,484.11,1432.35,,NA,EST,http://waterdata.usgs.gov/nwis/nwisman/?site_no=03175500
03179000,6906905,MOPEX,05050002,Bluestone River Near Pipestem, WV,373238,810038,NAD27,37.54400779,-81.0103678,NAD83,1526.91,465.4,NAVD88,395,1024.96,24.76,786.55,460.15,1333.6,,NA,EST,http://waterdata.usgs.gov/nwis/nwisman/?site_no=03179000
03180500,12103826,SAME,05050003,Greenbrier River At Durbin, WV,383237,795000,NAD27,38.54372659,-79.833115,NAD83,2699.42,822.78,NAVD88,133,346.24,26.54,1057.16,818.41,1406.73,,NA,EST,http://waterdata.usgs.gov/nwis/nwisman/?site_no=03180500
03182500,12105064,SAME,05050003,Greenbrier River At Buckeye, WV,381110.4,800748,NAD83,38.1862222,-80.13,NAD83,2085.7,635.72,NAVD88,539,1363.63,27.11,944.86,636.54,1477.76,3180500,1,EST,http://waterdata.usgs.gov/nwis/nwisman/?site_no=03182500
03183500,12107522,MOPEX,05050003,Greenbrier River At Alderson, WV,374327,803830,NAD27,37.7242874,-80.641468,NAD83,1529,466.04,NAVD88,1328,3297.06,26.37,833.98,467.75,1477.76,"03182500, 03180500",2,EST,http://waterdata.usgs.gov/nwis/nwisman/?site_no=03183500
03184000,12107594,MOPEX,05050003,Greenbrier River At Hilldale, WV,373824,804819,NAD27,37.64012018,-80.805083,NAD83,1388.36,423.17,NAVD88,1623,3912.25,26.14,803.86,425.01,1477.76,"03183500, 03182500, 03180500",3,EST,http://waterdata.usgs.gov/nwis/nwisman/?site_no=03184000
03186500,4547810,SAME,05050005,Williams River At Dyer, WV,382244,802903,NAD27,38.37899915,-80.4839737,NAD83,2193.9,668.7,NAVD88,128,331.51,25.99,1069.31,668.35,1434.61,,NA,EST,http://waterdata.usgs.gov/nwis/nwisman/?site_no=03186500
03187500,4547840,CAMELS,05050005,Cranberry River Near Richwood, WV,381743,803136,NAD27,38.2953903,-80.5264749,NAD83,2129.8,649.16,NAVD88,80.4,208.53,25.03,1079.96,651.66,1402.43,,NA,EST,http://waterdata.usgs.gov/nwis/nwisman/?site_no=03187500
03198500,6929014,MOPEX,05050009,Big Coal River At Ashford, WV,381047,814242,NAD27,38.1798222,-81.7115106,NAD83,621.75,189.51,NAVD88,390,1011.68,40.34,528.66,188.92,1080.55,,NA,EST,http://waterdata.usgs.gov/nwis/nwisman/?site_no=03198500
03213700,435154,CAMELS,05070201,Tug Fork At Williamson, WV,374023,821649,NAD27,37.67315699,-82.2801408,NAD83,619.91,188.95,NAVD88,936,2430.8,42.95,538.22,189.25,1039.23,,NA,EST,http://waterdata.usgs.gov/nwis/nwisman/?site_no=03213700
03237280,1920776,CAMELS,05090201,Upper Twin Creek At Mcgaw ,OH,383837,831257,NAD27,38.64368745,-83.21573648,NAD83,541.88,165.17,NAVD88,12.2,33.25,29.77,295.1,150.52,393.24,,NA,EST,http://waterdata.usgs.gov/nwis/nwisman/?site_no=03237280
03237500,1919636,SAME,05090201,Ohio Brush Creek Near West Union ,OH,384813,832516,NAD27,38.8036838,-83.4210226,NAD83,510.19,155.51,NAVD88,387,1001.26,8.06,272.03,155.11,407.6,,NA,EST,http://waterdata.usgs.gov/nwis/nwisman/?site_no=03237500
03238500,1919306,SAME,05090201,White Oak Creek Near Georgetown ,OH,385129,835543,NAD27,38.85812494,-83.9285394,NAD83,604.2,184.16,NGVD29,218,563.5,2.36,298.54,175.49,364.72,,NA,EST,http://waterdata.usgs.gov/nwis/nwisman/?site_no=03238500
03241500,3930910,CAMELS,05090202,Massies Creek At Wilberforce ,OH,394320.6,835256.3,NAD83,39.72238889,-83.8823056,NAD83,865.03,263.66,NAVD88,63.2,169.01,1.99,325.15,258.79,353.96,,NA,EST,http://waterdata.usgs.gov/nwis/nwisman/?site_no=03241500
03251500,2088435,MOPEX,05100101,Licking River At Mckinneysburg, KY,383600,841559,NAD27,38.60007244,-84.2663239,NAD83,520.25,158.57,NAVD88,2326,6024.52,19.43,281.86,158.82,500.12,,NA,EST,http://waterdata.usgs.gov/nwis/nwisman/?site_no=03251500
03252500,2057900,MOPEX,05100102,South Fork Licking River At Cynthiana, KY,382327,841811,NAD27,38.390908,-84.3029905,NAD83,687.82,209.65,NAVD88,621,1610.43,7.66,277.04,210.44,342.43,,NA,EST,http://waterdata.usgs.gov/nwis/nwisman/?site_no=03252500
03253500,2088097,MOPEX,05100101,Licking River At Catawba, KY,384237,841839,NAD27,38.7103478,-84.3107693,NAD83,499.16,152.14,NAVD88,3300,8548.83,16.48,276.34,154.24,500.12,3251500,1,EST,http://waterdata.usgs.gov/nwis/nwisman/?site_no=03253500
03265000,3984094,MOPEX,05080001,Stillwater River At Pleasant Hill ,OH,400328,842122,NAD27,40.05782925,-84.3560589,NAD83,845.85,257.82,NAVD88,503,1305.6,1.52,315.35,258.35,368.83,,NA,EST,http://waterdata.usgs.gov/nwis/nwisman/?site_no=03265000
03266000,3986322,MOPEX,05080001,Stillwater River At Englewood ,OH,395213,841710,NAD27,39.87033349,-84.2860557,NAD83,771.2,235.06,NAVD88,650,1688.67,1.52,310.86,229.56,368.83,3265000,1,EST,http://waterdata.usgs.gov/nwis/nwisman/?site_no=03266000
03269500,3985530,MOPEX,05080001,Mad River Near Springfield ,OH,395523,835213,NAD27,39.92311527,-83.8702081,NAD83,881.09,268.56,NAVD88,490,1270.46,3.3,342.63,267.89,470.54,,NA,EST,http://waterdata.usgs.gov/nwis/nwisman/?site_no=03269500
03274000,3885878,MOPEX,05080002,Great Miami River At Hamilton ,OH,392328,843420,NAD27,39.3911674,-84.572169,NAD83,499.19,152.15,NAVD88,3630,9404.99,2.43,303.73,170.57,471.23,"03266000, 03265000, 03269500",3,EST,http://waterdata.usgs.gov/nwis/nwisman/?site_no=03274000
03280700,487460,CAMELS,05100202,Cutshin Creek At Wooton, KY,370954,831829,NAD27,37.1650931,-83.3079564,NAD83,869.29,264.96,NAVD88,61.3,158.87,40.44,469.78,266.19,741.26,,NA,EST,http://waterdata.usgs.gov/nwis/nwisman/?site_no=03280700
03281100,504810,CAMELS,05100203,Goose Creek At Manchester, KY,370907,834537,NAD27,37.15203405,-83.7601974,NAD83,818.81,249.57,NAVD88,163,424.81,35.23,376.04,252.1,677.4,,NA,EST,http://waterdata.usgs.gov/nwis/nwisman/?site_no=03281100
03281500,503758,SAME,05100203,South Fork Kentucky River At Booneville, KY,372847,834031,NAD27,37.47981018,-83.6751923,NAD83,641.91,195.65,NAVD88,722,1837.55,34.66,366.96,199.34,727.84,3281100,1,EST,http://waterdata.usgs.gov/nwis/nwisman/?site_no=03281500
03285000,1827630,CAMELS,05100205,Dix River Near Danville, KY,373831,843939,NAD27,37.6420234,-84.6607768,NAD83,749.65,228.49,NAVD88,318,823.42,11.15,311.75,229.13,470.87,,NA,EST,http://waterdata.usgs.gov/nwis/nwisman/?site_no=03285000
03289500,1825460,MOPEX,05100205,Elkhorn Creek Near Frankfort, KY,381607,844853,NAD27,38.26868254,-84.8146714,NAD83,540.29,164.68,NAVD88,473,1227.66,5.21,271.78,157.16,326.8,,NA,EST,http://waterdata.usgs.gov/nwis/nwisman/?site_no=03289500
03291780,10161364,CAMELS,05140101,Indian-Kentuck Creek Near Canaan, IN,385241,851526,NAD27,38.8781136,-85.2571788,NAD83,588.4,179.34,NAVD88,27.5,72.04,7.37,275.4,177.02,308.34,,NA,EST,http://waterdata.usgs.gov/nwis/nwisman/?site_no=03291780
03300400,10302627,CAMELS,05140103,Beech Fork At Maud, KY,374958,851746,NAD27,37.83283985,-85.2960686,NAD83,529.52,161.4,NAVD88,436,1128.86,12.43,250.32,163.42,409.79,,NA,EST,http://waterdata.usgs.gov/nwis/nwisman/?site_no=03300400
03301500,10302643,MOPEX,05140103,Rolling Fork Near Boston, KY,374602,854214,NAD27,37.7672853,-85.7038488,NAD83,400.04,121.93,NAVD88,1299,3369.36,13.42,236.56,124.06,448.49,3300400,1,EST,http://waterdata.usgs.gov/nwis/nwisman/?site_no=03301500
03303000,10357656,MOPEX,05140104,Blue River Near White Cloud, IN,381403.9,861337.8,NAD27,38.23447298,-86.22713759,NAD83,433.81,132.23,NAVD88,476,1146.9,7.35,235.25,129.48,319.99,,NA,EST,http://waterdata.usgs.gov/nwis/nwisman/?site_no=03303000
03308500,4001162,MOPEX,05110001,Green River At Munfordville, KY,371610,855317,NAD83,37.26944444,-85.8880556,NAD83,451.27,137.55,NAVD88,1673,4421.87,12.21,260.97,135.98,536.21,,NA,CST,http://waterdata.usgs.gov/nwis/nwisman/?site_no=03308500
03324300,18505914,MOPEX,05120102,Salamonie River Near Warren, IN,404245,852713,NAD27,40.71254489,-85.4535847,NAD83,784.42,239.09,NAVD88,425,1132.72,1.36,273.22,230.87,327.72,,NA,EST,http://waterdata.usgs.gov/nwis/nwisman/?site_no=03324300
03326500,18503041,MOPEX,05120103,Mississinewa River At Marion, IN,403435.1,853934.3,NAD83,40.57641667,-85.6595278,NAD83,774.21,235.98,NAVD88,682,1768.93,1.51,287.38,231.4,356.8,,NA,EST,http://waterdata.usgs.gov/nwis/nwisman/?site_no=03326500
03328500,18500066,MOPEX,05120104,Eel River Near Logansport, IN,404655,861550,NAD27,40.78198455,-86.2638857,NAD83,621.01,189.28,NAVD88,789,2047.53,2.48,252.12,186.73,308.11,,NA,EST,http://waterdata.usgs.gov/nwis/nwisman/?site_no=03328500
03331500,18487750,MOPEX,05120106,Tippecanoe River Near Ora, IN,410926,863349,NAD27,41.15726364,-86.5636209,NAD83,692.51,211.08,NAVD88,856,2220.43,2.07,252.51,213.07,309.01,,NA,EST,http://waterdata.usgs.gov/nwis/nwisman/?site_no=03331500
03338780,10080314,CAMELS,05120109,North Fork Vermilion River Near Bismarck, IL,401556.4,873831.7,NAD83,40.26566667,-87.64213889,NAD83,599.97,182.87,NAVD88,262,691.62,1.29,218.92,184.92,273.63,,NA,CST,http://waterdata.usgs.gov/nwis/nwisman/?site_no=03338780
03339500,18482486,MOPEX,05120110,Sugar Creek At Crawfordsville, IN,400301.1,865426.1,NAD83,40.05030556,-86.90725,NAD83,647.66,197.41,NAVD88,512,1330.15,1.26,266.06,196.84,298.35,,NA,EST,http://waterdata.usgs.gov/nwis/nwisman/?site_no=03339500
03340800,10207857,CAMELS,05120108,Big Raccoon Creek Near Fincastle, IN,394845,865714,NAD27,39.8125446,-86.9538988,NAD83,685.68,209,NAVD88,139,364.87,1.95,263.72,206.11,299.02,,NA,EST,http://waterdata.usgs.gov/nwis/nwisman/?site_no=03340800
03345500,10340072,MOPEX,05120112,Embarras River At Ste. Marie, IL,385612.1,880120.4,NAD83,38.93669444,-88.0223333,NAD83,445.15,135.68,NAVD88,1516,3914.06,1.47,195.36,137.68,244.12,,NA,CST,http://waterdata.usgs.gov/nwis/nwisman/?site_no=03345500
03346000,10337448,SAME,05120112,North Fork Embarras River Near Oblong, IL,390037,875644,NAD83,39.01027778,-87.9455556,NAD83,455.79,138.92,NAVD88,318,824.9,1.92,182.59,139.85,255.07,,NA,CST,http://waterdata.usgs.gov/nwis/nwisman/?site_no=03346000
03348000,18474953,MOPEX,05120201,White River At Anderson, IN,400619,854017,NAD83,40.10527778,-85.67138889,NAD83,824.53,251.32,NAVD88,406,1054.25,1.62,314.27,230.86,373.03,,NA,EST,http://waterdata.usgs.gov/nwis/nwisman/?site_no=03348000
03349000,18475545,MOPEX,05120201,White River At Noblesville, IN,400249,860102,NAD27,40.04698076,-86.0172069,NAD83,737.8,224.88,NAVD88,858,2213.46,1.4,288.51,225.17,373.03,3348000,1,EST,http://waterdata.usgs.gov/nwis/nwisman/?site_no=03349000
03357350,18464802,CAMELS,05120203,Plum Creek Near Bainbridge, IN,394542,864346,NAD27,39.76171297,-86.7294505,NAD83,828.2,252.44,NAVD88,3,26.1,3.56,266.3,221.45,290.8,,NA,EST,http://waterdata.usgs.gov/nwis/nwisman/?site_no=03357350
03361500,18460180,MOPEX,05120204,Big Blue River At Shelbyville, IN,393145.3,854639.1,NAD83,39.52925,-85.7775278,NAD83,737.21,224.7,NAVD88,421,1093.05,1.74,294.18,225.9,357.98,,NA,EST,http://waterdata.usgs.gov/nwis/nwisman/?site_no=03361500
03361650,18460036,MOPEX,05120204,Sugar Creek At New Palestine, IN,394251,855308,NAD27,39.71421068,-85.8855359,NAD83,785.61,239.45,NAVD88,93.9,247.85,1.07,280.14,234.95,336.89,,NA,EST,http://waterdata.usgs.gov/nwis/nwisman/?site_no=03361650
03362500,18461156,MOPEX,05120204,Sugar Creek Near Edinburgh, IN,392139.3,855953.1,NAD83,39.36091667,-85.9980833,NAD83,645.53,196.76,NAVD88,474,1229.2,1.21,248.91,198.18,336.89,3361650,1,EST,http://waterdata.usgs.gov/nwis/nwisman/?site_no=03362500
03363000,18461210,MOPEX,05120204,Driftwood River Near Edinburgh, IN,392021,855911,NAD27,39.33921768,-85.9863816,NAD83,636.59,194.03,NAVD88,1060,2749.47,1.41,266.96,194.1,357.98,"03362500, 03361500, 03361650",3,EST,http://waterdata.usgs.gov/nwis/nwisman/?site_no=03363000
03364000,18458315,MOPEX,05120205,East Fork White River At Columbus, IN,391200,855532,NAD27,39.2000516,-85.9255464,NAD83,602.61,183.68,NAVD88,1707,4421.17,1.74,268.1,182.37,362.34,"03363000, 03362500, 03361500, 03361650",4,EST,http://waterdata.usgs.gov/nwis/nwisman/?site_no=03364000
03364500,18454477,CAMELS,05120206,Clifty Creek At Hartsville, IN,391629,854206,NAD27,39.2747732,-85.7016469,NAD83,676.88,206.31,NAVD88,91.4,243.36,2.02,284.55,202.8,331.42,,NA,EST,http://waterdata.usgs.gov/nwis/nwisman/?site_no=03364500
03365500,18455443,MOPEX,05120206,East Fork White River At Seymour, IN,385857,855357,NAD27,38.982553,-85.8991444,NAD83,550.26,167.72,NAVD88,2341,6063.67,1.92,260.43,168.23,362.34,"03364000, 03364500, 03363000, 03362500, 03361500, 03361650",6,EST,http://waterdata.usgs.gov/nwis/nwisman/?site_no=03365500
03366500,18451023,CAMELS,05120207,Muscatatuck River Near Deputy, IN,384815,854026,NAD27,38.80422346,-85.673855,NAD83,539.42,164.42,NAVD88,293,762.52,3.53,245.47,165.47,308.83,,NA,EST,http://waterdata.usgs.gov/nwis/nwisman/?site_no=03366500
03368000,18450047,CAMELS,05120207,Brush Creek Near Nebraska, IN,390413,852910,NAD27,39.07033129,-85.4860766,NAD83,716.64,218.43,NAVD88,11.4,32.18,4.22,257.85,215.62,284.26,,NA,EST,http://waterdata.usgs.gov/nwis/nwisman/?site_no=03368000
03381500,10437194,MOPEX,05120114,Little Wabash River At Carmi, IL,380338,880926,NAD83,38.06055556,-88.1572222,NAD83,339.72,103.55,NAVD88,3102,8033.84,1.99,149.33,104.2,236.29,,NA,CST,http://waterdata.usgs.gov/nwis/nwisman/?site_no=03381500
03384450,11868270,CAMELS,05140203,Lusk Creek Near Eddyville, IL,372821.3,883251.7,NAD83,37.4725833,-88.5476944,NAD83,361.89,110.3,NAVD88,42.9,112.39,10.58,193.92,114.46,324.28,,NA,CST,http://waterdata.usgs.gov/nwis/nwisman/?site_no=03384450
03410500,12151838,MOPEX,05130104,South Fork Cumberland River Near Stearns, KY,363737,843200,NAD27,36.62702209,-84.5332723,NAD83,765.36,233.28,NAVD88,954,2474.17,21.72,493.78,227.77,1075.38,,NA,EST,http://waterdata.usgs.gov/nwis/nwisman/?site_no=03410500
03438000,11880724,MOPEX,05130205,Little River Near Cadiz, KY,364640,874318,NAD27,36.77782614,-87.721682,NAD83,391.45,119.31,NGVD29,244,632.51,3.81,176.19,116.57,268.36,,NA,CST,http://waterdata.usgs.gov/nwis/nwisman/?site_no=03438000
03439000,22165090,CAMELS,06010105,French Broad River At Rosman, NC,350836,824929,NAD83,35.1433333,-82.8247222,NAD83,2173.96,662.62,NAVD88,67.9,178.42,30.62,963.48,662.22,1825.59,,NA,EST,http://waterdata.usgs.gov/nwis/nwisman/?site_no=03439000
03443000,22164302,MOPEX,06010105,French Broad River At Blantyre, NC,351757,823726,NAD83,35.29916667,-82.62388889,NAD83,2060.12,627.92,NAVD88,296,768.46,25.82,863.06,629.73,1825.59,3439000,1,EST,http://waterdata.usgs.gov/nwis/nwisman/?site_no=03443000
03450000,22161670,CAMELS,06010105,Beetree Creek Near Swannanoa, NC,353911,822419,NAD83,35.65305556,-82.4052778,NAD83,2693.13,820.87,NAVD88,5.46,14.39,42.41,1241.86,815.42,1730.19,,NA,EST,http://waterdata.usgs.gov/nwis/nwisman/?site_no=03450000
03451500,22162094,MOPEX,06010105,French Broad River At Asheville, NC,353632,823441,NAD83,35.60888889,-82.5780556,NAD83,1949.93,594.34,NAVD88,945,2447.37,23.64,819.3,570.55,1937.78,"03450000, 03443000, 03439000",3,EST,http://waterdata.usgs.gov/nwis/nwisman/?site_no=03451500
03455000,22162876,MOPEX,06010105,French Broad River Near Newport, TN,355853.45,830940.35,NAD83,35.98151389,-83.1612083,NAD83,1011.12,308.19,NAVD88,1858,4799.38,27.89,798.1,307.35,1937.78,"03451500, 03450000, 03443000, 03439000",4,EST,http://waterdata.usgs.gov/nwis/nwisman/?site_no=03455000
03455500,22152669,CAMELS,06010106,W F Pigeon R Above Lake Logan Nr Hazelwood, NC,352346,825615,NAD83,35.3961111,-82.9375,NAD83,2976.24,907.16,NAVD88,27.6,71.19,42.25,1457.94,905.58,1949.78,,NA,EST,http://waterdata.usgs.gov/nwis/nwisman/?site_no=03455500
03456500,22152435,CAMELS,06010106,East Fork Pigeon River Near Canton, NC,352742,825211,NAD83,35.46166667,-82.8697222,NAD83,2674.41,815.16,NAVD88,51.5,137.58,40.13,1234.08,805.43,1891.47,,NA,EST,http://waterdata.usgs.gov/nwis/nwisman/?site_no=03456500
03460000,22151401,CAMELS,06010106,Cataloochee Creek Near Cataloochee, NC,354002,830422,NAD83,35.6672222,-83.0727778,NAD83,2457.3,748.99,NAVD88,49.2,127.69,41.2,1213.02,749.28,1874.16,,NA,EST,http://waterdata.usgs.gov/nwis/nwisman/?site_no=03460000
03463300,19490270,CAMELS,06010108,South Toe River Near Celo, NC,354953,821103,NAD83,35.83138889,-82.1841667,NAD83,2656.52,809.71,NAVD88,43.3,113.23,38.2,1189.09,807.37,2034.79,,NA,EST,http://waterdata.usgs.gov/nwis/nwisman/?site_no=03463300
03465500,19487554,MOPEX,06010108,Nolichucky River At Embreeville, TN,361035,822727,NAD27,36.1764961,-82.457364,NAD83,1519.3,463.08,NGVD29,805,2085.43,34.06,982.95,458.5,2034.79,3463300,1,EST,http://waterdata.usgs.gov/nwis/nwisman/?site_no=03465500
03470000,22143174,MOPEX,06010107,Little Pigeon River At Sevierville, TN,355242,833440,NAD27,35.87842286,-83.57766919,NAD83,878.99,267.92,NAVD88,353,912.52,32.62,637.39,266.46,2012.49,,NA,EST,http://waterdata.usgs.gov/nwis/nwisman/?site_no=03470000
03471500,19752335,CAMELS,06010102,S F Holston River At Riverside Near Chilhowie,VA,364537,813753,NAD27,36.7603931,-81.63122929,NAD83,2106.71,642.13,NAVD88,76.6,198.33,25.62,911.02,640.28,1413.36,,NA,EST,http://waterdata.usgs.gov/nwis/nwisman/?site_no=03471500
03473000,19752425,SAME,06010102,S F Holston River Near Damascus, VA,363906,815039,NAD27,36.65178127,-81.8440102,NAD83,1792.3,546.29,NAVD88,303,783.89,26.94,900.1,542.09,1745.09,3471500,1,EST,http://waterdata.usgs.gov/nwis/nwisman/?site_no=03473000
03479000,19743430,CAMELS,06010103,Watauga River Near Sugar Grove, NC,361421,814920,NAD83,36.23916667,-81.8222222,NAD83,2607.68,794.82,NAVD88,92.1,237.81,29.48,1036.23,788.98,1802.16,,NA,EST,http://waterdata.usgs.gov/nwis/nwisman/?site_no=03479000
03488000,19761976,CAMELS,06010101,N F Holston River Near Saltville, VA,365348,814447,NAD27,36.89678115,-81.7462293,NAD83,1703.1,519.1,NAVD88,221,572.94,28.03,803.57,517.37,1432.52,,NA,EST,http://waterdata.usgs.gov/nwis/nwisman/?site_no=03488000
03490000,19763234,MOPEX,06010101,N F Holston River Near Gate City, VA,363631,823405,NAD27,36.60871119,-82.567931,NAD83,1196.9,364.82,NAVD88,671,1739.08,28.74,697.67,363.38,1432.52,3488000,1,EST,http://waterdata.usgs.gov/nwis/nwisman/?site_no=03490000
03498500,22130235,CAMELS,06010201,Little River Near Maryville, TN,354707.93,835304.93,NAD27,35.7856206,-83.88460359,NAD83,850,259.08,NGVD29,269,694.49,30.65,630.94,259.11,2013.61,,NA,EST,http://waterdata.usgs.gov/nwis/nwisman/?site_no=03498500
03500000,19736555,CAMELS,06010202,Little Tennessee River Near Prentiss, NC,350900,832247,NAD83,35.15,-83.3797222,NAD83,2008.24,612.11,NAVD88,140,362.3,30.13,848.67,611.09,1589.25,,NA,EST,http://waterdata.usgs.gov/nwis/nwisman/?site_no=03500000
03500240,19735951,CAMELS,06010202,Cartoogechaye Creek Near Franklin, NC,350932,832339,NAD83,35.15888889,-83.3941667,NAD83,2017.18,614.84,NGVD29,57.1,149.01,33.9,868.15,585.06,1652.74,,NA,EST,http://waterdata.usgs.gov/nwis/nwisman/?site_no=03500240
03504000,19736561,SAME,06010202,Nantahala River Near Rainbow Springs, NC,350739,833707,NAD83,35.1275,-83.6186111,NAD83,3073.07,936.67,NAVD88,51.9,134.81,35.19,1211.43,937.08,1669.33,,NA,EST,http://waterdata.usgs.gov/nwis/nwisman/?site_no=03504000
03512000,19730510,MOPEX,06010203,Oconaluftee River At Birdtown, NC,352741,832113,NAD83,35.46138889,-83.3536111,NAD83,1843.25,561.82,NAVD88,184,476.71,43.92,1147,561.23,1951.98,,NA,EST,http://waterdata.usgs.gov/nwis/nwisman/?site_no=03512000
03524000,14640391,MOPEX,06010205,Clinch River At Cleveland, VA,365641,820918,NAD27,36.9448295,-82.1548569,NAD83,1499.78,457.13,NAVD88,533,1355.97,28.35,761.69,458.02,1428.44,,NA,EST,http://waterdata.usgs.gov/nwis/nwisman/?site_no=03524000
03528000,14642349,MOPEX,06010205,Clinch River Above Tazewell, TN,362530,832354,NAD27,36.425087,-83.3982345,NAD83,1060.7,323.3,NGVD29,1474,3751.67,28.57,646.2,326.92,1428.44,3524000,1,EST,http://waterdata.usgs.gov/nwis/nwisman/?site_no=03528000
03531500,22539818,MOPEX,06010206,Powell River Near Jonesville, VA,363943,830542,NAD27,36.66203367,-83.0948928,NAD83,1258.8,383.68,NAVD88,319,829.25,31.38,655.87,379.61,1282.8,,NA,EST,http://waterdata.usgs.gov/nwis/nwisman/?site_no=03531500
03532000,22540324,MOPEX,06010206,Powell River Near Arthur, TN,363231.43,833749.51,NAD27,36.5421469,-83.63031,NAD83,1043.24,317.98,NAVD88,685,1786.54,26.51,562.48,310.75,1282.8,3531500,1,EST,http://waterdata.usgs.gov/nwis/nwisman/?site_no=03532000
03540500,19712873,MOPEX,06010208,Emory River At Oakdale, TN,355859,843329,NAD27,35.9831307,-84.557992,NAD83,760.98,231.95,NAVD88,764,1981.64,14.39,508.64,231.31,1013.15,,NA,EST,http://waterdata.usgs.gov/nwis/nwisman/?site_no=03540500
03550000,19674799,MOPEX,06020002,Valley River At Tomotla, NC,350820,835850,NAD83,35.13888889,-83.9805556,NAD83,1556.39,474.39,NAVD88,104,267.95,37.07,765.12,475.12,1538.66,,NA,EST,http://waterdata.usgs.gov/nwis/nwisman/?site_no=03550000
03567500,19696075,MOPEX,06020001,South Chickamauga Creek Near Chickamauga, TN,350050.57,851223.91,NAD27,35.01416139,-85.2065825,NAD83,644.05,196.31,NAVD88,428,1107.27,10.59,280.67,196.95,708.59,,NA,EST,http://waterdata.usgs.gov/nwis/nwisman/?site_no=03567500
03574500,19621426,SAME,06030002,Paint Rock River Near Woodville ,AL,343727,861823,NAD27,34.6242547,-86.3063737,NAD83,570.95,174.03,NGVD29,320,816.34,20.34,372.7,175.6,580.8,,NA,CST,http://waterdata.usgs.gov/nwis/nwisman/?site_no=03574500
03592718,19582151,CAMELS,06030005,Little Yellow Creek East Nr Burnsville, MS,345008,881717,NAD83,34.83555556,-88.2880556,NAD83,429.51,130.91,NGVD29,24.7,66.76,6.98,161.63,123.64,244.78,,NA,CST,http://waterdata.usgs.gov/nwis/nwisman/?site_no=03592718
03603000,19514640,MOPEX,06040003,Duck River Above Hurricane Mills, TN,355548,874435,NAD27,35.93009609,-87.7430743,NAD83,370.28,112.86,NAVD88,2557,6631.08,10.54,240.18,112.93,422,,NA,CST,http://waterdata.usgs.gov/nwis/nwisman/?site_no=03603000
03604000,19504798,CAMELS,06040004,Buffalo River Near Flat Woods, TN,352945,874958,NAD27,35.49590598,-87.8328037,NAD83,513.58,156.54,NGVD29,447,1163.03,10.71,265.34,156.26,329.85,,NA,CST,http://waterdata.usgs.gov/nwis/nwisman/?site_no=03604000
04015330,1757696,CAMELS,04010102,Knife River Near Two Harbors, MN,465649,914732,NAD27,46.94688005,-91.7924013,NAD83,616.37,187.87,NAVD88,83.6,224.22,3.29,373.52,183.5,567.12,,NA,CST,http://waterdata.usgs.gov/nwis/nwisman/?site_no=04015330
04024430,1799897,CAMELS,04010301,Nemadji River Near South Superior, WI,463800,920538,NAD83,46.6333333,-92.0938889,NAD83,601.1,183.22,NAVD88,420,1100.08,3.17,325.15,183.15,412.17,,NA,CST,http://waterdata.usgs.gov/nwis/nwisman/?site_no=04024430
04027000,1815879,CAMELS,04010302,Bad River Near Odanah, WI,462912,904146,NAD27,46.4866144,-90.696297,NAD83,668.34,203.71,NAVD88,597,1549.27,4.53,397.26,204.36,571.46,,NA,CST,http://waterdata.usgs.gov/nwis/nwisman/?site_no=04027000
04040500,11930606,CAMELS,04020104,Sturgeon River Near Sidnaw, MI,463503,883433,NAD27,46.58410589,-88.5759697,NAD83,1214.52,370.19,NAVD88,171,432.6,3.36,489.87,356.33,579.81,,NA,EST,http://waterdata.usgs.gov/nwis/nwisman/?site_no=04040500
04043050,11937201,CAMELS,04020103,Trap Rock River Near Lake Linden, MI,471343,882307,NAD27,47.22853637,-88.3853928,NAD83,621.71,189.5,NAVD88,28,77.13,4.28,287.49,194.25,453.4,,NA,EST,http://waterdata.usgs.gov/nwis/nwisman/?site_no=04043050
04045500,12186641,CAMELS,04020202,Tahquamenon River Near Paradise, MI,463428.5,851610.7,NAD83,46.5745833,-85.26963889,NAD83,698.17,212.8,NAVD88,790,1960.36,1.37,243.36,214.02,361.79,,NA,EST,http://waterdata.usgs.gov/nwis/nwisman/?site_no=04045500
04056500,12222392,CAMELS,04060106,Manistique River Near Manistique, MI,460150,860940,NAD27,46.03052857,-86.161249,NAD83,608.42,185.45,NAVD88,1100,2922.09,0.98,237.18,186.37,361.79,,NA,EST,http://waterdata.usgs.gov/nwis/nwisman/?site_no=04056500
04057510,272589,CAMELS,04030112,Sturgeon River Near Nahma Junction, MI,455635,864220,NAD27,45.9430235,-86.7056997,NAD83,611.01,186.24,NAVD88,183,488.86,1.74,239.65,182.41,307.89,,NA,EST,http://waterdata.usgs.gov/nwis/nwisman/?site_no=04057510
04057800,11959338,CAMELS,04030110,Middle Branch Escanaba River At Humboldt, MI,462957,875311,NAD27,46.49910267,-87.8865238,NAD83,1521.37,463.71,NAVD88,45.7,125.11,6.56,502.77,463.33,555.47,,NA,EST,http://waterdata.usgs.gov/nwis/nwisman/?site_no=04057800
04059500,6860182,CAMELS,04030109,Ford River Near Hyde, MI,454518,871207,NAD27,45.7549674,-87.2020793,NAD83,681.71,207.79,NAVD88,450,1166.25,2.34,326.99,197.94,482.61,,NA,EST,http://waterdata.usgs.gov/nwis/nwisman/?site_no=04059500
04063700,6844165,CAMELS,04030108,Popple River Near Fence, WI,454549,882749,NAD83,45.7636111,-88.4636111,NAD83,1406.41,428.67,NAVD88,139,372.99,2.39,471.46,423.48,537.45,,NA,CST,http://waterdata.usgs.gov/nwis/nwisman/?site_no=04063700
04073500,6866199,MOPEX,04030201,Fox River At Berlin, WI,435807.5,885701.1,NAD83,43.96875,-88.9503056,NAD83,744.82,227.02,NAVD88,1380,3460.98,2.65,266.98,229.24,399.81,,NA,CST,http://waterdata.usgs.gov/nwis/nwisman/?site_no=04073500
04074950,9027875,CAMELS,04030202,Wolf River At Langlade, WI,451124,884400,NAD27,45.18997026,-88.7334398,NAD83,1238.05,377.36,NAVD88,463,1205.21,3.52,486.1,381.58,589.99,,NA,CST,http://waterdata.usgs.gov/nwis/nwisman/?site_no=04074950
04079000,9035359,MOPEX,04030202,Wolf River At New London, WI,442332,884425,NAD27,44.3922026,-88.7403812,NAD83,747.89,227.96,NAVD88,2260,6047.55,2.71,345.39,226.91,589.99,,NA,CST,http://waterdata.usgs.gov/nwis/nwisman/?site_no=04079000
04100500,12261362,MOPEX,04050001,Elkhart River At Goshen, IN,413536,855055,NAD27,41.5933827,-85.8486057,NAD83,769.15,234.44,NAVD88,594,1539.64,1.72,275.8,235.31,327.35,,NA,EST,http://waterdata.usgs.gov/nwis/nwisman/?site_no=04100500
04105700,3473077,CAMELS,04050003,Augusta Creek Near Augusta, MI,422112,852114,NAD27,42.3533734,-85.3538894,NAD83,811.78,247.43,NAVD88,38.9,98.18,3.92,279.75,240.62,311.13,,NA,EST,http://waterdata.usgs.gov/nwis/nwisman/?site_no=04105700
04113000,12242484,MOPEX,04050004,Grand River At Lansing, MI,424502,843319,NAD27,42.75059039,-84.555257,NAD83,804.92,245.34,NAVD88,1230,3246.53,1.65,285.64,244.21,383.08,,NA,EST,http://waterdata.usgs.gov/nwis/nwisman/?site_no=04113000
04115000,12232396,MOPEX,04050005,Maple River At Maple Rapids, MI,430635,844135,NAD27,43.10975485,-84.6930521,NAD83,642.09,195.71,NAVD88,434,1102.54,0.93,225.7,196.4,271.22,,NA,EST,http://waterdata.usgs.gov/nwis/nwisman/?site_no=04115000
04115265,12232338,CAMELS,04050005,Fish Creek Near Crystal, MI,431459,845852,NAD27,43.2497545,-84.9811245,NAD83,790.07,240.81,NAVD88,39.7,96.9,2.45,277.79,241.11,317.7,,NA,EST,http://waterdata.usgs.gov/nwis/nwisman/?site_no=04115265
04122200,904060094,CAMELS,04060101,White River Near Whitehall, MI,432751,861357,NAD27,43.46417856,-86.2325668,NAD83,593.81,180.99,NAVD88,406,1051.24,2.62,255.58,180.5,387.38,,NA,EST,http://waterdata.usgs.gov/nwis/nwisman/?site_no=04122200
04122500,8992044,CAMELS,04060101,Pere Marquette River At Scottville, MI,435642,861643,NAD27,43.9450063,-86.2786896,NAD83,597.47,182.11,NAVD88,681,1790.56,2.74,271.53,182.59,427.31,,NA,EST,http://waterdata.usgs.gov/nwis/nwisman/?site_no=04122500
04124000,12121104,CAMELS,04060103,Manistee River Near Sherman, MI,442611,854155,NAD27,44.43639239,-85.6986792,NAD83,803.99,245.06,NAVD88,857,2242.08,3.26,355.57,249.12,498.27,,NA,EST,http://waterdata.usgs.gov/nwis/nwisman/?site_no=04124000
04127918,12206226,CAMELS,04070002,Pine River At Mackinac Trail Near Rudyard, MI,461109,843552,NAD27,46.1858505,-84.5978262,NAD83,601.5,183.34,NGVD29,202,531.67,0.95,237.37,181.12,312.12,,NA,EST,http://waterdata.usgs.gov/nwis/nwisman/?site_no=04127918
04127997,12502977,CAMELS,04070004,Sturgeon River At Wolverine, MI,451628,843600,NAD27,45.27445746,-84.6000315,NAD83,763.33,232.66,NAVD88,192,461.06,5.8,333.63,229.35,473.54,,NA,EST,http://waterdata.usgs.gov/nwis/nwisman/?site_no=04127997
04161580,13183952,CAMELS,04090003,Stony Creek Near Romeo, MI,424803,830525,NAD27,42.8008637,-83.0902121,NAD83,861.64,262.63,NGVD29,25.6,63.75,3.42,302.82,261.67,365.28,,NA,EST,http://waterdata.usgs.gov/nwis/nwisman/?site_no=04161580
04164000,13182948,MOPEX,04090003,Clinton River Near Fraser, MI,423440,825706,NAD27,42.57781225,-82.951589,NAD83,577.21,175.93,NAVD88,444,1190.11,2.13,264.06,172.12,389.45,4165500,1,EST,http://waterdata.usgs.gov/nwis/nwisman/?site_no=04164000
04165500,13183066,MOPEX,04090003,Clinton River At Moravian Drive At Mt Clemens, MI,423545,825432,NAD27,42.5958674,-82.90881,NAD83,570.1,173.77,NAVD88,734,1940.83,1.65,247.61,172.12,389.45,,NA,EST,http://waterdata.usgs.gov/nwis/nwisman/?site_no=04165500
04176500,13229606,MOPEX,04100002,River Raisin Near Monroe, MI,415738,833152,NAD27,41.9606008,-83.53104619,NAD83,615.82,187.7,NAVD88,1042,2679.46,1.61,251.6,178.22,372.19,,NA,EST,http://waterdata.usgs.gov/nwis/nwisman/?site_no=04176500
04178000,15678101,MOPEX,04100003,St Joseph River Near Newville ,IN,412308,844806,NAD27,41.38560609,-84.8016259,NAD83,794.75,242.24,NAVD88,610,1536.67,2,291.81,238.64,380.21,,NA,EST,http://waterdata.usgs.gov/nwis/nwisman/?site_no=04178000
04183500,15669979,MOPEX,04100005,Maumee River At Antwerp ,OH,411156,844440,NAD27,41.19893889,-84.7444033,NAD83,689.8,210.25,NAVD88,2129,5394.55,1.29,266.42,209.14,380.21,4178000,1,EST,http://waterdata.usgs.gov/nwis/nwisman/?site_no=04183500
04185000,15662050,SAME,04100006,Tiffin River At Stryker ,OH,413016,842547,NAD27,41.50449567,-84.4296719,NAD83,684.31,208.58,NAVD88,410,1063.2,1.52,262.93,210.63,387.69,,NA,EST,http://waterdata.usgs.gov/nwis/nwisman/?site_no=04185000
04191500,15650317,MOPEX,04100007,Auglaize River Near Defiance ,OH,411415,842357,NAD27,41.23754895,-84.3991137,NAD83,659,200.86,NAVD88,2318,6005.56,0.54,247.8,198.04,335.36,,NA,EST,http://waterdata.usgs.gov/nwis/nwisman/?site_no=04191500
04196800,15613832,CAMELS,04100011,Tymochtee Creek At Crawford ,OH,405522,832056,NAD27,40.9228332,-83.3488116,NAD83,785.72,239.49,NAVD88,229,602.26,0.73,273.58,240.36,307.81,,NA,EST,http://waterdata.usgs.gov/nwis/nwisman/?site_no=04196800
04197100,15612400,CAMELS,04100011,Honey Creek At Melmore ,OH,410120,830635,NAD27,41.022278,-83.1096382,NAD83,816.21,248.78,NAVD88,149,387.87,0.93,289.83,248.8,347.94,,NA,EST,http://waterdata.usgs.gov/nwis/nwisman/?site_no=04197100
04197170,15612196,CAMELS,04100011,Rock Creek At Tiffin ,OH,410649,831006,NAD27,41.1136659,-83.1682521,NAD83,727.17,221.64,NAVD88,34.6,89.84,1.7,265.32,220.94,297.27,,NA,EST,http://waterdata.usgs.gov/nwis/nwisman/?site_no=04197170
04198000,15612718,MOPEX,04100011,Sandusky River Near Fremont ,OH,411828,830932,NAD27,41.3078307,-83.1588088,NAD83,625.06,190.52,NAVD88,1251,3255.23,1.01,271.3,183.77,411.84,"04197100, 04196800",2,EST,http://waterdata.usgs.gov/nwis/nwisman/?site_no=04198000
04201500,15594653,MOPEX,04110001,Rocky River Near Berea ,OH,412427,815258,NAD27,41.4075483,-81.88263759,NAD83,641.51,195.53,NAVD88,267,691.14,3.15,300.13,197.91,402.69,,NA,EST,http://waterdata.usgs.gov/nwis/nwisman/?site_no=04201500
04213000,9841738,CAMELS,04120101,Conneaut Creek At Conneaut ,OH,415537,803615,NAD27,41.92699898,-80.6039659,NAD83,609.31,185.72,NAVD88,175,455.8,3.11,307.09,185.01,417.6,,NA,EST,http://waterdata.usgs.gov/nwis/nwisman/?site_no=04213000
04213075,9841436,CAMELS,04120101,Brandy Run Near Girard, PA,415931,801729,NAD27,41.99195079,-80.2911584,NAD83,736.9,224.61,NAVD88,4.45,11.98,3.51,272.38,208.95,300.95,,NA,EST,http://waterdata.usgs.gov/nwis/nwisman/?site_no=04213075
04216418,15569391,CAMELS,04120104,Tonawanda Creek At Attica ,NY,425152.9,781700.3,NAD83,42.86469444,-78.2834167,NAD83,954.1,290.81,NAVD88,76.9,195.1,7.18,467.41,288.98,639.02,,NA,EST,http://waterdata.usgs.gov/nwis/nwisman/?site_no=04216418
04221000,15550135,SAME,04130002,Genesee River At Wellsville ,NY,420720,775726,NAD83,42.1222222,-77.9572222,NAD83,1469.51,447.91,NAVD88,288,752.14,12.41,629.64,447.41,781.2,,NA,EST,http://waterdata.usgs.gov/nwis/nwisman/?site_no=04221000
04223000,15549241,MOPEX,04130002,Genesee River At Portageville ,NY,423413,780232,NAD83,42.57027778,-78.0422222,NAD83,1079.72,329.1,NAVD88,984,2549.27,9.88,565.08,332.26,781.2,4221000,1,EST,http://waterdata.usgs.gov/nwis/nwisman/?site_no=04223000
04224775,15547935,CAMELS,04130002,Canaseraga Creek Above Dansville ,NY,423209.1,774214.2,NAD83,42.5358611,-77.7039444,NAD83,711.83,216.97,NAVD88,88.9,230.58,11.86,498.32,212.86,653.25,,NA,EST,http://waterdata.usgs.gov/nwis/nwisman/?site_no=04224775
04233000,21983513,CAMELS,04140201,Cayuga Inlet Near Ithaca ,NY,422335,763242,NAD83,42.39305556,-76.545,NAD83,437.16,133.25,NGVD29,35.2,92.23,13.38,370.01,130.14,595.94,,NA,EST,http://waterdata.usgs.gov/nwis/nwisman/?site_no=04233000
04256000,15514388,CAMELS,04150101,Independence River At Donnattsburg ,NY,434448.5,752000.4,NAD83,43.74680556,-75.3334444,NAD83,972.4,296.39,NAVD88,88.7,233.78,7.38,497.6,228.47,714.21,,NA,EST,http://waterdata.usgs.gov/nwis/nwisman/?site_no=04256000
04296000,4599789,CAMELS,04150500,Black River At Coventry, VT,445208,721614,NAD27,44.8689363,-72.2701041,NAD83,709.74,216.33,NAVD88,122,314.45,11.96,384.31,214.87,802.83,,NA,EST,http://waterdata.usgs.gov/nwis/nwisman/?site_no=04296000
05053000,6676032,MOPEX,09020105,Wild Rice River Nr Abercrombie, ND,462814,964655,NAD27,46.4705168,-96.7823018,NAD83,898.88,273.98,NAVD88,2080,5129.49,1.19,355.35,278,632.38,,NA,CST,http://waterdata.usgs.gov/nwis/nwisman/?site_no=05053000
05056000,14267516,CAMELS,09020203,Sheyenne River Nr Warwick, ND,474820,984257,NAD27,47.8055534,-98.7162172,NAD83,1377.32,419.81,NAVD88,2070,4305.58,2.49,494.33,419.96,665.3,,NA,CST,http://waterdata.usgs.gov/nwis/nwisman/?site_no=05056000
05057000,14269180,CAMELS,09020203,Sheyenne River Nr Cooperstown, ND,472558,980138,NAD27,47.43277097,-98.0275954,NAD83,1272.83,387.96,NAVD88,6470,6173.93,2.53,480.8,390.3,665.3,5056000,1,CST,http://waterdata.usgs.gov/nwis/nwisman/?site_no=05057000
05057200,14269214,CAMELS,09020203,Baldhill Creek Nr Dazey, ND,471345,980728,NAD27,47.2291562,-98.1248189,NAD83,1316.39,401.24,NAVD88,691,1731.33,1.37,451.58,401.57,509.04,,NA,CST,http://waterdata.usgs.gov/nwis/nwisman/?site_no=05057200
05062500,7027381,CAMELS,09020108,Wild Rice River At Twin Valley, MN,471556,961451,NAD83,47.26555556,-96.2475,NAD83,1010.9,308.12,NAVD88,934,2405.33,2.88,424.54,308.32,611.13,,NA,CST,http://waterdata.usgs.gov/nwis/nwisman/?site_no=05062500
05087500,7069743,CAMELS,09020309,Middle River At Argyle, MN,482025,964858,NAD27,48.3402552,-96.8164502,NAD83,829.94,252.97,NAVD88,255,643.76,0.56,329.59,246,376.12,,NA,CST,http://waterdata.usgs.gov/nwis/nwisman/?site_no=05087500
05120500,14172539,CAMELS,09010003,Wintering River Near Karlsruhe, ND,480818,1003222,NAD27,48.1382932,-100.5399409,NAD83,1501.4,457.63,NAVD88,705,957.35,2.01,498.11,445.39,661.77,,NA,CST,http://waterdata.usgs.gov/nwis/nwisman/?site_no=05120500
05123400,14156742,CAMELS,09010004,Willow Creek Near Willow City, ND,483516,1002628,NAD27,48.5877399,-100.4416083,NAD83,1431.83,436.42,NAVD88,1160,3003.75,2.53,543.71,437.61,768.94,,NA,CST,http://waterdata.usgs.gov/nwis/nwisman/?site_no=05123400
05129115,7140308,CAMELS,09030002,Vermilion River Nr Crane Lake, MN,481553,923357,NAD27,48.2646282,-92.5659935,NAD83,1159.88,353.53,NAVD88,905,2347.88,4.79,427.88,354.39,593.91,,NA,CST,http://waterdata.usgs.gov/nwis/nwisman/?site_no=05129115
05131500,7171122,CAMELS,09030005,Little Fork River At Littlefork, MN,482345,933257,NAD27,48.39577636,-93.5493266,NAD83,1085.02,330.71,NAVD88,1700,4381.59,2.12,408.27,331.25,570.74,,NA,CST,http://waterdata.usgs.gov/nwis/nwisman/?site_no=05131500
05244000,4943103,MOPEX,07010106,Crow Wing River At Nimrod, MN,463825,945244,NAD27,46.64023789,-94.8791839,NAD83,1313.06,400.22,NAVD88,1030,2335.23,2.06,447.43,347.96,567.5,,NA,CST,http://waterdata.usgs.gov/nwis/nwisman/?site_no=05244000
05280000,4251120,MOPEX,07010204,Crow River At Rockford, MN,450512,934402,NAD27,45.0866297,-93.734132,NAD83,893.62,272.38,NAVD88,2640,6807.78,1.57,335.79,271.66,427.11,,NA,CST,http://waterdata.usgs.gov/nwis/nwisman/?site_no=05280000
05291000,4085588,CAMELS,07020001,Whetstone River Near Big Stone City, SD,451730,962914,NAD27,45.2916316,-96.487557,NAD83,995.12,303.31,NAVD88,398,1050.54,2.39,421.01,297.29,633.97,,NA,CST,http://waterdata.usgs.gov/nwis/nwisman/?site_no=05291000
05320500,10596370,MOPEX,07020011,Le Sueur River Near Rapidan, MN,440635,940230,NAD27,44.10968777,-94.0419002,NAD83,775.88,236.49,NAVD88,1110,2866.79,1.46,331.73,235.61,417.26,,NA,CST,http://waterdata.usgs.gov/nwis/nwisman/?site_no=05320500
05362000,12981697,CAMELS,07050004,Jump River At Sheldon, WI,451829,905723,NAD27,45.30802638,-90.956525,NAD83,1092.71,333.06,NAVD88,576,1479.98,1.78,450.91,334.33,593.28,,NA,CST,http://waterdata.usgs.gov/nwis/nwisman/?site_no=05362000
05393500,13399941,CAMELS,07070001,Spirit River At Spirit Falls, WI,452657,895845,NAD83,45.44916667,-89.9791667,NAD83,1461.87,445.58,NAVD88,81.6,219.75,2.98,496.72,441.36,593.72,,NA,CST,http://waterdata.usgs.gov/nwis/nwisman/?site_no=05393500
05399500,14733228,CAMELS,07070002,Big Eau Pleine River At Stratford, WI,444919,900446,NAD27,44.8219098,-90.0795754,NAD83,1154.38,351.86,NAVD88,224,570.67,1.8,416.7,353.25,461.45,,NA,CST,http://waterdata.usgs.gov/nwis/nwisman/?site_no=05399500
05408000,13624991,SAME,07070006,Kickapoo River At La Farge, WI,433427,903835,NAD27,43.57414037,-90.6431861,NAD83,781.44,238.18,NAVD88,266,690.18,16,355.48,238.58,441.94,,NA,CST,http://waterdata.usgs.gov/nwis/nwisman/?site_no=05408000
05410490,13625933,MOPEX,07070006,Kickapoo River At Steuben, WI,431058,905130,NAD83,43.18277778,-90.8583333,NAD83,656.89,200.22,NAVD88,687,1780.82,16.35,334.75,200.42,441.94,,NA,CST,http://waterdata.usgs.gov/nwis/nwisman/?site_no=05410490
05412500,13312489,SAME,07060004,Turkey River At Garber, IA,424424,911542,NAD27,42.7399884,-91.261799,NAD83,638.88,194.73,NAVD88,1545,4024.01,5.78,336.53,195,424.81,,NA,CST,http://waterdata.usgs.gov/nwis/nwisman/?site_no=05412500
05413500,13324626,CAMELS,07060003,Grant River At Burton, WI,424313,904909,NAD83,42.72027778,-90.8191667,NAD83,606.14,184.75,NAVD88,269,710.03,9.43,298.52,184.63,379.47,,NA,CST,http://waterdata.usgs.gov/nwis/nwisman/?site_no=05413500
05414000,13324402,CAMELS,07060003,Platte River Near Rockville, WI,424352,903825,NAD83,42.7311111,-90.6402778,NAD83,642.36,195.79,NAVD88,142,368.93,10.12,305.51,197.53,366.75,,NA,CST,http://waterdata.usgs.gov/nwis/nwisman/?site_no=05414000
05418500,13375649,MOPEX,07060006,Maquoketa River Near Maquoketa, IA,420500.07,903758.5,NAD83,42.08335278,-90.6329167,NAD83,625.63,190.69,NAVD88,1553,4010.6,5.45,294.41,192.77,381.55,,NA,CST,http://waterdata.usgs.gov/nwis/nwisman/?site_no=05418500
05422000,14796105,MOPEX,07080103,Wapsipinicon River Near De Witt, IA,414601.1,903205.48,NAD83,41.7669722,-90.5348556,NAD83,598.79,182.51,NAVD88,2336,6038.19,2.47,292.63,182.84,427.82,,NA,CST,http://waterdata.usgs.gov/nwis/nwisman/?site_no=05422000
05430500,13297290,MOPEX,07090001,Rock River At Afton, WI,423649,890418,NAD83,42.6136111,-89.0716667,NAD83,742.36,226.27,NAVD88,3340,8655.89,2.59,277.19,159.99,404.61,,NA,CST,http://waterdata.usgs.gov/nwis/nwisman/?site_no=05430500
05435500,13414140,MOPEX,07090003,Pecatonica River At Freeport, IL,421801,893655,NAD83,42.30027778,-89.6152778,NAD83,742.41,226.29,NAVD88,1326.88,3443.8,7.35,298.18,228.09,522.81,,NA,CST,http://waterdata.usgs.gov/nwis/nwisman/?site_no=05435500
05440000,19289305,MOPEX,07090006,Kishwaukee River Near Perryville, IL,421140,885956,NAD83,42.19444444,-88.9988889,NAD83,691.95,210.91,NAVD88,1099,2843.02,1.2,264.95,206.24,360.52,,NA,CST,http://waterdata.usgs.gov/nwis/nwisman/?site_no=05440000
05444000,10605920,CAMELS,07090005,Elkhorn Creek Near Penrose, IL,415409.9,894147,NAD83,41.90275,-89.6963889,NAD83,657.75,200.48,NAVD88,146,377.45,3.51,254.56,200.49,325.11,,NA,CST,http://waterdata.usgs.gov/nwis/nwisman/?site_no=05444000
05447500,10969489,MOPEX,07090007,Green River Near Geneseo, IL,412920.16,900928.83,NAD83,41.4889333,-90.1580083,NAD83,577.68,176.08,NAVD88,1003,2710.24,1.63,216.3,178.49,304.82,,NA,CST,http://waterdata.usgs.gov/nwis/nwisman/?site_no=05447500
05451500,17539323,MOPEX,07080208,Iowa River At Marshalltown, IA,420357,925427,NAD27,42.06582096,-92.9076997,NAD83,852.94,259.98,NAVD88,1532,3970.02,1.8,347.09,262.05,413.37,,NA,CST,http://waterdata.usgs.gov/nwis/nwisman/?site_no=05451500
05452000,17543537,MOPEX,07080208,Salt Creek Near Elberon, IA,415750.98,921847.67,NAD83,41.9641611,-92.3132417,NAD83,783.34,238.76,NAVD88,201,516.36,4,283.78,240.76,324.88,,NA,CST,http://waterdata.usgs.gov/nwis/nwisman/?site_no=05452000
05454000,11915429,CAMELS,07080209,Rapid Creek Near Iowa City, IA,414200.06,912915.6,NAD83,41.70001667,-91.4876667,NAD83,673.82,205.38,NAVD88,25.3,68.47,5.45,241.52,204.1,268.66,,NA,CST,http://waterdata.usgs.gov/nwis/nwisman/?site_no=05454000
05454500,11916315,MOPEX,07080209,Iowa River At Iowa City, IA,413924.06,913227.6,NAD83,41.6566833,-91.541,NAD83,617.1,188.09,NAVD88,3271,8452.94,3.35,306.39,166.43,413.37,"05454000, 05452000, 05451500",3,CST,http://waterdata.usgs.gov/nwis/nwisman/?site_no=05454500
05455500,11918423,MOPEX,07080209,English River At Kalona, IA,412811,914252,NAD27,41.4697387,-91.7146129,NAD83,633.28,193.02,NAVD88,574,1488.32,5.05,253.68,193.52,309.96,,NA,CST,http://waterdata.usgs.gov/nwis/nwisman/?site_no=05455500
05457700,7016523,MOPEX,07080201,Cedar River At Charles City, IA,430343.9,924025.98,NAD83,43.06219444,-92.6738833,NAD83,973.15,296.62,NAVD88,1054,2791.37,0.99,371.22,296.61,438.39,,NA,CST,http://waterdata.usgs.gov/nwis/nwisman/?site_no=05457700
05458000,7016531,CAMELS,07080201,Little Cedar River Near Ionia, IA,430159.8,923012.76,NAD83,43.03327778,-92.5035444,NAD83,973.33,296.67,NAVD88,306,765.88,1.48,365.53,297.38,436.35,,NA,CST,http://waterdata.usgs.gov/nwis/nwisman/?site_no=05458000
05458500,7017505,MOPEX,07080201,Cedar River At Janesville, IA,423853.94,922754.67,NAD83,42.64831667,-92.4651861,NAD83,860.96,262.42,NAVD88,1661,4336.92,1.31,358.8,265.1,438.39,"05458000, 05457700",2,CST,http://waterdata.usgs.gov/nwis/nwisman/?site_no=05458500
05462000,6561217,MOPEX,07080202,Shell Rock River At Shell Rock, IA,424242.93,923458.68,NAD83,42.711925,-92.5829667,NAD83,885.36,269.86,NAVD88,1746,4484.97,1.55,357.49,271.15,440.27,,NA,CST,http://waterdata.usgs.gov/nwis/nwisman/?site_no=05462000
05466500,6960295,CAMELS,07080104,Edwards River Near New Boston, IL,411113,905802,NAD27,41.18697738,-90.9673663,NAD83,529.13,161.28,NAVD88,445,1162.63,3.51,225.12,164.08,267.86,,NA,CST,http://waterdata.usgs.gov/nwis/nwisman/?site_no=05466500
05471500,6984030,MOPEX,07080105,South Skunk River Near Oskaloosa, IA,412120.53,923926.48,NAD83,41.35570278,-92.6573556,NAD83,685.08,208.81,NAVD88,1635,4251.51,2.66,295.27,212.62,381.94,,NA,CST,http://waterdata.usgs.gov/nwis/nwisman/?site_no=05471500
05472500,6996297,MOPEX,07080106,North Skunk River Near Sigourney, IA,411803.04,921216.64,NAD83,41.30084444,-92.2046222,NAD83,650.69,198.33,NAVD88,730,1899.2,4.86,268.95,200.99,350.89,,NA,CST,http://waterdata.usgs.gov/nwis/nwisman/?site_no=05472500
05476500,6586993,MOPEX,07100002,Des Moines River At Estherville, IA,432357.3,945045.6,NAD83,43.39925,-94.846,NAD83,1247.62,380.27,NAVD88,1372,3610,1.51,462.54,380.96,591.63,,NA,CST,http://waterdata.usgs.gov/nwis/nwisman/?site_no=05476500
05479000,6591838,MOPEX,07100003,East Fork Des Moines River At Dakota City, IA,424325,941135.7,NAD83,42.7236111,-94.19325,NAD83,1038.9,316.66,NAVD88,1308,3368.95,0.98,369.43,314.99,448.14,,NA,CST,http://waterdata.usgs.gov/nwis/nwisman/?site_no=05479000
05481000,6603910,MOPEX,07100005,Boone River Near Webster City, IA,422555.1,934821.4,NAD83,42.4319722,-93.8059444,NAD83,989.38,301.56,NAVD88,844,2187.2,0.76,352.52,302.17,399.93,,NA,CST,http://waterdata.usgs.gov/nwis/nwisman/?site_no=05481000
05482500,6610484,MOPEX,07100006,North Raccoon River Near Jefferson, IA,415916.3,942237.5,NAD83,41.9878611,-94.3770833,NAD83,967.01,294.74,NAVD88,1619,4178.74,1.22,377.53,295.45,464.32,,NA,CST,http://waterdata.usgs.gov/nwis/nwisman/?site_no=05482500
05484500,6610166,MOPEX,07100006,Raccoon River At Van Meter, IA,413202.5,935659.2,NAD83,41.53402778,-93.9497778,NAD83,836.49,254.96,NAVD88,3441,8874.03,2.38,361.79,258.1,464.32,5482500,1,CST,http://waterdata.usgs.gov/nwis/nwisman/?site_no=05484500
05487980,22252001,CAMELS,07100008,White Breast Creek Near Dallas, IA,411447.2,931724.5,NAD83,41.24644444,-93.2901389,NAD83,762.95,232.55,NAVD88,333,858.19,7.02,300.94,239.66,366.77,,NA,CST,http://waterdata.usgs.gov/nwis/nwisman/?site_no=05487980
05488200,4995875,CAMELS,07100009,English Creek Near Knoxville, IA,411801.4,930241.7,NAD83,41.30038889,-93.0449167,NAD83,721.7,219.97,NAVD88,90.1,235.95,6.14,277.6,221.03,315.09,,NA,CST,http://waterdata.usgs.gov/nwis/nwisman/?site_no=05488200
05489000,4994047,CAMELS,07100009,Cedar Creek Near Bussey, IA,411308.8,925431.8,NAD83,41.2191111,-92.9088333,NAD83,681.57,207.74,NAVD88,374,964.28,7.9,275.68,210.45,317.66,,NA,CST,http://waterdata.usgs.gov/nwis/nwisman/?site_no=05489000
05495000,5802762,CAMELS,07110001,Fox River At Wayland, MO,402332.7,913552.4,NAD83,40.39241667,-91.5978889,NAD83,501.53,152.87,NAVD88,400,1031.63,4.63,231.78,156.59,304.85,,NA,CST,http://waterdata.usgs.gov/nwis/nwisman/?site_no=05495000
05495500,5802188,CAMELS,07110001,Bear Creek Near Marcelline, IL,400834.16,912014.53,NAD83,40.1428222,-91.3373694,NAD83,504.24,153.69,NAVD88,349,903.9,3.09,200.66,152.45,241.08,,NA,CST,http://waterdata.usgs.gov/nwis/nwisman/?site_no=05495500
05501000,2925495,CAMELS,07110004,North River At Palmyra, MO,394901.2,913245.7,NAD83,39.817,-91.5460278,NAD83,473.73,144.39,NAVD88,354,922.42,4.05,215.78,143.8,266.73,,NA,CST,http://waterdata.usgs.gov/nwis/nwisman/?site_no=05501000
05503800,5640210,CAMELS,07110005,Crooked Creek Near Paris, MO,393505.4,915936.6,NAD83,39.5848333,-91.9935,NAD83,650,198.12,NAVD88,80,212.73,2.16,233.17,198.13,252.13,,NA,CST,http://waterdata.usgs.gov/nwis/nwisman/?site_no=05503800
05507600,4868933,CAMELS,07110007,Lick Creek At Perry, MO,392553,914036,NAD83,39.43138889,-91.6766667,NAD83,624.66,190.4,NAVD88,104,267.73,1.21,228.21,191.54,240.84,,NA,CST,http://waterdata.usgs.gov/nwis/nwisman/?site_no=05507600
05508000,4867473,MOPEX,07110007,Salt River Near New London, MO,393645,912426.5,NAD83,39.6125,-91.4073611,NAD83,476.93,145.37,NAVD88,2480,6451.97,3.06,237.9,145.97,306.45,"05507600, 05503800",2,CST,http://waterdata.usgs.gov/nwis/nwisman/?site_no=05508000
05508805,4867221,CAMELS,07110007,Spencer Creek Below Plum Creek Near Frankford, MO,393114.2,912036.4,NAD83,39.5206111,-91.3434444,NAD83,484.97,147.82,NAVD88,206,539.67,3.12,217.31,150.37,262.71,,NA,CST,http://waterdata.usgs.gov/nwis/nwisman/?site_no=05508805
05514500,2507315,SAME,07110008,Cuivre River Near Troy, MO,390040.7,905839.9,NAD83,39.01130556,-90.97775,NAD83,450,137.16,NAVD88,903,2414.19,3.43,222.12,140.09,287.47,,NA,CST,http://waterdata.usgs.gov/nwis/nwisman/?site_no=05514500
05515500,13433513,MOPEX,07120001,Kankakee River At Davis, IN,412322.7,864222.2,NAD83,41.38963889,-86.7061667,NAD83,664.34,202.49,NAVD88,542,1369.03,1.22,228.93,200.93,290.57,,NA,EST,http://waterdata.usgs.gov/nwis/nwisman/?site_no=05515500
05517000,13434009,MOPEX,07120001,Yellow River At Knox, IN,411810,863714,NAD27,41.30279685,-86.62053829,NAD83,679.69,207.17,NAVD88,435,1128.65,0.97,247.44,208.07,282.83,,NA,EST,http://waterdata.usgs.gov/nwis/nwisman/?site_no=05517000
05517500,13434643,MOPEX,07120001,Kankakee River At Dunns Bridge, IN,411312,865806,NAD27,41.2200392,-86.968356,NAD83,649.18,197.87,NAVD88,1352,3443.01,0.92,230.56,199.83,290.57,"05515500, 05517000",2,EST,http://waterdata.usgs.gov/nwis/nwisman/?site_no=05517500
05518000,13438397,MOPEX,07120001,Kankakee River At Shelby, IN,411058,872025,NAD27,41.1828134,-87.3403096,NAD83,627.94,191.4,NAVD88,1779,4559.93,0.84,226.3,192.68,290.57,"05517500, 05515500, 05517000",3,EST,http://waterdata.usgs.gov/nwis/nwisman/?site_no=05518000
05520500,13438215,MOPEX,07120001,Kankakee River At Momence, IL,410935.8,874007.5,NAD83,41.15994444,-87.66875,NAD83,608.9,185.59,NAVD88,2294,5869.3,0.85,221.94,158.83,290.57,"05518000, 05517500, 05515500, 05517000",4,CST,http://waterdata.usgs.gov/nwis/nwisman/?site_no=05520500
05525500,13454068,CAMELS,07120002,Sugar Creek At Milford, IL,403747.7,874324.7,NAD83,40.62991667,-87.7235278,NAD83,620.75,189.2,NAVD88,446,1159.16,0.62,217.59,190.04,277.73,,NA,CST,http://waterdata.usgs.gov/nwis/nwisman/?site_no=05525500
05526000,13451894,MOPEX,07120002,Iroquois River Near Chebanse, IL,410033.2,874926.6,NAD83,41.0092222,-87.8240556,NAD83,595.79,181.6,NAVD88,2091,5432,0.53,208.05,112.46,277.73,5525500,1,CST,http://waterdata.usgs.gov/nwis/nwisman/?site_no=05526000
05542000,14780020,MOPEX,07120005,Mazon River Near Coal City, IL,411710.3,882135.5,NAD83,41.28619444,-88.3598611,NAD83,527.21,160.69,NAVD88,455,1170.04,0.51,195.38,161.11,238.86,,NA,CST,http://waterdata.usgs.gov/nwis/nwisman/?site_no=05542000
05552500,14763925,MOPEX,07120007,Fox River At Dayton, IL,412302.9,884720.3,NAD83,41.38413889,-88.7889722,NAD83,462.19,140.88,NAVD88,2642,6785.61,2.06,243.84,135.13,360.48,,NA,CST,http://waterdata.usgs.gov/nwis/nwisman/?site_no=05552500
05554500,13618713,MOPEX,07130002,Vermilion River At Pontiac, IL,405240.2,883809.6,NAD83,40.8778333,-88.636,NAD83,619.02,188.68,NAVD88,579,1501.68,0.46,213.2,187.01,258.42,,NA,CST,http://waterdata.usgs.gov/nwis/nwisman/?site_no=05554500
05555300,13617265,MOPEX,07130002,Vermilion River Near Leonore, IL,411230,885550,NAD83,41.2083333,-88.9305556,NAD83,521.14,158.84,NAVD88,1251,3245.15,0.57,208.48,158.21,258.42,5554500,1,CST,http://waterdata.usgs.gov/nwis/nwisman/?site_no=05555300
05556500,14836121,CAMELS,07130001,Big Bureau Creek At Princeton, IL,412202.65,892952.66,NAD83,41.36740278,-89.4979611,NAD83,555.1,169.19,NAVD88,196,507.03,1.43,247.58,169.52,304.82,,NA,CST,http://waterdata.usgs.gov/nwis/nwisman/?site_no=05556500
05569500,13584750,MOPEX,07130005,Spoon River At London Mills, IL,404227.8,901647.2,NAD83,40.7077222,-90.2797778,NAD83,508.56,155.01,NAVD88,1072,2771.48,3.01,219.9,155.63,291.73,,NA,CST,http://waterdata.usgs.gov/nwis/nwisman/?site_no=05569500
05570000,13586224,MOPEX,07130005,Spoon River At Seville, IL,402924.29,902024.34,NAD83,40.49008056,-90.3400944,NAD83,466.32,142.13,NAVD88,1636,4241.08,3.13,214.08,140.17,291.73,5569500,1,CST,http://waterdata.usgs.gov/nwis/nwisman/?site_no=05570000
05582000,13554847,MOPEX,07130009,Salt Creek Near Greenview, IL,400754.68,894408.57,NAD83,40.13185556,-89.7357139,NAD83,478.74,145.92,NAVD88,1804,4674.15,1.11,206.34,146.32,283.64,,NA,CST,http://waterdata.usgs.gov/nwis/nwisman/?site_no=05582000
05584500,13802760,SAME,07130010,La Moine River At Colmar, IL,401953.5,905346.3,NAD83,40.33152778,-90.8961944,NAD83,491.32,149.75,NAVD88,655,1694.26,2.27,204.64,137.06,246.28,,NA,CST,http://waterdata.usgs.gov/nwis/nwisman/?site_no=05584500
05585000,13803642,SAME,07130010,La Moine River At Ripley, IL,400130.3,903751.8,NAD83,40.0250833,-90.6310556,NAD83,430.57,131.24,NAVD88,1293,3353.31,2.98,198.18,132.15,246.28,5584500,1,CST,http://waterdata.usgs.gov/nwis/nwisman/?site_no=05585000
05591550,13771102,CAMELS,07140201,Whitley Creek Near Allenville, IL,393024.2,883138.2,NAD83,39.5067222,-88.5272778,NAD83,616.39,187.88,NAVD88,34.6,97.12,0.41,210,188.49,234.84,,NA,CST,http://waterdata.usgs.gov/nwis/nwisman/?site_no=05591550
05592050,13771802,CAMELS,07140201,Robinson Creek Near Shelbyville, IL,392421.2,885348.5,NAD83,39.40588889,-88.8968056,NAD83,550.16,167.69,NAVD88,93.1,261.18,1,198.28,168.55,231.5,,NA,CST,http://waterdata.usgs.gov/nwis/nwisman/?site_no=05592050
05592500,13871274,MOPEX,07140202,Kaskaskia River At Vandalia, IL,385738.2,890519.7,NAD83,38.9606111,-89.0888056,NAD83,452.8,138.01,NAVD88,1940,5030.33,1.22,196.94,137.77,261.16,5592050,1,CST,http://waterdata.usgs.gov/nwis/nwisman/?site_no=05592500
05592575,13869098,CAMELS,07140202,Hickory Creek Near Brownstown, IL,385613.5,885710.1,NAD83,38.9370833,-88.9528056,NAD83,492.7,150.17,NAVD88,44.2,116.77,2.24,179.58,151.21,191.9,,NA,CST,http://waterdata.usgs.gov/nwis/nwisman/?site_no=05592575
05593000,13871382,MOPEX,07140202,Kaskaskia River At Carlyle, IL,383637,892127,NAD83,38.61027778,-89.3575,NAD83,402.56,122.7,NAVD88,2719,7056.3,1.31,187.33,127.76,261.16,"05592500, 05592050",2,CST,http://waterdata.usgs.gov/nwis/nwisman/?site_no=05593000
05593575,13873068,CAMELS,07140202,Little Crooked Creek Near New Minden, IL,382630,892500,NAD83,38.44166667,-89.4166667,NAD83,413.72,126.1,NAVD88,84.3,220.8,0.89,149.21,127.76,177.61,,NA,CST,http://waterdata.usgs.gov/nwis/nwisman/?site_no=05593575
05593900,13881906,CAMELS,07140203,East Fork Shoal Creek Near Coffeen, IL,390856.1,892108.9,NAD83,39.14891667,-89.3524722,NAD83,574.63,175.15,NAVD88,55.5,145.53,1.39,203.21,176.64,236.27,,NA,CST,http://waterdata.usgs.gov/nwis/nwisman/?site_no=05593900
05594000,13883102,MOPEX,07140203,Shoal Creek Near Breese, IL,383635,892941,NAD83,38.6097222,-89.4947222,NAD83,413.49,126.03,NAVD88,735,1915.68,2.06,182.7,126.3,236.27,5593900,1,CST,http://waterdata.usgs.gov/nwis/nwisman/?site_no=05594000
05595730,13783124,CAMELS,07140106,Rayse Creek Near Waltonville, IL,381515,890226,NAD83,38.25416667,-89.0405556,NAD83,411.63,125.46,NAVD88,88,228.47,1.85,154.97,126.8,182.87,,NA,CST,http://waterdata.usgs.gov/nwis/nwisman/?site_no=05595730
06037500,3059764,CAMELS,10020007,Madison River Near West Yellowstone, MT,443925.46,1110404.67,NAD83,44.6570722,-111.0679639,NAD83,6650,2026.92,NAVD88,438,1127.61,10.9,2409.02,2018.71,2875.7,,NA,MST,http://waterdata.usgs.gov/nwis/nwisman/?site_no=06037500
06043500,3855315,CAMELS,10020008,Gallatin River Near Gallatin Gateway, MT,452950.28,1111614.55,NAD83,45.4973,-111.2707083,NAD83,5167.67,1575.11,NGVD29,819,2120.85,31.52,2405.82,1577.17,3434.24,,NA,MST,http://waterdata.usgs.gov/nwis/nwisman/?site_no=06043500
06154410,12533094,CAMELS,NA,Little Peoples Creek Near Hays, MT,475753.76,1083921.46,NAD83,47.9649333,-108.6559611,NAD83,3789,1154.89,NAVD88,12.8,47.81,27.84,1339.08,1077.46,1735.52,,NA,MST,http://waterdata.usgs.gov/nwis/nwisman/?site_no=06154410
06188000,2965578,CAMELS,10070001,Lamar River Nr Tower Ranger Station Ynp,MY,445541.44,1102339.37,NAD83,44.92817778,-110.3942694,NAD83,6000,1828.8,NAVD88,668,1730.26,30.02,2540.75,1818.78,3410.77,,NA,MST,http://waterdata.usgs.gov/nwis/nwisman/?site_no=06188000
06191500,4369760,SAME,10070002,Yellowstone River At Corwin Springs ,MY,450643.63,1104737.2,NAD83,45.1121194,-110.7936667,NAD83,5079.09,1548.11,NGVD29,2615,6782.22,24.22,2542.1,1542.93,3700.99,6188000,1,MST,http://waterdata.usgs.gov/nwis/nwisman/?site_no=06191500
06192500,4366016,MOPEX,10070002,Yellowstone River Near Livingston, MT,453549.96,1103359.39,NAD83,45.5972111,-110.5664972,NAD83,4542.49,1384.55,NGVD29,3551,9197.06,26.89,2441.93,1383.61,3700.99,"06191500, 06188000",2,MST,http://waterdata.usgs.gov/nwis/nwisman/?site_no=06192500
06221400,12899984,CAMELS,10080001,Dinwoody Creek Above Lakes Near Burris,WY,432046.2,1092431.6,NAD83,43.34616667,-109.4087778,NAD83,6500,1981.2,NGVD29,87.9,230.21,42.37,3211.8,1976.69,4207.36,,NA,MST,http://waterdata.usgs.gov/nwis/nwisman/?site_no=06221400
06224000,12900462,CAMELS,10080001,Bull Lake Creek Above Bull Lake, WY,431035.8,1091209.2,NAD83,43.1766111,-109.2025556,NAD83,5874,1790.4,NGVD29,187,489.85,36.3,3137.09,1787.2,4171.71,,NA,MST,http://waterdata.usgs.gov/nwis/nwisman/?site_no=06224000
06225500,12901126,MOPEX,10080001,Wind River Near Crowheart, WY,431433,1090038,NAD83,43.2425,-109.0105556,NAD83,5635,1717.55,NGVD29,1894,4908.37,26.76,2698.65,1709.61,4207.36,,NA,MST,http://waterdata.usgs.gov/nwis/nwisman/?site_no=06225500
06278300,12804142,CAMELS,10080010,Shell Creek Above Shell Creek Reservoir, WY,443029,1072411,NAD27,44.5079801,-107.4037496,NAD83,9050,2758.44,NGVD29,22.8,59.19,22.14,3054.99,2747.96,3514.72,,NA,MST,http://waterdata.usgs.gov/nwis/nwisman/?site_no=06278300
06280300,12788124,CAMELS,10080013,South Fork Shoshone River Near Valley, WY,441228.4,1093318.9,NAD83,44.20788889,-109.55525,NAD83,6200,1889.76,NGVD29,306,793.8,51.82,2899.24,1889.06,3797.35,,NA,MST,http://waterdata.usgs.gov/nwis/nwisman/?site_no=06280300
06289000,12771343,CAMELS,10080016,Little Bighorn River At State Line Nr Wyola ,MT,450025.6,1073655.47,NAD83,45.0071111,-107.6154083,NAD83,4350,1325.88,NAVD88,182,471.91,30.92,2400.72,1310.53,3059.89,,NA,MST,http://waterdata.usgs.gov/nwis/nwisman/?site_no=06289000
06291500,12771299,CAMELS,10080016,Lodge Grass Cr Ab Willow Cr Diversion Near Wyola,MT,450735.33,1073559.61,NAD83,45.12648056,-107.5998917,NAD83,4170,1271.02,NGVD29,83.9,220.42,23.64,1931.37,1257.37,2981.61,,NA,MST,http://waterdata.usgs.gov/nwis/nwisman/?site_no=06291500
06311000,5348813,CAMELS,10090201,North Fork Powder River Near Hazelton, WY,440140,1070449,NAD27,44.02774228,-107.0808955,NAD83,8180,2493.26,NGVD29,24.5,63.03,13.12,2740.64,2486.37,3189.7,,NA,MST,http://waterdata.usgs.gov/nwis/nwisman/?site_no=06311000
06332515,21539242,CAMELS,10110101,Bear Den Creek Near Mandaree, ND,474714,1024605,NAD27,47.78717057,-102.7686286,NAD83,1949.14,594.1,NAVD88,74,191.9,8.42,707.81,597.28,859.51,,NA,CST,http://waterdata.usgs.gov/nwis/nwisman/?site_no=06332515
06334500,9792506,MOPEX,10110201,Little Missouri River At Camp Crook,SD,453253.3,1035814.7,NAD27,45.5481343,-103.9712386,NAD83,3099.65,944.77,NAVD88,1974,5091.83,4.61,1116.74,945.1,1453.66,,NA,MST,http://waterdata.usgs.gov/nwis/nwisman/?site_no=06334500
06339100,16247217,CAMELS,10130201,Knife River At Manning, ND,471410,1024610,NAD27,47.2361259,-102.7699074,NAD83,2158.03,657.77,NAVD88,205,529.24,5.11,755.85,658.54,942.11,,NA,CST,http://waterdata.usgs.gov/nwis/nwisman/?site_no=06339100
06339500,16247437,CAMELS,10130201,Knife River Near Golden Valley, ND,470916,1020334,NAD27,47.1543948,-102.0599856,NAD83,1848.73,563.49,NAVD88,1230,3129.24,5.07,690.54,567.15,942.11,6339100,1,CST,http://waterdata.usgs.gov/nwis/nwisman/?site_no=06339500
06340500,16249791,MOPEX,10130201,Knife River At Hazen, ND,471707,1013718,NAD27,47.2852816,-101.6221093,NAD83,1713.54,522.29,NAVD88,2240,5805,4.89,674.15,523.44,1004.18,"06339500, 06339100",2,CST,http://waterdata.usgs.gov/nwis/nwisman/?site_no=06340500
06344600,16233369,CAMELS,10130202,Green River Near New Hradec, ND,470140,1030310,NAD27,47.0277231,-103.0533527,NAD83,2505.41,763.65,NAVD88,152,411.08,2.56,810.34,761.84,883.84,,NA,CST,http://waterdata.usgs.gov/nwis/nwisman/?site_no=06344600
06350000,16213178,CAMELS,10130204,Cannonball River At Regent, ND,462536,1023305,NAD27,46.42667116,-102.5518303,NAD83,2424.49,738.98,NAVD88,580,1505.01,2.73,824.45,739.6,1051.46,,NA,CST,http://waterdata.usgs.gov/nwis/nwisman/?site_no=06350000
06352000,21860180,CAMELS,10130205,Cedar Creek Nr Haynes, ND,460919,1022831,NAD27,46.15528136,-102.4757133,NAD83,2472.19,753.52,NAVD88,553,1434.33,2.56,847.84,753.27,1066.15,,NA,CST,http://waterdata.usgs.gov/nwis/nwisman/?site_no=06352000
06353000,21861216,CAMELS,10130205,Cedar Creek Nr Raleigh, ND,460530,1012000,NAD27,46.09166988,-101.333742,NAD83,1882.73,573.86,NAVD88,1750,4559.33,3.35,776.58,573.47,1066.15,6352000,1,CST,http://waterdata.usgs.gov/nwis/nwisman/?site_no=06353000
06354000,16203752,CAMELS,10130206,Cannonball River At Breien, ND,462234,1005604,NAD83,46.3761111,-100.9344444,NAD83,1675.02,510.55,NAVD88,4100,10535.42,3.63,746.46,512.04,1066.15,"06353000, 06352000, 06350000",3,CST,http://waterdata.usgs.gov/nwis/nwisman/?site_no=06354000
06359500,11252528,MOPEX,10130306,Moreau River Near Faith,SD,451152,1020922,NAD27,45.19775826,-102.1565472,NAD83,2240.16,682.8,NAVD88,2592,6715.4,4.39,877.78,681.95,1222.84,,NA,MST,http://waterdata.usgs.gov/nwis/nwisman/?site_no=06359500
06360500,11258604,CAMELS,10130306,Moreau River Near Whitehorse,SD,451521,1005033,NAD27,45.2558171,-100.8429214,NAD83,1662.82,506.83,NAVD88,4889,12661.54,4.51,799.29,507.83,1222.84,6359500,1,MST,http://waterdata.usgs.gov/nwis/nwisman/?site_no=06360500
06404000,14396112,CAMELS,10120109,Battle Creek Near Keystone,SD,435217.97,1032009.01,NAD27,43.87164727,-103.3363029,NAD83,3798.15,1157.68,NAVD88,58.5,151.55,25.4,1526.5,1155.45,2195.66,,NA,MST,http://waterdata.usgs.gov/nwis/nwisman/?site_no=06404000
06406000,14396284,CAMELS,10120109,Battle Creek At Hermosa,SD,434941,1031144,NAD27,43.82804586,-103.1960211,NAD83,3280.3,999.84,NAVD88,169,438.16,20.61,1386.05,994.2,2195.66,6404000,1,MST,http://waterdata.usgs.gov/nwis/nwisman/?site_no=06406000
06408700,17532989,CAMELS,10120110,Rhoads Fork Near Rochford,SD,440802,1035140,NAD27,44.13387149,-103.8615912,NAD83,5991.2,1826.12,NAVD88,7.84,27.53,18.98,2014.88,1785.32,2174.41,,NA,MST,http://waterdata.usgs.gov/nwis/nwisman/?site_no=06408700
06409000,17533503,CAMELS,10120110,Castle Creek Above Deerfield Res Near Hill City,SD,440049,1034948,NAD27,44.01359238,-103.8304784,NAD83,5912.33,1802.08,NAVD88,79.1,205.34,15.18,2028.23,1799.56,2183.76,,NA,MST,http://waterdata.usgs.gov/nwis/nwisman/?site_no=06409000
06426500,10904719,MOPEX,10120201,Belle Fourche River Below Moorcroft, WY,441919,1045624,NAD27,44.32192645,-104.9405313,NAD83,4110,1252.73,NGVD29,1690,4356.33,5.64,1436.86,1250.24,1836.25,,NA,MST,http://waterdata.usgs.gov/nwis/nwisman/?site_no=06426500
06431500,5481765,CAMELS,10120203,Spearfish Creek At Spearfish,SD,442857,1035140,NAD27,44.48248388,-103.861592,NAD83,3656.67,1114.55,NAVD88,165,427.85,20.79,1797.11,1100.02,2172.95,,NA,MST,http://waterdata.usgs.gov/nwis/nwisman/?site_no=06431500
06440200,16131765,CAMELS,10140102,South Fork Bad River Near Cottonwood,SD,435808.5,1014600.5,NAD27,43.9690175,-101.767229,NAD83,2244.59,684.15,NAVD88,257,664.62,3.22,781.94,685.18,985.81,,NA,MST,http://waterdata.usgs.gov/nwis/nwisman/?site_no=06440200
06441500,16128803,SAME,10140102,Bad River Near Fort Pierre,SD,441936,1002302,NAD27,44.32664897,-100.3843003,NAD83,1429.08,435.58,NAVD88,3147,8136.37,5.08,674.41,438.99,985.81,,NA,MST,http://waterdata.usgs.gov/nwis/nwisman/?site_no=06441500
06447000,16074848,CAMELS,10140202,White River Near Kadoka,SD,434509,1013128,NAD27,43.7524949,-101.5248665,NAD83,2123.8,647.33,NAVD88,4960,12722.01,7.67,988.91,648.63,1512.05,,NA,MST,http://waterdata.usgs.gov/nwis/nwisman/?site_no=06447000
06447500,20179529,CAMELS,10140203,Little White River Near Martin,SD,431000.9,1013756.3,NAD27,43.1669155,-101.6327322,NAD83,3053.32,930.65,NAVD88,313,786.52,2.8,1035.04,929.37,1191.01,,NA,MST,http://waterdata.usgs.gov/nwis/nwisman/?site_no=06447500
06450500,20177973,CAMELS,10140203,Little White River Below White River,SD,433605,1004458,NAD27,43.60138549,-100.7498608,NAD83,1914.19,583.45,NAVD88,1549,3968.13,5.13,884.48,582.28,1191.01,6447500,1,CST,http://waterdata.usgs.gov/nwis/nwisman/?site_no=06450500
06452000,11547654,CAMELS,10140204,White River Near Oacoma,SD,434454,993322,NAD27,43.74832745,-99.5564948,NAD83,1378.4,420.14,NAVD88,9915,25546.04,6.55,858.56,412.55,1512.05,"06450500, 06447000, 06447500",3,CST,http://waterdata.usgs.gov/nwis/nwisman/?site_no=06452000
06453600,11673186,CAMELS,10170104,Ponca Creek At Verdel,NE,424839.1,981031.43,NAD83,42.8108611,-98.1753972,NAD83,1233.42,375.95,NAVD88,812,2108.16,4.42,593.25,372.46,747.22,,NA,CST,http://waterdata.usgs.gov/nwis/nwisman/?site_no=06453600
06454500,16068171,MOPEX,10150002,Niobrara River Above Box Butte Reservoir, NE,422735,1031016,NAD83,42.4597222,-103.1711111,NAD83,4012.47,1223,NGVD29,1400,3600.57,4.13,1455.74,1222.9,1861.3,,NA,MST,http://waterdata.usgs.gov/nwis/nwisman/?site_no=06454500
06464500,11654348,CAMELS,10150006,Keya Paha River At Wewela,SD,430137.5,994649.9,NAD27,43.0270872,-99.780921,NAD83,2050.8,625.08,NAVD88,1129,2932.77,2.78,762.99,621.59,920.53,,NA,CST,http://waterdata.usgs.gov/nwis/nwisman/?site_no=06464500
06468170,12570210,CAMELS,10160001,James River Nr Grace City, ND,473329,985145,NAD27,47.5580525,-98.862885,NAD83,1458.63,444.59,NAVD88,1060,2322.21,0.98,497.78,446.24,622.81,,NA,CST,http://waterdata.usgs.gov/nwis/nwisman/?site_no=06468170
06468250,12576056,CAMELS,10160001,James River Above Arrowwood Lake Nr Kensal, ND,472359,984750,NAD27,47.3997189,-98.7976057,NAD83,1438.74,438.53,NAVD88,1200,2682.46,1.05,492.97,438.37,622.81,,NA,CST,http://waterdata.usgs.gov/nwis/nwisman/?site_no=06468250
06470800,11468868,CAMELS,10160003,Bear Creek Near Oakes, ND,461331,980417,NAD27,46.22524359,-98.0717809,NAD83,1292.41,393.93,NAVD88,357,746.09,0.86,428.6,395.02,456.68,,NA,CST,http://waterdata.usgs.gov/nwis/nwisman/?site_no=06470800
06477500,12664828,CAMELS,10160011,Firesteel Creek Near Mount Vernon,SD,434635.1,981443.1,NAD27,43.77640219,-98.2456658,NAD83,1298.22,395.7,NAVD88,588,1353.66,1.15,469.88,394.49,616.66,,NA,CST,http://waterdata.usgs.gov/nwis/nwisman/?site_no=06477500
06479215,9370700,CAMELS,10170201,Big Sioux River Near Florence,SD,451051,971109,NAD27,45.18079549,-97.1861904,NAD83,1792,546.2,NAVD88,68.3,178.13,1.52,579.3,542.79,628.33,,NA,CST,http://waterdata.usgs.gov/nwis/nwisman/?site_no=06479215
06479438,9370962,CAMELS,10170201,Big Sioux River Near Watertown,SD,450022,970953,NAD27,45.0060753,-97.1650756,NAD83,1726.66,526.29,NAVD88,525,623.89,1.61,571.89,526.97,628.47,,NA,CST,http://waterdata.usgs.gov/nwis/nwisman/?site_no=06479438
06480000,9376712,MOPEX,10170203,Big Sioux River Near Brookings,SD,441049,964457,NAD27,44.1802473,-96.749496,NAD83,1552.8,473.29,NAVD88,3338,6081.21,1.74,541.69,475.3,634.43,6479438,1,CST,http://waterdata.usgs.gov/nwis/nwisman/?site_no=06480000
06600500,17240094,MOPEX,10230002,Floyd River At James, IA,423435,961841.6,NAD83,42.57638889,-96.3115556,NAD83,1093.29,333.23,NAVD88,886,2297.91,2.62,420.19,335.7,482.97,,NA,CST,http://waterdata.usgs.gov/nwis/nwisman/?site_no=06600500
06601000,17244016,CAMELS,10230001,Omaha Creek At Homer,NE,421918,962916,NAD83,42.32166667,-96.4877778,NAD83,1080.45,329.32,NGVD29,174,452.66,8.52,410.62,328.69,465.51,,NA,CST,http://waterdata.usgs.gov/nwis/nwisman/?site_no=06601000
06606600,14624658,MOPEX,10230003,Little Sioux River At Correctionville, IA,422856,954733.1,NAD83,42.4822222,-95.7925278,NAD83,1096.72,334.28,NAVD88,2500,6370.56,2.11,433.82,340.02,527.69,,NA,CST,http://waterdata.usgs.gov/nwis/nwisman/?site_no=06606600
06607200,17227027,MOPEX,10230005,Maple River At Mapleton, IA,420924.4,954837,NAD83,42.15677778,-95.8102778,NAD83,1081.31,329.58,NAVD88,669,1734.29,4.28,413.12,330.72,476.15,,NA,CST,http://waterdata.usgs.gov/nwis/nwisman/?site_no=06607200
06609500,17208706,MOPEX,10230007,Boyer River At Logan, IA,413830.1,954656.4,NAD83,41.64169444,-95.7823333,NAD83,1010.5,308,NAVD88,871,2259.45,6.46,402.19,303.75,475.85,,NA,CST,http://waterdata.usgs.gov/nwis/nwisman/?site_no=06609500
06614800,16000378,CAMELS,10180001,Michigan River Near Cameron Pass, CO,402946,1055152,NAD27,40.49609409,-105.8650119,NAD83,10390,3166.87,NGVD29,1.54,4.74,39.53,3423.47,3158.74,3830.84,,NA,MST,http://waterdata.usgs.gov/nwis/nwisman/?site_no=06614800
06622700,15983485,CAMELS,10180002,North Brush Creek Near Saratoga, WY,412213,1063112,NAD27,41.37022978,-106.520632,NAD83,8020,2444.5,NGVD29,37.4,101.53,17.15,2856.78,2435.33,3293.62,,NA,MST,http://waterdata.usgs.gov/nwis/nwisman/?site_no=06622700
06623800,15984809,CAMELS,10180002,Encampment River Ab Hog Park Cr Near Encampment,WY,410125,1064927,NAD27,41.02356508,-106.8248049,NAD83,8270,2520.7,NGVD29,72.7,188.87,22.3,2910.41,2505.84,3474.78,,NA,MST,http://waterdata.usgs.gov/nwis/nwisman/?site_no=06623800
06632400,15968457,CAMELS,10180004,Rock Creek Ab King Canyon Canal Near Arlington,WY,413507,1061320,NAD27,41.58522927,-106.222847,NAD83,7790,2374.39,NGVD29,62.9,162.99,18.36,2986.18,2373.09,3435.02,,NA,MST,http://waterdata.usgs.gov/nwis/nwisman/?site_no=06632400
06746095,2900149,CAMELS,10190007,Joe Wright Creek Above Joe Wright Reservoir, CO,403224,1055256,NAD27,40.5399822,-105.88279,NAD83,9990,3044.95,NGVD29,3.14,9.08,28.63,3283.21,3034.66,3670,,NA,MST,http://waterdata.usgs.gov/nwis/nwisman/?site_no=06746095
06784000,17356815,CAMELS,10210004,South Loup River At Saint Michael,NE,410157,984426,NAD83,41.0325,-98.7405556,NAD83,1920.04,585.23,NAVD88,2320,5694.04,6.86,778.73,588.2,1019.69,,NA,CST,http://waterdata.usgs.gov/nwis/nwisman/?site_no=06784000
06799500,17254864,MOPEX,10220004,Logan Creek Near Uehling,NE,414246,963119,NAD83,41.71277778,-96.5219444,NAD83,1209.15,368.55,NAVD88,1015,2622.04,4.23,457.66,362.98,581.63,,NA,CST,http://waterdata.usgs.gov/nwis/nwisman/?site_no=06799500
06803510,17405547,CAMELS,10200203,Little Salt Creek Near Lincoln,NE,405335,964054,NAD83,40.89305556,-96.6816667,NAD83,1114.73,339.77,NGVD29,43.6,118.71,4.95,382.94,340.39,458.92,,NA,CST,http://waterdata.usgs.gov/nwis/nwisman/?site_no=06803510
06803530,17399459,CAMELS,10200203,Rock Creek Near Ceresco,NE,410057,963239,NAD83,41.0158333,-96.5441667,NAD83,1104.18,336.55,NGVD29,120,309.62,4.75,389.18,340.11,470.29,,NA,CST,http://waterdata.usgs.gov/nwis/nwisman/?site_no=06803530
06808500,19210377,MOPEX,10240002,West Nishnabotna River At Randolph, IA,405223.8,953453.2,NAD83,40.87327778,-95.5814444,NAD83,933.78,284.62,NAVD88,1326,3447.42,5.59,381.21,285.83,476.31,,NA,CST,http://waterdata.usgs.gov/nwis/nwisman/?site_no=06808500
06810000,659660,MOPEX,10240004,Nishnabotna River Above Hamburg, IA,403604.3,953840.2,NAD83,40.60119444,-95.6445,NAD83,892.31,271.98,NAVD88,2806,7308.78,5.5,376.24,275.78,476.31,6808500,1,CST,http://waterdata.usgs.gov/nwis/nwisman/?site_no=06810000
06811500,19161749,MOPEX,10240006,Little Nemaha River At Auburn,NE,402334,954846,NAD83,40.39277778,-95.8127778,NAD83,889.87,271.23,NGVD29,792,2056.97,4.38,356.03,272.85,445.35,,NA,CST,http://waterdata.usgs.gov/nwis/nwisman/?site_no=06811500
06813000,3702270,MOPEX,10240005,Tarkio River At Fairfax, MO,402021.9,952424.6,NAD83,40.33941667,-95.4068333,NAD83,871.55,265.65,NAVD88,508,1248.25,5.37,335.54,262.28,401.14,,NA,CST,http://waterdata.usgs.gov/nwis/nwisman/?site_no=06813000
06814000,19158238,CAMELS,10240007,Turkey C Nr Seneca, KS,395652,960630,NAD27,39.9477773,-96.1086149,NAD83,1037.72,316.3,NAVD88,276,717.76,5.14,396.52,317.05,468.84,,NA,CST,http://waterdata.usgs.gov/nwis/nwisman/?site_no=06814000
06815000,19153077,MOPEX,10240008,Big Nemaha River At Falls City,NE,400208,953545,NAD27,40.0355577,-95.5960957,NAD83,858.24,261.59,NGVD29,1339,3472.88,4.69,372.62,262.62,468.84,6814000,1,CST,http://waterdata.usgs.gov/nwis/nwisman/?site_no=06815000
06817000,19129083,MOPEX,10240009,Nodaway River At Clarinda, IA,404435.6,950052.3,NAD83,40.7432222,-95.0145278,NAD83,956.01,291.39,NAVD88,762,1984.12,5.66,375.43,292.79,445.16,,NA,CST,http://waterdata.usgs.gov/nwis/nwisman/?site_no=06817000
06817500,2501563,MOPEX,10240010,Nodaway River Near Burlington Junction, MO,402641.7,950525.1,NAD83,40.44491667,-95.0903056,NAD83,890.32,271.37,NAVD88,1240,3350.5,5.65,365.41,274.35,445.16,6817000,1,CST,http://waterdata.usgs.gov/nwis/nwisman/?site_no=06817500
06820500,2529595,MOPEX,10240012,Platte River Near Agency, MO,394116.9,944209.4,NAD83,39.68802778,-94.7026111,NAD83,808.31,246.37,NAVD88,1760,4555.84,4.78,337.11,248.58,416.53,,NA,CST,http://waterdata.usgs.gov/nwis/nwisman/?site_no=06820500
06847000,8163040,MOPEX,10250014,Beaver Creek Near Beaver City,NE,400712,995335,NAD27,40.1200068,-99.8934566,NAD83,2164.84,659.84,NGVD29,2080,5227.02,3.09,1012.91,661.86,1384.95,,NA,CST,http://waterdata.usgs.gov/nwis/nwisman/?site_no=06847000
06847900,8364344,CAMELS,10250015,Prairie Dog C Ab Keith Sebelius Lake, KS,394611,1000601,NAD27,39.769727,-100.1006875,NAD83,2335.67,711.91,NAVD88,590,1531.41,2.67,857.91,709.69,1043.68,,NA,CST,http://waterdata.usgs.gov/nwis/nwisman/?site_no=06847900
06853800,19017621,CAMELS,10250016,White Rock C Nr Burr Oak, KS,395357,981500,NAD27,39.89918,-98.2503276,NAD83,1601.02,487.99,NAVD88,227,591.99,4.1,564.72,493.26,635.04,,NA,CST,http://waterdata.usgs.gov/nwis/nwisman/?site_no=06853800
06860000,18949635,MOPEX,10260003,Smoky Hill R At Elkader, KS,384741,1005129,NAD27,38.7947354,-100.8584796,NAD83,2623.72,799.71,NAVD88,3555,8830.92,1.92,1107.46,799.48,1473.71,,NA,CST,http://waterdata.usgs.gov/nwis/nwisman/?site_no=06860000
06869500,18866012,MOPEX,10260010,Saline R At Tescott, KS,390013.63,975224.22,NAD83,39.0037861,-97.8733944,NAD83,1265.45,385.71,NAVD88,2820,7192.95,4.05,631.03,384.66,1061.82,,NA,CST,http://waterdata.usgs.gov/nwis/nwisman/?site_no=06869500
06876700,3539121,CAMELS,10260015,Salt C Nr Ada, KS,390820.86,975011.58,NAD83,39.13912778,-97.83655,NAD83,1248.07,380.41,NAVD88,406,1054.51,4.27,447.39,381.34,574.25,,NA,CST,http://waterdata.usgs.gov/nwis/nwisman/?site_no=06876700
06878000,18880718,CAMELS,10260008,Chapman C Nr Chapman, KS,390152,970224,NAD27,39.031109,-97.0402922,NAD83,1104.64,336.69,NAVD88,300,778.34,3.49,401.57,338.48,487.84,,NA,CST,http://waterdata.usgs.gov/nwis/nwisman/?site_no=06878000
06879650,18841318,CAMELS,10270101,Kings C Nr Manhattan, KS,390607.47,963540.88,NAD83,39.102075,-96.5946889,NAD83,1095.23,333.83,NAVD88,4.44,12.53,11.09,393.04,328.57,444.21,,NA,CST,http://waterdata.usgs.gov/nwis/nwisman/?site_no=06879650
06883000,18767596,MOPEX,10270206,Little Blue River Near Deweese,NE,401957,980401,NAD83,40.3325,-98.0669444,NAD83,1630.67,497.03,NGVD29,984,99.29,8.04,1807.57,498.55,4346.73,,NA,CST,http://waterdata.usgs.gov/nwis/nwisman/?site_no=06883000
06884400,4024807,MOPEX,10270207,L Blue R Nr Barnes, KS,394333,964816,NAD27,39.72583518,-96.8047432,NAD83,1124.08,342.62,NAVD88,3351,10738.76,7.83,1753.05,348.35,4346.73,6883000,1,CST,http://waterdata.usgs.gov/nwis/nwisman/?site_no=06884400
06885500,2277053,SAME,10270205,Black Vermillion R Nr Frankfort, KS,394055,962633,NAD27,39.68194349,-96.4427888,NAD83,1107.09,337.44,NAVD88,410,1074.81,3.8,399.17,337.66,467.75,,NA,CST,http://waterdata.usgs.gov/nwis/nwisman/?site_no=06885500
06888500,3643688,SAME,10270102,Mill C Nr Paxico, KS,390353,961008,NAD27,39.06472106,-96.1691605,NAD83,961.64,293.11,NAVD88,318,842.5,7.24,398.04,290.82,489.65,,NA,CST,http://waterdata.usgs.gov/nwis/nwisman/?site_no=06888500
06889200,3645652,CAMELS,10270102,Soldier C Nr Delia, KS,391418,955318,NAD27,39.23833024,-95.8885992,NAD83,940.18,286.57,NAVD88,149,387.33,4.51,358.14,284.94,427.9,,NA,CST,http://waterdata.usgs.gov/nwis/nwisman/?site_no=06889200
06889500,3646124,CAMELS,10270102,Soldier C Nr Topeka, KS,390558,954329,NAD27,39.0994439,-95.7249828,NAD83,863.08,263.07,NAVD88,290,771.18,4.29,339.37,263.29,427.9,6889200,1,CST,http://waterdata.usgs.gov/nwis/nwisman/?site_no=06889500
06892000,3729049,SAME,10270104,Stranger C Nr Tonganoxie, KS,390659,950038,NAD27,39.1163912,-95.0108006,NAD83,801.47,244.29,NAVD88,406,1092.6,5.15,314.83,245.57,364.22,,NA,CST,http://waterdata.usgs.gov/nwis/nwisman/?site_no=06892000
06894000,4391187,MOPEX,10300101,Little Blue River Near Lake City, MO,390602,941801,NAD27,39.1005609,-94.3005038,NAD83,719.86,219.41,NAVD88,184,480.58,5.24,283.48,219.6,342.45,,NA,CST,http://waterdata.usgs.gov/nwis/nwisman/?site_no=06894000
06897500,5106782,MOPEX,10280101,Grand River Near Gallatin, MO,395537,935633,NAD27,39.9269517,-93.9427225,NAD83,707.71,215.71,NAVD88,2250,5825.03,5.53,306.97,219.87,399.67,,NA,CST,http://waterdata.usgs.gov/nwis/nwisman/?site_no=06897500
06898000,5138325,MOPEX,10280102,Thompson River At Davis City, IA,403825,934829,NAD83,40.64027778,-93.8080556,NAD83,874.37,266.51,NAVD88,701,1803.33,6.67,349.98,262.64,423.72,,NA,CST,http://waterdata.usgs.gov/nwis/nwisman/?site_no=06898000
06899500,5140789,MOPEX,10280102,Thompson River At Trenton, MO,400409.5,933816.9,NAD83,40.06930556,-93.6380278,NAD83,710.29,216.5,NAVD88,1720,4480.6,6.19,315.42,222.25,423.72,6898000,1,CST,http://waterdata.usgs.gov/nwis/nwisman/?site_no=06899500
06903400,5124308,CAMELS,10280201,Chariton River Near Chariton, IA,405707.1,931535.6,NAD83,40.9519722,-93.2598889,NAD83,918.31,279.9,NAVD88,182,482.31,4.01,321.21,282.87,355.7,,NA,CST,http://waterdata.usgs.gov/nwis/nwisman/?site_no=06903400
06906800,5995392,CAMELS,10300103,Lamine River Near Otterville, MO,384208.1,925843.8,NAD83,38.70225,-92.9788333,NAD83,652.69,198.94,NAVD88,543,1414.35,4.4,276.6,200.25,357.56,,NA,CST,http://waterdata.usgs.gov/nwis/nwisman/?site_no=06906800
06908000,7500508,MOPEX,10300104,Blackwater River At Blue Lick, MO,385932,931148,NAD27,38.99224236,-93.1968713,NAD83,594.57,181.22,NAVD88,1120,2897.4,4.02,241.66,157.36,330.98,,NA,CST,http://waterdata.usgs.gov/nwis/nwisman/?site_no=06908000
06910800,10116766,CAMELS,10290101,Marais Des Cygnes R Nr Reading, KS,383401,955741,NAD27,38.56695524,-95.961657,NAD83,1048.32,319.53,NGVD29,177,445.46,3.3,386.84,319.68,488.42,,NA,CST,http://waterdata.usgs.gov/nwis/nwisman/?site_no=06910800
06911900,10117754,CAMELS,10290101,Dragoon C Nr Burlingame, KS,384233,955017,NAD27,38.7091737,-95.8383205,NAD83,1016.46,309.82,NAVD88,114,292.11,3.25,368.01,309.56,479.06,,NA,CST,http://waterdata.usgs.gov/nwis/nwisman/?site_no=06911900
06913500,10116308,MOPEX,10290101,Marais Des Cygnes R Nr Ottawa, KS,383705,951605,NAD27,38.61806669,-95.2683071,NAD83,858.02,261.52,NAVD88,1250,3240.13,3.01,340.48,259.53,488.42,"06911900, 06910800",2,CST,http://waterdata.usgs.gov/nwis/nwisman/?site_no=06913500
06914000,10125524,MOPEX,10290101,Pottawatomie C Nr Garnett, KS,382001,951455,NAD27,38.333631,-95.2488634,NAD83,873.4,266.21,NAVD88,334,838.32,2.09,317.89,267.71,377.25,,NA,CST,http://waterdata.usgs.gov/nwis/nwisman/?site_no=06914000
06917000,7360005,CAMELS,10290103,L Osage R At Fulton, KS,380032,944214,NAD27,38.00892428,-94.7041264,NAD83,772.04,235.32,NAVD88,314,813.48,3.09,299.58,239.72,367.78,,NA,CST,http://waterdata.usgs.gov/nwis/nwisman/?site_no=06917000
06918460,7374577,CAMELS,10290106,Turnback Creek Above Greenfield, MO,372408.5,934807.3,NAD83,37.4023611,-93.8020278,NAD83,870.6,265.36,NAVD88,252,650.14,5.46,350.75,267.85,442.28,,NA,CST,http://waterdata.usgs.gov/nwis/nwisman/?site_no=06918460
06919500,7371515,CAMELS,10290106,Cedar Creek Near Pleasant View, MO,375002.6,935231.7,NAD83,37.83405556,-93.8754722,NAD83,740.26,225.63,NAVD88,420,1070.03,3.67,289.24,228.17,360.5,,NA,CST,http://waterdata.usgs.gov/nwis/nwisman/?site_no=06919500
06921070,7388043,CAMELS,10290107,Pomme De Terre River Near Polk, MO,374057.6,932213.2,NAD83,37.68266667,-93.3703333,NAD83,873.05,266.11,NAVD88,276,716.98,5.4,360.33,263.96,468.21,,NA,CST,http://waterdata.usgs.gov/nwis/nwisman/?site_no=06921070
06921200,7388709,CAMELS,10290107,Lindley Creek Near Polk, MO,374501.7,931558.3,NAD83,37.7504722,-93.2661944,NAD83,884.63,269.64,NAVD88,112,328.49,3.95,328.72,267.02,403.88,,NA,CST,http://waterdata.usgs.gov/nwis/nwisman/?site_no=06921200
06928000,7423890,MOPEX,10290201,Gasconade River Near Hazelgreen, MO,374532.9,922707.3,NAD83,37.75913889,-92.4520278,NAD83,845.04,257.57,NAVD88,1250,3249.92,7.61,390.28,255.48,531.17,,NA,CST,http://waterdata.usgs.gov/nwis/nwisman/?site_no=06928000
06933500,7447469,MOPEX,10290203,Gasconade River At Jerome, MO,375547.7,915838.4,NAD83,37.92991667,-91.9773333,NAD83,657.82,200.5,NAVD88,2840,7339.55,8.83,363.39,199.96,531.17,6928000,1,CST,http://waterdata.usgs.gov/nwis/nwisman/?site_no=06933500
06934000,7445669,CAMELS,10290203,Gasconade River Near Rich Fountain, MO,382319.7,914911.6,NAD83,38.38880556,-91.8198889,NAD83,553.75,168.78,NAVD88,3180,8264.21,9.1,350.99,169.8,531.17,"06933500, 06928000",2,CST,http://waterdata.usgs.gov/nwis/nwisman/?site_no=06934000
07014500,5053369,CAMELS,07140102,Meramec River Near Sullivan, MO,380930.7,910630.5,NAD83,38.15852778,-91.1084722,NAD83,582.16,177.44,NAVD88,1475,3852.65,9.66,320.42,177.03,448.98,,NA,CST,http://waterdata.usgs.gov/nwis/nwisman/?site_no=07014500
07019000,5050679,MOPEX,07140102,Meramec River Near Eureka, MO,383018.5,903524.6,NAD83,38.50513889,-90.5901667,NAD83,403.61,123.02,NAVD88,3788,9813.86,9.09,279.32,121.38,526.39,7014500,1,CST,http://waterdata.usgs.gov/nwis/nwisman/?site_no=07019000
07029500,14078174,MOPEX,08010208,Hatchie River At Bolivar, TN,351630.89,885835.65,NAD27,35.27532938,-88.9766303,NAD83,323.49,98.6,NGVD29,1480,3832.28,6.06,148.25,100.58,239.63,,NA,CST,http://waterdata.usgs.gov/nwis/nwisman/?site_no=07029500
07049000,8588002,MOPEX,11010001,War Eagle Creek Near Hindsville, AR,361200,935118,NAD83,36.2,-93.855,NAD83,1166.36,355.51,NAVD88,263,685.67,13.94,490.83,357.85,759.35,,NA,CST,http://waterdata.usgs.gov/nwis/nwisman/?site_no=07049000
07052500,7609749,MOPEX,11010002,James River At Galena, MO,364819.4,932741.7,NAD83,36.80538889,-93.4615833,NAD83,921.72,280.94,NAVD88,987,2568.87,7.07,409.52,281.8,530.99,,NA,CST,http://waterdata.usgs.gov/nwis/nwisman/?site_no=07052500
07056000,11818755,SAME,11010005,Buffalo River Near St. Joe, AR,355859,924450,NAD83,35.98305556,-92.7472222,NAD83,560.7,170.9,NAVD88,829,2148.02,21.6,447.04,166.69,782.64,,NA,CST,http://waterdata.usgs.gov/nwis/nwisman/?site_no=07056000
07057500,7650991,SAME,11010006,North Fork River Near Tecumseh, MO,363722.9,921453.3,NAD83,36.62302778,-92.2481389,NAD83,585.13,178.35,NAVD88,561,1455.87,10.01,327.28,180.66,494.94,,NA,CST,http://waterdata.usgs.gov/nwis/nwisman/?site_no=07057500
07058000,7650971,MOPEX,11010006,Bryant Creek Near Tecumseh, MO,363738,921821.8,NAD83,36.6272222,-92.3060556,NAD83,573.56,174.82,NAVD88,570,1473.02,13,328.04,174.39,531.17,,NA,CST,http://waterdata.usgs.gov/nwis/nwisman/?site_no=07058000
07060710,11834118,CAMELS,11010004,North Sylamore Creek Near Fifty Six, AR,355930,921250,NAD83,35.99166667,-92.2138889,NAD83,434.99,132.58,NGVD29,58.1,152.39,23.97,289.42,133.34,417.32,,NA,CST,http://waterdata.usgs.gov/nwis/nwisman/?site_no=07060710
07066000,7518797,CAMELS,11010008,Jacks Fork At Eminence, MO,370914.7,912129.4,NAD83,37.1540833,-91.3581667,NAD83,616.18,187.81,NAVD88,398,1046.35,11.46,337.63,188.99,490.61,,NA,CST,http://waterdata.usgs.gov/nwis/nwisman/?site_no=07066000
07067000,7524421,SAME,11010008,Current River At Van Buren, MO,365929,910048.6,NAD83,36.99138889,-91.0135,NAD83,443.01,135.03,NAVD88,1667,4326.76,12.76,319.24,138.96,490.61,7066000,1,CST,http://waterdata.usgs.gov/nwis/nwisman/?site_no=07067000
07068000,7523285,SAME,11010008,Current River At Doniphan, MO,363717.4,905047,NAD83,36.6215,-90.8463889,NAD83,321.42,97.97,NAVD88,2038,5309.45,12.75,297.55,99.43,490.61,"07067000, 07066000",2,CST,http://waterdata.usgs.gov/nwis/nwisman/?site_no=07068000
07069500,7561621,MOPEX,11010010,Spring River At Imboden, AR,361220,911018,NAD83,36.20555556,-91.1716667,NAD83,263.06,80.18,NAVD88,1180,3006.56,8.12,226.65,79.29,385.09,,NA,CST,http://waterdata.usgs.gov/nwis/nwisman/?site_no=07069500
07071500,7572703,CAMELS,11010011,Eleven Point River Near Bardley, MO,363855.3,911203,NAD83,36.64869444,-91.2008333,NAD83,411.25,125.35,NAVD88,793,2034.56,8.68,290.67,122.47,463.13,,NA,CST,http://waterdata.usgs.gov/nwis/nwisman/?site_no=07071500
07072000,7573907,MOPEX,11010011,Eleven Point River Near Ravenden Springs, AR,362047,910651,NAD83,36.34638889,-91.1141667,NAD83,292.23,89.07,NAVD88,1130,2896.05,8.47,260.66,90.68,463.13,7071500,1,CST,http://waterdata.usgs.gov/nwis/nwisman/?site_no=07072000
07083000,916821,CAMELS,11020001,Halfmoon Creek Near Malta, CO,391020,1062319,NAD27,39.17221259,-106.3891926,NAD83,9830,2996.18,NGVD29,23.5,65.45,44.03,3602.21,2879.18,4394.81,,NA,MST,http://waterdata.usgs.gov/nwis/nwisman/?site_no=07083000
07142300,21195628,CAMELS,11030009,Rattlesnake C Nr Macksville, KS,375217.53,985232.9,NAD83,37.8715361,-98.8758056,NAD83,1964.28,598.71,NAVD88,697,1834.08,1.07,677.12,592.41,790.48,,NA,CST,http://waterdata.usgs.gov/nwis/nwisman/?site_no=07142300
07144200,21177332,MOPEX,11030012,L Arkansas R At Valley Center, KS,374955.82,972318.85,NAD83,37.8321722,-97.3885694,NAD83,1325.86,404.12,NAVD88,1327,3416.33,0.77,460.43,403.36,544.4,,NA,CST,http://waterdata.usgs.gov/nwis/nwisman/?site_no=07144200
07144780,21160115,MOPEX,11030014,Nf Ninnescah R Ab Cheney Re, KS,375143.91,980049.61,NAD83,37.8621972,-98.0137806,NAD83,1456.37,443.9,NAVD88,713,2020.61,0.77,545.3,447.24,649.75,,NA,CST,http://waterdata.usgs.gov/nwis/nwisman/?site_no=07144780
07145700,21166753,CAMELS,11030013,Slate C At Wellington, KS,371458,972412,NAD27,37.24946707,-97.4036569,NAD83,1157.86,352.92,NAVD88,154,399.97,1.03,401.59,353.53,460.66,,NA,CST,http://waterdata.usgs.gov/nwis/nwisman/?site_no=07145700
07147070,20078342,MOPEX,11030017,Whitewater R At Towanda, KS,374745.7,970051.56,NAD83,37.79602778,-97.0143222,NAD83,1232.17,375.57,NAVD88,426,1097.35,1.51,425.41,376.04,473.78,,NA,CST,http://waterdata.usgs.gov/nwis/nwisman/?site_no=07147070
07147800,21135947,MOPEX,11030018,Walnut R At Winfield, KS,371327.85,965944.48,NAD83,37.22440278,-96.9956889,NAD83,1083.45,330.24,NAVD88,1880,4868.22,1.96,417.58,330.19,512.22,7147070,1,CST,http://waterdata.usgs.gov/nwis/nwisman/?site_no=07147800
07148400,21028210,CAMELS,11060002,Salt Fork Arkansas River Nr Alva, OK,364854,983852,NAD27,36.81503056,-98.6481395,NAD83,1292.74,394.03,NAVD88,982,2557.04,4.61,554.53,393.26,738.97,,NA,CST,http://waterdata.usgs.gov/nwis/nwisman/?site_no=07148400
07149000,21014649,CAMELS,11060003,Medicine Lodge R Nr Kiowa, KS,370220.06,982812.56,NAD83,37.03890556,-98.4701556,NAD83,1287.56,392.45,NAVD88,903,2297.88,4.58,554.85,393.07,719.18,,NA,CST,http://waterdata.usgs.gov/nwis/nwisman/?site_no=07149000
07151500,20987715,CAMELS,11060005,Chikaskia R Nr Corbin, KS,370743.28,973605.65,NAD83,37.12868889,-97.6015694,NAD83,1108.55,337.89,NAVD88,794,2111.96,1.5,464.01,338.08,609.68,,NA,CST,http://waterdata.usgs.gov/nwis/nwisman/?site_no=07151500
07152000,20988263,MOPEX,11060005,Chikaskia River Near Blackwell, OK,364841,971637,NAD27,36.8114211,-97.277265,NAD83,967.65,294.94,NAVD88,1876,4876.58,1.44,414.52,292.45,609.68,7151500,1,CST,http://waterdata.usgs.gov/nwis/nwisman/?site_no=07152000
07163000,493528,MOPEX,11050003,Council Creek Near Stillwater, OK,360658,965203,NAD27,36.116169,-96.8678088,NAD83,828.28,252.46,NGVD29,31,77.99,3.46,292.7,255.77,332.63,,NA,CST,http://waterdata.usgs.gov/nwis/nwisman/?site_no=07163000
07167500,21517052,CAMELS,11070102,Otter C At Climax, KS,374229.49,961323.87,NAD83,37.70819167,-96.2232972,NAD83,978.31,298.19,NAVD88,129,320.95,4.57,380.51,299.67,506.53,,NA,CST,http://waterdata.usgs.gov/nwis/nwisman/?site_no=07167500
07172000,21782934,MOPEX,11070106,Caney R Nr Elgin, KS,370014.24,961859.98,NAD83,37.00395556,-96.3166611,NAD83,764.09,232.89,NAVD88,445,1109.69,5.28,343.48,233.55,487.17,,NA,CST,http://waterdata.usgs.gov/nwis/nwisman/?site_no=07172000
07177500,847292,MOPEX,11070107,Bird Creek Near Sperry, OK,361642,955714,NAD27,36.27842534,-95.954162,NAD83,579.76,176.71,NAVD88,907,2361.8,5.83,264.78,175.58,403.37,,NA,CST,http://waterdata.usgs.gov/nwis/nwisman/?site_no=07177500
07180500,20920709,CAMELS,11070202,Cedar C Nr Cedar Point, KS,381147.51,964927.63,NAD83,38.19653056,-96.8243417,NAD83,1263.31,385.06,NAVD88,110,276.26,2.72,435.65,386.05,469.9,,NA,CST,http://waterdata.usgs.gov/nwis/nwisman/?site_no=07180500
07183000,20897425,MOPEX,11070204,Neosho R Nr Iola, KS,375520,952539,NAD27,37.92225778,-95.4277596,NAD83,929.39,283.28,NAVD88,3723,9658.73,2.72,392.9,278.68,504.61,7180500,1,CST,http://waterdata.usgs.gov/nwis/nwisman/?site_no=07183000
07184000,20874950,CAMELS,11070205,Lightning C Nr Mccune, KS,371652,950157,NAD27,37.2811711,-95.0327428,NAD83,818.1,249.36,NGVD29,197,509.95,1.08,282.61,250.15,323.99,,NA,CST,http://waterdata.usgs.gov/nwis/nwisman/?site_no=07184000
07186000,7590909,MOPEX,11070207,Spring River Near Waco, MO,371444.2,943359.1,NAD83,37.2456111,-94.5664167,NAD83,833.56,254.07,NAVD88,1164,3020.17,1.91,328.75,255.5,474.3,,NA,CST,http://waterdata.usgs.gov/nwis/nwisman/?site_no=07186000
07195800,399452,CAMELS,11110103,Flint Creek At Springtown, AR,361522,942601,NAD83,36.2561111,-94.4336111,NAD83,1171.27,357,NAVD88,14.2,38.7,4.83,405.21,358.29,440.7,,NA,CST,http://waterdata.usgs.gov/nwis/nwisman/?site_no=07195800
07196500,401664,MOPEX,11110103,Illinois River Near Tahlequah, OK,355531.97,945518.13,NAD83,35.9255472,-94.9217028,NAD83,665.08,202.72,NAVD88,950,2462.61,7.55,359.08,205.27,599.5,7195800,1,CST,http://waterdata.usgs.gov/nwis/nwisman/?site_no=07196500
07196900,400822,CAMELS,11110103,Baron Fork At Dutch Mills, AR,355248,942911,NAD83,35.88,-94.4863889,NAD83,987.26,300.92,NAVD88,40.6,106.59,9.77,407.66,301.43,555.83,,NA,CST,http://waterdata.usgs.gov/nwis/nwisman/?site_no=07196900
07197000,400496,SAME,11110103,Baron Fork At Eldon, OK,355517.84,945014.09,NAD83,35.9216222,-94.8372472,NAD83,701.33,213.77,NAVD88,312,807.61,10.16,346.22,216.65,586.59,7196900,1,CST,http://waterdata.usgs.gov/nwis/nwisman/?site_no=07197000
07208500,20060156,CAMELS,11080002,Rayado Creek Near Cimarron, NM,362220.44,1045809.44,NAD83,36.37234444,-104.9692889,NAD83,6720,2048.26,NGVD29,65,159.35,22,2889.68,2013.46,3576.02,,NA,MST,http://waterdata.usgs.gov/nwis/nwisman/?site_no=07208500
07211500,20050371,MOPEX,11080003,Canadian River Near Taylor Springs, NM,361751.25,1042943.7,NAD83,36.29756944,-104.4954722,NAD83,5638.01,1718.47,NAVD88,2850,7219.15,15.25,2263.45,1716.24,4166.27,7208500,1,MST,http://waterdata.usgs.gov/nwis/nwisman/?site_no=07211500
07221000,20045624,MOPEX,11080004,Mora River Nr Shoemaker, NM,354801,1044658,NAD27,35.8003243,-104.7833122,NAD83,6145,1873,NGVD29,1104,2852.06,13.45,2343.11,1874.53,3853.6,,NA,MST,http://waterdata.usgs.gov/nwis/nwisman/?site_no=07221000
07226500,20026105,CAMELS,11080007,Ute Creek Near Logan, NM,352618.7,1033132.86,NAD83,35.43852778,-103.5257944,NAD83,3820,1164.34,NGVD29,1748,4582.7,4.27,1614.51,1162.58,2552.15,,NA,MST,http://waterdata.usgs.gov/nwis/nwisman/?site_no=07226500
07243500,536835,MOPEX,11100303,Deep Fork Near Beggs, OK,354026,960406,NAD27,35.6739876,-96.0686077,NAD83,632.68,192.84,NAVD88,2004,5195.65,4.37,277.69,190.36,409.92,,NA,CST,http://waterdata.usgs.gov/nwis/nwisman/?site_no=07243500
07252000,7752836,MOPEX,11110201,Mulberry River Near Mulberry, AR,353437,940055,NAD83,35.57694444,-94.0152778,NAD83,433,131.98,NAVD88,373,968,18.82,372.96,224.94,469.8,,NA,CST,http://waterdata.usgs.gov/nwis/nwisman/?site_no=07252000
07261000,7817394,SAME,11110205,Cadron Creek Near Guy, AR,351755,922414,NAD83,35.2986111,-92.4038889,NAD83,371.68,113.29,NAVD88,169,455.11,6.57,222.43,97.35,361.27,,NA,CST,http://waterdata.usgs.gov/nwis/nwisman/?site_no=07261000
07263295,22846153,CAMELS,11110207,Maumelle River At Williams Junction, AR,345234,924628,NAD83,34.8761111,-92.7744444,NAD83,386.7,117.87,NAVD88,46.1,119.1,12.51,244.93,121.2,461.68,,NA,CST,http://waterdata.usgs.gov/nwis/nwisman/?site_no=07263295
07288500,17956869,MOPEX,08030207,Big Sunflower River At Sunflower, MS,333250,903235,NAD27,33.5473557,-90.5431579,NAD83,92.03,28.05,NAVD88,767,1978.86,0.58,45.23,29.44,63.68,,NA,CST,http://waterdata.usgs.gov/nwis/nwisman/?site_no=07288500
07290000,938060125,MOPEX,08060202,Big Black River Nr Bovina, MS,322052,904149,NAD83,32.34777778,-90.6969444,NAD83,85.07,25.93,NAVD88,2812,7120.98,4.11,98.05,28.15,203.85,,NA,CST,http://waterdata.usgs.gov/nwis/nwisman/?site_no=07290000
07290650,19138473,CAMELS,08060203,Bayou Pierre Nr Willows, MS,320107,905242,NAD83,32.0186111,-90.8783333,NAD83,82.32,25.09,NGVD29,654,1693.09,5.14,93.84,20.96,156.11,,NA,CST,http://waterdata.usgs.gov/nwis/nwisman/?site_no=07290650
07291000,19115892,CAMELS,08060205,Homochitto River At Eddiceton, MS,313011,904639,NAD83,31.50305556,-90.7775,NAD83,211.69,64.52,NAVD88,181,481.98,4.96,124,65.54,159.83,,NA,CST,http://waterdata.usgs.gov/nwis/nwisman/?site_no=07291000
07292500,19112978,CAMELS,08060205,Homochitto River At Rosetta, MS,311929,910634,NAD83,31.3247222,-91.1094444,NAD83,94.39,28.77,NGVD29,787,2076.9,5.6,108.26,30.89,159.83,7291000,1,CST,http://waterdata.usgs.gov/nwis/nwisman/?site_no=07292500
07295000,19104913,CAMELS,08060206,Buffalo River Nr Woodville, MS,311337,911744,NAD83,31.22694444,-91.2955556,NAD83,94.52,28.81,NGVD29,180,465.9,5.91,84.68,29.53,135.88,,NA,CST,http://waterdata.usgs.gov/nwis/nwisman/?site_no=07295000
07299670,13741403,CAMELS,11130101,Groesbeck Ck At Sh 6 Nr Quanah, TX,342116,994424,NAD27,34.35451979,-99.7403719,NAD83,1425.69,434.55,NGVD29,303,831.48,1.12,499.33,435.57,592.01,,NA,CST,http://waterdata.usgs.gov/nwis/nwisman/?site_no=07299670
07301410,13754363,CAMELS,11120302,Sweetwater Ck Nr Kelton, TX,352823,1000714,NAD27,35.47310419,-100.1209501,NAD83,2230,679.7,NGVD29,297,778.56,2.62,802.86,671.57,942.68,,NA,CST,http://waterdata.usgs.gov/nwis/nwisman/?site_no=07301410
07301500,13756121,CAMELS,11120302,North Fork Red River Near Carter, OK,351005,993025,NAD27,35.16810838,-99.5073128,NAD83,1669.19,508.77,NAVD88,2652,6228.34,2.64,791.85,511.47,1076.36,7301410,1,CST,http://waterdata.usgs.gov/nwis/nwisman/?site_no=07301500
07307800,14001847,MOPEX,11130105,Pease Rv Nr Childress, TX,341339,1000424,NAD27,34.2275718,-100.0737179,NAD83,1492.98,455.06,NGVD29,2754,6895.23,3.9,734.62,457.58,1025.65,,NA,CST,http://waterdata.usgs.gov/nwis/nwisman/?site_no=07307800
07315200,13660367,CAMELS,11130209,E Fk Little Wichita Rv Nr Henrietta, TX,334846,980505,NAD27,33.81287833,-98.0850406,NAD83,825.32,251.56,NGVD29,178,503.72,1.99,301.45,252.03,362.58,,NA,CST,http://waterdata.usgs.gov/nwis/nwisman/?site_no=07315200
07315700,3132401,CAMELS,11130201,Mud Creek Near Courtney, OK,340015,973400,NAD27,34.00426516,-97.566968,NAD83,728.74,222.12,NAVD88,574,1491.46,2.51,285.28,225.14,397.34,,NA,CST,http://waterdata.usgs.gov/nwis/nwisman/?site_no=07315700
07335700,588170,CAMELS,11140105,Kiamichi River Near Big Cedar, OK,343818,943645,NAD27,34.63843685,-94.6127236,NAD83,887.58,270.53,NAVD88,39.6,104.1,20.62,463.38,271.9,810.1,,NA,CST,http://waterdata.usgs.gov/nwis/nwisman/?site_no=07335700
07340000,3750770,MOPEX,11140109,Little River Near Horatio, AR,335510,942312,NAD83,33.91944444,-94.3866667,NAD83,272.85,83.16,NAVD88,2660,6961.21,9.82,252.23,83.07,818.62,,NA,CST,http://waterdata.usgs.gov/nwis/nwisman/?site_no=07340000
07340300,3746094,CAMELS,11140109,Cossatot River Near Vandervoort, AR,342248,941411,NAD83,34.38,-94.2363889,NAD83,771.74,235.23,NAVD88,89.6,252.49,23.2,392.98,210.34,706.86,,NA,CST,http://waterdata.usgs.gov/nwis/nwisman/?site_no=07340300
07346000,1017893,MOPEX,11140306,Big Cypress Bayou Nr Jefferson, TX,324458,942955,NAD27,32.74958345,-94.4988102,NAD83,180,54.86,NAVD88,850,2321.35,3.84,110.89,59.25,195.79,,NA,CST,http://waterdata.usgs.gov/nwis/nwisman/?site_no=07346000
07346045,1017865,CAMELS,11140306,Black Cypress Bayou At Jefferson, TX,324640,942126,NAD27,32.7779173,-94.3574153,NAD83,171.49,52.27,NAVD88,365,961.56,4.8,98.57,54.56,191.47,,NA,CST,http://waterdata.usgs.gov/nwis/nwisman/?site_no=07346045
07346050,1042497,MOPEX,11140307,Little Cypress Ck Nr Ore City, TX,324021,944503,NAD27,32.6726406,-94.7510435,NAD83,231.98,70.71,NAVD88,383,1017.86,4.07,117.1,72.46,206.51,,NA,CST,http://waterdata.usgs.gov/nwis/nwisman/?site_no=07346050
07346070,1042491,MOPEX,11140307,Little Cypress Bayou Nr Jefferson, TX,324246,942045,NAD27,32.71291998,-94.3460265,NAD83,174.79,53.28,NAVD88,675,1793.49,4.28,107.05,52.49,206.51,7346050,1,CST,http://waterdata.usgs.gov/nwis/nwisman/?site_no=07346070
07359610,22000700,CAMELS,08040102,Caddo River Near Caddo Gap, AR,342258,933622,NAD83,34.38277778,-93.6061111,NAD83,612,186.54,NAVD88,136,342.42,17.78,293.52,178.43,672.37,,NA,CST,http://waterdata.usgs.gov/nwis/nwisman/?site_no=07359610
07362100,21956120,CAMELS,08040201,Smackover Creek Near Smackover, AR,332231,924636,NAD83,33.37527778,-92.7766667,NAD83,97.56,29.74,NGVD29,385,995.74,3.51,69.54,31.43,127.83,,NA,CST,http://waterdata.usgs.gov/nwis/nwisman/?site_no=07362100
07362587,21919761,CAMELS,08040203,Alum Fork Saline River Near Reform, AR,344751,925602,NAD83,34.7975,-92.9338889,NAD83,NA,233.58,NA,27,70.72,13.95,348.66,233.58,575.96,,NA,CST,http://waterdata.usgs.gov/nwis/nwisman/?site_no=07362587
07363500,21813112,MOPEX,08040204,Saline River Near Rye, AR,334203,920133,NAD83,33.7008333,-92.0258333,NAD83,96.76,29.49,NAVD88,2100,5420.85,4.36,109.54,31.2,575.96,,NA,CST,http://waterdata.usgs.gov/nwis/nwisman/?site_no=07363500
07373000,19376616,CAMELS,08040304,Big Creek At Pollock, LA,313210,922430,NAD27,31.5362873,-92.4084714,NAD83,76.64,23.36,NAVD88,51,134.1,4.17,56.26,24.58,87.88,,NA,CST,http://waterdata.usgs.gov/nwis/nwisman/?site_no=07373000
07375000,18928210,CAMELS,08090201,Tchefuncte River Near Folsom, LA,303657,901455,NAD27,30.6160223,-90.2486954,NAD83,61.13,18.63,NAVD88,103,249.18,2.72,60.28,19.91,98.51,,NA,CST,http://waterdata.usgs.gov/nwis/nwisman/?site_no=07375000
07375500,18975529,MOPEX,08070205,Tangipahoa River At Robert, LA,303023,902142,NAD27,30.50658047,-90.3617524,NAD83,6.6,2.01,NAVD88,646,1678.12,2.76,77.4,4.36,149.78,,NA,CST,http://waterdata.usgs.gov/nwis/nwisman/?site_no=07375500
07376000,20090368,CAMELS,08070203,Tickfaw River At Holden, LA,303013,904038,NAD27,30.5038016,-90.6773163,NAD83,18.65,5.68,NAVD88,247,649.95,2.56,72.35,6.45,131.62,,NA,CST,http://waterdata.usgs.gov/nwis/nwisman/?site_no=07376000
07378000,18988606,MOPEX,08070202,Comite River Near Comite, LA,303045,910425,NAD27,30.512689,-91.0737158,NAD83,21.51,6.56,NAVD88,284,904.63,1.73,55.84,6.97,122.44,,NA,CST,http://waterdata.usgs.gov/nwis/nwisman/?site_no=07378000
07378500,18990204,MOPEX,08070202,Amite River Near Denham Springs, LA,302750,905925,NAD27,30.464079,-90.99038,NAD83,-1.35,-0.41,NAVD88,1280,3532.27,2.25,74.91,4.06,152.86,7378000,1,CST,http://waterdata.usgs.gov/nwis/nwisman/?site_no=07378500
08013000,15085941,CAMELS,08080203,Calcasieu River Nr Glenmora, LA,305948,924025,NAD83,30.99666667,-92.6736111,NAD83,110.05,33.54,NAVD88,499,1298.97,2.28,75.94,36.33,142.07,,NA,CST,http://waterdata.usgs.gov/nwis/nwisman/?site_no=08013000
08013500,15085713,MOPEX,08080203,Calcasieu River Near Oberlin, LA,303825,924850,NAD27,30.6404757,-92.8140368,NAD83,39.43,12.02,NGVD29,753,1973.94,1.69,62.57,14.12,142.07,8013000,1,CST,http://waterdata.usgs.gov/nwis/nwisman/?site_no=08013500
08014500,15078398,CAMELS,08080204,Ouiska Chitto Creek Near Oberlin, LA,304155.5,925335.5,NAD83,30.69875,-92.8931944,NAD83,46.24,14.09,NGVD29,510,1324.83,2.39,60.68,14.35,135.58,,NA,CST,http://waterdata.usgs.gov/nwis/nwisman/?site_no=08014500
08015500,15085965,MOPEX,08080203,Calcasieu River Near Kinder, LA,303009.2,925455.5,NAD83,30.50255556,-92.9154167,NAD83,10.93,3.33,NAVD88,1700,4465.77,1.79,56.24,6.01,142.07,"08013500, 08014500, 08013000",3,CST,http://waterdata.usgs.gov/nwis/nwisman/?site_no=08015500
08023080,9533087,CAMELS,12010004,Bayou Grand Cane Near Stanley, LA,315745.2,935627.5,NAD27,31.9627248,-93.9411723,NAD83,171.84,52.38,NAVD88,72.5,196.55,2.2,84.22,50.78,125.52,,NA,CST,http://waterdata.usgs.gov/nwis/nwisman/?site_no=08023080
08025500,8329634,CAMELS,12010005,Bayou Toro Near Toro, LA,311825,933056,NAD27,31.30712737,-93.5157295,NAD83,137.84,42.01,NAVD88,148,382.86,3.97,86.95,43.28,148.07,,NA,CST,http://waterdata.usgs.gov/nwis/nwisman/?site_no=08025500
08029500,8330722,CAMELS,12010005,Big Cow Ck Nr Newton, TX,304908,934708,NAD83,30.81888889,-93.7855556,NAD83,134.69,41.05,NGVD29,128,376.76,4.05,92.69,23.98,183.25,,NA,CST,http://waterdata.usgs.gov/nwis/nwisman/?site_no=08029500
08032000,4452936,MOPEX,12020001,Neches Rv Nr Neches, TX,315332,952550,NAD27,31.89239037,-95.430786,NAD83,262.74,80.08,NAVD88,1145,2989.98,3.9,140.71,82.55,235.13,,NA,CST,http://waterdata.usgs.gov/nwis/nwisman/?site_no=08032000
08033500,1109655,MOPEX,12020003,Neches Rv Nr Rockland, TX,310130,942358,NAD83,31.025,-94.3994444,NAD83,88.41,26.95,NGVD29,3636,9408.32,3.5,109.02,28.67,235.13,8032000,1,CST,http://waterdata.usgs.gov/nwis/nwisman/?site_no=08033500
08050800,1275870,CAMELS,12030103,Timber Ck Nr Collinsville, TX,333316,965649,NAD27,33.55455428,-96.9472267,NAD83,639.68,194.97,NAVD88,38.8,109.19,3.14,231.74,192,287.33,,NA,CST,http://waterdata.usgs.gov/nwis/nwisman/?site_no=08050800
08055500,1279694,MOPEX,12030103,Elm Fk Trinity Rv Nr Carrollton, TX,325757,965639,NAD27,32.965957,-96.94445,NAD83,431.26,131.45,NAVD88,2459,6376.62,2.67,235.33,125.3,402.5,,NA,CST,http://waterdata.usgs.gov/nwis/nwisman/?site_no=08055500
08066200,1487570,CAMELS,12030202,Long King Ck At Livingston, TX,304258,945731,NAD27,30.716306,-94.9588237,NAD83,99.63,30.37,NAVD88,141,374.35,3.32,78.9,29.87,134.55,,NA,CST,http://waterdata.usgs.gov/nwis/nwisman/?site_no=08066200
08066300,1494036,CAMELS,12030202,Menard Ck Nr Rye, TX,302853,944647,NAD83,30.48138889,-94.7797222,NAD83,58.84,17.93,NAVD88,152,385.48,1.77,68.4,19.33,137.57,,NA,CST,http://waterdata.usgs.gov/nwis/nwisman/?site_no=08066300
08070000,1520007,CAMELS,12040103,E Fk San Jacinto Rv Nr Cleveland, TX,302011,950614,NAD27,30.33659809,-95.1040999,NAD83,107.01,32.62,NAVD88,325,844.33,2.48,88.96,33.49,153.56,,NA,CST,http://waterdata.usgs.gov/nwis/nwisman/?site_no=08070000
08070200,1520083,CAMELS,12040103,E Fk San Jacinto Rv Nr New Caney, TX,300842.83,950728.61,NAD83,30.14523056,-95.1246139,NAD83,0,0,NAVD88,388,1019.64,2.15,79.71,12.96,153.56,,NA,CST,http://waterdata.usgs.gov/nwis/nwisman/?site_no=08070200
08079600,13698835,CAMELS,12050004,Dmf Brazos Rv At Justiceburg, TX,330218,1011150,NAD27,33.03843236,-101.1976302,NAD83,2223.43,677.7,NAVD88,1466,1130.52,2.73,834.28,680.57,947.01,,NA,CST,http://waterdata.usgs.gov/nwis/nwisman/?site_no=08079600
08082700,5542148,CAMELS,12060101,Millers Ck Nr Munday, TX,331945,992753,NAD27,33.32926607,-99.4650825,NAD83,1350,411.48,NGVD29,104,276.77,0.68,448.9,410.73,495.67,,NA,CST,http://waterdata.usgs.gov/nwis/nwisman/?site_no=08082700
08085500,5521636,MOPEX,12060104,Clear Fk Brazos Rv At Ft Griffin, TX,325558.72,991255.4,NAD83,32.93297778,-99.2153889,NAD83,1164.39,354.91,NAVD88,4026,10422.53,2.24,564.08,354.68,795.24,,NA,CST,http://waterdata.usgs.gov/nwis/nwisman/?site_no=08085500
08086212,5525607,CAMELS,12060105,Hubbard Ck Bl Albany, TX,324358,990825,NAD27,32.73289717,-99.1406299,NAD83,1185.33,361.29,NAVD88,613,1589.25,4.03,483.46,357.71,665.57,,NA,CST,http://waterdata.usgs.gov/nwis/nwisman/?site_no=08086212
08086290,5525073,CAMELS,12060105,Big Sandy Ck Abv Breckenridge, TX,323854,990015,NAD27,32.64845613,-99.0045146,NAD83,1180.93,359.95,NAVD88,280,732.63,3.46,455.78,363.48,638.97,,NA,CST,http://waterdata.usgs.gov/nwis/nwisman/?site_no=08086290
08095000,5531532,MOPEX,12060204,N Bosque Rv Nr Clifton, TX,314709,973404,NAD27,31.785991,-97.5680748,NAD83,605.11,184.44,NAVD88,968,2549.67,3.54,345.82,180.72,494.79,,NA,CST,http://waterdata.usgs.gov/nwis/nwisman/?site_no=08095000
08101000,2580511,CAMELS,12070202,Cowhouse Ck At Pidcoke, TX,311705,975305,NAD27,31.2848902,-97.8850244,NAD83,736.9,224.61,NAVD88,455,1185.55,4.03,380.86,225.44,541.27,,NA,CST,http://waterdata.usgs.gov/nwis/nwisman/?site_no=08101000
08103800,5586798,MOPEX,12070203,Lampasas Rv Nr Kempner, TX,310445,980059,NAD27,31.0793403,-98.0166919,NAD83,828.54,252.54,NAVD88,818,2115.35,4.24,402.81,252.96,537.32,,NA,CST,http://waterdata.usgs.gov/nwis/nwisman/?site_no=08103800
08103900,5587890,CAMELS,12070203,S Fk Rocky Ck Nr Briggs, TX,305441,980212,NAD27,30.91156805,-98.0369676,NAD83,956.91,291.67,NAVD88,33.3,85.92,4.24,370.51,292.63,434.85,,NA,CST,http://waterdata.usgs.gov/nwis/nwisman/?site_no=08103900
08104900,5671579,CAMELS,12070205,S Fk San Gabriel Rv At Georgetown, TX,303732,974127,NAD27,30.6257499,-97.6911204,NAD83,687.94,209.68,NAVD88,133,348.22,3.14,341.31,201.23,458.74,,NA,CST,http://waterdata.usgs.gov/nwis/nwisman/?site_no=08104900
08109700,5570395,CAMELS,12070102,Middle Yegua Ck Nr Dime Box, TX,302021,965416,NAD27,30.33937764,-96.9047037,NAD83,296.53,90.38,NAVD88,236,623.75,2.53,141.4,87.98,231.01,,NA,CST,http://waterdata.usgs.gov/nwis/nwisman/?site_no=08109700
08146000,5746512,MOPEX,12090109,San Saba Rv At San Saba, TX,311247,984309,NAD27,31.21322316,-98.7194871,NAD83,1162.21,354.24,NAVD88,3046,7898.81,2.69,602.29,351.19,752.19,,NA,CST,http://waterdata.usgs.gov/nwis/nwisman/?site_no=08146000
08150000,5770577,MOPEX,12090204,Llano Rv Nr Junction, TX,303015,994403,NAD27,30.50435487,-99.7345097,NAD83,1634.4,498.17,NAVD88,1854,4812.18,4.54,671.32,497.65,757.96,,NA,CST,http://waterdata.usgs.gov/nwis/nwisman/?site_no=08150000
08150700,5769807,MOPEX,12090204,Llano Rv Nr Mason, TX,303938,990632,NAD27,30.66073685,-99.1092185,NAD83,1225.6,373.56,NAVD88,3247,8422.09,5.08,633.19,374.31,757.96,8150000,1,CST,http://waterdata.usgs.gov/nwis/nwisman/?site_no=08150700
08150800,5770545,CAMELS,12090204,Beaver Ck Nr Mason, TX,303836,990544,NAD27,30.64351548,-99.0958848,NAD83,1248.5,380.54,NAVD88,215,561.69,6.47,558.73,375.71,690.03,,NA,CST,http://waterdata.usgs.gov/nwis/nwisman/?site_no=08150800
08155200,5781265,CAMELS,12090205,Barton Ck At Sh 71 Nr Oak Hill, TX,301746,975531,NAD27,30.29631587,-97.925565,NAD83,737.04,224.65,NGVD29,89.7,241.75,6.52,335.12,212.97,458.58,,NA,CST,http://waterdata.usgs.gov/nwis/nwisman/?site_no=08155200
08158700,5780099,CAMELS,12090205,Onion Ck Nr Driftwood, TX,300458,980027,NAD27,30.08298924,-98.0077859,NAD83,868.52,264.72,NAVD88,124,321.24,5.75,372.76,266.59,510.09,,NA,CST,http://waterdata.usgs.gov/nwis/nwisman/?site_no=08158700
08158810,5781401,CAMELS,12090205,Bear Ck Bl Fm 1826 Nr Driftwood, TX,300919,975623,NAD27,30.15548749,-97.9400076,NAD83,859.91,262.1,NAVD88,12.2,34.12,5.59,318.73,253.01,379.66,,NA,CST,http://waterdata.usgs.gov/nwis/nwisman/?site_no=08158810
08164000,7842827,CAMELS,12100101,Lavaca Rv Nr Edna, TX,285735,964110,NAD27,28.95998449,-96.6863668,NAD83,13.84,4.22,NAVD88,817,2128.76,1.69,76.57,5.86,181.01,,NA,CST,http://waterdata.usgs.gov/nwis/nwisman/?site_no=08164000
08164300,7846049,CAMELS,12100102,Navidad Rv Nr Hallettsville, TX,292800,964845,NAD27,29.466908,-96.812756,NAD83,-43.53,-13.27,NAVD88,332,867.77,2.63,102.61,46.34,177.4,,NA,CST,http://waterdata.usgs.gov/nwis/nwisman/?site_no=08164300
08164600,9349285,CAMELS,12100402,Garcitas Ck Nr Inez, TX,285328,964908,NAD27,28.8913759,-96.8191486,NAD83,28.78,8.77,NAVD88,91.7,247.75,0.49,40.92,6.79,73.81,,NA,CST,http://waterdata.usgs.gov/nwis/nwisman/?site_no=08164600
08165300,3585678,CAMELS,12100201,N Fk Guadalupe Rv Nr Hunt, TX,300350,992312,NAD27,30.06409747,-99.3869916,NAD83,1800.1,548.67,NGVD29,169,439.67,5.81,664.32,546.86,735.64,,NA,CST,http://waterdata.usgs.gov/nwis/nwisman/?site_no=08165300
08167500,3589120,MOPEX,12100201,Guadalupe Rv Nr Spring Branch, TX,295137,982300,NAD27,29.8604957,-98.3836275,NAD83,948.43,289.08,NAVD88,1315,3408.53,8.43,541.37,285.27,735.64,8165300,1,CST,http://waterdata.usgs.gov/nwis/nwisman/?site_no=08167500
08171000,1630223,MOPEX,12100203,Blanco Rv At Wimberley, TX,295939,980519,NAD27,29.9943808,-98.088898,NAD83,797.23,243,NGVD29,355,922.16,7.26,418.53,241.46,618.24,,NA,CST,http://waterdata.usgs.gov/nwis/nwisman/?site_no=08171000
08171300,1631023,SAME,12100203,Blanco Rv Nr Kyle, TX,295845,975435,NAD27,29.97938297,-97.9100051,NAD83,620.12,189.01,NGVD29,412,1074.14,7.43,399.74,185.09,618.24,8171000,1,CST,http://waterdata.usgs.gov/nwis/nwisman/?site_no=08171300
08172000,1631387,MOPEX,12100203,San Marcos Rv At Luling, TX,293958,973902,NAD27,29.66634037,-97.6508314,NAD83,322.05,98.16,NGVD29,838,2189.73,5.09,293.94,92.27,618.24,"08171300, 08171000",2,CST,http://waterdata.usgs.gov/nwis/nwisman/?site_no=08172000
08175000,1623207,CAMELS,12100202,Sandies Ck Nr Westhoff, TX,291254,972657,NAD27,29.2152475,-97.4494353,NAD83,177.87,54.21,NAVD88,549,1425.92,1.86,107.66,54.34,227.2,,NA,CST,http://waterdata.usgs.gov/nwis/nwisman/?site_no=08175000
08176900,1638559,CAMELS,12100204,Coleto Ck At Arnold Rd Crsg Nr Schroeder, TX,285141,971334,NAD27,28.86165308,-97.2263791,NAD83,126.55,38.57,NAVD88,357,924.21,1.68,88.07,31.2,177.05,,NA,CST,http://waterdata.usgs.gov/nwis/nwisman/?site_no=08176900
08178880,10833740,CAMELS,12100302,Medina Rv At Bandera, TX,294325,990411,NAD27,29.72383537,-99.070035,NAD83,1189.73,362.63,NAVD88,328,859.62,16,555.61,359.24,727.41,,NA,CST,http://waterdata.usgs.gov/nwis/nwisman/?site_no=08178880
08189500,5289461,SAME,12100406,Mission Rv At Refugio, TX,281730,971644,NAD27,28.29195088,-97.2791593,NAD83,1,0.3,NGVD29,690,1808.6,1.34,69.37,0.08,165.02,,NA,CST,http://waterdata.usgs.gov/nwis/nwisman/?site_no=08189500
08190000,7872253,CAMELS,12110101,Nueces Rv At Laguna, TX,292542,995949,NAD27,29.42856679,-99.997287,NAD83,1119.74,341.3,NAVD88,737,1940.2,15.43,585.97,331.74,736.43,,NA,CST,http://waterdata.usgs.gov/nwis/nwisman/?site_no=08190000
08190500,7876116,CAMELS,12110102,W Nueces Rv Nr Brackettville, TX,292851.9,1001421,NAD83,29.48108333,-100.2391667,NAD83,1327.52,404.63,NAVD88,694,1801.37,8.56,612.85,401.59,736.44,,NA,CST,http://waterdata.usgs.gov/nwis/nwisman/?site_no=08190500
08194200,10634531,CAMELS,12110105,San Casimiro Ck Nr Freer, TX,275753,985800,NAD27,27.96501329,-98.9669678,NAD83,297.3,90.62,NAVD88,469,1234.73,1.03,155.7,90.16,286.74,,NA,CST,http://waterdata.usgs.gov/nwis/nwisman/?site_no=08194200
08195000,10645755,CAMELS,12110106,Frio Rv At Concan, TX,292918,994216,NAD27,29.48856496,-99.7047756,NAD83,1203.54,366.84,NAVD88,389,1009.16,18.1,600.08,362.91,738.28,,NA,CST,http://waterdata.usgs.gov/nwis/nwisman/?site_no=08195000
08196000,10644541,CAMELS,12110106,Dry Frio Rv Nr Reagan Wells, TX,293016,994652,NAD27,29.50467576,-99.7814452,NAD83,1335.83,407.16,NAVD88,126,327.4,17.49,565.81,411.59,725.95,,NA,CST,http://waterdata.usgs.gov/nwis/nwisman/?site_no=08196000
08198500,10646003,CAMELS,12110106,Sabinal Rv At Sabinal, TX,291851.5,992849.7,NAD83,29.31430556,-99.4804722,NAD83,882.51,268.99,NAVD88,241,639.22,14.78,491.68,247.54,716.19,,NA,CST,http://waterdata.usgs.gov/nwis/nwisman/?site_no=08198500
08200000,10654651,CAMELS,12110107,Hondo Ck Nr Tarpley, TX,293412.11,991451.68,NAD83,29.57003056,-99.2476889,NAD83,1170.16,356.66,NAVD88,95.6,248.85,15.24,476.56,357.95,686.31,,NA,CST,http://waterdata.usgs.gov/nwis/nwisman/?site_no=08200000
08202700,10655687,CAMELS,12110107,Seco Ck At Rowe Rh Nr D'Hanis, TX,292214,991715,NAD27,29.37078917,-99.2878185,NAD83,901.16,274.67,NAVD88,168,430.34,10.53,425.72,268.57,693.58,,NA,CST,http://waterdata.usgs.gov/nwis/nwisman/?site_no=08202700
08205500,10661028,MOPEX,12110106,Frio Rv Nr Derby, TX,284411,990840,NAD27,28.73664429,-99.1447556,NAD83,449.05,136.87,NAVD88,3429,8885.89,6.61,346.23,133.96,738.28,"08202700, 08200000, 08195000, 08196000",4,CST,http://waterdata.usgs.gov/nwis/nwisman/?site_no=08205500
08267500,17863440,CAMELS,13020101,Rio Hondo Near Valdez, NM,363230.47,1053323.48,NAD83,36.5417972,-105.5565222,NAD83,7650,2331.72,NGVD29,36.2,96.89,52.15,3159.64,2304.29,4012.51,,NA,MST,http://waterdata.usgs.gov/nwis/nwisman/?site_no=08267500
08269000,17864360,CAMELS,13020101,Rio Pueblo De Taos Near Taos, NM,362622,1053013,NAD83,36.43944444,-105.5036111,NAD83,7380,2249.42,NGVD29,66.6,163.26,37.88,2927.92,2251.27,3984.8,,NA,MST,http://waterdata.usgs.gov/nwis/nwisman/?site_no=08269000
08271000,17863078,CAMELS,13020101,Rio Lucero Near Arroyo Seco, NM,363029.84,1053151.47,NAD83,36.50828889,-105.5309639,NAD83,8051.44,2454.08,NGVD29,16.6,46.29,49.86,3238.03,2373.96,3986.33,,NA,MST,http://waterdata.usgs.gov/nwis/nwisman/?site_no=08271000
08324000,17826714,CAMELS,13020202,Jemez River Near Jemez, NM,353943.14,1064436.38,NAD83,35.6619833,-106.7434389,NAD83,5622,1713.59,NGVD29,470,1222.87,23.28,2588.77,1718.43,3432.11,,NA,MST,http://waterdata.usgs.gov/nwis/nwisman/?site_no=08324000
08340500,17789879,MOPEX,13020204,Arroyo Chico Nr Guadalupe, NM,353532.1,1071122,NAD83,35.59225,-107.1894444,NAD83,5921,1804.72,NGVD29,1390,3546.5,7.78,2115.51,1801.83,3264.29,,NA,MST,http://waterdata.usgs.gov/nwis/nwisman/?site_no=08340500
08377900,20815146,CAMELS,13060001,Rio Mora Near Terrero, NM,354637.61,1053928.9,NAD83,35.77711389,-105.6580278,NAD83,7890,2404.87,NGVD29,53.2,139.08,28.55,3140.98,2403.58,3641.89,,NA,MST,http://waterdata.usgs.gov/nwis/nwisman/?site_no=08377900
08378500,20815180,CAMELS,13060001,Pecos River Near Pecos, NM,354230.06,1054057.73,NAD83,35.70835,-105.6827028,NAD83,7502.94,2286.9,NGVD29,189,445.24,30.64,3072,2287.28,3990.39,8377900,1,MST,http://waterdata.usgs.gov/nwis/nwisman/?site_no=08378500
08380500,20815196,CAMELS,13060001,Gallinas Creek Near Montezuma, NM,353907.18,1051907.79,NAD83,35.65199444,-105.3188306,NAD83,6880,2097.02,NGVD29,84,199.82,31.32,2646.84,2073.14,3551.83,,NA,MST,http://waterdata.usgs.gov/nwis/nwisman/?site_no=08380500
09034900,1239681,CAMELS,14010001,Bobtail Creek Near Jones Pass, CO,394537,1055421,NAD27,39.76026447,-105.9064014,NAD83,10430,3179.06,NGVD29,5.6,21.22,46.33,3551.12,3021.84,4127.73,,NA,MST,http://waterdata.usgs.gov/nwis/nwisman/?site_no=09034900
09035800,1238529,CAMELS,14010001,Darling Creek Near Leal,CO,394802,1060133,NAD27,39.8005418,-106.0264066,NAD83,8940,2724.91,NGVD29,8.78,23.02,35.77,3333.79,2722.83,3859.94,,NA,MST,http://waterdata.usgs.gov/nwis/nwisman/?site_no=09035800
09035900,1238533,CAMELS,14010001,South Fork Of Williams Fork Near Leal, CO,394745,1060148,NAD27,39.79581958,-106.0305734,NAD83,8950,2727.96,NGVD29,27.4,71.81,39.88,3342.83,2716.14,3996.78,,NA,MST,http://waterdata.usgs.gov/nwis/nwisman/?site_no=09035900
09047700,1314083,CAMELS,14010002,Keystone Gulch Near Dillon,CO,393540,1055819,NAD27,39.59443117,-105.9725158,NAD83,9350,2849.88,NGVD29,9.14,24.46,33.99,3302.99,2805.73,3784.9,,NA,MST,http://waterdata.usgs.gov/nwis/nwisman/?site_no=09047700
09065500,1320264,CAMELS,14010003,Gore Creek At Upper Station Near Minturn,CO,393733,1061639,NAD27,39.6258193,-106.2780823,NAD83,8600,2621.28,NGVD29,14.5,37.6,46.78,3387.78,2613.11,4054.08,,NA,MST,http://waterdata.usgs.gov/nwis/nwisman/?site_no=09065500
09066000,1320274,CAMELS,14010003,Black Gore Creek Near Minturn,CO,393547,1061552,NAD27,39.59637495,-106.2650264,NAD83,9150,2788.92,NGVD29,12.5,32.81,30.24,3259.12,2781.19,3865.3,,NA,MST,http://waterdata.usgs.gov/nwis/nwisman/?site_no=09066000
09066200,1320244,CAMELS,14010003,Booth Creek Near Minturn,CO,393854,1061921,NAD27,39.64831927,-106.3230833,NAD83,8325,2537.46,NGVD29,6.18,16.05,50.03,3305.23,2533.48,3963.16,,NA,MST,http://waterdata.usgs.gov/nwis/nwisman/?site_no=09066200
09066300,1319214,CAMELS,14010003,Middle Creek Near Minturn,CO,393845,1062254,NAD27,39.6458193,-106.3822512,NAD83,8200,2499.36,NGVD29,5.96,15.76,34.97,3185.01,2475.61,3762.7,,NA,MST,http://waterdata.usgs.gov/nwis/nwisman/?site_no=09066300
09081600,1326465,CAMELS,14010004,Crystal River Abv Avalanche Crk Near Redstone,CO,391357.5,1071339,NAD83,39.23263889,-107.2275,NAD83,6906.78,2105.19,NAVD88,167,436.64,46.6,3092.7,2067.85,4291.48,,NA,MST,http://waterdata.usgs.gov/nwis/nwisman/?site_no=09081600
09107000,1333022,CAMELS,14020001,Taylor River At Taylor Park,CO,385137,1063358,NAD27,38.86027127,-106.5666966,NAD83,9332.33,2844.49,NAVD88,128,331.58,26.43,3328.99,2845.59,4129.57,,NA,MST,http://waterdata.usgs.gov/nwis/nwisman/?site_no=09107000
09132500,1337236,MOPEX,14020004,North Fork Gunnison River Near Somerset,CO,385533,1072601,NAD27,38.9258228,-107.4342211,NAD83,6082.25,1853.87,NAVD88,525,1361,30.73,2707.84,1852.29,3968.66,,NA,MST,http://waterdata.usgs.gov/nwis/nwisman/?site_no=09132500
09210500,18354249,CAMELS,14040101,Fontenelle C Nr Herschler Ranch Near Fontenelle,WY,420544.9,1102457.9,NAD83,42.09580556,-110.4160833,NAD83,6950,2118.36,NGVD29,152,398.15,22.53,2472.45,2119.98,3087.67,,NA,MST,http://waterdata.usgs.gov/nwis/nwisman/?site_no=09210500
09223000,3192546,CAMELS,14040107,Hams Fork Below Pole Creek Near Frontier,WY,420639.2,1104233.9,NAD83,42.11088889,-110.7094167,NAD83,7455,2272.28,NGVD29,128,334.12,21.63,2582.82,2268.96,3028.69,,NA,MST,http://waterdata.usgs.gov/nwis/nwisman/?site_no=09223000
09251000,3109519,MOPEX,14050002,Yampa River Near Maybell, CO,403010,1080158,NAD27,40.50274666,-108.0334152,NAD83,5900.23,1798.39,NGVD29,3383,8759.85,19.03,2364,1801.16,3763,,NA,MST,http://waterdata.usgs.gov/nwis/nwisman/?site_no=09251000
09292500,11976641,MOPEX,14060003,Yellowstone River Near Altonah, UT,403043,1102027,NAD27,40.51189299,-110.3415491,NAD83,7451.49,2271.21,NAVD88,132,338.44,28.49,3177.82,2250.83,4109,,NA,MST,http://waterdata.usgs.gov/nwis/nwisman/?site_no=09292500
09299500,11978253,MOPEX,14060003,Whiterocks River Near Whiterocks, UT,403537,1095554,NAD27,40.5935653,-109.9323739,NAD83,7200,2194.56,NGVD29,109,303.85,25.04,3126.1,2100.37,3862.04,,NA,MST,http://waterdata.usgs.gov/nwis/nwisman/?site_no=09299500
09306242,3240437,CAMELS,14050006,Corral Gulch Near Rangely, CO,395513,1082820,NAD27,39.9202502,-108.4728719,NAD83,6580,2005.58,NGVD29,31.8,88.19,21.51,2280.15,1950.78,2634.58,,NA,MST,http://waterdata.usgs.gov/nwis/nwisman/?site_no=09306242
09312600,3906361,CAMELS,14060007,White R Bl Tabbyune Crk Nr Soldier Summit, UT,395233.66,1110215.06,NAD83,39.87601667,-111.0375167,NAD83,7235.55,2205.4,NAVD88,75.6,198.71,26.9,2503.67,2201.52,3017.71,,NA,MST,http://waterdata.usgs.gov/nwis/nwisman/?site_no=09312600
09352900,17034197,CAMELS,14080101,Vallecito Creek Near Bayfield,CO,372839,1073235,NAD27,37.47750126,-107.5436688,NAD83,7906.08,2409.77,NGVD29,72.5,187.98,54.11,3459.18,2415.55,4283.15,,NA,MST,http://waterdata.usgs.gov/nwis/nwisman/?site_no=09352900
09378170,3272718,CAMELS,14080203,South Creek Above Reservoir Near Monticello, UT,375048,1092208,NAD27,37.8466608,-109.3695625,NAD83,7164.57,2183.76,NAVD88,8.64,21.64,25.65,2624.23,2171.68,3457.71,,NA,MST,http://waterdata.usgs.gov/nwis/nwisman/?site_no=09378170
09378630,1399324,CAMELS,14080201,Recapture Creek Near Blanding, UT,374520,1092833,NAD27,37.7555504,-109.476511,NAD83,7200,2194.56,NGVD29,3.77,11.53,30.49,2585.43,2159.08,3381,,NA,MST,http://waterdata.usgs.gov/nwis/nwisman/?site_no=09378630
09386900,20572245,CAMELS,15020004,Rio Nutria Near Ramah, NM,351657.19,1083310.71,NAD83,35.28255278,-108.552975,NAD83,6860,2090.93,NGVD29,71.4,186.04,8.51,2417.53,2083.53,2648.09,,NA,MST,http://waterdata.usgs.gov/nwis/nwisman/?site_no=09386900
09404450,10025746,CAMELS,15010008,East Fork Virgin River Near Glendale, UT,372022,1123613,NAD27,37.3394272,-112.6043769,NAD83,5872.07,1789.81,NAVD88,74.2,195.67,30.72,2209.47,1774.44,2595.32,,NA,MST,http://waterdata.usgs.gov/nwis/nwisman/?site_no=09404450
09430500,2430698,SAME,15040001,Gila River Near Gila, NM,330341.41,1083214.59,NAD83,33.06150278,-108.5373861,NAD83,4654.8,1418.78,NGVD29,1864,4809.74,22.99,2270.27,1411.76,3316.92,,NA,MST,http://waterdata.usgs.gov/nwis/nwisman/?site_no=09430500
09430600,2430436,CAMELS,15040001,Mogollon Creek Near Cliff, NM,331000,1083859,NAD83,33.16666667,-108.6497222,NAD83,5410.03,1648.98,NAVD88,69,190.77,51.97,2369.66,1650.81,3282.39,,NA,MST,http://waterdata.usgs.gov/nwis/nwisman/?site_no=09430600
09431500,3081637,MOPEX,15040002,Gila River Near Redrock, NM,324337,1084032,NAD83,32.72694444,-108.6755556,NAD83,4090,1246.63,NGVD29,2829,7322.77,22.79,2101.54,1246.39,3316.92,"09430500, 09430600",2,MST,http://waterdata.usgs.gov/nwis/nwisman/?site_no=09431500
09442692,21353863,MOPEX,15040004,Tularosa River Above Aragon, NM,335329,1083054,NAD27,33.89144118,-108.5156166,NAD83,6750,2057.4,NGVD29,94,248.25,12.6,2350.03,2049.2,2808.91,,NA,MST,http://waterdata.usgs.gov/nwis/nwisman/?site_no=09442692
09444500,21357877,MOPEX,15040004,San Francisco River At Clifton, AZ,330321.76,1091756.46,NAD83,33.05604444,-109.2990167,NAD83,3438.33,1048,NAVD88,2766,7158.38,26.58,2075.73,1048.19,3316.91,,NA,MST,http://waterdata.usgs.gov/nwis/nwisman/?site_no=09444500
09447800,21327929,CAMELS,15040005,Bonita Creek Near Morenci, AZ,325720,1093150,NAD27,32.95561778,-109.5311876,NAD83,3500,1066.8,NGVD29,302,776.51,22.07,1596.69,1043.42,2249.51,,NA,MST,http://waterdata.usgs.gov/nwis/nwisman/?site_no=09447800
09480000,15907963,CAMELS,15050301,Santa Cruz River Near Lochiel, AZ,312119,1103520,NAD27,31.35537817,-110.5895264,NAD83,4620,1408.18,NGVD29,82.2,216.32,9.32,1549.83,1402.01,1972.68,,NA,MST,http://waterdata.usgs.gov/nwis/nwisman/?site_no=09480000
09484000,15893872,CAMELS,15050302,Sabino Creek Near Tucson, AZ,321853,1104839.3,NAD83,32.3147222,-110.8109167,NAD83,2720,829.06,NGVD29,35.5,92.26,46.4,1838.4,808.52,2788.77,,NA,MST,http://waterdata.usgs.gov/nwis/nwisman/?site_no=09484000
09484600,15894416,CAMELS,15050302,Pantano Wash Near Vail, AZ,320209,1104037,NAD27,32.0359141,-110.6775818,NAD83,3205,976.88,NGVD29,457,1180.27,14.11,1407.6,974.46,2859.22,,NA,MST,http://waterdata.usgs.gov/nwis/nwisman/?site_no=09484600
09492400,20488086,CAMELS,15060102,East Fork White River Near Fort Apache, AZ,334920,1094850,NAD27,33.8222723,-109.8145413,NAD83,6050,1844.04,NGVD29,38.8,121.06,19.4,2320.01,1819.69,2694.2,,NA,MST,http://waterdata.usgs.gov/nwis/nwisman/?site_no=09492400
09494000,20487236,CAMELS,15060102,White River Near Fort Apache, AZ,334411,1100958,NAD27,33.73644059,-110.166767,NAD83,4365.99,1330.75,NGVD29,632,1626.73,18.03,2206.44,1325.16,3478.71,9492400,1,MST,http://waterdata.usgs.gov/nwis/nwisman/?site_no=09494000
09497500,22442080,MOPEX,15060103,Salt River Near Chrysotile, AZ,334753,1102957,NAD27,33.79810588,-110.4998292,NAD83,3354.57,1022.47,NGVD29,2849,7338.19,19.69,2057.95,1000.63,3478.71,"09494000, 09492400",2,MST,http://waterdata.usgs.gov/nwis/nwisman/?site_no=09497500
09497800,22440644,CAMELS,15060103,Cibecue Creek Near Chrysotile, AZ,335035,1103325,NAD27,33.8431053,-110.5576092,NAD83,3200,975.36,NGVD29,295,751.88,24.59,1749.86,959.86,2308.04,,NA,MST,http://waterdata.usgs.gov/nwis/nwisman/?site_no=09497800
09497980,22440682,CAMELS,15060103,Cherry Creek Near Globe, AZ,334940,1105120,NAD27,33.8278262,-110.8562266,NAD83,3200,975.36,NGVD29,200,517.59,25.81,1689.28,968.81,2362.39,,NA,MST,http://waterdata.usgs.gov/nwis/nwisman/?site_no=09497980
09505200,20454544,CAMELS,15060202,Wet Beaver Creek Near Rimrock, AZ,344029,1114017,NAD27,34.67474409,-111.672094,NAD83,4020,1225.3,NGVD29,111,284.26,12.9,1989.8,1200.55,2595.27,,NA,MST,http://waterdata.usgs.gov/nwis/nwisman/?site_no=09505200
09505350,20454522,CAMELS,15060202,Dry Beaver Creek Near Rimrock, AZ,344343,1114630,NAD27,34.72863146,-111.775708,NAD83,3694.38,1126.05,NGVD29,142,372.41,15.48,1878.5,1106.65,2386.85,,NA,MST,http://waterdata.usgs.gov/nwis/nwisman/?site_no=09505350
09505800,20435246,CAMELS,15060203,West Clear Creek Near Camp Verde, AZ,343219,1114136,NAD27,34.53863606,-111.6940356,NAD83,3630,1106.42,NGVD29,241,626.74,13.74,2022.38,1097.71,2597.66,,NA,MST,http://waterdata.usgs.gov/nwis/nwisman/?site_no=09505800
09508300,20437386,CAMELS,15060203,Wet Bottom Creek Near Childs, AZ,340939,1114132,NAD27,34.16086787,-111.6929235,NAD83,2320,707.14,NGVD29,36.4,97.85,36.14,1472,661.35,2271.19,,NA,MST,http://waterdata.usgs.gov/nwis/nwisman/?site_no=09508300
09510200,20440676,CAMELS,15060203,Sycamore Creek Near Fort Mcdowell, AZ,334139,1113228,NAD27,33.69421054,-111.541802,NAD83,1759.33,536.24,NGVD29,164,426,28.64,1157.48,523.23,2170.86,,NA,MST,http://waterdata.usgs.gov/nwis/nwisman/?site_no=09510200
09512280,20476698,CAMELS,15060106,Cave Creek Blw Cottonwood Cr Near Cave Creek, AZ,335314,1115712,NAD27,33.88725977,-111.9540388,NAD83,2280,694.94,NGVD29,82.7,190.72,28.18,1144.49,681.9,1638.54,,NA,MST,http://waterdata.usgs.gov/nwis/nwisman/?site_no=09512280
09513780,20415812,CAMELS,15070102,New River Near Rock Springs, AZ,335827,1120554,NAD27,33.97420168,-112.0990458,NAD83,2310,704.09,NGVD29,68.3,191.41,28.3,1172.75,638.93,1783.8,,NA,MST,http://waterdata.usgs.gov/nwis/nwisman/?site_no=09513780
10023000,7880800,CAMELS,16010101,Big Creek Near Randolph, UT,413636,1111512,NAD27,41.60994177,-111.2540876,NAD83,6410.38,1953.88,NAVD88,52.4,145.26,17.91,2230.21,1929.65,2709.28,,NA,MST,http://waterdata.usgs.gov/nwis/nwisman/?site_no=10023000
10166430,10327201,CAMELS,16020201,West Canyon Creek Near Cedar Fort, UT,402419,1120559,NAD27,40.40522565,-112.1004959,NAD83,5620,1712.98,NGVD29,26.8,69.88,41.97,2299.94,1715.24,3223.2,,NA,MST,http://waterdata.usgs.gov/nwis/nwisman/?site_no=10166430
10172700,10396937,CAMELS,16020304,Vernon Creek Near Vernon, UT,395846,1122246,NAD27,39.97939105,-112.3802297,NAD83,6207.07,1891.91,NAVD88,25,69.6,20.04,2147.39,1854.49,2575.21,,NA,MST,http://waterdata.usgs.gov/nwis/nwisman/?site_no=10172700
10172800,10395905,CAMELS,16020304,South Willow Creek Near Grantsville, UT,402947,1123425,NAD27,40.496313,-112.5744182,NAD83,6334.75,1930.83,NAVD88,4.19,16.8,54.59,2514.79,1866.28,3352.68,,NA,MST,http://waterdata.usgs.gov/nwis/nwisman/?site_no=10172800
10173450,10818086,CAMELS,16030001,Mammoth Creek Abv West Hatch Ditch Near Hatch,UT,373722,1123058,NAD27,37.6227572,-112.5168773,NAD83,7285.74,2220.69,NAVD88,105,269.44,12.65,2753.32,2220.8,3446,,NA,MST,http://waterdata.usgs.gov/nwis/nwisman/?site_no=10173450
10205030,3506561,CAMELS,16030003,Salina Creek Near Emery, UT,385443,1113147,NAD27,38.9119141,-111.5304654,NAD83,6988.84,2130.2,NAVD88,51.8,150.85,23.6,2629.57,2072.6,3371.67,,NA,MST,http://waterdata.usgs.gov/nwis/nwisman/?site_no=10205030
10234500,1215135,CAMELS,16030007,Beaver River Near Beaver, UT,381647.28,1123405.83,NAD83,38.2798,-112.568286,NAD83,6203.51,1890.83,NAVD88,91,238.36,29.24,2812.96,1883.48,3703.49,,NA,MST,http://waterdata.usgs.gov/nwis/nwisman/?site_no=10234500
10242000,14597053,CAMELS,16030006,Coal Creek Near Cedar City, UT,374020,1130202,NAD27,37.67219924,-113.0346702,NAD83,5983.01,1823.62,NAVD88,80.9,211.52,33.38,2594.7,1791.26,3279.9,,NA,MST,http://waterdata.usgs.gov/nwis/nwisman/?site_no=10242000
10244950,11339045,CAMELS,16060008,Steptoe Ck Nr Ely, NV,391205.54,1144120.98,NAD83,39.20153889,-114.689161,NAD83,7360.92,2243.61,NAVD88,11.1,29.12,37.31,2722.19,2217.16,3333.7,,NA,PST,http://waterdata.usgs.gov/nwis/nwisman/?site_no=10244950
10249300,10696957,CAMELS,16060004,S Twin Rv Nr Round Mountain, NV,385315,1171440,NAD27,38.8874302,-117.2453673,NAD83,6400,1950.72,NGVD29,20,50.16,51.86,2746.75,1891.84,3584.62,,NA,PST,http://waterdata.usgs.gov/nwis/nwisman/?site_no=10249300
10258000,22593497,CAMELS,18100201,Tahquitz C Nr Palm Springs ,CA,334818,1163330,NAD27,33.80501929,-116.5591816,NAD83,762.5,232.41,NGVD29,16.9,44.04,45.96,2066.05,171.75,3264.8,,NA,PST,http://waterdata.usgs.gov/nwis/nwisman/?site_no=10258000
10258500,22593537,CAMELS,18100201,Palm Cyn C Nr Palm Springs ,CA,334442,1163205,NAD27,33.74502178,-116.5355709,NAD83,700,213.36,NGVD29,93.1,244.79,28.19,1186.88,189.2,2453.58,,NA,PST,http://waterdata.usgs.gov/nwis/nwisman/?site_no=10258500
10259000,22592131,CAMELS,18100201,Andreas C Nr Palm Springs ,CA,334536,1163257,NAD27,33.7600211,-116.5500155,NAD83,800,243.84,NGVD29,8.65,23.46,55.34,1336.75,177.49,2568.37,,NA,PST,http://waterdata.usgs.gov/nwis/nwisman/?site_no=10259000
10259200,22592497,CAMELS,18100201,Deep C Nr Palm Desert Ca,CA,333752,1162329,NAD27,33.63113647,-116.3922342,NAD83,1165.6,355.27,NAVD88,30.6,81.46,32.63,1394.8,299.49,2647.61,,NA,PST,http://waterdata.usgs.gov/nwis/nwisman/?site_no=10259200
10263500,22684930,CAMELS,18090206,Big Rock C Nr Valyermo Ca,CA,342515,1175019,NAD27,34.42083115,-117.8395072,NAD83,4035.68,1230.08,NAVD88,22.9,59.59,54.26,1934.41,1232.32,2860.5,,NA,PST,http://waterdata.usgs.gov/nwis/nwisman/?site_no=10263500
10296000,10744424,MOPEX,16050302,W Walker Rv Blw L Walker Rv Nr Coleville, CA,382247,1192657,NAD27,38.3796366,-119.4501649,NAD83,6591.39,2009.06,NGVD29,181,468.06,30.54,2696.45,2008.5,3558.56,,NA,PST,http://waterdata.usgs.gov/nwis/nwisman/?site_no=10296000
10296500,946050152,MOPEX,16050302,W Walker Rv Nr Coleville, CA,383048,1192656,NAD27,38.51324495,-119.4498872,NAD83,5520,1682.5,NGVD29,250,631.39,30.94,2624.31,1670.23,3558.56,10296000,1,PST,http://waterdata.usgs.gov/nwis/nwisman/?site_no=10296500
10301500,10736789,MOPEX,16050303,Walker Rv Nr Wabuska, NV,390908.86,1190556,NAD83,39.1524611,-119.0988889,NAD83,4300,1310.64,NGVD29,2600,5543.14,20.89,2112.14,1221.66,3773.65,"10296500, 10296000",2,PST,http://waterdata.usgs.gov/nwis/nwisman/?site_no=10301500
10309000,8922339,MOPEX,16050201,E Fk Carson Rv Nr Gardnerville, NV,385042.7,1194221.9,NAD83,38.84519444,-119.7060833,NAD83,5036,1534.97,NAVD88,356,926.14,32.21,2325.26,1508.73,3486.58,,NA,PST,http://waterdata.usgs.gov/nwis/nwisman/?site_no=10309000
10310500,8920579,CAMELS,16050201,Clear Ck Nr Carson City, NV,390648,1194750,NAD27,39.11324216,-119.7982365,NAD83,5000,1524,NGVD29,15.5,47.51,29.22,1996.47,1442.86,2803.96,,NA,PST,http://waterdata.usgs.gov/nwis/nwisman/?site_no=10310500
10312000,11432099,MOPEX,16050202,Carson Rv Nr Fort Churchill, NV,391730,1191840,NAD83,39.29166667,-119.311111,NAD83,4180,1274.06,NGVD29,1302,2780.23,23.08,1961.34,1271.97,3486.58,"10310500, 10309000",2,PST,http://waterdata.usgs.gov/nwis/nwisman/?site_no=10312000
10316500,10786444,CAMELS,16040101,Lamoille Ck Nr Lamoille, NV,404127,1152834,NAD27,40.69076057,-115.477003,NAD83,6240,1901.95,NGVD29,24.9,62.46,59.69,2741.37,1914.45,3449.8,,NA,PST,http://waterdata.usgs.gov/nwis/nwisman/?site_no=10316500
10329500,11137442,CAMELS,16040109,Martin Ck Nr Paradise Valley, NV,413205,1172501,NAD27,41.5346175,-117.4179047,NAD83,4648.9,1416.98,NAVD88,175.25,456.25,20.6,1892.84,1414.83,2915.02,,NA,PST,http://waterdata.usgs.gov/nwis/nwisman/?site_no=10329500
10336645,8941733,CAMELS,16050101,General C Nr Meeks Bay ,CA,390307,1200703,NAD27,39.05185197,-120.1185209,NAD83,6254.31,1906.31,NAVD88,7.44,19.9,22.68,2183.29,1899.56,2653.5,,NA,PST,http://waterdata.usgs.gov/nwis/nwisman/?site_no=10336645
10336660,8941693,CAMELS,16050101,Blackwood C Nr Tahoe City ,CA,390627,1200940,NAD27,39.10740708,-120.1621352,NAD83,6234.59,1900.3,NGVD29,11.2,30.38,31.76,2207.79,1899.22,2686.03,,NA,PST,http://waterdata.usgs.gov/nwis/nwisman/?site_no=10336660
10336740,8942509,CAMELS,16050101,Logan House Ck Nr Glenbrook, NV,390400,1195604,NAD27,39.06657478,-119.9354605,NAD83,6640,2023.87,NGVD29,2.09,5.75,23.88,2372.38,1902.45,2688.28,,NA,PST,http://waterdata.usgs.gov/nwis/nwisman/?site_no=10336740
10343500,8933522,CAMELS,16050102,Sagehen C Nr Truckee ,CA,392554,1201413,NAD27,39.43157246,-120.2379793,NAD83,6320,1926.34,NGVD29,10.5,27.66,15.82,2163.04,1928.6,2655.01,,NA,PST,http://waterdata.usgs.gov/nwis/nwisman/?site_no=10343500
10348850,8935820,CAMELS,16050102,Galena Ck At Galena Ck State Park, NV,392116,1195127,NAD27,39.35435414,-119.8585225,NAD83,6320,1926.34,NGVD29,7.69,21.03,34.19,2502.25,1643.54,3278.25,,NA,PST,http://waterdata.usgs.gov/nwis/nwisman/?site_no=10348850
10396000,24013585,CAMELS,17120003,Donner Und Blitzen River Nr Frenchglen ,OR,424727,1185203,NAD83,42.7908333,-118.8675,NAD83,4254,1296.62,NGVD29,200,534.33,15.87,1888.67,1292.2,2963.84,,NA,PST,http://waterdata.usgs.gov/nwis/nwisman/?site_no=10396000
11025500,20330878,MOPEX,18070304,Santa Ysabel C Nr Ramona ,CA,330625,1165155,NAD27,33.1069866,-116.866137,NAD83,850.17,259.13,NAVD88,112,290.73,25.31,888.73,246.98,1723.18,,NA,PST,http://waterdata.usgs.gov/nwis/nwisman/?site_no=11025500
11098000,22514774,CAMELS,18070105,Arroyo Seco Nr Pasadena ,CA,341320,1181036,NAD27,34.22222629,-118.1775727,NAD83,1397.88,426.07,NGVD29,16,42.58,56.49,1081.36,398.03,1875.81,,NA,PST,http://waterdata.usgs.gov/nwis/nwisman/?site_no=11098000
11124500,17611425,CAMELS,18060010,Santa Cruz C Nr Santa Ynez ,CA,343548,1195428,NAD27,34.5966563,-119.9087519,NAD83,785.82,239.52,NAVD88,74,192.63,43.43,1020.39,231.26,2003,,NA,PST,http://waterdata.usgs.gov/nwis/nwisman/?site_no=11124500
11138500,17625379,MOPEX,18060008,Sisquoc R Nr Sisquoc ,CA,345023.84,1201001.81,NAD83,34.83995556,-120.1671694,NAD83,657,200.25,NAVD88,282,729.2,46.26,993.91,189.22,2078.67,,NA,PST,http://waterdata.usgs.gov/nwis/nwisman/?site_no=11138500
11141280,8193647,CAMELS,18060006,Lopez C Nr Arroyo Grande ,CA,351408,1202817,NAD27,35.23553035,-120.4723857,NAD83,580,176.78,NGVD29,20.9,56.21,52.42,545.56,169.09,871.65,,NA,PST,http://waterdata.usgs.gov/nwis/nwisman/?site_no=11141280
11143000,8189809,CAMELS,18060006,Big Sur R Nr Big Sur ,CA,361445,1214620,NAD27,36.24579648,-121.7732872,NAD83,240,73.15,NGVD29,46.5,120.83,56.32,776.27,70.82,1511.77,,NA,PST,http://waterdata.usgs.gov/nwis/nwisman/?site_no=11143000
11148900,8209949,CAMELS,18060005,Nacimiento R Bl Sapaque C Nr Bryson ,CA,354719,1210534,NAD27,35.78857918,-121.0938048,NAD83,812.04,247.51,NAVD88,162,422.37,30.79,554.63,250.54,1140.99,,NA,PST,http://waterdata.usgs.gov/nwis/nwisman/?site_no=11148900
11151300,8205487,CAMELS,18060005,San Lorenzo C Bl Bitterwater C Nr King City ,CA,361605,1210355,NAD27,36.26802087,-121.066303,NAD83,429.32,130.86,NAVD88,233,603.48,27.59,628.15,132.61,1364.27,,NA,PST,http://waterdata.usgs.gov/nwis/nwisman/?site_no=11151300
11160000,17684378,MOPEX,18060015,Soquel C A Soquel ,CA,365929,1215717,NAD27,36.9913389,-121.9557933,NAD83,21.38,6.52,NGVD29,40.2,106.75,31.29,359.07,2.57,962.83,,NA,PST,http://waterdata.usgs.gov/nwis/nwisman/?site_no=11160000
11162500,17688105,CAMELS,18050006,Pescadero C Nr Pescadero ,CA,371539,1221940,NAD27,37.26077707,-122.3288602,NAD83,62.3,18.99,NGVD29,45.9,119.41,35.16,346.87,24.05,844.15,,NA,PST,http://waterdata.usgs.gov/nwis/nwisman/?site_no=11162500
11176400,2806807,CAMELS,18050004,Arroyo Valle Bl Lang Cyn Nr Livermore ,CA,373341,1214058,NAD27,37.56132196,-121.6838389,NAD83,749.09,228.32,NAVD88,130,336.7,31.58,756.51,230.33,1245.38,,NA,PST,http://waterdata.usgs.gov/nwis/nwisman/?site_no=11176400
11180500,2804369,CAMELS,18050004,Dry C A Union City ,CA,373622,1220122,NAD27,37.6060452,-122.0238504,NAD83,87.67,26.72,NAVD88,9.39,27.24,25.06,258.32,6.74,523.61,,NA,PST,http://waterdata.usgs.gov/nwis/nwisman/?site_no=11180500
11180960,2804901,CAMELS,18050004,Cull C Ab Cull C Res Nr Castro Valley ,CA,374304,1220312,NAD27,37.7176715,-122.0543673,NAD83,283.6,86.44,NAVD88,5.79,16.27,32.32,250.94,75.71,595.02,,NA,PST,http://waterdata.usgs.gov/nwis/nwisman/?site_no=11180960
11224500,14883269,SAME,18030012,Los Gatos C Ab Nunez Cyn Nr Coalinga ,CA,361253,1202811,NAD27,36.21467719,-120.4707116,NAD83,1065.2,324.67,NGVD29,95.8,248.74,36.92,802.77,309.05,1513.65,,NA,PST,http://waterdata.usgs.gov/nwis/nwisman/?site_no=11224500
11230500,17118323,CAMELS,18040006,Bear C Nr Lake Thomas A Edison ,CA,372022,1185821,NAD27,37.3393863,-118.9734513,NAD83,7366.94,2245.44,NGVD29,52.5,135.99,40.19,3242.98,2242.37,4173.16,,NA,PST,http://waterdata.usgs.gov/nwis/nwisman/?site_no=11230500
11237500,17116209,CAMELS,18040006,Pitman C Bl Tamarack C ,CA,371155,1191246,NAD27,37.19855659,-119.2137328,NAD83,7020,2139.7,NGVD29,22.9,65.55,19.7,2406.79,1485.57,3008.55,,NA,PST,http://waterdata.usgs.gov/nwis/nwisman/?site_no=11237500
11253310,14882615,CAMELS,18030009,Cantua C Nr Cantua Creek ,CA,362408,1202557,NAD27,36.40217399,-120.4334917,NAD83,684.24,208.56,NAVD88,46.4,123.72,33.02,761.83,188.1,1559.57,,NA,PST,http://waterdata.usgs.gov/nwis/nwisman/?site_no=11253310
11264500,21609533,CAMELS,18040008,Merced R A Happy Isles Bridge Nr Yosemite ,CA,374353,1193329,NAD27,37.73131496,-119.5590514,NAD83,4030,1228.34,NGVD29,181,470.21,33.77,2739.56,1210.98,3976.65,,NA,PST,http://waterdata.usgs.gov/nwis/nwisman/?site_no=11264500
11266500,21609641,CAMELS,18040008,Merced R A Pohono Bridge Nr Yosemite ,CA,374258.6,1193956.4,NAD83,37.71627778,-119.6656667,NAD83,3882,1183.23,NAVD88,321,835.47,33.61,2575.52,1174.31,3976.65,11264500,1,PST,http://waterdata.usgs.gov/nwis/nwisman/?site_no=11266500
11274500,2828012,CAMELS,18040002,Orestimba C Nr Newman ,CA,371856,1210727,NAD27,37.31549247,-121.1252081,NAD83,216.01,65.84,NGVD29,134,352.57,33.64,470.87,52.16,1157.88,,NA,PST,http://waterdata.usgs.gov/nwis/nwisman/?site_no=11274500
11274630,2827982,CAMELS,18040002,Del Puerto C Nr Patterson ,CA,372912,1211229,NAD27,37.48659935,-121.2091026,NAD83,198.8,60.59,NAVD88,72.6,190.22,35.74,553.42,40.38,1121.21,,NA,PST,http://waterdata.usgs.gov/nwis/nwisman/?site_no=11274630
11281000,17078519,MOPEX,18040009,Sf Tuolumne R Nr Oakland Recreation Camp ,CA,374918,1200043,NAD27,37.82159266,-120.0129616,NAD83,2800,853.44,NGVD29,87,227.01,25.72,1687.63,745.96,2812.56,,NA,PST,http://waterdata.usgs.gov/nwis/nwisman/?site_no=11281000
11284400,17078425,CAMELS,18040009,Big C Ab Whites Gulch Nr Groveland ,CA,375031,1201102,NAD27,37.8418714,-120.1849103,NAD83,2561.79,780.83,NGVD29,16.4,41.78,18.47,960.01,777.76,1209.46,,NA,PST,http://waterdata.usgs.gov/nwis/nwisman/?site_no=11284400
11299600,348419,CAMELS,18040010,Black C Nr Copperopolis ,CA,375740,1203651,NAD27,37.96103615,-120.6152035,NAD83,748.73,228.21,NAVD88,14.4,37.76,18.25,423.96,225.63,706.78,,NA,PST,http://waterdata.usgs.gov/nwis/nwisman/?site_no=11299600
11342000,7966063,MOPEX,18020005,Sacramento R A Delta ,CA,405623,1222458,NAD27,40.93959397,-122.4172351,NAD83,1077.96,328.56,NAVD88,425,1086.99,35.37,1256.21,326.5,4161.5,,NA,PST,http://waterdata.usgs.gov/nwis/nwisman/?site_no=11342000
11355500,7952754,MOPEX,18020003,Hat C Nr Hat Creek ,CA,404120.8,1212522.1,NAD83,40.6891111,-121.4228056,NAD83,4293.57,1308.68,NAVD88,162,424.21,14.76,1714.94,1099.14,3177.29,,NA,PST,http://waterdata.usgs.gov/nwis/nwisman/?site_no=11355500
11381500,8019544,CAMELS,18020156,Mill C Nr Los Molinos ,CA,400317,1220123,NAD27,40.0546022,-122.0241541,NAD83,384.25,117.12,NAVD88,131,340.62,32.1,1205.49,114.15,3146.66,,NA,PST,http://waterdata.usgs.gov/nwis/nwisman/?site_no=11381500
11383500,8020924,CAMELS,18020157,Deer C Nr Vina ,CA,400051,1215650,NAD27,40.0140214,-121.9482872,NAD83,482.02,146.92,NAVD88,208,542.38,27.58,1280.2,150.55,2393.52,,NA,PST,http://waterdata.usgs.gov/nwis/nwisman/?site_no=11383500
11401500,948020984,MOPEX,18020122,Indian C Nr Crescent Mills ,CA,400441,1205537,NAD27,40.07794668,-120.9280107,NAD83,3500,1066.8,NGVD29,739,1912.65,23.7,1715.52,1059.48,2546.65,,NA,PST,http://waterdata.usgs.gov/nwis/nwisman/?site_no=11401500
11413000,8058675,MOPEX,18020125,N Yuba R Bl Goodyears Bar Ca,CA,393130,1205613,NAD27,39.5248937,-120.9380068,NAD83,2453,747.67,NGVD29,250,651.84,37.39,1725.91,716.1,2591.25,,NA,PST,http://waterdata.usgs.gov/nwis/nwisman/?site_no=11413000
11427000,14996611,MOPEX,18020128,Nf American R A North Fork Dam ,CA,385610,1210122,NAD27,38.93600919,-121.023833,NAD83,715,217.93,NGVD29,342,886.62,35.5,1331.9,213.54,2739.71,,NA,PST,http://waterdata.usgs.gov/nwis/nwisman/?site_no=11427000
11451100,8005975,CAMELS,18020116,Nf Cache C A Hough Spring Nr Clearlake Oaks ,CA,390956,1223708,NAD27,39.1654458,-122.6199862,NAD83,1536.52,468.33,NAVD88,60.2,155.33,38.38,910.28,467.53,1813.61,,NA,PST,http://waterdata.usgs.gov/nwis/nwisman/?site_no=11451100
11468500,2665525,CAMELS,18010108,Noyo R Nr Fort Bragg ,CA,392542,1234412,NAD27,39.42822378,-123.7377917,NAD83,11.73,3.58,NGVD29,106,273.52,36.41,279.53,9.27,975.47,,NA,PST,http://waterdata.usgs.gov/nwis/nwisman/?site_no=11468500
11473900,8295207,CAMELS,18010104,Mf Eel R Nr Dos Rios ,CA,394223,1231927,NAD27,39.70626687,-123.3252913,NAD83,901.58,274.8,NGVD29,745,1929.53,31.9,1123.71,276.51,2307.16,,NA,PST,http://waterdata.usgs.gov/nwis/nwisman/?site_no=11473900
11475560,8287590,CAMELS,18010106,Elder C Nr Branscomb ,CA,394347,1233834,NAD27,39.7295997,-123.6439073,NAD83,1391.08,424,NGVD29,6.5,16.78,44.22,849.87,412.28,1280.49,,NA,PST,http://waterdata.usgs.gov/nwis/nwisman/?site_no=11475560
11476600,8284190,CAMELS,18010106,Bull C Nr Weott ,CA,402106,1240014,NAD27,40.351528,-124.0050423,NAD83,269.36,82.1,NGVD29,28.1,72.33,35.1,469.22,83.08,1023.94,,NA,PST,http://waterdata.usgs.gov/nwis/nwisman/?site_no=11476600
11478500,2705477,CAMELS,18010105,Van Duzen R Nr Bridgeville ,CA,402850,1235323,NAD27,40.48041636,-123.890876,NAD83,358.18,109.17,NGVD29,222,575.24,31.06,921.71,106.4,1790.01,,NA,PST,http://waterdata.usgs.gov/nwis/nwisman/?site_no=11478500
11480390,8320019,CAMELS,18010102,Mad R Ab Ruth Res Nr Forest Glen ,CA,401704,1232003,NAD27,40.28431329,-123.3353034,NAD83,2668.71,813.42,NAVD88,93.8,243.06,35.98,1128.56,819.7,1835.43,,NA,PST,http://waterdata.usgs.gov/nwis/nwisman/?site_no=11480390
11481200,8315847,CAMELS,18010102,Little R Nr Trinidad ,CA,410036,1240449,NAD27,41.0098479,-124.0814555,NAD83,17.62,5.37,NGVD29,40.5,106.81,24.45,331.05,5.03,1028.29,,NA,PST,http://waterdata.usgs.gov/nwis/nwisman/?site_no=11481200
11482500,8315607,CAMELS,18010102,Redwood C A Orick ,CA,411758,1240300,NAD27,41.2992896,-124.0511825,NAD83,8.97,2.73,NAVD88,277,724.94,31.96,554.92,1.84,1622.85,,NA,PST,http://waterdata.usgs.gov/nwis/nwisman/?site_no=11482500
11497500,24084452,MOPEX,18010202,Sprague River Near Beatty, OR,422651.9,1211418.7,NAD83,42.44775,-121.2385278,NAD83,4305.35,1312.27,NGVD29,526,1363.39,10.56,1642.34,1314.56,2541.43,,NA,PST,http://waterdata.usgs.gov/nwis/nwisman/?site_no=11497500
11501000,24084310,MOPEX,18010202,Sprague River Near Chiloquin, OR,423503.5,1215054,NAD83,42.58430556,-121.8483333,NAD83,4202.43,1280.9,NGVD29,1565,4120.41,8.85,1600.24,1280.86,2541.43,,NA,PST,http://waterdata.usgs.gov/nwis/nwisman/?site_no=11501000
11522500,8261865,CAMELS,18010210,Salmon R A Somes Bar ,CA,412236,1232833,NAD27,41.3765154,-123.4770026,NAD83,482.97,147.21,NGVD29,751,1945.68,51.43,1297.77,141.19,2698.13,,NA,PST,http://waterdata.usgs.gov/nwis/nwisman/?site_no=11522500
11523200,8242324,CAMELS,18010211,Trinity R Ab Coffee C Nr Trinity Center ,CA,410641,1224216,NAD27,41.1112571,-122.7055788,NAD83,2536.93,773.26,NGVD29,149,385,38.23,1625.21,771.05,2749.42,,NA,PST,http://waterdata.usgs.gov/nwis/nwisman/?site_no=11523200
11528700,8232392,CAMELS,18010212,Sf Trinity R Bl Hyampom ,CA,403900,1232935,NAD27,40.6498627,-123.4942046,NAD83,1211.37,369.23,NGVD29,764,1982.88,34.33,1122.18,367.87,2386.49,,NA,PST,http://waterdata.usgs.gov/nwis/nwisman/?site_no=11528700
11530000,8241662,MOPEX,18010211,Trinity R A Hoopa ,CA,410300,1234021,NAD27,41.049852,-123.673668,NAD83,274.82,83.77,NGVD29,2853,7393.03,40.84,1149.37,84.74,2749.42,"11528700, 11523200",2,PST,http://waterdata.usgs.gov/nwis/nwisman/?site_no=11530000
11532500,22226812,SAME,18010101,Smith R Nr Crescent City ,CA,414730,1240430,NAD27,41.7915026,-124.0761887,NAD83,79.26,24.16,NGVD29,614,1590.28,44.03,766.96,25.33,1927.99,,NA,PST,http://waterdata.usgs.gov/nwis/nwisman/?site_no=11532500
12010000,23864404,CAMELS,17100106,Naselle River Near Naselle, WA,462227,1234432,NAD27,46.3739937,-123.743482,NAD83,24.31,7.41,NAVD88,54.8,143.02,34.09,290.44,8.55,821.82,,NA,PST,http://waterdata.usgs.gov/nwis/nwisman/?site_no=12010000
12013500,23864616,CAMELS,17100106,Willapa River Near Willapa, WA,463904,1233905,NAD27,46.65093418,-123.6526584,NAD83,6.92,2.11,NAVD88,130,340.57,25.27,213.78,0,865.11,,NA,PST,http://waterdata.usgs.gov/nwis/nwisman/?site_no=12013500
12020000,23850487,CAMELS,17100103,Chehalis River Near Doty, WA,463703,1231635,NAD27,46.6173236,-123.277644,NAD83,0,0,NAVD88,113,296.36,34.77,391.79,89.9,952.07,,NA,PST,http://waterdata.usgs.gov/nwis/nwisman/?site_no=12020000
12025000,23850671,CAMELS,17100103,Newaukum River Near Chehalis, WA,463713,1225638,NAD27,46.6201042,-122.945126,NAD83,0,0,NAVD88,155,406.39,15.96,294.7,48.74,1163.18,,NA,PST,http://waterdata.usgs.gov/nwis/nwisman/?site_no=12025000
12025700,23850773,CAMELS,17100103,Skookumchuck River Near Vail, WA,464622,1223534,NAD27,46.77260276,-122.5940086,NAD83,0,0,NAVD88,40,105.63,34.93,603.92,184.2,1167.14,,NA,PST,http://waterdata.usgs.gov/nwis/nwisman/?site_no=12025700
12027500,23850295,MOPEX,17100103,Chehalis River Near Grand Mound, WA,464634,1230204,NAD27,46.7759343,-123.0356919,NAD83,0,0,NAVD88,895,2324.45,19.94,256.21,38.15,1167.14,"12020000, 12025000, 12025700",3,PST,http://waterdata.usgs.gov/nwis/nwisman/?site_no=12027500
12035000,23856727,CAMELS,17100104,Satsop River Near Satsop, WA,470003,1232937,NAD27,47.0006512,-123.4948838,NAD83,0,0,NAVD88,299,766.99,20.75,224,8.69,1199.77,,NA,PST,http://waterdata.usgs.gov/nwis/nwisman/?site_no=12035000
12040500,23844955,CAMELS,17100102,Queets River Near Clearwater, WA,473217,1241852,NAD27,47.5378275,-124.3157227,NAD83,18.73,5.71,NAVD88,445,1154.52,36.45,458.98,-0.07,2226.84,,NA,PST,http://waterdata.usgs.gov/nwis/nwisman/?site_no=12040500
12041200,23838194,CAMELS,17100101,Hoh River At Us Highway 101 Near Forks, WA,474825,1241459,NAD27,47.80674726,-124.2510329,NAD83,163.64,49.88,NGVD29,253,662.91,46.35,735.96,43.93,2412.25,,NA,PST,http://waterdata.usgs.gov/nwis/nwisman/?site_no=12041200
12043000,23838568,CAMELS,17100101,Calawah River Near Forks, WA,475737,1242330,NAD27,47.96007697,-124.3929872,NAD83,205.04,62.5,NAVD88,129,345.85,43.48,440.16,40.88,1149.89,,NA,PST,http://waterdata.usgs.gov/nwis/nwisman/?site_no=12043000
12048000,23997388,CAMELS,17110020,Dungeness River Near Sequim, WA,480052,1230753,NAD27,48.0142578,-123.1326773,NAD83,565.9,172.49,NAVD88,156,407.83,52.58,1263.28,163.4,2365.73,,NA,PST,http://waterdata.usgs.gov/nwis/nwisman/?site_no=12048000
12054000,24287056,CAMELS,17110018,Duckabush River Near Brinnon, WA,474103,1230037,NAD27,47.68398059,-123.011551,NAD83,245.22,74.74,NAVD88,66.5,178.85,61.32,1047.46,24.34,2066.26,,NA,PST,http://waterdata.usgs.gov/nwis/nwisman/?site_no=12054000
12056500,24285534,CAMELS,17110017,Nf Skokomish R Bl Staircase Rpds Nr Hoodsport, WA,473052,1231943,NAD27,47.51425666,-123.3298868,NAD83,762.26,232.34,NGVD29,57.2,147.24,60.09,988.31,230.86,1956.81,,NA,PST,http://waterdata.usgs.gov/nwis/nwisman/?site_no=12056500
12073500,23989205,CAMELS,17110019,Huge Creek Near Wauna, WA,472322,1224152,NAD27,47.38926205,-122.6990241,NAD83,84.7,25.82,NAVD88,6.47,16.91,5.27,107.32,24.45,162.07,,NA,PST,http://waterdata.usgs.gov/nwis/nwisman/?site_no=12073500
12082500,24282122,CAMELS,17110015,Nisqually River Near National, WA,464510,1220457,NAD27,46.75260766,-122.0837194,NAD83,1450,441.96,NGVD29,133,360.87,38.11,1177.69,417.38,4386.6,,NA,PST,http://waterdata.usgs.gov/nwis/nwisman/?site_no=12082500
12092000,23980479,CAMELS,17110014,Puyallup River Near Electron, WA,465414,1220202,NAD27,46.9037164,-122.0351092,NAD83,1636.67,498.86,NAVD88,92.8,238.2,44.57,1395.46,496.99,4382.97,,NA,PST,http://waterdata.usgs.gov/nwis/nwisman/?site_no=12092000
12095000,23980763,CAMELS,17110014,South Prairie Creek At South Prairie, WA,470823,1220529,NAD27,47.13954628,-122.0926135,NAD83,403.5,122.99,NAVD88,79.5,235.42,25.2,620.46,87.1,1805.59,,NA,PST,http://waterdata.usgs.gov/nwis/nwisman/?site_no=12095000
12098500,23980823,MOPEX,17110014,White River Near Buckley, WA,470905,1215655,NAD27,47.1512137,-121.9498317,NAD83,3.48,1.06,NAVD88,401,1041.06,42.53,1227.52,239.98,4388.51,,NA,PST,http://waterdata.usgs.gov/nwis/nwisman/?site_no=12098500
12114500,24538014,CAMELS,17110012,Cedar River Below Bear Creek Near Cedar Falls, WA,472032,1213252,NAD27,47.34202406,-121.5489688,NAD83,1882.78,573.87,NAVD88,25.4,66.06,41.86,1069.93,572.23,1657.31,,NA,PST,http://waterdata.usgs.gov/nwis/nwisman/?site_no=12114500
12115000,24537996,CAMELS,17110012,Cedar River Near Cedar Falls, WA,472213,1213726,NAD27,47.3701073,-121.6251009,NAD83,1569.82,478.48,NAVD88,40.7,110.27,42.95,995.08,477.01,1657.31,12114500,1,PST,http://waterdata.usgs.gov/nwis/nwisman/?site_no=12115000
12115500,24537972,CAMELS,17110012,Rex River Near Cedar Falls, WA,472103,1213943,NAD27,47.35066169,-121.6631582,NAD83,1700,518.16,NGVD29,13.4,43.36,35.38,934.46,476.77,1445.4,,NA,PST,http://waterdata.usgs.gov/nwis/nwisman/?site_no=12115500
12117000,24537924,CAMELS,17110012,Taylor Creek Near Selleck, WA,472312,1215042,NAD27,47.38646539,-121.846201,NAD83,943.37,287.54,NAVD88,17.2,44.5,28.96,694.05,238.27,1247.93,,NA,PST,http://waterdata.usgs.gov/nwis/nwisman/?site_no=12117000
12134500,23963021,MOPEX,17110009,Skykomish River Near Gold Bar, WA,475015,1213956,NAD27,47.83732546,-121.6667809,NAD83,212.91,64.89,NAVD88,535,1386.14,53.33,1049.29,59.18,2424.66,,NA,PST,http://waterdata.usgs.gov/nwis/nwisman/?site_no=12134500
12141300,23970363,CAMELS,17110010,Middle Fork Snoqualmie River Near Tanner, WA,472910,1213848,NAD27,47.48591189,-121.647864,NAD83,784.61,239.15,NAVD88,154,402.95,56.38,1035.45,223.55,2292.2,,NA,PST,http://waterdata.usgs.gov/nwis/nwisman/?site_no=12141300
12143600,23970289,CAMELS,17110010,Sf Snoqualmie River At Edgewick, WA,472710,1214300,NAD27,47.45260396,-121.7178847,NAD83,574.3,175.05,NAVD88,65.9,164.93,48.18,965.5,175.5,1899.66,,NA,PST,http://waterdata.usgs.gov/nwis/nwisman/?site_no=12143600
12144000,23970271,CAMELS,17110010,Sf Snoqualmie River At North Bend, WA,472935,1214720,NAD27,47.49288017,-121.7901109,NAD83,426.32,129.94,NAVD88,81.7,213.89,41.48,819,128.47,1899.66,12143600,1,PST,http://waterdata.usgs.gov/nwis/nwisman/?site_no=12144000
12144500,23970253,MOPEX,17110010,Snoqualmie River Near Snoqualmie, WA,473243,1215028,NAD27,47.5451019,-121.842336,NAD83,120,36.58,NGVD29,375,976.87,47,877.05,34,2292.2,"12144000, 12143600, 12141300",3,PST,http://waterdata.usgs.gov/nwis/nwisman/?site_no=12144500
12145500,23970215,CAMELS,17110010,Raging River Near Fall City, WA,473224,1215428,NAD27,47.53982388,-121.9090047,NAD83,237.89,72.51,NAVD88,30.6,84.05,21.41,444.31,25.61,1064.99,,NA,PST,http://waterdata.usgs.gov/nwis/nwisman/?site_no=12145500
12147500,23970779,CAMELS,17110010,North Fork Tolt River Near Carnation, WA,474245,1214715,NAD27,47.71232365,-121.7887272,NAD83,600,182.88,NGVD29,39.9,104.56,39.56,790.75,177.41,1820.35,,NA,PST,http://waterdata.usgs.gov/nwis/nwisman/?site_no=12147500
12147600,23970773,CAMELS,17110010,South Fork Tolt River Near Index, WA,474225,1213556,NAD27,47.7067714,-121.6001069,NAD83,1838.84,560.48,NAVD88,5.34,16.18,55.91,999.65,547.92,1657.84,,NA,PST,http://waterdata.usgs.gov/nwis/nwisman/?site_no=12147600
12149000,23970199,MOPEX,17110010,Snoqualmie River Near Carnation, WA,473958,1215527,NAD27,47.66593399,-121.9253969,NAD83,2.12,0.65,NAVD88,603,1556.83,38.05,709.21,13.6,2292.2,"12147600, 12144500, 12145500, 12144000, 12141300, 12143600",6,PST,http://waterdata.usgs.gov/nwis/nwisman/?site_no=12149000
12167000,24274653,CAMELS,17110008,Nf Stillaguamish River Near Arlington, WA,481542,1220247,NAD27,48.26149178,-122.0476407,NAD83,89.34,27.23,NGVD29,262,700.38,36.54,649.89,30.47,2078.4,,NA,PST,http://waterdata.usgs.gov/nwis/nwisman/?site_no=12167000
12175500,24255219,CAMELS,17110005,Thunder Creek Near Newhalem, WA,484022,1210418,NAD27,48.6726287,-121.0728964,NAD83,1220,371.86,NGVD29,105,274.29,65.36,1569.83,372.63,2761.33,,NA,PST,http://waterdata.usgs.gov/nwis/nwisman/?site_no=12175500
12178100,24255169,CAMELS,17110005,Newhalem Creek Near Newhalem, WA,483937,1211447,NAD27,48.66012536,-121.2476233,NAD83,1000,304.8,NGVD29,26.9,72.75,65.01,1273.5,148.73,2472.17,,NA,PST,http://waterdata.usgs.gov/nwis/nwisman/?site_no=12178100
12186000,24264875,CAMELS,17110006,Sauk River Ab White Chuck River Nr  Darrington, WA,481008,1212810,NAD27,48.16872009,-121.4706723,NAD83,930,283.46,NGVD29,152,399.08,58.48,1174.37,278.15,2377.09,,NA,PST,http://waterdata.usgs.gov/nwis/nwisman/?site_no=12186000
12189500,24264763,CAMELS,17110006,Sauk River Near Sauk, WA,482529,1213402,NAD27,48.42455859,-121.5684634,NAD83,266,81.08,NGVD29,714,1858.74,52.33,1148.97,78.58,3213.7,1218600,1,PST,http://waterdata.usgs.gov/nwis/nwisman/?site_no=12189500
12340000,22911982,MOPEX,17010203,Blackfoot River Near Bonner ,MT,465357.88,1134522.75,NAD83,46.8994111,-113.7563194,NAD83,3344.76,1019.48,NGVD29,2287,5856.2,25.9,1654.86,1022.38,2862.88,,NA,MST,http://waterdata.usgs.gov/nwis/nwisman/?site_no=12340000
12358500,22957049,SAME,17010207,M F Flathead River Near West Glacier ,MT,482943.86,1140036.75,NAD83,48.49551667,-114.0102083,NAD83,3128.72,953.63,NGVD29,1125,2915.35,45.02,1721.56,951.82,3079.34,,NA,MST,http://waterdata.usgs.gov/nwis/nwisman/?site_no=12358500
12374250,24357005,CAMELS,17010212,Mill Cr Ab Bassoo Cr Nr Niarada ,MT,474947.38,1144152.2,NAD83,47.82982778,-114.6978333,NAD83,3000,914.4,NAVD88,19.6,51,28.18,1412.05,902.23,2148.86,,NA,MST,http://waterdata.usgs.gov/nwis/nwisman/?site_no=12374250
12375900,24356439,CAMELS,17010212,South Crow Creek Near Ronan ,MT,472929.17,1140135.92,NAD83,47.4914361,-114.0266444,NAD83,3320,1011.94,NAVD88,7.61,20,59.58,1905.77,1006.17,2621.32,,NA,MST,http://waterdata.usgs.gov/nwis/nwisman/?site_no=12375900
12377150,24356265,CAMELS,17010212,Mission Creek Ab Reservoir Nr St Ignatius ,MT,471922.16,1135845.77,NAD83,47.3228222,-113.9793806,NAD83,3460,1054.61,NAVD88,12.4,32.49,66.62,2135.43,1045.92,2860.69,,NA,MST,http://waterdata.usgs.gov/nwis/nwisman/?site_no=12377150
12381400,24356091,CAMELS,17010212,South Fork Jocko River Near Arlee ,MT,471143.98,1135102.65,NAD83,47.19555,-113.850736,NAD83,3970,1210.06,NAVD88,57.6,149.1,32.38,1847.33,1208.43,2506.79,,NA,MST,http://waterdata.usgs.gov/nwis/nwisman/?site_no=12381400
12383500,24357131,CAMELS,17010212,Big Knife Creek Near Arlee ,MT,470850.14,1135828.11,NAD83,47.1472611,-113.974475,NAD83,3720,1133.86,NGVD29,6.86,17.92,50.97,1909.04,1132.35,2447.42,,NA,MST,http://waterdata.usgs.gov/nwis/nwisman/?site_no=12383500
12388400,24355913,CAMELS,17010212,Revais Cr Bl West Fork Nr Dixon ,MT,471558.69,1142424.64,NAD83,47.26630278,-114.4068444,NAD83,3420,1042.42,NGVD29,23.3,67.72,31.28,1627.74,834.23,2330.35,,NA,MST,http://waterdata.usgs.gov/nwis/nwisman/?site_no=12388400
12390700,22976274,CAMELS,17010213,Prospect Creek At Thompson Falls ,MT,473509.82,1152118.36,NAD83,47.5860611,-115.3551,NAD83,2382.4,726.16,NGVD29,182,470.75,43.43,1352.34,711.65,2060.06,,NA,MST,http://waterdata.usgs.gov/nwis/nwisman/?site_no=12390700
12411000,24373072,CAMELS,17010301,Nf Coeur D Alene R Ab Shoshone Ck Nr Prichard ,ID,474222,1155845,NAD83,47.7061111,-115.9791667,NAD83,2489.15,758.69,NAVD88,335,866.66,41.21,1202.63,756.63,1890.39,,NA,PST,http://waterdata.usgs.gov/nwis/nwisman/?site_no=12411000
12413000,24372850,MOPEX,17010301,Nf Coeur D Alene River At Enaville ,ID,473419.92,1161510.08,NAD83,47.5722,-116.2528,NAD83,2179.08,664.18,NAVD88,895,2315.71,42.25,1168.99,659.21,2072.36,12411000,1,PST,http://waterdata.usgs.gov/nwis/nwisman/?site_no=12413000
12413500,24379309,MOPEX,17010303,Coeur D Alene River Nr Cataldo ,ID,473317.36,1161928.64,NAD83,47.5548222,-116.3246222,NAD83,2103.63,641.19,NAVD88,1208,3130,42.63,1181.62,652.12,2080.11,"12413000, 12411000",2,PST,http://waterdata.usgs.gov/nwis/nwisman/?site_no=12413500
12414500,23004329,CAMELS,17010304,St Joe River At Calder, ID,471628,1161120,NAD83,47.2744444,-116.1888889,NAD83,2175.51,663.1,NAVD88,1025,2661.87,41.47,1384.89,666.33,2338.02,,NA,PST,http://waterdata.usgs.gov/nwis/nwisman/?site_no=12414500
12447390,24384943,CAMELS,17020008,Andrews Creek Near Mazama, WA,484923,1200841,NAD27,48.8228737,-120.1459038,NAD83,4271.56,1301.97,NAVD88,22.1,57.95,39.64,1938.84,1304.51,2624.9,,NA,PST,http://waterdata.usgs.gov/nwis/nwisman/?site_no=12447390
12449500,24382935,MOPEX,17020008,Methow River At Twisp, WA,482155,1200654,NAD27,48.36514507,-120.1161917,NAD83,1580,481.58,NGVD29,1301,3413.12,42.85,1545.47,461.77,2711.61,12447390,1,PST,http://waterdata.usgs.gov/nwis/nwisman/?site_no=12449500
12449950,24382701,MOPEX,17020008,Methow River Near Pateros, WA,480439,1195902,NAD27,48.0773639,-119.9850723,NAD83,900,274.32,NGVD29,1772,4583.41,40.73,1435.15,274.69,2711.61,"12449500, 12447390",2,PST,http://waterdata.usgs.gov/nwis/nwisman/?site_no=12449950
12451000,23073999,CAMELS,17020009,Stehekin River At Stehekin, WA,481947,1204126,NAD27,48.32958017,-120.6917668,NAD83,1098.5,334.82,NGVD29,321,830.77,61.94,1534.6,342.1,2857.67,,NA,PST,http://waterdata.usgs.gov/nwis/nwisman/?site_no=12451000
12459000,23080584,MOPEX,17020011,Wenatchee River At Peshastin, WA,473500,1203706,NAD27,47.5831777,-120.6195306,NAD83,1028.04,313.35,NGVD29,1000,2590.13,47.57,1288.03,314.09,2857.17,,NA,PST,http://waterdata.usgs.gov/nwis/nwisman/?site_no=12459000
12462500,23080544,MOPEX,17020011,Wenatchee River At Monitor, WA,472958,1202524,NAD27,47.49929148,-120.4245223,NAD83,680,207.26,NGVD29,1301,3372.54,46.75,1214.68,212.34,2857.17,12459000,1,PST,http://waterdata.usgs.gov/nwis/nwisman/?site_no=12462500
12488500,24422913,CAMELS,17030002,American River Near Nile, WA,465840,1211003,NAD27,46.97761606,-121.168696,NAD83,2700,822.96,NGVD29,78.9,206.29,44.17,1463.53,836.15,2112.77,,NA,PST,http://waterdata.usgs.gov/nwis/nwisman/?site_no=12488500
13011500,23123373,CAMELS,17040101,Pacific Creek At Moran, WY,435104,1103059,NAD27,43.8510187,-110.5171751,NAD83,6740,2054.35,NAVD88,169,430.72,20.38,2486.83,2049.76,3199.72,,NA,MST,http://waterdata.usgs.gov/nwis/nwisman/?site_no=13011500
13011900,23123209,CAMELS,17040101,Buffalo Fork Ab Lava Creek Near Moran,WY,435017,1102627,NAD83,43.83805556,-110.4408333,NAD83,6772.78,2064.34,NGVD29,323,848.03,27.44,2733.84,2063.84,3464.61,,NA,MST,http://waterdata.usgs.gov/nwis/nwisman/?site_no=13011900
13018300,24432663,CAMELS,17040103,Cache Creek Near Jackson, WY,432708,1104212,NAD27,43.45213098,-110.7041203,NAD83,6750,2057.4,NGVD29,10.6,29.35,39.84,2509.61,2035.71,3142.85,,NA,MST,http://waterdata.usgs.gov/nwis/nwisman/?site_no=13018300
13023000,24432173,CAMELS,17040103,Greys River Above Reservoir Near Alpine,WY,430835,1105837,NAD83,43.14305556,-110.9769444,NAD83,5729,1746.2,NGVD29,448,1163.27,36.73,2470.4,1727.86,3452.7,,NA,MST,http://waterdata.usgs.gov/nwis/nwisman/?site_no=13023000
13083000,23184753,CAMELS,17040211,Trapper Creek Nr Oakley ,ID,420957,1135901,NAD83,42.1658333,-113.983611,NAD83,4825.1,1470.69,NAVD88,52,137.37,27.77,1932.2,1455.27,2400.25,,NA,MST,http://waterdata.usgs.gov/nwis/nwisman/?site_no=13083000
13161500,23287111,CAMELS,17050102,Bruneau Rv At Rowland, NV,415600,1154025,NAD27,41.9332368,-115.6745268,NAD83,4500,1371.6,NGVD29,382,990.22,25.27,2043.42,1486.76,3017.41,,NA,PST,http://waterdata.usgs.gov/nwis/nwisman/?site_no=13161500
13186000,23386623,MOPEX,17050113,Sf Boise River Nr Featherville ,ID,432945,1151829,NAD83,43.4958333,-115.3080556,NAD83,4222.39,1286.98,NAVD88,641,1665.5,41.68,2140.43,1285.6,3156.21,,NA,MST,http://waterdata.usgs.gov/nwis/nwisman/?site_no=13186000
13200000,23382303,MOPEX,17050112,Mores Creek Ab Robie Creek Nr Arrowrock Dam ,ID,433853,1155923,NAD83,43.64805556,-115.9897222,NAD83,3077.83,938.12,NAVD88,397,1028.38,31.82,1545.74,938.85,2474.71,,NA,MST,http://waterdata.usgs.gov/nwis/nwisman/?site_no=13200000
13235000,24158523,CAMELS,17050120,South Fork Payette River At Lowman, ID,440507,1153720,NAD83,44.08527778,-115.6222222,NAD83,3770,1149.1,NAVD88,446,1156.82,47.27,2078.14,1144.82,3251.33,,NA,MST,http://waterdata.usgs.gov/nwis/nwisman/?site_no=13235000
13240000,24177409,CAMELS,17050123,Lake Fork Payette River Ab Jumbo Cr Nr Mccall ,ID,445449,1155950,NAD83,44.9136111,-115.9972222,NAD83,5140,1566.67,NGVD29,48.9,126.31,42.34,2107.4,1559.21,2744.05,,NA,MST,http://waterdata.usgs.gov/nwis/nwisman/?site_no=13240000
13302500,23503542,MOPEX,17060203,Salmon River At Salmon ,ID,451101,1135343,NAD83,45.1836111,-113.8952778,NAD83,3914.99,1193.29,NAVD88,3737,8729.93,34.12,2266.77,1193.2,3854.59,,NA,MST,http://waterdata.usgs.gov/nwis/nwisman/?site_no=13302500
13310700,23551284,CAMELS,17060208,Sf Salmon River Nr Krassel Ranger Station ,ID,445913,1154330,NAD83,44.9869444,-115.725,NAD83,3750,1143,NGVD29,330,855.27,38.4,1943.69,1137.37,2792.54,,NA,MST,http://waterdata.usgs.gov/nwis/nwisman/?site_no=13310700
13313000,23551584,CAMELS,17060208,Johnson Creek At Yellow Pine ,ID,445742,1153000,NAD83,44.96166667,-115.5,NAD83,4655.75,1419.07,NGVD29,218,564.99,28.16,2174.88,1423.52,2787.85,,NA,MST,http://waterdata.usgs.gov/nwis/nwisman/?site_no=13313000
13331500,23436993,CAMELS,17060105,Minam River At Minam, OR,453712,1174332,NAD27,45.6198669,-117.7265892,NAD83,2540.48,774.34,NGVD29,240,618.75,43.11,1736.04,776.56,2784.05,,NA,PST,http://waterdata.usgs.gov/nwis/nwisman/?site_no=13331500
13336500,23580627,MOPEX,17060302,Selway River Nr Lowell ,ID,460512,1153050,NAD83,46.08666667,-115.5138889,NAD83,1533.45,467.4,NAVD88,1915,4962.43,44.41,1680.82,469.7,2854.37,,NA,PST,http://waterdata.usgs.gov/nwis/nwisman/?site_no=13336500
13337000,23588130,SAME,17060303,Lochsa River Nr Lowell ,ID,460903,1153514,NAD83,46.1508333,-115.5872222,NAD83,1462.5,445.77,NAVD88,1178,3051.49,38.66,1584.21,445.54,2677.66,,NA,PST,http://waterdata.usgs.gov/nwis/nwisman/?site_no=13337000
13338500,23597191,CAMELS,17060305,Sf Clearwater River At Stites ,ID,460511,1155836,NAD83,46.08638889,-115.9766667,NAD83,1327.12,404.51,NAVD88,1168,3024.89,25.78,1385.35,403.56,2709.5,,NA,PST,http://waterdata.usgs.gov/nwis/nwisman/?site_no=13338500
13340000,23606382,CAMELS,17060306,Clearwater River At Orofino ,ID,462842,1161527,NAD83,46.4783333,-116.2575,NAD83,993.89,302.94,NAVD88,5507,14269.86,34.47,1443.78,292.94,2854.37,"13338500, 13337000, 13336500",3,PST,http://waterdata.usgs.gov/nwis/nwisman/?site_no=13340000
13340600,23630350,SAME,17060307,Nf Clearwater River Nr Canyon Ranger Station ,ID,465026,1153716,NAD83,46.84055556,-115.621111,NAD83,1706.15,520.03,NAVD88,1296,3358.37,40.6,1442.79,510.16,2411.26,,NA,PST,http://waterdata.usgs.gov/nwis/nwisman/?site_no=13340600
13351000,23459517,MOPEX,17060108,Palouse River At Hooper, WA,464531,1180852,NAD27,46.7584831,-118.1488494,NAD83,1042.26,317.68,NAVD88,2500,6219.37,11.71,731.94,320.75,1626.87,,NA,PST,http://waterdata.usgs.gov/nwis/nwisman/?site_no=13351000
14020000,23648622,CAMELS,17070103,Umatilla River Above Meacham Creek Near Gibbon,OR,454311,1181920,NAD27,45.71957668,-118.3232913,NAD83,1854.81,565.35,NGVD29,131,343.19,40.01,1207.07,565.5,1676.63,,NA,PST,http://waterdata.usgs.gov/nwis/nwisman/?site_no=14020000
14080500,23713968,MOPEX,17070305,Crooked River Near Prineville, OR,440648,1204740,NAD27,44.1131815,-120.7955699,NAD83,3070.85,936,NGVD29,2700,6423.61,11.23,1399.49,924.79,2180.28,,NA,PST,http://waterdata.usgs.gov/nwis/nwisman/?site_no=14080500
14092750,23719653,CAMELS,17070306,Shitike Crk At Peters Pasture Near Warm Springs,OR,444502,1213756,NAD27,44.75039516,-121.633397,NAD83,3580,1091.18,NGVD29,22.9,65.1,26.75,1449.96,999.81,2124.24,,NA,PST,http://waterdata.usgs.gov/nwis/nwisman/?site_no=14092750
14096850,23719315,CAMELS,17070306,Beaver Creek Below Quartz Creek Near Simnasho,OR,445732,1212335,NAD27,44.9587272,-121.3942286,NAD83,2260,688.85,NGVD29,145,385.32,12.33,938.53,659.53,1702.15,,NA,PST,http://waterdata.usgs.gov/nwis/nwisman/?site_no=14096850
14101500,23718793,MOPEX,17070306,White River Below Tygh Valley, OR,451430,1210538,NAD27,45.2414782,-121.095022,NAD83,870.15,265.22,NGVD29,417,1027.32,17.08,900.78,256.22,3415.92,,NA,PST,http://waterdata.usgs.gov/nwis/nwisman/?site_no=14101500
14113000,23662979,MOPEX,17070106,Klickitat River Near Pitt, WA,454524,1211232,NAD27,45.75651098,-121.2100714,NAD83,288.9,88.06,NGVD29,1297,3302.72,14.85,931.7,75.51,3744.19,,NA,PST,http://waterdata.usgs.gov/nwis/nwisman/?site_no=14113000
14137000,23735819,CAMELS,17080001,Sandy River Near Marmot, OR,452359,1220810,NAD27,45.3995642,-122.1373068,NAD83,0,0,NGVD29,264,685.34,34.97,1004.54,214.99,3412.73,,NA,PST,http://waterdata.usgs.gov/nwis/nwisman/?site_no=14137000
14138800,23736071,CAMELS,17080001,Blazed Alder Creek Near Rhododendron, OR,452710,1215325,NAD27,45.4526183,-121.8914684,NAD83,2540,774.19,NGVD29,8.17,21.48,29.64,1000.17,697.25,1333.77,,NA,PST,http://waterdata.usgs.gov/nwis/nwisman/?site_no=14138800
14138870,23736433,CAMELS,17080001,Fir Creek Near Brightwood, OR,452849,1220128,NAD27,45.48011889,-122.0256385,NAD83,1480,451.1,NAVD88,5.46,15.18,30.26,866.95,319.79,1288.02,,NA,PST,http://waterdata.usgs.gov/nwis/nwisman/?site_no=14138870
14138900,23736093,CAMELS,17080001,North Fork Bull Run River Near Multnomah Falls, OR,452940,1220205,NAD27,45.4942454,-122.035888,NAD83,1065,324.61,NAVD88,8.32,22,22.24,857.45,332.21,1217.33,,NA,PST,http://waterdata.usgs.gov/nwis/nwisman/?site_no=14138900
14139800,23736041,CAMELS,17080001,South Fork Bull Run River Near Bull Run, OR,452641,1220630,NAD27,45.444564,-122.1095292,NAD83,990,301.75,NGVD29,15.7,40.9,24.81,794.13,262.69,1285.39,,NA,PST,http://waterdata.usgs.gov/nwis/nwisman/?site_no=14139800
14141500,23735991,CAMELS,17080001,Little Sandy River Near Bull Run, OR,452456,1221013,NAD27,45.41539777,-122.1714746,NAD83,720,219.46,NGVD29,23.1,60.2,21.55,726.2,215.4,1284.03,,NA,PST,http://waterdata.usgs.gov/nwis/nwisman/?site_no=14141500
14154500,23759452,CAMELS,17090002,Row River Above Pitcher Creek Near Dorena,OR,434410,1225220,NAD27,43.7359565,-122.8734019,NAD83,856.16,260.96,NGVD29,211,549.44,39.91,859.06,255.82,1816.79,,NA,PST,http://waterdata.usgs.gov/nwis/nwisman/?site_no=14154500
14158500,23773371,CAMELS,17090004,Mckenzie River At Outlet Of Clear Lake, OR,442140,1215940,NAD27,44.3609545,-121.9956172,NAD83,3015.32,919.07,NGVD29,92.4,230.68,17.73,1236.44,800.37,1914.4,,NA,PST,http://waterdata.usgs.gov/nwis/nwisman/?site_no=14158500
14158790,23773393,CAMELS,17090004,Smith River Abv Smith R Resv Near Belknap Springs,OR,442005,1220245,NAD27,44.3345666,-122.0470074,NAD83,2610,795.53,NGVD29,15.6,42.64,36.1,1218.01,793.7,1744.17,,NA,PST,http://waterdata.usgs.gov/nwis/nwisman/?site_no=14158790
14166500,23763161,CAMELS,17090003,Long Tom River Near Noti, OR,440300,1232530,NAD27,44.04984478,-123.4262097,NAD83,389.05,118.58,NGVD29,89.3,238.43,23.79,251.86,119.39,637.65,,NA,PST,http://waterdata.usgs.gov/nwis/nwisman/?site_no=14166500
14182500,23780805,CAMELS,17090005,Little North Santiam River Near Mehama, OR,444730,1223440,NAD27,44.7915108,-122.5789738,NAD83,655.41,199.77,NGVD29,112,292.23,41.35,806.1,188.92,1672,,NA,PST,http://waterdata.usgs.gov/nwis/nwisman/?site_no=14182500
14185000,23785793,CAMELS,17090006,South Santiam River Below Cascadia, OR,442331,1222947,NAD27,44.39179225,-122.4975817,NAD83,775,236.22,NGVD29,174,448.2,36.73,895.07,235.76,1652.19,,NA,PST,http://waterdata.usgs.gov/nwis/nwisman/?site_no=14185000
14185900,23786019,CAMELS,17090006,Quartzville Creek Near Cascadia, OR,443225,1222605,NAD27,44.54012357,-122.4359155,NAD83,1050,320.04,NGVD29,99.2,257.78,45.88,918.6,325.96,1518.19,,NA,PST,http://waterdata.usgs.gov/nwis/nwisman/?site_no=14185900
14187000,23785723,CAMELS,17090006,Wiley Creek Near Foster, OR,442221,1223719,NAD27,44.37234769,-122.6231384,NAD83,720,219.46,NGVD29,51.8,138.22,34.53,725.63,202.29,1362.04,,NA,PST,http://waterdata.usgs.gov/nwis/nwisman/?site_no=14187000
14216500,24242219,CAMELS,17080002,Muddy River Below Clear Creek Near Cougar, WA,460433,1215951,NAD27,46.0756326,-121.9986768,NAD83,1035.61,315.65,NAVD88,135,350.21,34.76,919.49,317.69,2490.95,,NA,PST,http://waterdata.usgs.gov/nwis/nwisman/?site_no=14216500
14222500,24241689,CAMELS,17080002,East Fork Lewis River Near Heisson, WA,455013,1222754,NAD27,45.8367809,-122.4662083,NAD83,356.8,108.75,NGVD29,125,329.34,29.03,569.04,103.23,1345.92,,NA,PST,http://waterdata.usgs.gov/nwis/nwisman/?site_no=14222500
14232500,23743682,MOPEX,17080004,Cispus River Near Randle, WA,462650,1215146,NAD27,46.44705689,-121.8639783,NAD83,1221.6,372.34,NGVD29,321,829.94,36.13,1236.09,369.51,3745.02,,NA,PST,http://waterdata.usgs.gov/nwis/nwisman/?site_no=14232500
14233400,24249014,MOPEX,17080005,Cowlitz River Near Randle, WA,462813,1220551,NAD27,46.47011066,-122.0987075,NAD83,799.42,243.66,NGVD29,1030,2657.72,38.51,1100.76,238.38,4228.94,14232500,1,PST,http://waterdata.usgs.gov/nwis/nwisman/?site_no=14233400
14236200,24249034,CAMELS,17080005,Tilton River Ab Bear Canyon Creek Near Cinebar, WA,463544,1222730,NAD27,46.5953843,-122.4595564,NAD83,610.48,186.07,NAVD88,141,365.55,39.77,668.8,175.24,1440.76,,NA,PST,http://waterdata.usgs.gov/nwis/nwisman/?site_no=14236200
14301000,23871899,CAMELS,17100202,Nehalem River Near Foss,OR,454215,1234515,NAD27,45.7039986,-123.755405,NAD83,32.6,9.94,NGVD29,667,1745.62,25.07,358.59,10.78,1122.57,,NA,PST,http://waterdata.usgs.gov/nwis/nwisman/?site_no=14301000
14303200,23876773,CAMELS,17100203,Tucca Creek Near Blaine,OR,451928,1233243,NAD27,45.32427635,-123.5465012,NAD83,1400,426.72,NGVD29,3.09,7.96,29.6,640.48,420.73,868.74,,NA,PST,http://waterdata.usgs.gov/nwis/nwisman/?site_no=14303200
14305500,23880874,CAMELS,17100204,Siletz River At Siletz,OR,444255,1235310,NAD27,44.7151172,-123.8873348,NAD83,102.32,31.19,NGVD29,202,526.73,33.2,399.71,35.46,1085.27,,NA,PST,http://waterdata.usgs.gov/nwis/nwisman/?site_no=14305500
14306340,23887140,CAMELS,17100205,East Fork Lobster Creek Near Alsea,OR,441453,1233807,NAD27,44.24789909,-123.6364936,NAD83,680,207.26,NGVD29,5.7,14.67,46.79,552.06,183.71,1043.5,,NA,PST,http://waterdata.usgs.gov/nwis/nwisman/?site_no=14306340
14306500,23886298,CAMELS,17100205,Alsea River Near Tidewater, OR,442310,1234950,NAD27,44.3859538,-123.831778,NAD83,48.16,14.68,NGVD29,334,860.47,33.97,320.41,11.96,1245.19,,NA,PST,http://waterdata.usgs.gov/nwis/nwisman/?site_no=14306500
14308000,23901573,MOPEX,17100302,South Umpqua River At Tiller, OR,425550,1225650,NAD27,42.9303985,-122.9483872,NAD83,991.8,302.3,NGVD29,449,1167.58,34.76,978.73,300.93,2063.76,,NA,PST,http://waterdata.usgs.gov/nwis/nwisman/?site_no=14308000
14308990,23901309,CAMELS,17100302,Cow Creek Abv Galesville Res Near Azalea,OR,424924,1230729,NAD27,42.82317665,-123.1258922,NAD83,1900,579.12,NGVD29,64.7,171.14,33.14,915.78,567.98,1549.4,,NA,PST,http://waterdata.usgs.gov/nwis/nwisman/?site_no=14308990
14309500,23901147,CAMELS,17100302,West Fork Cow Creek Near Glendale, OR,424815,1233635,NAD27,42.80400356,-123.6109071,NAD83,1018.48,310.43,NGVD29,86.9,226.14,40.98,736.43,305.1,1319.18,,NA,PST,http://waterdata.usgs.gov/nwis/nwisman/?site_no=14309500
14316700,23894572,CAMELS,17100301,Steamboat Creek Near Glide, OR,432100,1224340,NAD27,43.349842,-122.7289415,NAD83,1128.55,343.98,NGVD29,227,588.46,41.61,943.77,335.08,1822.62,,NA,PST,http://waterdata.usgs.gov/nwis/nwisman/?site_no=14316700
14321000,24526814,MOPEX,17100303,Umpqua River Near Elkton, OR,433510,1233315,NAD27,43.5859502,-123.5553727,NAD83,90.42,27.56,NGVD29,3683,9442.75,32.24,750.5,34,2759.77,"14316700, 14308000, 14309500",3,PST,http://waterdata.usgs.gov/nwis/nwisman/?site_no=14321000
14325000,23914567,CAMELS,17100305,South Fork Coquille River At Powers, OR,425330,1240410,NAD27,42.89149904,-124.070652,NAD83,197.42,60.17,NGVD29,169,445.26,35.6,650.96,61.9,1245.57,,NA,PST,http://waterdata.usgs.gov/nwis/nwisman/?site_no=14325000
14359000,23930752,MOPEX,17100308,Rogue River At Raygold Near Central Point, OR,422615,1225910,NAD27,42.43734597,-122.9872678,NAD83,1121.78,341.92,NGVD29,2053,5312.53,20.37,1073.09,340.96,2886.38,,NA,PST,http://waterdata.usgs.gov/nwis/nwisman/?site_no=14359000
14362250,23935979,CAMELS,17100309,Star Gulch Near Ruch, OR,420915,1230427,NAD27,42.15401355,-123.075323,NAD83,1667.04,508.11,NGVD29,16,43.92,45.68,962.7,477.29,1531.58,,NA,PST,http://waterdata.usgs.gov/nwis/nwisman/?site_no=14362250
14400000,23949601,CAMELS,17100312,Chetco River Near Brookings, OR,420725,1241110,NAD27,42.12344278,-124.1873107,NAD83,49.16,14.98,NAVD88,271,702.71,43.22,670.54,16.09,1552.29,,NA,PST,http://waterdata.usgs.gov/nwis/nwisman/?site_no=14400000
