SITENO,TOT_SILTAVE,TOT_CLAYAVE,TOT_SANDAVE,TOT_NO10AVE,TOT_NO200AVE,TOT_NO4AVE,TOT_OM,TOT_PERMAVE,TOT_ROCKDEP,TOT_BDAVE,TOT_AWCAVE,TOT_WTDEP,TOT_SALINAVE,TOT_pH,TOT_HGA,TOT_HGAC,TOT_HGAD,TOT_HGB,TOT_HGBC,TOT_HGBD,TOT_HGC,TOT_HGCD,TOT_HGD,TOT_HGVAR,TOT_KFACT,TOT_KFACT_UP
01013500,62.8,14.76,22.44,70.27,54.54,77.93,5.3,1.47,48.21,1.22,0.22,2.87,0,5.45,0.75,0,0.05,12.65,0,0,44.19,17.33,25.03,0,0.32,0.22
01022500,46.16,9.13,44.71,71.64,41.02,78.52,6.74,5.07,56.51,1.35,0.14,2.98,0,5.45,22.07,0,0,10.4,0,0,44.11,4.67,18.75,0,0.27,0.19
01030500,61.53,13.28,25.19,70.81,53.03,78.43,8.2,2.32,51.77,1.2,0.22,2.54,0,5.45,2.53,0,0.19,19.87,0,0,38.42,12.07,26.93,0,0.32,0.22
01031500,59.82,11.16,29.02,73.29,52.14,80.14,6.76,2.42,47.68,1.28,0.21,2.97,0,5.34,4.47,0,0,14.2,0,0,41.66,16.84,22.83,0,0.32,0.22
01047000,51.64,6.96,41.4,74.5,43.68,81.69,2.76,3.29,49.56,1.39,0.16,3.21,0,5.29,9.46,0,0,8.94,0,0,59.1,14.49,8.02,0,0.28,0.19
01048000,50.85,6.86,42.29,76.07,43.86,83.81,1.98,2.82,53.94,1.47,0.15,2.8,0,5.32,7.37,0,0,7.5,0,0,71.17,9.4,4.55,0,0.28,0.2
01052500,61.62,7.28,31.1,71.24,49.48,76.27,2.62,2.42,51.73,1.28,0.18,4.03,0,5.12,5.51,0,0,8.61,0,0,66.82,5.42,13.64,0,0.32,0.24
01054200,50.27,6.11,43.61,74.1,41.83,81.44,1.33,2.83,50.53,1.38,0.14,4.14,0,4.88,7,0,0,17.4,0,0,57.52,14.39,3.7,0,0.3,0.21
01055000,53.14,7.07,39.78,74.1,44.58,81.34,3.16,2.93,46.33,1.34,0.17,3.32,0,5.24,7.78,0,0,8.24,0,0,55.85,18.37,9.76,0,0.29,0.19
01055500,39.29,4.55,56.16,73.22,31.59,80.85,1.86,5.03,56.72,1.43,0.1,3.06,0,5.45,17.85,0,0,11.14,0,0,60.45,5.96,4.6,0,0.25,0.2
01057000,42.02,4.55,53.44,70.6,32.69,78.74,2.07,4.12,54.76,1.4,0.11,3.38,0,5.41,15.45,0,0,13.59,0,0,59.19,8.2,3.58,0,0.25,0.19
01060000,49.88,20.78,29.34,85.42,62.86,89.72,4.45,3.56,55.44,1.28,0.19,2.34,1629.23,5.74,10.55,0,0.1,2.69,0,0,44.14,9.42,33.1,0,0.36,0.26
01064500,44.87,5.16,49.97,70.05,35.32,76.99,1.87,5.49,51.07,1.32,0.13,4.49,0,5.04,24.78,0,0.5,16.76,0,0,39.49,12.17,6.3,0,0.28,0.2
01073000,40.79,9.36,49.85,77.43,39.09,83.86,0.89,5.98,52.22,1.42,0.12,3.94,0,5.3,5.72,0,0.25,43.86,0,0,34.31,10.47,5.38,0,0.28,0.22
01076500,43.69,4.68,51.63,68.35,33.24,75.67,2.36,5.63,47.87,1.3,0.12,4.66,0,5.15,25.6,0,0.58,15.31,0,0,37.59,13.89,7.02,0,0.27,0.2
01078000,40.48,4.36,55.16,69.47,31.16,77.03,2.7,5.93,53.52,1.35,0.11,4.44,0,5.17,24.34,0,2.06,23.62,0,0,35.55,8.6,5.84,0,0.25,0.2
01118300,45.21,5.38,49.42,71.67,36.27,77.72,2.73,5.2,54.83,1.42,0.12,4.31,0,5.15,0.86,0,3.02,66.39,0,0,22.8,6.87,0,0.06,0.28,0.2
01121000,45.11,6,48.89,71.9,36.91,77.99,3.13,4.5,54.35,1.4,0.13,3.8,0,5.23,5.49,0,3.45,41.48,0,0,41.82,6.99,0.44,0.33,0.28,0.21
01123000,44.21,5.91,49.89,71.48,36.1,77.99,3.33,4.76,56.62,1.39,0.12,3.48,0,5.23,9.47,0,3.75,32.09,0,0,49.92,4.21,0,0.57,0.28,0.21
01127000,43.4,5.59,51.02,71.21,35.17,77.82,2.37,5.23,54.24,1.38,0.12,3.76,0,5.23,10.98,0,2.48,34.5,0,0,37.05,7.9,6.46,0.63,0.28,0.21
01134500,51.66,6.5,41.84,76.96,44.75,83.19,1.12,2.35,44.61,1.29,0.16,3.92,0,5.15,0,0,0,2.62,0,0,71.36,5.18,20.83,0,0.39,0.32
01137500,48.7,6.27,45.02,72.41,40.16,78.06,2.79,4.41,46.41,1.22,0.18,4.56,0,4.93,19.99,0,0.73,8.22,0,0,46.51,13.32,11.23,0,0.32,0.24
01139000,50.83,7.03,42.14,81.04,46.86,87.24,3.59,2.57,52.11,1.3,0.14,3.63,0,6.01,2.97,0,0,35.04,0,0,35.03,0,26.96,0,0.3,0.25
01139800,49.57,7.02,43.4,81.34,46.01,87.34,1.82,2.79,49.22,1.32,0.14,4.34,0,5.97,3.39,0,0,42.89,0,0,31.47,0,22.25,0,0.29,0.26
01142500,53.02,7.6,39.38,80.37,48.69,86.71,2.03,2.36,49.35,1.33,0.14,3.65,0,5.9,3.26,0,0,29.14,0,0,43.36,1.39,22.86,0,0.31,0.27
01144000,52.11,6.88,41.02,78.73,46.37,85.04,1.38,2.67,46.93,1.32,0.15,4.09,0,5.51,3.86,0,0,20.92,0,0,54.61,6.07,14.55,0,0.33,0.28
01162500,40.17,3.99,55.84,69.81,30.86,78.51,5.6,3.8,56.1,1.36,0.1,3.74,0,5.27,6.83,0,1.09,29.02,0,0,50.94,4.17,7.95,0,0.26,0.19
01169000,54.08,6.12,39.8,74.5,44.85,81.79,1.06,2.38,46.69,1.43,0.14,3.95,0,5.1,1.54,0,0,13.66,0,0,63.48,14.67,6.65,0,0.33,0.25
01170100,52.82,6.03,41.14,74.37,43.78,81.69,1,2.91,45.09,1.34,0.14,4.81,0,5.01,2.38,0,0,24.76,0,0,54.48,12.6,5.77,0,0.31,0.24
01181000,52.47,6.01,41.51,74.79,43.76,82.95,1.69,2.51,45.76,1.43,0.13,3.89,0,4.98,2.23,0,0.01,8.72,0,0,64.15,17.12,7.77,0,0.29,0.2
01187300,50.98,6.05,42.96,74.11,42.29,81.44,1.82,2.77,44.31,1.43,0.13,4.07,0,5.2,0.93,0,0.75,26.84,0,0,44.66,19.74,7.09,0,0.31,0.21
01195100,46.23,6.21,47.56,72.81,38.22,78.51,3.18,3.85,54.47,1.41,0.13,3.67,0,5.22,1.32,0,3.37,42.68,0,0,45.23,7.35,0,0.06,0.29,0.21
01197500,53.13,8.77,38.09,71.27,43.97,78.35,2.47,3.17,46.29,1.43,0.13,4.26,0,5.75,2.98,0,1.96,27.6,0,0,47.65,13.97,5.84,0,0.29,0.23
01200000,53.95,8.42,37.63,69.08,42.71,74.76,1.52,3.65,47.69,1.47,0.12,4.86,0,5.75,10.93,0,1.06,30.63,0,0,44.79,8.25,4.34,0,0.3,0.24
01321000,49.15,5.54,45.31,73.07,39.99,80.84,2.71,2.7,43.02,1.3,0.15,4.06,0,5.34,7.48,0,3.32,1.85,0,0,67.02,15.37,4.97,0,0.31,0.21
01333000,57.19,10.79,32.01,65.95,44.22,72.39,1.71,2.63,40.36,1.4,0.13,4.8,0,5.68,2.45,0,1.19,23.08,0,0,45.65,20.82,6.81,0,0.31,0.24
01334500,56.37,9.19,34.43,68.41,44.4,74.77,1.5,2.91,45.38,1.41,0.13,4.46,0,5.66,5.88,0,0.92,21.58,0,0,55.38,10.15,6.1,0,0.33,0.27
01348000,48.49,8.31,43.19,74.42,42.26,80.45,3.47,3.55,49.79,1.38,0.14,3.57,0,5.65,11.98,0,4.02,13.31,0,0.04,57.67,7.72,5.26,0,0.31,0.29
01350000,57.77,13.38,28.86,51.43,36.35,58.32,1.09,1.59,42.73,1.37,0.11,4.4,0,5.06,3.49,0,0,1.82,0,0,74.9,14.26,5.53,0,0.28,0.23
01350080,55.68,14.56,29.74,55.71,39.15,62.63,1.2,1.5,46.9,1.39,0.11,3.9,0,5.14,3.64,0,0,2.36,0,0,80.64,8.96,4.39,0,0.29,0.25
01350140,59.81,14.77,25.44,59.26,44.38,67.51,1.7,1.23,40.27,1.33,0.12,4.3,0,5.15,0,0,0,1.58,0,0,84.11,11.19,3.13,0,0.3,0.26
01365000,59.98,15.27,24.76,47.04,35.37,54.79,0.68,1.2,32.08,1.4,0.1,5.45,0,5.04,0.01,0,0,0,0,0,67.43,24.21,8.35,0,0.27,0.23
01371500,55.8,11.84,32.38,66.03,44.47,73.2,6.24,2.77,51.61,1.37,0.13,3.03,0,5.71,8.22,0,6.79,6.97,0,0.68,64.99,1.84,10.51,0,0.31,0.26
01372500,58.54,8.89,32.56,67.76,45.46,74.04,1.45,2.72,47.2,1.44,0.13,4.58,0,5.63,10.14,0,0.96,38.85,0,0.06,45.03,1.57,3.39,0,0.33,0.26
01411300,21.66,11.43,66.9,84.29,27.82,89.3,2.31,8.13,59.37,1.47,0.11,3.35,82.7,4.62,12.01,0,0,46.15,0,10.26,14.51,9.46,7.6,0,0.24,0.24
01413500,59.21,14.07,26.73,50.58,36.93,58.01,1.18,1.31,40.25,1.39,0.1,4.72,0,5.02,1.17,0,0.15,0.58,0,0,83.99,10.58,3.53,0,0.28,0.24
01414500,60.16,14.46,25.39,49.43,36.82,57.72,0.9,1.22,32.51,1.38,0.1,5.39,0,5,0,0,0,0,0,0,71.52,22.13,6.35,0,0.28,0.23
01415000,59.44,14.19,26.37,51.19,37.55,58.52,2.16,1.22,42.41,1.39,0.1,4.38,0,5.03,0.43,0,1.06,0,0,0,90.88,3.61,4.02,0,0.28,0.24
01421000,58.9,14.31,26.8,50.71,36.98,58.18,1.09,1.33,41.18,1.4,0.1,4.76,0,5.01,1.68,0,0.11,0.85,0,0,87.71,7.42,2.24,0,0.28,0.24
01423000,57.59,13.72,28.68,51.98,36.89,59.08,1.3,1.62,45.35,1.39,0.1,4.35,0,5.02,4.39,0,0.19,2.24,0,0,88.21,3.34,1.63,0,0.28,0.24
01426500,57.7,14.44,27.85,53.06,38.17,60.26,1.26,1.5,45.23,1.4,0.1,4.28,0,5.07,3.36,0,0.11,2.15,0,0,88.86,3.93,1.59,0,0.28,0.25
01434025,60.11,15.25,24.64,46.64,35.15,54.39,0.67,1.21,31.31,1.4,0.1,5.5,0,5.05,0,0,0,0,0,0,65.18,25.76,9.07,0,0.27,0.22
01435000,60.04,15.11,24.86,47.67,35.8,55.38,0.74,1.17,34.35,1.41,0.1,5.34,0,5.02,0,0,0,0,0,0,75.43,18.48,6.09,0,0.28,0.23
01439500,50.66,16.06,33.28,63.68,42.4,71.08,0.9,1.72,56.37,1.43,0.11,2.71,0,5.27,4.65,0,0,6.33,0,1.85,81.7,0.77,4.71,0,0.3,0.23
01440000,48.12,14.11,37.75,60.72,37.84,68.97,2.7,2.93,52.33,1.39,0.11,3.46,0,5.54,6.39,0,2.47,16.43,0,2,48.13,1.03,23.55,0,0.29,0.23
01440400,52.55,17.18,30.27,61.79,43,69.71,0.87,1.17,53.25,1.46,0.11,2.93,0,5.25,1.4,0,0,2.66,0,0.7,89.01,3.42,2.82,0,0.3,0.24
01445000,42.64,11.05,46.36,65.92,35.69,75.18,5.4,4.25,55.32,1.37,0.11,3.25,0,5.82,8.71,0,5.28,27.08,0,3.08,40.38,2.2,13.27,0,0.28,0.24
01445500,44.49,13.15,42.39,66.79,38.91,76.28,4.72,3.87,55.39,1.38,0.11,3.43,0,5.91,6.7,0,4.49,31.68,0,2.58,38.18,2.05,14.31,0,0.3,0.26
01451800,52.58,19.42,27.99,54.36,39.16,60.9,0.91,3.17,34.8,1.38,0.09,5.2,0,5.2,0.66,0,0,14.34,0,29.9,51.17,0,3.93,0,0.3,0.25
01466500,14.98,5.73,79.32,88.45,18.27,92.37,1.85,11.86,60,1.46,0.08,3.58,100,4.53,56.98,0,0,14.58,0,4.55,0,18.98,4.91,0,0.18,0.16
01484100,14.92,14.51,70.47,91.81,27.07,95.07,0.75,9.94,60,1.43,0.09,4.24,0,4.66,54.23,0,0,8.99,0,17.2,13.36,0.63,5.58,0,0.22,0.19
01485500,18.66,11.63,69.71,89.42,27.05,93.11,1.78,7.26,60,1.5,0.1,1.8,248.07,4.59,18.45,0,0,19.63,0,48.13,6.19,1.1,6.49,0,0.21,0.19
01486000,26.45,14.53,58.98,92.2,38.21,95.06,1.38,5.21,60,1.51,0.12,1.32,425.66,4.61,4.95,0,0,17.8,0,41.38,13.64,20.24,2,0,0.24,0.26
01487000,22.6,14.97,62.43,89.07,33.35,93.24,0.62,6.69,60,1.49,0.11,3.48,1.63,4.63,18.81,0,0,28.95,0,24.17,19.9,4.61,3.56,0,0.25,0.24
01491000,23.96,15.42,60.63,88.38,34.8,92.97,0.61,5.67,59.95,1.51,0.12,2.98,70.2,4.6,9.73,0,0,28.94,0,31.21,22.09,5.15,2.88,0,0.25,0.25
01500500,57.08,15.84,27.08,59.24,43.34,65.97,1.88,2.08,47.65,1.37,0.12,3.69,0,5.64,7.47,0,0.25,14.6,0,0.05,65.14,7.22,5.27,0,0.3,0.26
01503000,57.1,16.46,26.44,59.91,44.22,66.57,1.78,2.03,49.17,1.38,0.12,3.45,0,5.66,7.29,0,0.13,12.47,0,0.05,68.23,6.78,5.05,0,0.3,0.26
01510000,60,17.1,22.89,60.44,46.78,66.74,2.06,2.06,49.28,1.33,0.13,3.08,0,5.74,6.89,0,0,7.2,0,0,72.02,7.24,6.65,0,0.31,0.26
01512500,58.44,17.47,24.08,61.03,46.51,67.31,2.29,2.08,49.55,1.35,0.13,3.12,0,5.79,6.5,0,0.41,11.49,0,0.12,67,7.05,7.42,0,0.31,0.26
01516500,56.53,18.26,25.18,61.79,46.29,69.76,1.32,1.11,51.63,1.4,0.12,2.93,0,5.47,0,0,0,0,0,0,97.24,0,2.76,0,0.31,0.24
01518000,57.62,17.63,24.75,62.38,46.86,69.97,1.45,1.49,51.14,1.37,0.12,3.1,0,5.53,2.24,0,0,3.19,0,1.12,91.69,0,1.76,0,0.31,0.24
01518862,59.78,16.54,23.68,60.07,45.8,67.87,1.49,1.29,49.53,1.37,0.12,3.4,0,5.48,0.78,0,0,1.08,0,0.35,97.08,0.61,0.11,0,0.3,0.24
01520000,59.8,16.88,23.32,62.66,47.98,69.88,1.68,1.59,48.61,1.34,0.12,3.35,0,5.58,2.71,0,0,4.46,0,1.13,85.66,3.97,2.06,0,0.31,0.25
01520500,58.91,17.17,23.92,62.18,47.2,69.66,1.53,1.59,49.35,1.35,0.12,3.31,0,5.54,2.75,0,0,4.14,0,1.27,88.39,1.8,1.66,0,0.31,0.24
01531000,59.14,17.27,23.59,61.63,47.14,68.25,1.98,1.95,49.14,1.34,0.13,3.13,0,5.68,5.56,0,0.13,6.67,0,0.43,76.23,5.35,5.62,0,0.31,0.25
01532000,55,18.02,26.99,61.08,44.62,69.2,1.09,1.05,51.43,1.43,0.11,2.98,0,5.35,0,0,0,0.62,0,0,93.34,3.11,2.93,0,0.3,0.24
01534000,54,17.74,28.25,60.79,43.61,68.99,0.95,1.31,50.85,1.44,0.11,3.12,0,5.28,1.9,0,0,2.2,0,0.82,86.74,4.84,3.5,0,0.3,0.25
01539000,54.13,17.9,27.97,61.5,44.26,69.06,1.05,1.86,49.78,1.41,0.11,3.41,0,5.34,3.13,0,0,8,0,5.57,77.67,2.75,2.88,0,0.3,0.25
01541000,54.28,23.54,22.18,68.61,53.83,75.74,0.55,2.89,43.16,1.38,0.12,4.03,0,4.8,5.67,0,0,20.55,0,3.68,64.97,0,5.14,0,0.29,0.3
01541500,52.58,22.46,24.97,67.73,51.23,75.47,0.56,3.69,45.37,1.37,0.12,4.02,0,4.78,6.8,0,0,24.08,0,2.61,61.3,0,5.22,0,0.28,0.27
01542810,52.09,21.92,25.99,65.46,48.29,76.48,0.53,3.08,52.93,1.44,0.11,4.08,0,5.08,0,0,0,57.2,0,0.32,42.48,0,0,0,0.29,0.25
01543000,51.73,22.4,25.87,64.48,47.71,76.09,0.52,2.84,53.21,1.44,0.1,3.91,0,4.97,0,0,0,53.54,0,0.17,46.29,0,0,0,0.28,0.24
01543500,51.6,22.19,26.21,65.55,48.32,76.45,0.52,3.04,52.31,1.43,0.1,3.87,0,4.88,0.46,0,0,47.91,0,0.23,50.96,0,0.44,0,0.28,0.24
01544500,50.74,20.15,29.12,66.21,46.91,76.46,0.54,4.12,51,1.4,0.1,4.18,0,4.92,0.85,0,0,50.2,0,0.51,48.43,0,0.01,0,0.27,0.24
01545600,47.27,17.3,35.44,60.56,39.14,71.13,0.59,7.08,45.73,1.38,0.1,4.78,0,4.64,19,0,0,46.23,0,0.02,34.75,0,0,0,0.23,0.2
01547700,51.5,19.4,29.07,57.64,40.82,67.77,0.67,4.5,38.69,1.41,0.1,5.33,0,5.14,6.89,0,0,32.22,0,9.19,49.89,0,1.81,0,0.27,0.22
01548500,57.18,17.92,24.91,60.61,45.38,69.41,1.06,2.01,48.28,1.39,0.11,3.81,0,5.28,1.7,0,0,13.98,0,0.52,83.24,0,0.55,0,0.3,0.24
01549500,53.74,18.66,27.61,60.16,43.54,69.05,0.77,1.15,50.8,1.45,0.11,3.22,0,5.26,0.28,0,0,1.63,0,0.27,93.44,0,4.39,0,0.3,0.25
01550000,57.63,17.98,24.39,58.37,44.05,67.25,0.95,1.12,46.97,1.4,0.11,3.61,0,5.29,0,0,0,0,0,0,97.69,0,2.31,0,0.31,0.24
01552000,53.51,17.97,28.53,59.98,42.83,68.65,0.79,1.41,50.22,1.45,0.11,3.27,0,5.19,1.61,0,0,3.29,0,0.11,88.05,3.45,3.48,0,0.3,0.24
01552500,53.57,17.97,28.46,60.46,43.25,68.82,0.86,0.99,51.39,1.46,0.11,3.03,0,5.24,0,0,0,0.94,0,0,90.94,4.69,3.44,0,0.3,0.25
01556000,48.27,20.48,31.24,64.89,44.94,73.18,0.63,4.7,48.17,1.39,0.11,5.12,0,5.11,10.67,0,0,47.11,0,7.99,32.71,0,1.53,0,0.26,0.23
01557500,50.24,18.61,31.15,57.72,39.66,67.13,0.7,5.14,39.78,1.39,0.1,5.15,0,4.97,10.1,0,0,32.12,0,11.06,44.99,0,1.72,0,0.26,0.22
01558000,49.02,20.42,30.56,63.45,44.53,72.17,0.64,5.08,46.58,1.39,0.11,5.11,0,5.05,11.4,0,0,44.98,0,6.9,35.36,0,1.36,0,0.26,0.23
01559000,48.18,22.2,29.62,66.97,47.73,74.97,0.62,4.55,49.83,1.39,0.11,5.16,0,5.2,10.03,0,0,49.8,0,6.37,32.42,0,1.38,0,0.26,0.24
01560000,51.43,21.51,27.05,58.91,43.02,67.33,0.73,3.36,39.94,1.41,0.1,5.33,0,5.27,5.87,0,0,28.53,0,15.46,47.8,0,2.34,0,0.28,0.24
01562000,50.47,21.59,27.94,61.65,44.83,70.14,0.69,4.13,43.56,1.4,0.11,5.25,0,5.19,8.34,0,0,37.78,0,10.77,41.36,0,1.75,0,0.27,0.24
01567000,49.23,21.3,29.47,62.53,44.42,70.82,0.67,4.52,45.52,1.39,0.11,5.13,0,5.16,11.05,0,0,37.56,0,9.69,40.09,0,1.62,0,0.26,0.23
01567500,51.77,26.28,21.91,60.71,48,69.96,0.55,2.39,57.03,1.45,0.12,4.97,0,5.22,27.13,0,0,26.82,0,3.01,42.11,0,0.93,0,0.26,0.24
01568000,49.32,19.97,30.71,59.62,41.39,68.68,0.64,4.98,47.96,1.4,0.1,4.88,0,4.98,21.07,0,0,31.92,0,7.19,38.6,0,1.21,0,0.26,0.22
01574000,49.74,21.82,28.44,68.4,49.34,76.41,0.59,1.93,51.72,1.43,0.12,4.6,0,5.3,2.88,0,0,51.43,0,2.8,35.61,0,7.29,0,0.3,0.3
01580000,52.85,18.59,28.56,78.26,55.94,82.79,0.5,1.79,58.66,1.37,0.14,5.15,0,5.15,5.99,0,0,75.91,0,0,10.95,0,7.14,0,0.44,0.33
01583500,53.25,18.9,27.85,76.4,55.12,81.28,0.5,1.89,59.11,1.37,0.14,5.3,0,5.28,4.81,0,0,79.01,0,0,11.64,0,4.54,0,0.43,0.34
01586610,49.96,18.55,31.5,71.13,49.09,75.81,0.49,2.04,54.53,1.35,0.14,5.33,0,5.13,18.59,0,0,66.07,0,0,11.24,0,4.1,0,0.41,0.33
01591400,53.1,19.45,27.45,79.66,57.81,83.71,0.48,1.63,58.2,1.38,0.13,5.02,0,5.18,6,0,0,74.49,0,0,9.49,0,10.02,0,0.43,0.32
01594950,52.76,21.1,26.15,62.24,45.97,71.09,0.48,5.02,38.3,1.37,0.11,4.87,0,4.68,34.07,0,0,0.02,0,0,60.92,0,4.99,0,0.27,0.23
01595000,52.81,20.9,26.28,61.95,45.68,70.78,0.49,5.12,38.21,1.37,0.11,4.88,0,4.68,35.03,0,0,0.08,0,0,59.92,0,4.98,0,0.27,0.23
01596500,51.73,18.46,29.82,62.8,44.1,73.24,0.68,5.81,40.08,1.39,0.11,4.97,0,4.83,27.81,0,0,15.57,0,0.87,51.33,0,4.43,0,0.27,0.21
01605500,45.97,20.77,33.26,61.47,41.44,70.47,0.66,5.87,38.08,1.39,0.11,5.56,0,5.17,13.69,0,0,34.08,0,1.27,45.66,0,5.3,0,0.25,0.22
01606500,48.49,21.31,30.2,62.47,43.9,71.1,0.7,5.14,40.19,1.4,0.11,5.46,0,5.18,17.37,0,0,26.66,0,2.07,52.04,0,1.86,0,0.26,0.22
01608500,48.75,20.28,30.97,60.77,42.23,69,0.76,4.8,39.25,1.39,0.1,5.35,0,5.21,14.32,0,0,21.46,0,7.76,54.6,0,1.85,0,0.27,0.23
01610000,49.79,20.25,29.96,60.1,42.35,68.44,0.74,4.72,38.5,1.39,0.1,5.29,0,5.09,16.07,0,0,18.08,0,8.31,55.35,0,2.19,0,0.27,0.23
01611500,47.27,17.55,35.18,56.97,36.99,65.26,0.79,5.97,35.18,1.38,0.09,5.56,0,5.09,13.69,0,0,14.67,0,10.23,59.46,0,1.95,0,0.27,0.21
01613050,47.61,15.83,36.55,55.26,35.09,64.92,0.74,7.07,37.41,1.36,0.09,5.35,0,4.79,11.05,0,0,23.72,0,5.96,58.92,0,0.34,0,0.24,0.19
01620500,46.05,18.74,35.21,61.63,40.23,69.27,0.69,5.16,39.01,1.42,0.1,5.38,0,5.15,0.76,0,0,45.55,0,6.61,39.44,0,7.64,0,0.27,0.22
01628500,40.76,34.87,24.36,73.81,57.04,79.69,0.56,3.08,45.99,1.4,0.12,5.56,0,5.45,0.35,0,0,55.47,0,3.15,36.93,0,4.1,0,0.28,0.28
01631000,42.52,31.76,25.71,71.82,54.4,78.15,0.57,3.31,45.13,1.41,0.12,5.54,0,5.4,0.35,0,0,53.07,0,3.3,38.58,0,4.71,0,0.28,0.27
01632000,47.83,18.52,33.65,56.02,37.22,63.23,0.84,4.5,32.69,1.38,0.09,5.64,0,5.1,1.91,0,0,24.47,0,17.72,52.06,0,3.84,0,0.28,0.22
01632900,36.14,40.4,23.46,74.82,58.94,80.43,0.43,3.2,41.51,1.38,0.12,5.86,0,5.61,0.13,0,0,52.12,0,1.14,40.8,0,5.8,0,0.27,0.29
01634000,42.56,31.78,25.66,68.81,52.56,74.86,0.63,3.28,41.34,1.39,0.11,5.62,0,5.46,0.72,0,0,42.41,0,8.68,44.03,0,4.15,0,0.28,0.27
01634500,48.1,20.41,31.48,57.96,39.99,64.81,0.71,4.45,35.74,1.38,0.1,5.47,0,5.12,0,0,0,34.68,0,17.28,40.55,0,7.48,0,0.28,0.23
01638480,39.79,26.38,33.82,80.31,52.77,85.39,0.58,3.14,53.57,1.36,0.14,5.78,0,4.98,0,0,0,76.48,0,0,22.11,0,1.4,0,0.23,0.2
01639500,45.14,20.55,34.31,60.4,40.1,65.63,0.47,2.21,44.69,1.35,0.11,5.18,0,5.15,36.15,0,0,39.54,0,1.24,18.26,0,4.8,0,0.32,0.3
01643000,45.87,22.2,31.93,64.07,44.25,70.8,0.51,2.13,48.46,1.39,0.12,5.02,0,5.22,19.86,0,0,47.35,0,1.83,25.77,0,5.19,0,0.3,0.29
01644000,40.97,26.74,32.29,79.87,53.57,85.09,0.57,3.06,52.41,1.36,0.14,5.83,0,5.08,0,0,0,73.88,0,0,22.68,0.16,3.28,0,0.25,0.23
01649500,43.88,21.77,34.36,83.09,54.55,88.44,1.12,2.94,56.77,1.41,0.15,4.07,43.42,4.74,2.55,0,0,41.4,0,0.12,33.27,3.22,19.43,0,0.33,0.32
01658500,33.35,28.13,38.48,82.24,50.58,91.83,0.32,2.44,56.98,1.35,0.12,5.55,0,4.96,0,0,0,96.21,0,0,1.66,0.14,1.98,0,0.26,0.29
01663500,43.28,24.92,31.8,78.03,52.65,84.45,0.53,2.99,49.45,1.35,0.14,5.65,0,5.17,0,0,0,58.77,0,0,35.84,0,5.4,0,0.26,0.26
01664000,43.12,25,31.87,77.99,52.56,84.54,0.52,2.97,49.29,1.35,0.14,5.65,0,5.15,0,0,0,58.99,0,0,35.49,0.06,5.45,0,0.26,0.26
01666500,42.6,26.66,30.73,80.15,55.13,86.56,0.53,2.77,51.81,1.36,0.14,5.4,0,5.2,0,0,0,52.9,0,0,40.92,0.16,6.01,0,0.26,0.27
01667500,43.2,27.86,28.95,78.81,55.63,85.59,0.51,2.69,50.7,1.37,0.14,5.42,0,5.28,0,0,0,56.3,0,0,37.14,0.2,6.36,0,0.27,0.28
01668000,44.61,26.89,28.5,78.4,55.62,84.88,0.52,2.62,48.59,1.38,0.14,5.3,0,5.22,0,0,0,44.52,0,0,42.48,3.09,9.9,0,0.28,0.3
01669000,28.58,16.13,55.29,89.28,39.92,93.31,0.49,5.17,60,1.43,0.11,5.22,0,4.87,8,0,0,69,0,2,20,0,1,0,0.21,0.2
01669520,29.67,18.11,52.22,90.02,43.25,93.85,1.33,4.78,60,1.42,0.11,4.78,104.6,5.01,7.29,0,0,63.01,0,2.89,18.57,0,8.24,0,0.21,0.21
01672500,38.1,33.34,28.56,85.69,60.52,90.79,0.44,2.02,52.64,1.41,0.14,5.38,0,5.14,0.04,0,0,46.74,0,0.01,41.82,8.71,2.67,0,0.29,0.3
01674500,30.62,22.7,46.69,89.13,47.11,93.03,0.45,4.1,57.54,1.42,0.12,4.96,0,4.99,4.71,0,0,60.55,0,0.92,28.14,3.33,2.35,0,0.25,0.24
02011400,42.21,22.82,34.97,62.31,41.08,70.28,0.53,5.52,37.89,1.4,0.1,5.68,0,5.03,0.26,0,0,53.85,0,2.72,33.79,0,9.38,0,0.25,0.23
02011460,44.15,20.6,35.24,60.77,39.65,68.84,0.61,5.69,35.37,1.4,0.1,5.7,0,5.04,1.93,0,0,45.36,0,4.03,40.18,0,8.5,0,0.25,0.21
02013000,43.07,21.78,35.15,60.63,39.88,68.14,0.57,5.46,36.25,1.39,0.1,5.75,0,5.02,0.7,0,0,49.17,0,6.23,35.46,0,8.43,0,0.26,0.22
02014000,42.58,22.16,35.26,62.49,41.03,70.3,0.54,5.43,39.51,1.41,0.1,5.59,0,5.03,0.29,0,0,55.21,0,3.63,31.82,0,9.04,0,0.26,0.22
02015700,43.04,19.21,37.74,60.15,37.71,68.29,0.51,6.35,34.69,1.4,0.1,5.74,0,4.98,0,0,0,54,0,1.11,33.01,0,11.87,0,0.24,0.21
02016000,44.54,19.78,35.69,58.13,37.47,65.98,0.66,5.32,34.78,1.39,0.1,5.7,0,5.01,1,0,0,40.86,0,9.5,41.28,0,7.36,0,0.26,0.22
02017500,43.67,20.94,35.41,62.69,41.01,70.46,0.58,5.45,39.73,1.41,0.11,5.5,0,5.07,0.33,0,0,53.87,0,3.57,33.15,0,9.08,0,0.26,0.22
02018000,43.67,20.89,35.45,62.45,40.88,70.1,0.58,5.5,38.9,1.41,0.11,5.55,0,5.07,0.39,0,0,53.27,0,3.78,33.41,0,9.15,0,0.26,0.22
02027000,47.17,23.76,29.08,73.42,51.54,80,0.56,3.36,45.1,1.36,0.14,5.78,0,5.36,0,0,0,54.07,0,0,37.37,3.25,5.31,0,0.26,0.24
02027500,49.3,25.77,24.99,72.84,54.19,80.23,0.52,2.84,44,1.35,0.14,5.72,0,5.57,0,0,0,46.79,0,0,43.03,4.65,5.53,0,0.28,0.27
02028500,42.89,25.68,31.45,78.3,52.99,83.62,0.58,3.17,50.59,1.36,0.14,5.97,0,5.16,0,0,0,70.36,0,0,26.85,0,2.79,0,0.25,0.22
02030500,44.74,39.18,16.09,91.19,76.61,94.33,0.38,1.3,56.05,1.33,0.15,5.26,0,5.24,0,0,0,70.37,0,0,17.34,11.05,1.24,0,0.3,0.4
02038850,45.02,40.61,14.35,92.86,79.53,94.66,0.35,1.27,57.71,1.32,0.15,5.53,0,5.09,0,0,0,80.12,0,0,14.93,3.96,0.99,0,0.3,0.42
02046000,31.05,36.09,32.87,92.11,61.9,95.03,0.41,2.2,57.57,1.36,0.14,5.62,0,5.07,0,0,0,86.74,0,0,7.59,1.3,4.37,0,0.28,0.31
02051000,40.93,40.52,18.54,93.04,75.77,94.98,0.33,1.38,57.92,1.34,0.15,5.63,0,5.11,0,0,0,83.32,0,0,12.86,2.96,0.87,0,0.3,0.38
02051500,34.34,38.48,27.18,92.37,67.29,95.29,0.35,1.74,57.51,1.36,0.14,5.57,0,5.18,0,0,0,83.91,0,0,9.24,4.74,2.11,0,0.29,0.32
02053200,25.73,22.98,51.29,93.22,44.9,94.79,0.64,6.93,59.64,1.45,0.1,2.1,37.58,4.83,21.7,0,0,12.02,0,25.87,3.99,0,36.42,0,0.21,0.21
02053800,39.99,29.51,30.5,75.61,52.56,80.44,0.64,2.44,48.77,1.38,0.13,5.94,0,4.97,1.65,0,0,45.02,0,4.06,49.11,0,0.16,0,0.27,0.27
02055000,39.67,34.47,25.87,73.72,55.28,79.36,0.62,2.35,44.21,1.4,0.12,5.73,0,5.39,0.93,0,0,35.72,0,5.35,56.11,0,1.89,0,0.28,0.29
02055100,31.76,53.08,15.16,82.91,70.85,87.45,0.37,1.37,43.34,1.38,0.13,5.96,0,5.94,0,0,0,44.2,0,0,52.69,0,3.11,0,0.27,0.33
02056900,37.19,29.55,33.26,77.8,52.73,81.59,0.47,2.76,55.3,1.38,0.14,5.89,0,5.11,11.97,0,0,74.07,0,0,13.52,0.01,0.44,0,0.26,0.24
02058400,31.49,38.1,30.41,91.09,63.51,93.86,0.32,1.88,57.35,1.39,0.14,5.93,0,5.18,0.92,0,0,86.44,0,0,11.77,0.8,0.07,0,0.28,0.27
02059500,33.12,34.73,32.14,88.16,59.88,91.37,0.43,2.27,57.07,1.38,0.14,5.97,0,5,0,0,0,84.9,0,0.04,14.94,0,0.12,0,0.26,0.25
02064000,39.73,37.6,22.67,90.5,69.83,93.73,0.36,1.62,53.93,1.39,0.14,5.59,0,5.23,0,0,0,60.7,0,0,33.99,4.4,0.91,0,0.29,0.33
02065500,35.09,40.07,24.83,92.74,69.69,95.51,0.3,1.49,57.35,1.37,0.14,5.66,0,5.23,0,0,0,82.38,0,0,12.36,4.74,0.52,0,0.29,0.32
02069700,39.27,32.04,28.68,80.32,57.37,84.38,0.37,2.34,51.18,1.38,0.14,5.95,0,5.33,5.47,0,0,69.45,0,0,22.77,0,2.3,0,0.28,0.27
02070000,32.91,38.29,28.8,90.13,63.91,93.14,0.29,1.8,55.8,1.39,0.14,5.94,0,5.24,0,0,0,84.24,0,0,14.67,0.01,1.07,0,0.29,0.28
02074500,30.23,40.01,29.76,93.72,65.83,96.02,0.29,1.67,58.48,1.4,0.14,5.78,0,5.15,0,0,0,89.67,0,0,9.93,0,0.4,0,0.29,0.28
02077200,35.29,31.63,33.08,91.1,61,93.61,0.47,1.7,48.32,1.41,0.14,5.41,0,5.88,0,0,0,31.66,0,0,62.03,2.28,4.03,0,0.28,0.24
02081500,39.97,35.61,24.42,91.69,69.29,94.16,0.45,1.32,57.05,1.41,0.14,4.7,0,5.27,0,0,0,44.41,0,0,47.17,0.88,7.54,0,0.3,0.31
02082950,29.29,34.43,36.28,93.26,59.29,95.43,0.41,2,58.43,1.42,0.13,5.21,3.43,5.05,2.75,0,0,70.79,0,0.84,23.79,0.3,1.53,0,0.27,0.26
02083500,27.63,30.57,41.8,94.36,54.65,96.19,0.48,2.77,58.67,1.43,0.13,4.38,17.7,5.1,10.13,0,0.05,55.27,0,5.52,18.95,0.42,9.66,0,0.26,0.23
02092500,21.98,20.06,57.96,98,41.22,99.11,3.43,4.32,59.72,1.44,0.14,2.22,59.44,4.9,19.41,0,2.25,17.5,0,21.69,12.73,0,26.41,0,0.21,0.17
02096846,41.16,35.19,23.65,91.3,69.71,93.86,0.48,1.38,57.3,1.4,0.14,4.82,0,4.95,0,0,0,64,0,0,34,0,2,0,0.3,0.34
02102000,39.61,33.47,26.91,89.33,64.98,92.06,0.46,1.84,53.22,1.42,0.14,4.99,3.81,5.1,1.33,0,0,55.71,0,0.1,38.69,0.12,4.05,0,0.29,0.28
02102908,13.39,17.56,69.04,95.46,29.55,97.09,0.39,6.01,60,1.63,0.08,5,100,4.91,31,0,0,30,0,0,35,0,4,0,0.19,0.14
02108000,18.89,16.43,64.68,98.08,34.68,99.22,3.17,5.5,59.53,1.44,0.13,2.44,77.29,5.18,29.3,0,2.39,12.01,0,9.76,8.87,0,37.67,0,0.18,0.16
02111180,39.25,18.35,42.4,87.25,50.29,90.68,0.68,3.1,42.31,1.45,0.12,5.9,0,5.18,0.09,0,0,91.21,0,0.04,1.46,0,7.21,0,0.29,0.22
02111500,39.94,21.81,38.25,88.28,54.52,91.26,0.54,2.47,51.38,1.41,0.12,5.76,0,5.18,1.42,0,0,91.53,0,0,5.02,0,2.04,0,0.32,0.24
02112120,36.25,24.58,39.18,88.61,53.93,91.58,0.51,2.3,51.22,1.41,0.13,5.79,0,5.21,0.52,0,0,91.66,0,0,4.89,0.04,2.89,0,0.3,0.23
02112360,35.95,25.11,38.93,89.19,54.58,91.99,0.47,2.05,46.13,1.41,0.13,5.82,0,5.16,0.04,0,0,78.95,0,0,17.94,0.19,2.88,0,0.29,0.24
02116500,34.76,29.35,35.9,89.64,57.62,92.24,0.47,1.84,52.68,1.39,0.14,5.52,0,5.25,1.04,0,0,78.86,0,0.08,16.62,0.53,2.87,0,0.29,0.25
02118000,31.81,36.03,32.16,92.3,62.7,94.43,0.46,1.63,58.52,1.39,0.14,5.45,0,5.29,0,0,0,87.02,0,0.21,11.07,0.62,1.08,0,0.28,0.26
02118500,34.43,34.53,31.05,92.26,63.68,94.34,0.51,1.75,57.71,1.39,0.14,5.43,0,5.26,0.45,0,0,87.5,0,0.26,9.94,0.67,1.19,0,0.29,0.27
02125000,44.52,38.14,17.34,86.04,71.14,88.68,0.35,1.57,49.35,1.42,0.14,5.45,0,4.99,0,0,0,73.64,0,0,24.7,0,1.66,0,0.3,0.33
02126000,41.16,37.45,21.39,87.57,68.65,90.18,0.37,1.54,50.81,1.41,0.14,5.45,0,5.2,0,0,0,64.33,0,0,33.07,0.81,1.78,0,0.3,0.3
02128000,41.28,36.29,22.43,91.01,70.58,93.49,0.45,1.37,56.81,1.4,0.14,4.96,0,4.97,0,0,0,67.32,0,0,30.68,0,2,0,0.3,0.35
02135000,21.34,22.48,56.18,96.85,42.52,98.48,0.72,4.14,59.96,1.48,0.12,2.79,52.62,4.9,14.42,0,0.74,29.92,0,15.87,15.58,0,23.48,0,0.22,0.19
02137727,39.34,21.33,39.33,87.91,53.41,91.1,0.76,2.87,49.54,1.41,0.13,5.56,0,5.2,0.14,0,0,87.93,0,0.72,5.79,0,5.42,0,0.27,0.22
02138500,38.33,17.84,43.83,84.39,47.43,89.36,0.81,2.89,50.47,1.41,0.13,5.94,0,5.23,0,0,0,91.07,0,0.45,6.18,0,2.31,0,0.25,0.22
02140991,38.39,18.3,43.31,87.28,49.58,90.86,0.75,2.95,49.4,1.44,0.13,5.67,0,5.24,0.12,0,0,84.01,0,0.3,10.98,0,4.59,0,0.26,0.24
02143000,34.6,27.48,37.92,89.35,55.48,91.97,0.48,1.71,53.11,1.37,0.14,5.55,0,5.17,0,0,0,75.81,0,0.52,22.62,0,1.04,0,0.28,0.23
02143040,36.84,27.27,35.89,89.49,57.39,91.98,0.65,2,54.66,1.37,0.15,5.27,0,5.15,0,0,0,74.43,0,1.16,22.1,0,2.31,0,0.26,0.23
02143500,31.2,38.45,30.36,93.29,65.01,95.22,0.42,1.45,58.34,1.4,0.14,5.5,0,5.31,0,0,0,88.54,0,0,9.73,0.86,0.86,0,0.29,0.27
02149000,36.6,24.62,38.78,88.54,54.26,91.47,0.64,2.49,50.94,1.41,0.13,5.59,0,5.2,0,0,0,88.36,0,0.56,6.48,0,4.6,0,0.28,0.22
02152100,37.43,27.28,35.29,89.54,57.96,92,0.7,2.08,55.25,1.37,0.15,5.19,0,5.15,0,0,0,74.31,0,1.34,21.67,0,2.68,0,0.26,0.23
02156500,33.83,31.79,34.38,89.88,58.91,92.69,0.44,1.8,53,1.4,0.14,5.59,0,5.33,0,0,0,79.95,0,0.13,18.35,0.22,1.35,0,0.29,0.24
02165000,29.85,37.14,33.01,92.25,61.87,95.01,0.3,1.7,57.69,1.4,0.14,5.61,0,5.33,0,0,0,89.36,0,0,10.12,0.12,0.41,0,0.28,0.26
02177000,35.83,20.32,43.85,87.53,49.21,91.7,0.68,2.66,46.74,1.4,0.13,5.84,0,5.25,0,0,0,80.34,0,0,17.39,0,2.27,0,0.26,0.22
02178400,35.48,18.9,45.62,86.6,47.13,91.34,0.69,2.69,49.95,1.39,0.13,5.85,0,5.32,0,0,0,81.49,0,0.01,17.94,0,0.57,0,0.24,0.23
02192000,30.85,34.74,34.41,91.23,59.87,94.47,0.29,1.75,58.25,1.38,0.14,5.65,0,5.31,0,0,0,90.89,0,0,6.68,2.34,0.09,0,0.28,0.27
02193340,32.72,35.96,31.32,92.86,63.9,95.14,0.29,1.66,58.95,1.37,0.14,5.82,0,5.18,0,0,0,98.59,0,0,1.41,0,0,0,0.29,0.3
02196000,38.38,37.42,24.21,91.01,68.82,93.41,0.38,1.49,55.67,1.41,0.14,5.3,0,5.12,0.95,0,0,71.13,0,0,26.06,0.29,1.56,0,0.29,0.32
02198100,18.93,23.41,57.66,94.36,40,96.8,0.59,3.78,60,1.52,0.11,4.14,11.51,4.96,8.39,0,2.41,36.29,0,17.52,26.27,0,9.12,0,0.21,0.15
02202500,20.37,26.54,53.09,94.27,44.17,96.52,0.45,3.4,59.81,1.51,0.12,3.99,40.16,5.17,9.92,0,1.23,54.26,0,6.32,14.86,0.04,13.37,0,0.22,0.17
02202600,14.16,17.02,68.82,95.14,29.39,96.92,0.83,5.92,60,1.52,0.1,1.82,79.74,4.97,1.05,0,5.69,16.31,0,26.79,39.29,0,10.86,0,0.17,0.13
02212600,30.35,33.89,35.76,90.53,58.17,94,0.29,1.85,57.49,1.38,0.13,5.63,0,5.35,0,0,0,90.04,0,0,8.43,1.53,0,0,0.28,0.26
02215100,17.28,27.65,55.07,95.38,42.85,97.28,0.35,3.19,60,1.53,0.12,4.22,67.48,5.14,12.95,0,1.19,62.55,0,3.92,6.86,0,12.53,0,0.22,0.15
02216180,15.94,21.07,62.99,93.62,34.63,96.06,0.41,3.95,60,1.54,0.11,4.42,7.02,5.02,13.47,0,0,32.91,0,19.67,33.25,0,0.69,0,0.2,0.13
02217500,29.92,33.93,36.16,90.72,57.94,93.99,0.28,1.85,57.8,1.38,0.13,5.71,0,5.28,0,0,0,95.07,0,0,4.93,0,0,0,0.29,0.26
02221525,29.95,34.17,35.88,90.98,58.36,94.15,0.28,1.81,57.98,1.38,0.13,5.73,0,5.26,0,0,0,95.57,0,0,4.35,0.08,0,0,0.29,0.26
02228000,13.53,15.91,70.56,95.73,28.02,97.35,0.92,6.03,60,1.53,0.1,1.87,95.36,4.93,4.13,0,4.03,14.13,0,29.67,32.44,0,15.6,0,0.16,0.12
02231000,9.47,10.02,80.51,99.24,19.33,99.93,3.72,7.43,60,1.48,0.11,0.82,70.36,4.78,0.82,0,0.89,0,0,50.63,13.5,0,34.16,0,0.14,0.1
02231342,4.26,4.14,91.59,99.74,8.37,99.81,1.57,11.61,57.96,1.5,0.08,1.07,100,5.34,4.35,0,0,0.4,0,71.95,2.58,0.81,19.92,0,0.11,0.1
02235200,4.46,4.81,90.73,99.07,9.19,99.88,6.88,12.77,57.26,1.4,0.1,3.01,100,5.33,43.46,0,0,0,0,44.12,4.62,0,7.8,0,0.12,0.1
02236000,4.66,6.11,89.22,98.35,10.53,98.96,6.63,11.29,58.07,1.42,0.1,1.42,100.09,5.8,13.71,0,0,0.16,0,57.62,3.24,4.89,20.4,0,0.13,0.1
02245500,5.37,4.5,90.13,99.36,9.79,99.91,0.98,10.33,59.26,1.48,0.09,2.24,98.71,5.09,20.04,0,1.01,0,0,36.21,26.81,0,15.92,0,0.12,0.1
02246000,7.84,7.76,84.4,98.89,15.36,99.82,0.95,8.84,59.99,1.51,0.08,1.64,95.62,4.98,10.84,0,2.03,0,0,47.01,27.36,0,12.76,0,0.14,0.1
02296500,4.86,5.95,89.19,99.62,10.75,99.84,2.67,10.83,58.24,1.49,0.09,1.01,100,5.59,4.37,0,0,0,0,69.71,4.35,0.54,21.03,0,0.13,0.1
02296750,5.12,7.21,87.66,98.92,12.1,99.51,2.56,11.4,58.03,1.48,0.08,1.79,113.22,5.69,17.36,0,0,2.03,0,54,6.93,0.14,19.54,0,0.13,0.11
02297155,5.1,3.73,91.17,99.89,8.82,100,0.43,11.17,58.98,1.53,0.08,1.27,100,5.19,1.53,0,0,0,0,76.73,16.18,0,5.56,0,0.12,0.1
02297310,5.01,5.12,89.87,99.84,10.1,99.97,1.25,10.76,58.54,1.52,0.08,1.05,100,5.42,1.47,0,0,0,0,76.09,8.47,0.02,13.95,0,0.12,0.1
02298123,4.87,5.47,89.66,99.72,10.3,99.9,3.87,10.83,57.93,1.46,0.1,0.76,94.84,5.52,0,0,0,0,0,79.37,1.64,0.42,18.58,0,0.12,0.1
02298608,4.9,4.24,90.86,99.41,9.05,99.59,2.62,11.56,59.16,1.49,0.08,1.2,106.56,5.36,2.02,0,0,0,0,66.85,16.94,1.22,12.96,0,0.12,0.1
02299950,4.78,2.32,92.9,99.91,7.1,100,0.25,11.94,58.7,1.54,0.07,1.64,100,5.07,5.53,0,0,0,0,68.82,22.74,0,2.91,0,0.11,0.1
02300700,4.46,3.56,91.99,99.97,8.01,100,2.41,11.28,57.93,1.49,0.09,1,100,5.25,0.49,0,0,0,0,79.77,6.56,0,13.19,0,0.11,0.1
02310947,5.58,8.04,86.38,99.36,13.52,99.75,5.03,10.16,58.98,1.45,0.1,0.92,112.13,5.88,4.24,0,0,0.01,0,76.27,1.83,0,17.65,0,0.14,0.1
02312200,5.82,9.99,84.19,98.36,15.51,99.26,0.89,9.76,59.27,1.53,0.08,1.61,132.37,5.9,12.64,0,0,0,0,56.59,13.86,0,16.92,0,0.14,0.1
02314500,10.77,10.39,78.84,98.86,20.9,99.65,4.88,7.65,60,1.44,0.11,0.7,61.85,4.81,0,0,3.75,0.18,0,43.92,16.23,0,35.91,0,0.14,0.11
02315500,10.41,10.56,79.02,98.63,20.67,99.52,3.94,7.64,59.97,1.46,0.11,0.85,70.57,4.83,1.34,0,3.76,0.85,0,45.12,16.89,0,32.05,0,0.14,0.11
02324400,9.81,11.1,79.1,99.68,20.84,99.81,4.34,7.56,59.91,1.26,0.12,0.96,33.62,4.94,9.12,0,8.94,2.19,0,25.04,9.84,0,44.87,0,0.12,0.1
02327100,8.28,7.81,83.91,99.63,16.04,99.96,2.93,9.48,59.98,1.37,0.1,1.04,63.02,4.93,3.17,0,19.73,0.41,0,29.18,19.48,0,28.03,0,0.11,0.1
02329000,17.36,24.17,58.47,93.09,38.63,95.61,0.6,3.94,60,1.55,0.11,3.29,35.92,5.07,4.72,0,3.93,54.94,0,11.28,10.77,0,14.35,0,0.2,0.13
02339500,30.81,33.04,36.15,90.4,57.76,93.72,0.32,1.93,52.27,1.39,0.14,5.41,0,5.24,0.26,0,0,82.1,0,0,7.25,0,10.39,0,0.28,0.26
02342933,26.47,24.63,48.91,94.68,48.39,96.71,0.57,4.2,59.94,1.5,0.12,4.98,86.38,4.95,35.5,0,0,12.14,0,2.17,25.42,0,24.77,0,0.23,0.19
02347500,30.39,33.76,35.85,91.24,58.62,94.03,0.32,1.79,56.45,1.38,0.14,5.66,0.36,5.22,0.02,0,0,91.41,0,0,3.86,0.04,4.67,0,0.28,0.26
02349500,27.55,30.25,42.19,92.02,53.12,94.56,0.35,2.58,56.89,1.43,0.13,5.54,21.28,5.22,6.77,0,0,77.22,0,0.09,10.55,0.1,5.26,0,0.26,0.23
02349900,17.28,27.55,55.17,94.52,42.38,96.6,0.36,3.11,60,1.54,0.12,4.05,52.29,5.11,9.72,0,1.09,65.04,0,4.71,7.45,0,11.99,0,0.21,0.14
02350900,18.3,22.01,59.69,94.85,38.26,96.85,0.47,4.42,60,1.55,0.11,4.91,83.85,5.05,22.71,0,1.79,44.44,0,3.43,18.54,0,9.08,0,0.21,0.16
02361000,21.62,22.49,55.89,95.01,41.9,97.11,0.39,4.52,60,1.52,0.11,5.43,47.38,5.02,38.12,0,1.04,24.23,0,0.64,26.21,0,9.77,0,0.21,0.17
02363000,24.91,22.5,52.59,94.4,44.76,96.63,0.44,3.55,59.92,1.51,0.12,4.94,49.09,4.97,23.79,0,0.61,24.47,0,2.16,36.47,0,12.49,0,0.23,0.19
02365500,21.29,21.86,56.84,94.77,40.86,96.84,0.51,4.07,59.97,1.51,0.12,4.92,63.94,5.04,27.5,0,0.5,35.97,0,2.31,21.74,0,11.98,0,0.22,0.18
02369800,23.43,21.05,55.53,90.64,40.3,93.48,0.61,3.49,60,1.48,0.12,4,93.8,5.07,17.53,0,0,53.32,0,0.66,6.36,0,22.13,0,0.24,0.19
02371500,25.49,24.91,49.6,94.59,47.7,96.7,0.47,2.82,59.68,1.51,0.12,5,62.25,4.95,13.94,0,0,30.39,0,1.81,38.08,0,15.77,0,0.24,0.2
02372250,23.9,22.28,53.82,94.06,43.45,96.47,0.47,3.16,59.87,1.52,0.12,5.07,66.58,4.99,19.06,0,0,27.92,0,1.33,40.71,0,10.98,0,0.24,0.19
02374500,26.88,26.76,46.36,93.62,50.2,95.96,0.33,2.46,59.84,1.52,0.13,4.98,2.5,5.13,11.74,0,0,75.49,0,0.13,4.12,0,8.53,0,0.22,0.21
02375500,27.44,25.84,46.72,93.71,49.98,96,0.49,2.68,59.45,1.5,0.13,4.77,44.35,5.01,13.14,0,0,43.18,0,1.25,25.64,0,16.79,0,0.25,0.22
02381600,32.49,19.18,48.34,86.54,44.7,92.05,0.6,2.71,41.94,1.4,0.14,5.63,0,5.27,0,0,0,54.42,0,0,45.58,0,0,0,0.25,0.22
02383500,39.87,23.43,36.7,76.93,47.81,83.98,0.56,2.15,41.37,1.41,0.14,5.47,0,5.16,0.62,0,0,45.59,0,0,48.35,0,5.45,0,0.28,0.25
02384540,39.65,17.86,42.49,77.37,43.89,84.38,0.68,2.95,41,1.43,0.13,5.83,0,5.18,0,0,0,62.43,0,0,36.96,0,0.61,0,0.27,0.22
02387000,44.41,29.57,26.02,73.86,54.28,81.18,0.51,1.69,45.44,1.44,0.14,5.35,0,5.07,0,0,0,52.44,0,0,38.16,0,9.4,0,0.3,0.28
02387500,42.25,26.57,31.18,75.49,51.26,82.69,0.53,1.91,43.43,1.42,0.14,5.38,0,5.12,0.32,0,0,48.33,0,0,43.55,0,7.8,0,0.29,0.27
02395120,43.47,37.73,18.8,76.4,62.04,83.27,0.45,1.01,49.21,1.46,0.14,5.08,0,4.99,0,0,0,43.3,0,0,50.35,0,6.35,0,0.3,0.31
02408540,34.03,25.78,40.19,84.12,50.39,90.56,0.35,3.62,46.15,1.41,0.13,5.69,0,5.25,0.09,0,0,84.07,0,0,12.06,1.24,2.53,0,0.28,0.21
02414500,35.22,29.48,35.3,87.69,56.73,91.82,0.36,2.26,48.65,1.4,0.14,5.5,0,5.2,0.4,0,0,75.92,0,0,22.33,0.04,1.31,0,0.28,0.25
02415000,35.66,26.85,37.49,85.98,53.75,91.18,0.39,2.81,48.01,1.4,0.13,5.3,0,5.28,0.21,0,0,80.67,0,0,16.24,0.82,2.05,0,0.28,0.23
02422500,33.95,23.32,42.73,91.85,52.72,95,0.35,2.24,59.84,1.5,0.13,4.79,3.79,4.92,6.49,0,0.12,37.63,0,3.04,39.44,0,13.3,0,0.27,0.24
02427250,34.28,35.29,30.42,93.49,64.95,95.82,0.58,1.4,56.03,1.47,0.13,5.22,0,5.02,4.53,0,0,14.89,0,0,45.24,0,35.34,0,0.29,0.27
02430085,36.56,21.44,41.99,93.33,54.14,99.65,0.23,2.32,60,1.5,0.14,5.43,0,5.04,1.82,0,0,79.13,0,0,18.97,0,0.09,0,0.28,0.28
02430615,36.37,21.45,42.18,93.21,53.89,99.68,0.23,2.36,60,1.5,0.14,5.57,0,5.04,2,0,0,82,0,0,16,0,0,0,0.28,0.28
02448000,45.96,34.26,19.79,97.79,78.5,99.08,0.64,0.8,58.68,1.47,0.17,3.04,0,5.35,0.36,0,0,10.56,0,0.01,54.5,0,34.57,0,0.32,0.37
02450250,40.74,22.9,36.35,81.56,51.91,85.58,0.67,2.66,31.84,1.49,0.13,5.79,0,5.12,0,0,0,32,0,0,22,0,46,0,0.27,0.24
02456500,41.34,27.51,31.15,78.84,54.06,83.72,0.58,1.87,39.35,1.46,0.13,5.68,0,5.05,0,0,0,49.2,0,0,22.8,0,28,0,0.29,0.26
02464000,41.06,25.54,33.41,77.11,50.99,84.02,0.48,1.83,40.95,1.45,0.13,5.7,0,5.03,1.96,0,0,39.45,0,0,28.47,0,30.11,0,0.3,0.28
02464146,37.24,19.94,42.82,77.16,44.07,86,0.17,4.13,57.96,1.48,0.13,5.99,0,4.97,9.22,0,0,86.01,0,0,1.64,0,3.13,0,0.27,0.25
02464360,35.32,24.44,40.25,90.91,54.3,95.22,0.21,2.33,59.65,1.49,0.13,5.29,0,4.87,6.11,0,0,44.91,0,0,45.04,0,3.94,0,0.27,0.25
02465493,35.05,25.16,39.79,91.45,55.1,95.38,0.21,2.45,60,1.49,0.13,5.18,0,4.9,6.61,0,0.33,41.12,0,0,46.59,0,5.35,0,0.27,0.25
02469800,32.21,26.01,41.78,92.8,53.9,96.54,0.4,3.07,56.24,1.47,0.13,5.68,0,4.87,19.34,0,0,28.5,0,0,43.42,0,8.74,0,0.26,0.23
02472000,39.05,29.22,31.73,96.12,65.82,98.86,0.56,1.37,59.7,1.49,0.15,3.66,0,5.26,1.5,0,0,33.11,0,0.03,39.96,0,25.4,0,0.29,0.3
02472500,39,21.45,39.55,95.33,57.73,98.82,0.31,1.68,59.98,1.53,0.14,4.07,0,4.98,0.99,0,0,47.92,0,0,43.08,0,8,0,0.29,0.29
02475000,38.28,22.77,38.95,95.8,58.62,98.11,0.42,1.97,59.91,1.51,0.14,4.01,2.02,5.05,4.33,0,0.49,42.78,0,0.14,34.1,0,18.17,0,0.28,0.27
02475500,43.04,25.93,31.03,94.07,64.89,97.84,0.32,1.61,57.93,1.51,0.15,4.21,0,4.97,1.71,0,0,26.39,0,0,58.37,0,13.53,0,0.31,0.32
02478500,40.13,25.99,33.88,94.46,62.55,97.59,0.42,1.79,58.48,1.5,0.15,4.32,0.21,5.04,4.03,0,0.17,32.74,0,0.11,43.88,0,19.07,0,0.29,0.29
02479155,29.31,17.77,52.92,96.76,45.57,97.44,0.55,3.37,60,1.51,0.12,5.22,36.97,4.95,17.54,0,0,52.48,0,0,14.9,0,15.08,0,0.22,0.2
02479300,36.94,18.92,44.15,96.01,53.69,96.83,0.68,1.63,60,1.49,0.14,4.57,0.89,4.97,2.58,0,0,61.06,0,0.24,11.77,0,24.35,0,0.26,0.23
02479560,34.68,19.51,45.81,94.46,51.2,96.44,0.58,3.02,60,1.49,0.14,4.2,0.41,4.94,19.48,0,0,38.91,0,0.12,15.51,0,25.98,0,0.25,0.22
02481000,40.27,20.27,39.46,95.2,57.64,96.38,0.7,1.56,60,1.49,0.14,4.1,0,4.93,3.11,0,0,51.02,0,2.5,20.2,0,23.16,0,0.28,0.24
02481510,38.35,19.74,41.92,95.26,55.35,96.91,0.85,1.67,60,1.49,0.14,4.33,1.83,4.97,2.41,0,0,60.2,0,0.96,11.87,0,24.56,0,0.27,0.25
02482000,47.2,28.89,23.92,94.77,72.18,97.84,0.3,1.32,59.01,1.49,0.17,4.24,0,4.97,0.48,0,0,17.39,0,0.23,63.46,0,18.43,0,0.31,0.34
02486000,46.6,27.64,25.77,95.65,71.17,98.63,0.3,1.43,59.65,1.49,0.16,3.79,0,5.13,0.73,0,0,26.76,0,0.07,52.42,0,20.02,0,0.32,0.35
02492000,44.63,20.68,34.69,94.8,61.99,97.99,0.31,1.61,60,1.53,0.14,3.44,6.17,5,0.25,0,0,33.64,0,0.28,57.22,0,8.6,0,0.32,0.34
03010500,51.89,21.55,26.55,67.18,49.23,77.66,0.53,3.09,53.08,1.43,0.11,3.85,0,4.98,0,0,0,52.65,0,0.33,44.24,0,2.78,0,0.28,0.25
03010655,54.96,16.26,28.77,63.09,44.86,70.75,0.75,2.06,52.54,1.46,0.11,3.93,0,5.14,0,0,0,19.92,0,0.26,77.74,0.46,1.62,0,0.28,0.26
03011020,54.6,19.78,25.62,63.6,47.3,72.16,0.93,2.58,50.47,1.41,0.11,3.89,0,5.22,3.63,0,0.02,36.22,0,0.16,53.05,2.74,4.18,0,0.29,0.26
03011800,49.78,20.06,30.16,69.46,48.43,79.05,0.51,4.11,52.47,1.39,0.11,3.8,0,4.7,0,0,0,45.73,0,0.73,53.53,0,0,0,0.26,0.24
03015500,56.11,18.2,25.69,68.9,51.57,75.03,1.15,2.27,57.23,1.48,0.12,2.29,0,5.89,11.79,0,0.19,5.28,0,2.08,70.17,2.2,8.28,0,0.39,0.31
03020500,53.92,21.34,24.75,73.74,55.75,81.31,0.44,1.76,56.86,1.55,0.12,2.46,0,5.53,7.35,0,0,6.58,0,2.45,69.97,1.3,12.36,0,0.43,0.32
03021350,58.57,17.31,24.11,64.53,49.31,69.58,1.79,2.04,56.96,1.37,0.13,1.88,0,6.21,8.27,0,0.08,6.32,0,0.4,71.37,2.46,11.1,0,0.33,0.3
03024000,55.47,18.39,26.14,69.05,51.22,74.88,1.29,2.33,59.59,1.45,0.13,1.78,0,6.2,13.4,0,0.28,1.66,0,4.89,60.05,2.86,16.86,0,0.41,0.33
03026500,49.79,20.1,30.11,69.38,48.4,79,0.51,4.09,52.49,1.39,0.11,3.8,0,4.7,0,0,0,45.72,0,0.72,53.55,0,0,0,0.26,0.24
03028000,49.95,20.63,29.42,68.27,48.08,78.42,0.51,3.82,52.7,1.4,0.1,3.76,0,4.71,0,0,0,45.59,0,0.59,53.83,0,0,0,0.26,0.24
03032500,54.53,24.97,20.5,68.88,54.92,75.6,0.54,2.36,45.29,1.37,0.12,3.8,0,4.88,1.14,0,0,13.82,0,5.53,73.5,0,6,0,0.29,0.3
03049000,54.76,23.89,21.34,62.2,49.12,67.97,0.64,2.47,36.51,1.36,0.12,4.75,0,4.88,3.78,0,0,9.09,0,18.28,67.68,0,1.17,0,0.3,0.29
03049800,55.49,26.01,18.5,68.1,55.52,73.39,0.56,1.8,37.43,1.35,0.13,4.43,0,5.08,0,0,0,9.58,0,10.94,70.32,0,9.17,0,0.31,0.3
03050000,52.2,21.63,26.17,62.02,46.3,68.19,0.72,2.86,37.82,1.39,0.11,5.16,0,5.15,4.79,0,0,19.69,0,11.62,58.21,0,5.69,0,0.3,0.25
03050500,52.03,21.44,26.52,62.42,46.42,68.6,0.76,2.91,37.79,1.38,0.11,5.03,0,5.14,4.48,0,0,18.49,0,12.72,56.99,0,7.33,0,0.3,0.26
03051000,51.78,21.45,26.77,62.88,46.55,69.41,0.74,3.25,37.26,1.38,0.11,5.06,0,5.06,8.27,0,0,17.03,0,11.2,56.24,0,7.27,0,0.3,0.25
03054500,53.61,22.67,23.72,65.48,50.37,72.06,0.64,3.37,37.28,1.37,0.12,5.21,0,4.94,9.58,0,0,10.96,0,5.25,64.98,0,9.24,0,0.29,0.28
03065000,54.08,20.68,25.24,61.09,45.94,67.47,0.54,3.33,39.39,1.4,0.11,5.34,0,5.03,14.53,0,0,18.23,0,0,64.79,0,2.45,0,0.28,0.22
03066000,53.57,21.61,24.82,65.75,49.77,72.01,0.67,4.42,42.62,1.38,0.12,4.32,0,4.78,21.56,0,0,9.55,0,0,44.87,0,24.02,0,0.3,0.26
03069000,52.45,19.96,27.59,61.57,44.77,68.34,0.57,4.19,38.68,1.39,0.11,5.16,0,4.92,21.17,0,0,15.53,0,3.62,56.06,0,3.62,0,0.28,0.22
03069500,53.57,20.4,26.03,61.62,45.83,68.22,0.57,3.94,39.43,1.39,0.11,5.16,0,4.95,19.59,0,0,15.5,0,1.06,58.11,0,5.73,0,0.28,0.23
03070000,53.41,19.76,26.83,61.27,45.07,68.2,0.66,3.98,38.25,1.4,0.11,5.26,0,4.98,17.08,0,0,13.24,0,1,63.6,0,5.07,0,0.28,0.22
03070500,53.72,22.62,23.66,66.95,51.54,74.14,0.53,3.34,40.78,1.37,0.12,4.56,0,4.74,7.9,0,0,22.6,0,1.43,65.84,0,2.23,0,0.28,0.28
03075500,52.83,19.7,27.46,64.46,46.89,73.73,0.69,4.59,38.89,1.39,0.11,4.86,0,4.83,21.06,0,0,9.25,0,0.4,64.12,0,5.16,0,0.27,0.23
03076600,52.74,19.78,27.48,64.08,46.45,74.34,0.6,4.75,39.7,1.4,0.11,4.81,0,4.83,22.66,0,0,8.06,0,0.47,62.04,0,6.76,0,0.27,0.22
03078000,51.35,20.48,28.17,64.97,46.69,74.28,0.56,5.08,41.29,1.38,0.11,4.38,1.4,4.67,28.64,0,0,4.16,0,0.06,61.13,0,6.01,0,0.27,0.23
03079000,53.87,22.62,23.51,66.34,51.12,74.07,0.56,3.26,40.99,1.38,0.12,4.38,0.24,4.81,9.71,0,0,18.31,0,3.28,65.58,0,3.11,0,0.28,0.28
03109500,52.87,20.99,26.13,71.68,52.89,79.66,1.21,2.06,50.39,1.47,0.12,3.71,0,5.54,1.24,0,0.8,16.55,0,8.94,66.19,0,6.29,0,0.42,0.32
03111500,56.42,28.93,14.65,73.54,62.82,80.27,0.44,1.58,46.89,1.49,0.13,5.23,0,5.84,0,0,0,19.32,0,1.63,77.73,0,1.33,0,0.4,0.35
03114500,55.77,30.73,13.5,76.16,65.82,81.08,0.4,0.98,39.51,1.38,0.13,5.69,0,5.44,0,0,0,8.9,0,0,53.17,0,37.94,0,0.31,0.34
03140000,56.86,25.79,17.35,79.23,65.65,84.36,0.42,1.25,54.97,1.46,0.14,3.48,0,5.32,0,0,0,30.7,0,2.92,62.82,3.55,0,0,0.4,0.34
03144000,58.58,22.24,19.19,71.72,57.9,78.19,0.3,1.79,57.14,1.48,0.13,4.03,0,5.17,0,0,0,12.23,0,0.54,87.23,0,0,0,0.47,0.32
03155500,56.52,30.57,12.91,76.7,66.77,81.39,0.42,0.92,39.07,1.38,0.13,5.64,0,5.41,0,0,0,8.95,0,0,54.22,0,36.83,0,0.32,0.34
03159500,55.61,26.51,17.88,77.95,64.03,83.69,0.52,2.04,49.21,1.46,0.14,4.23,0,5.71,0,0,0,36.89,0,0.72,55.07,2.34,4.97,0,0.38,0.36
03159540,52.87,36.84,10.29,85.24,76.46,89.28,0.25,0.94,49.75,1.46,0.14,3.86,0,6.09,0,0,0,0.59,0,0,72,0.14,27.26,0,0.41,0.41
03161000,40.52,18,41.48,87.13,51.04,91.16,0.67,2.91,56.1,1.41,0.13,5.78,0,5.32,0.19,0,0,94.45,0,0.33,4.18,0,0.85,0,0.27,0.24
03164000,40.39,21.37,38.24,83.37,51.42,87.68,0.64,3.19,55.5,1.39,0.14,5.84,0,5.16,0.1,0,0,90.25,0,0.22,8.51,0,0.93,0,0.26,0.22
03165000,42.36,24.69,32.94,76.69,51.07,81.57,0.6,3.28,51.11,1.36,0.14,5.98,0,5.13,3.78,0,0,71.71,0,0,22.29,0,2.22,0,0.25,0.22
03165500,40.42,21.76,37.82,82.04,50.92,86.52,0.63,3.34,54.45,1.39,0.14,5.86,0,5.14,0.31,0,0,87.74,0,0.19,10.29,0,1.47,0,0.25,0.22
03167000,39.36,37.16,23.48,73.22,57.3,78.32,0.57,2.5,44.96,1.38,0.12,5.88,0,5.21,0.81,0,0,47.02,0,6.78,44.15,0,1.25,0,0.28,0.29
03168000,40.92,24.86,34.22,78.12,51.3,83.16,0.6,3.29,51.15,1.39,0.13,5.86,0,5.13,0.54,0,0,74.02,0,1.31,21.89,0,2.23,0,0.26,0.24
03170000,38.66,26.17,35.16,78.24,50.68,82.68,0.63,3.34,52.67,1.36,0.14,5.96,0,4.93,2.6,0,0,76,0,2.06,18.49,0,0.85,0,0.24,0.2
03173000,41.36,31.18,27.45,67.53,50.08,74.11,0.64,3.31,43.95,1.4,0.11,5.6,0,5.19,0.97,0,0,49.41,0,9.67,37.53,0,2.42,0,0.27,0.26
03175500,44.19,25.83,29.99,64.62,46.28,71.54,0.61,4.21,39.81,1.4,0.11,5.72,0,5.14,0.8,0,0,51.31,0,7.26,35.43,0,5.2,0,0.27,0.25
03179000,50.69,26.5,22.81,65.67,50.98,71.2,0.55,2.19,40.36,1.4,0.12,5.79,0,5.22,0.15,0,0,32.77,0,0.32,66.31,0,0.45,0,0.3,0.27
03180500,51.3,19.42,29.28,57.79,40.99,64.05,0.57,2.76,37.3,1.39,0.1,4.98,0,5,4.02,0,0,10.51,0,10.78,73.34,0,1.34,0,0.28,0.22
03182500,50.33,19.55,30.12,59.66,41.86,66.24,0.72,3.65,37.04,1.39,0.1,5.47,0,5.18,6.93,0,0,22.01,0,11.97,57.9,0,1.18,0,0.29,0.22
03183500,48.09,22.44,29.47,61.38,43.8,67.74,0.72,3.94,37.37,1.38,0.11,5.65,0,5.17,8.71,0,0,30.35,0,13.57,45.61,0,1.77,0,0.29,0.24
03184000,48.45,22.92,28.63,62.29,44.93,68.62,0.71,3.77,37.87,1.38,0.11,5.65,0,5.17,7.91,0,0,30.76,0,11.76,47.87,0,1.71,0,0.29,0.24
03186500,54.56,22.54,22.9,63.78,49.33,69.41,0.41,2.54,40.71,1.4,0.12,5.25,0,5.01,6.31,0,0,21.63,0,0,70.97,0,1.09,0,0.29,0.24
03187500,54.35,20.77,24.88,62.17,46.83,68.07,0.4,2.96,39.39,1.39,0.11,4.92,0,4.78,7.31,0,0,9.04,0,0,82.11,0,1.54,0,0.28,0.23
03198500,52.19,18.72,29.09,57.84,41.25,65.23,0.64,5.16,44.33,1.39,0.1,5.74,0,4.84,24.16,0,0,34.7,0,0,35.8,0,5.34,0,0.25,0.21
03213700,49.32,20.52,30.15,58.24,40.71,64.74,0.59,3.1,42.45,1.41,0.11,5.8,0,4.98,0.14,0,0,34.39,0,0.03,59.45,0,5.98,0,0.27,0.22
03237280,63.41,21.81,14.78,63.94,54.49,69.88,0.8,2.14,45.21,1.42,0.13,5.43,0,4.86,0,0,0,47.02,0,0,45.99,0,6.99,0,0.41,0.28
03237500,52.3,36.19,11.52,88.51,78.32,92.65,0.61,0.81,47.98,1.49,0.14,4.54,0,6.31,0,0,0,27.82,0,0.26,63.1,0.52,8.3,0,0.38,0.38
03238500,55.11,29.91,14.98,93.43,79.44,96.41,0.65,0.65,59.29,1.48,0.18,1.84,0,5.8,0,0,0,2.52,0,3.03,32.54,0.97,60.94,0,0.42,0.42
03241500,51.48,25.36,23.16,89.4,68.91,92.48,0.77,1.51,59.67,1.58,0.14,2.93,0,7.08,0,0,0,17.1,0,28.95,53.66,0.27,0.03,0,0.4,0.35
03251500,51.76,33.95,14.3,79,68.33,84.62,0.68,1.43,38.21,1.45,0.14,5.07,0,5.58,0,0,0,25.02,0.22,0,50.49,0.11,24.15,0,0.33,0.33
03252500,51.25,41.28,7.47,91.96,85.09,94.56,0.68,0.91,39.42,1.45,0.16,5.66,0,6.32,0,0,0,20.67,0,0,71.13,0,8.2,0,0.31,0.35
03253500,51.39,36.39,12.22,82.07,72.63,87.16,0.67,1.22,38.22,1.45,0.14,5.26,0,5.83,0,0,0,22.93,0.15,0,57.98,0.08,18.86,0,0.32,0.33
03265000,52.32,27.78,19.89,89.51,71.84,92.99,1.13,0.98,59.84,1.59,0.14,2.95,0,7.14,0.1,0,0.41,7.85,0,14.45,70.74,6.41,0.04,0,0.41,0.36
03266000,52.21,27.42,20.37,89.06,71.06,92.57,1.02,1.02,59.11,1.6,0.14,3.01,0,7.13,0.08,0,0.31,8.3,0,15.43,70.67,4.96,0.24,0,0.41,0.36
03269500,50.76,24.38,24.86,81.88,61.8,86.13,0.9,2.53,60,1.58,0.13,3.78,0,7.22,0.39,0,0,23.06,0,21.25,54.66,0.4,0.25,0,0.43,0.35
03274000,51.58,27.45,20.98,88.16,69.9,91.7,0.96,1.28,59.4,1.59,0.14,3.3,0,7.13,0.12,0,0.24,15.85,0,13.72,63.09,4.41,2.56,0,0.41,0.36
03280700,54.35,21.93,23.72,67.17,51.23,72.82,1.1,2.39,38.38,1.38,0.13,5.93,0,5.03,0,0,0,65,0,0,29,0,6,0,0.33,0.29
03281100,56.55,25.32,18.13,72.31,59.31,77.95,0.99,2.33,37.86,1.41,0.14,5.19,0,4.92,0,0,0,54.59,0,0,24.76,0.12,20.54,0,0.34,0.32
03281500,55.11,23.13,21.77,69.25,54.25,74.86,1.05,2.34,38.54,1.39,0.13,5.67,0,4.99,0,0,0,61.81,0,0,27.16,0.1,10.93,0,0.33,0.3
03285000,51.78,38.02,10.2,84.73,76.34,88.51,0.68,1.11,40.1,1.42,0.15,5.49,0,6.09,0,0,0,28.18,0,3.4,50.78,0,17.64,0,0.32,0.37
03289500,51.92,40.17,7.91,93.09,85.72,95.15,0.71,1.31,46,1.44,0.16,5.6,0,6.19,0,0,0,41.17,0,0,52.63,0,6.2,0,0.31,0.34
03291780,50.25,35,14.76,91.06,77.52,95.03,0.51,0.67,52.88,1.53,0.15,4.23,0,5.89,0,0,0,7.46,0,0,74.74,0,17.8,0,0.41,0.39
03300400,48.84,44.67,6.48,85.48,79.93,91.02,0.58,0.48,34.97,1.5,0.14,5.88,0,6.53,0,0,0,9.48,0,0,87.66,0,2.86,0,0.3,0.29
03301500,50.29,39.96,9.75,83.12,75.17,87.82,0.59,0.9,36.95,1.45,0.14,5.62,0,6,0,0,0,19.1,0,0.14,64.86,0,15.91,0,0.31,0.33
03303000,54.95,33.65,11.41,85.43,75.81,90.15,0.55,1.29,52.5,1.39,0.16,5.2,0,5.6,0,0,0,64.78,0,1.13,25.74,1.52,6.83,0,0.33,0.33
03308500,48.95,37.86,13.19,82.39,71.43,86.59,0.45,1.66,50.26,1.39,0.14,5.45,0,5.43,0,0,0,64.41,0,0.34,32.98,0,2.27,0,0.32,0.35
03324300,52.59,34.25,13.15,92.41,80.27,96.77,2.05,0.61,60,1.57,0.15,1.97,0,7.03,0,0,1.38,3.08,0,2.92,67.38,25.11,0.13,0,0.39,0.38
03326500,52.33,33.4,14.27,92.04,79.02,96.33,2.12,0.75,60,1.57,0.15,2.19,0,7.01,0,0,1.53,6.42,0,3.6,66.16,22.29,0.01,0,0.39,0.38
03328500,47.63,28.15,24.22,90.17,68.88,94.88,4.44,1.7,60,1.52,0.15,2.83,0,6.93,1.36,0,5.02,23.24,0,6.81,49.81,13.73,0.03,0,0.36,0.34
03331500,38.04,17.68,44.28,87.38,49.11,92.99,7.83,4.06,60,1.43,0.15,3.61,0,6.78,10.51,0,10.86,45.45,0,14.06,17.24,1.82,0.06,0,0.29,0.27
03338780,53.19,29.4,17.41,94.1,77.82,96.95,1.52,1.12,59.95,1.48,0.16,2.42,0,6.97,0.23,0,0.33,34.22,0,30.59,34.53,0,0.1,0,0.33,0.29
03339500,52.65,25.16,22.18,93.71,73.01,96.32,1.21,1.23,60,1.55,0.17,2.16,0,6.86,0,0,0.5,20.52,0,31.4,47.18,0.4,0,0,0.39,0.35
03340800,53.19,25.01,21.81,94.07,73.59,96.46,1.1,1.01,59.8,1.57,0.17,2.72,0,6.95,0,0,0.36,30.09,0,23.96,45.48,0.11,0,0,0.4,0.36
03345500,58.19,27.23,14.58,96.42,82.42,98.47,1.07,1.06,60,1.46,0.19,2.36,18.73,6.42,0,0,0,40.13,0,21.46,23.93,2.01,12.47,0,0.37,0.33
03346000,60.23,27.44,12.33,96.94,85.04,99.04,0.68,0.71,60,1.49,0.18,2.31,55.43,5.86,0,0,0,10.62,0,2.03,55.23,2.36,29.77,0,0.4,0.39
03348000,50.84,26.64,22.52,91.28,70.77,94.09,1.75,0.95,60,1.59,0.15,2.98,0,7.09,0.07,0,1.37,16.02,0,19.05,60.85,2.65,0,0,0.42,0.37
03349000,50.63,27.27,22.1,91.9,71.69,94.83,1.77,1.01,60,1.59,0.16,2.53,0,7.07,0.03,0,1.25,17.03,0,21.4,54.8,5.5,0,0,0.42,0.37
03357350,52.65,25.83,21.53,92.84,72.87,95.24,0.54,0.9,58.83,1.57,0.16,4.67,0,6.89,0,0,0,69.07,0,3.31,27.62,0,0,0,0.39,0.36
03361500,50.6,25.03,24.36,89.81,68.18,92.74,1.3,1.49,59.99,1.58,0.15,2.81,0,7.11,0.13,0,0.59,21.16,0,27.41,50.57,0,0.13,0,0.42,0.36
03361650,49.42,25.04,25.53,92.06,68.73,94.68,1.44,1.16,60,1.61,0.16,2.56,0,7.04,0,0,0.85,28.7,0,28.69,41.76,0,0,0,0.42,0.37
03362500,49.63,24.8,25.56,92.71,69.18,95.17,1.58,1.21,60,1.59,0.16,2.45,0,7.07,0.09,0,0.86,28.2,0,30.66,40.11,0,0.08,0,0.41,0.37
03363000,49.9,24.72,25.38,91.18,68.28,93.86,1.49,1.43,59.99,1.58,0.16,2.66,0,7.08,0.18,0,0.78,26.65,0,28.9,43.39,0,0.09,0,0.42,0.36
03364000,50.4,24.67,24.93,90.82,68.43,93.56,1.43,1.46,59.62,1.57,0.16,2.8,0,6.99,0.21,0,0.74,27.27,0,26.65,44.88,0.12,0.13,0,0.41,0.36
03364500,52.95,25.7,21.35,93.07,73.28,95.63,0.79,1.05,59.25,1.57,0.16,3.36,0,6.84,0,0,0.16,36.89,0,13.1,49.39,0.46,0,0,0.4,0.36
03365500,50.92,24.76,24.32,91.4,69.38,94.14,1.28,1.39,59.59,1.57,0.16,2.93,0,6.9,0.36,0,0.6,28.84,0,23,45.44,0.17,1.59,0,0.41,0.36
03366500,57.77,25.83,16.4,92.74,77.53,96.34,0.39,0.77,59.52,1.54,0.15,2.54,0,5.44,0,0,0,4.57,0,0,57.84,0.18,37.42,0,0.46,0.41
03368000,57.86,25.79,16.34,92.78,77.62,96.37,0.37,0.75,59.55,1.54,0.15,2.4,0,5.44,0,0,0,2.49,0,0,56.63,0,40.88,0,0.46,0.41
03381500,61.58,27.18,11.24,97.12,86.21,99.23,0.69,0.7,59.72,1.49,0.18,2.03,27.51,5.64,0.01,0,0,4.08,0,2.67,59.51,8.01,25.72,0,0.4,0.39
03384450,64.21,25.38,10.41,93.68,83.92,95.23,0.42,1,54.86,1.49,0.16,3.28,0,5.02,0,0,0,18,0,0,82,0,0,0,0.4,0.4
03410500,50.61,22.7,26.69,73.14,53.34,79.27,0.73,3.93,38.8,1.38,0.13,5.9,0,5.01,0,0,0,70.7,0,0,18.33,0,10.97,0,0.29,0.26
03438000,56.54,33.78,9.68,86.8,78.45,90.92,0.44,1.19,55.4,1.45,0.16,4.56,0,5.51,0,0,0,61.85,0,0.66,36.24,0,1.25,0,0.34,0.37
03439000,39.24,18.89,41.88,84.93,49.3,90.1,0.71,2.79,51.46,1.4,0.13,5.8,0,5.31,0,0,0,92.17,0,0.79,3.8,0,3.24,0,0.26,0.24
03443000,38.69,21.19,40.13,85.35,51.03,90.77,0.7,2.76,50.76,1.4,0.13,5.65,0,5.24,0,0,0,89.05,0,1.79,4.33,0,4.84,0,0.26,0.23
03450000,37.94,17,45.07,85.56,47.03,90.21,0.76,2.89,54.41,1.39,0.13,6,0,5.37,0,0,0,99.02,0,0,0,0,0.98,0,0.24,0.22
03451500,38.71,22.24,39.05,85.07,51.81,90.88,0.75,2.76,51.69,1.4,0.13,5.51,0,5.22,0.06,0,0,87.17,0,3.03,4.55,0,5.19,0,0.26,0.23
03455000,39.57,20.8,39.63,83.96,50.64,89.26,0.85,2.92,48.83,1.41,0.13,5.66,0,5.17,0.06,0,0,80.21,0,1.76,13.09,0,4.87,0,0.26,0.22
03455500,37.12,13.43,49.44,76.9,39.18,82.49,1.83,3.52,56.46,1.4,0.12,6,0,5.25,0,0,0,99.58,0,0,0,0,0.42,0,0.24,0.18
03456500,37.56,16.29,46.15,81.72,44.21,87.21,1.18,3.12,55.33,1.39,0.13,5.95,0,5.29,0,0,0,98.34,0,0.5,0.01,0,1.15,0,0.24,0.21
03460000,42.92,13.94,43.15,75.44,42.95,82.12,1.3,3.67,50.64,1.43,0.12,5.93,0,5.04,0.71,0,0,98.16,0,0.22,0.71,0,0.2,0,0.25,0.17
03463300,37.58,17.59,44.82,82.21,45.48,88.19,1.06,3.03,55.22,1.39,0.13,5.9,0,5.28,0,0,0,97.19,0,1.12,0,0,1.69,0,0.24,0.22
03465500,39.87,16.66,43.47,84.17,47.63,88.91,1.05,3.34,51.42,1.44,0.13,5.88,0,5.19,0.01,0,0,84.68,0,0.57,12.62,0,2.13,0,0.24,0.23
03470000,43.32,19.88,36.81,81.54,51.29,88.69,0.3,9.62,25.48,1.36,0.12,5.77,0,5.13,0,0,0,22.37,0,0,5.26,0,72.37,0,0.22,0.22
03471500,41.91,27.9,30.19,65.08,46.11,71.96,0.65,3.21,45.41,1.42,0.1,5.58,0,5.14,0.93,0,0,50.16,0,9.8,37.67,0,1.44,0,0.27,0.25
03473000,41.03,25.59,33.38,75.57,50.42,81.64,0.9,3.14,45.78,1.45,0.12,5.83,0,5.11,0.34,0,0,55.14,0,3.18,38.34,0,3,0,0.27,0.26
03479000,38.67,14.65,46.68,85.55,45.65,89.75,0.94,3.6,54.45,1.46,0.13,5.97,0,5.28,0,0,0,97.78,0,0.56,0,0,1.66,0,0.23,0.23
03488000,40.71,32.77,26.51,68.35,51.62,74.6,0.62,3.33,40.04,1.39,0.11,5.71,0,5.4,0.94,0,0,41.6,0,8.33,45.45,0,3.68,0,0.27,0.26
03490000,41.05,34.45,24.49,71.48,55.24,77.33,0.57,2.91,44.03,1.39,0.12,5.76,0,5.3,0.66,0,0,51.51,0,6,39.12,0,2.7,0,0.28,0.28
03498500,43.28,22.76,33.97,80.48,52.65,86.77,0.28,8.47,26.3,1.37,0.12,5.8,0,5.25,0,0,0,23.29,0,0,8.29,0,68.42,0,0.23,0.23
03500000,38.59,20.5,40.9,85.7,50.6,90.95,0.75,2.9,49.81,1.41,0.13,5.62,0,5.26,0,0,0,86.8,0,3.26,5.12,0,4.81,0,0.26,0.23
03500240,38.74,19.41,41.85,85.69,49.79,90.57,0.72,2.99,46.74,1.42,0.13,5.85,0,5.22,0,0,0,92.45,0,1.14,0.67,0,5.74,0,0.27,0.22
03504000,37.89,16.77,45.34,85.01,46.53,89.72,0.83,2.92,54.54,1.39,0.13,6,0,5.35,0,0,0,99.06,0,0,0,0,0.94,0,0.24,0.23
03512000,43.39,14.96,41.66,76.7,44.76,83.15,1.29,3.51,48.77,1.43,0.12,5.92,0,5.04,0.47,0,0,95.15,0,0.26,3.27,0,0.85,0,0.26,0.17
03524000,41.51,38.01,20.48,74.75,60.39,79.7,0.47,1.96,48.95,1.39,0.13,5.9,0,5.29,0.1,0,0,61.71,0,0.87,35.93,0,1.4,0,0.28,0.3
03528000,42.54,36.1,21.37,73.08,58.54,78.34,0.51,1.99,47.6,1.4,0.12,5.87,0,5.24,0.06,0,0,55.06,0,0.54,40.59,0,3.75,0,0.27,0.29
03531500,46.36,26.9,26.74,62.61,46.65,68.67,0.58,2.62,45.98,1.4,0.11,5.84,0,5.1,0.03,0,0,47.45,0,0.23,48.67,0,3.63,0,0.26,0.23
03532000,41.57,36.52,21.91,70.48,56.19,76.12,0.51,2.04,47.01,1.4,0.12,5.85,0,5.32,0.01,0,0,51.51,0,0.25,43.94,0,4.29,0,0.27,0.27
03540500,48.35,24.11,27.54,79.51,57.46,85.25,0.59,3.72,36.92,1.36,0.14,5.86,0,4.93,0,0,0,65.49,0,0,23.31,0,11.2,0,0.29,0.29
03550000,45.38,18.03,36.59,74.41,47.19,82.64,1.11,3.22,45.94,1.43,0.13,5.84,0,4.96,0.23,0,0,87.03,0,1.65,9.62,0,1.47,0,0.26,0.17
03567500,43.76,36.53,19.71,72.32,58.02,78.47,0.49,1.56,49.75,1.44,0.14,5.04,0,5.12,0,0,0,60.77,0,0,20.18,0,19.05,0,0.31,0.3
03574500,45.86,31.2,22.94,82.42,63.41,87.29,0.61,2.28,38.5,1.46,0.13,5.76,0,5.27,0,0,0,35.15,0,0,39.31,0,25.54,0,0.27,0.28
03592718,37.01,21.38,41.61,93.67,54.69,99.5,0.24,2.2,60,1.51,0.14,5.02,0,5.01,1.47,0,0,70.78,0,0,27.27,0,0.48,0,0.28,0.29
03603000,50.76,34.82,14.41,78.15,67.47,82.38,0.61,1.75,52.61,1.44,0.13,5.35,0,5.46,0.02,0,0,53.65,0,0,30.62,0,15.71,0,0.32,0.34
03604000,51.73,31.92,16.35,66.97,56.36,72.86,0.41,2.42,58.36,1.45,0.12,5.43,0,5.13,0.04,0,0,79.54,0,0,13.28,0,7.15,0,0.33,0.32
04015330,34.46,36.75,28.79,88.9,65.27,91.98,4.47,2.02,57.67,1.34,0.2,4.22,0,6.37,3.21,0,5.18,27.93,0,1.26,16.48,0.78,45.15,0,0.29,0.35
04024430,27.71,25.46,46.83,91.79,49.69,95.3,9,4.22,59.43,1.28,0.19,3.74,17.98,6.33,15.57,0,14.27,14.32,0,0.84,24.45,3.35,27.19,0,0.26,0.31
04027000,39.08,16.32,44.6,86.35,48.24,90.96,8.09,1.93,52.21,1.4,0.15,2.98,0,5.8,2.34,0,12.48,40.96,0,5.45,18.92,0,19.85,0,0.29,0.26
04040500,41.69,9.74,48.57,79.91,40.94,91.2,12.99,3.62,55.07,1.27,0.17,2.21,0,5.13,3.5,0,14.04,44.02,0,11.88,21.83,0,4.72,0,0.31,0.28
04043050,25.54,9.05,65.41,83.35,28.31,91,1.31,3.92,59.27,1.54,0.07,2.67,0,5.43,18.37,0,2.55,70.67,0,1.23,6.64,0,0.53,0,0.22,0.16
04045500,18.16,8.87,72.98,88.55,24.43,95.21,22.16,8.07,59.62,1.1,0.19,2.69,0,6.07,39.63,0,41.9,8.85,0,0.64,5.65,0.04,3.29,0,0.19,0.16
04056500,15.99,6.21,77.8,86.45,19.12,93.49,23.07,8.93,59.31,1.09,0.19,2.58,0,5.78,39.93,0,47.41,7.83,0,0.72,0.14,0.35,3.62,0,0.17,0.15
04057510,12.73,5.7,81.57,87.07,15.9,93.73,21.63,9.56,59.39,1.09,0.18,3.05,0,5.57,50.77,0,43.32,3.82,0,0.3,0.31,0,1.49,0,0.16,0.15
04057800,42.32,8.34,49.34,78.33,39.86,90.7,12.49,3.74,49.75,1.25,0.18,2.85,0,5.03,3.08,0,11.92,44.66,0,10.09,20.86,0,9.39,0,0.31,0.27
04059500,38.39,13.93,47.69,83.48,43.6,91.04,19.05,3.48,58.92,1.21,0.21,2.23,0,7.05,4.16,0,36.9,44.17,0,9.07,2.75,0,2.95,0,0.29,0.23
04063700,36.75,7.39,55.86,74.1,32.88,79.59,15.61,5.37,59.86,1.29,0.17,3.41,0,5.55,5.39,0,25.05,60.69,0,4.79,3.84,0,0.24,0,0.21,0.26
04073500,31.51,14.11,54.37,87.54,40.23,90.41,11.23,6.28,59.87,1.36,0.15,4.19,0,6.68,22.02,0,17.79,46.27,0,4.64,6.36,0,2.92,0,0.25,0.24
04074950,35.61,7.3,57.09,74.29,31.98,79.96,12.32,5.21,59.82,1.35,0.16,3.77,0,5.56,10.67,0,19.75,60.12,0,4.72,4.5,0,0.24,0,0.21,0.25
04079000,37.08,10.68,52.23,81.5,39.28,86.18,10.13,4.91,59.94,1.38,0.16,3.93,0,6.25,14.21,0,19.79,48.42,0,3.68,13.27,0,0.62,0,0.23,0.23
04100500,38.85,19.4,41.74,85.22,50.66,91.84,8.28,3.9,60,1.42,0.16,3.64,0,6.8,2.9,0,10.99,50.87,0,11.44,19.86,3.87,0.07,0,0.31,0.29
04105700,25.31,12.92,61.77,77.73,29.76,87.54,5.1,7.41,60,1.43,0.12,5.16,0,6.59,8.11,0,8.07,80.45,0,2.98,0.38,0,0,0,0.26,0.26
04113000,38.1,16.28,45.62,86.27,47.48,93.4,10.48,3.55,59.92,1.4,0.17,3.37,0,6.87,7.81,0,13.24,46.05,0,18.65,11.46,0,2.79,0,0.28,0.25
04115000,42.39,21.51,36.11,90.46,58.41,95.18,8.09,2.65,60,1.44,0.17,1.88,0,7.11,3.52,0,11.54,23.67,0,31.65,24.09,0.42,5.11,0,0.3,0.27
04115265,23.9,11.25,64.85,77.92,27.39,86.13,11.01,7.66,60,1.36,0.13,4.63,0,6.89,21.13,0,14.53,58.88,0,3.95,0.39,0,1.12,0,0.26,0.21
04122200,20.1,9.47,70.43,90.28,26.49,94.48,3.68,9.69,60,1.49,0.1,3.86,0,6.2,49.56,0,15.96,24.29,0,2.07,8.02,0.01,0.09,0,0.19,0.19
04122500,15.88,8.17,75.95,90.32,21.66,94.87,4.02,10.34,60,1.48,0.09,4.26,0,6.13,61.55,0,13.99,16.56,0,2.29,5.43,0,0.16,0,0.18,0.17
04124000,10.71,6.32,82.97,88.76,14.99,95.92,3.66,11.04,59.77,1.44,0.08,5.05,0,5.89,79.8,0,10.35,6.67,0,0.93,1.9,0,0.36,0,0.17,0.14
04127918,20.78,19.39,59.83,90.27,37.95,95.85,13.51,7.18,59.64,1.23,0.17,2.24,0,6.28,32.14,0,25.17,6.95,0,7.92,2.01,0.46,25.35,0,0.21,0.22
04127997,14.96,9.36,75.68,89.04,21.7,94.88,1.3,8.7,60,1.49,0.09,5.72,0,6.22,73.84,0,1.84,19.71,0,0.79,3.54,0.22,0.05,0,0.19,0.17
04161580,37.64,18.54,43.83,87.06,49.12,93.2,7.68,3.34,60,1.44,0.16,4.38,0,6.98,5.07,0,9.69,76.73,0,4,4.51,0,0,0,0.31,0.28
04164000,32.99,16.78,50.23,87.27,44.11,93.57,6.04,5.28,60,1.46,0.14,3.66,0,6.91,13.2,0,7.28,39.27,0,8.68,5.81,0.2,25.56,0,0.27,0.24
04165500,36.55,19.64,43.81,88.99,50.83,94.5,4.95,4.18,60,1.48,0.14,2.98,0,6.98,9.26,0,5.9,34.43,0,14.23,15.43,2.82,17.93,0,0.29,0.25
04176500,41.44,26.46,32.1,89.39,61.83,94.66,3.54,3.08,60,1.51,0.13,2.51,0,6.99,6.8,0,4.84,27.43,0,7.19,29.48,20.9,3.36,0,0.33,0.29
04178000,47.41,28.51,24.08,89.95,68.99,94.99,3.6,1.64,60,1.54,0.15,2.38,0,7.01,1.85,0,3.43,19.5,0,10.39,48.6,15.87,0.36,0,0.36,0.34
04183500,49.86,32.05,18.09,91.63,75.46,96.22,2.72,1.12,60,1.55,0.15,2,0,7.02,0.65,0,2.31,9.87,0,7.73,55.12,21.83,2.49,0,0.37,0.35
04185000,46.38,29.17,24.45,92.21,70.05,96.31,2.98,1.86,59.98,1.53,0.15,2.08,0,7.03,3.87,0,3.41,17.32,0,15.4,40.41,12.57,7.04,0,0.35,0.32
04191500,47.73,39.54,12.73,93.68,81.89,97.61,1.65,0.8,59.8,1.54,0.14,1.22,0,7.05,0.46,0,0.67,1.73,0,7.24,41.71,27.13,21.05,0,0.36,0.35
04196800,50.54,37.01,12.46,93.91,82.24,97.42,1.71,0.57,60,1.55,0.15,1.4,0,7.02,0,0,0.75,1.49,0,7.75,54.77,21.11,14.12,0,0.38,0.37
04197100,55.59,30.3,14.11,91.93,78.96,95.36,1.36,0.79,59.01,1.55,0.14,1.57,0,6.79,0.35,0,2.23,2.37,0,12.28,72.35,7.24,3.18,0,0.39,0.37
04197170,51.24,33.04,15.72,92.02,77.64,96.74,1.81,0.96,59.91,1.57,0.15,1.83,0,7.01,1.61,0,1.2,5.97,0,3.23,61.89,26.11,0,0,0.38,0.37
04198000,52.21,32.92,14.87,92.71,78.94,96.53,1.29,0.82,59.37,1.55,0.15,1.6,0,6.93,0.55,0,0.9,5.74,0,10.42,58.85,18.23,5.33,0,0.38,0.36
04201500,52.64,31.81,15.55,91.46,77.29,95.35,1.83,1.26,56.57,1.45,0.18,1.53,0.05,6.51,0.02,0,0,5.68,0,1.36,38.13,2.18,52.64,0,0.38,0.41
04213000,58.32,23.74,17.94,82.1,68.07,87.29,0.95,1.46,59.89,1.53,0.14,1.2,11.44,6.34,4.8,0,0,2.3,0,4.29,52.98,2.36,33.27,0,0.44,0.37
04213075,61.91,26.12,11.98,89.29,78.66,94.11,0.57,0.75,60,1.59,0.15,0.68,0,6.39,0.17,0,0,0.51,0,4.95,46.88,0,47.5,0,0.46,0.39
04216418,58.39,19.08,22.52,65.99,51.38,71.28,1.91,2,51.81,1.35,0.13,3.05,0,5.92,6.27,0,0,19.15,0,0,58.7,6.14,9.74,0,0.33,0.29
04221000,57.95,13.21,28.85,57.57,41,63.69,1.54,1.48,52.8,1.41,0.11,3.47,0,5.32,3.34,0,0.13,2.45,0,0,90.37,2.03,1.68,0,0.29,0.25
04223000,58.37,16.7,24.93,62.22,47.02,68.01,1.88,1.87,51.15,1.36,0.13,3.14,0,5.66,5.53,0,0.06,8.84,0,0.02,73.09,5.73,6.72,0,0.31,0.27
04224775,58.71,18.52,22.76,62.35,48.46,68.37,2.09,2.09,49.17,1.34,0.13,3.06,0,5.77,7.41,0,0,9.03,0,0,66.65,8.12,8.79,0,0.32,0.27
04233000,57.35,20.21,22.45,66.64,52.24,71.95,2.08,2.1,50.72,1.34,0.13,2.93,0,5.98,8.39,0,0,9.28,0,0,63.57,7.38,11.39,0,0.33,0.3
04256000,38.73,5.14,56.13,72.49,32.24,78.83,2.96,6.86,50.11,1.35,0.11,4.26,0,5.42,33.68,0,3.28,2.42,0,0,46.18,9.5,4.94,0,0.27,0.23
04296000,48.75,6.7,44.55,78.08,43.35,84.16,2.07,3.81,52.02,1.38,0.13,3.36,0,5.6,10.52,0,0,17.79,0,0,44.09,3.02,24.58,0,0.3,0.26
05053000,41.11,25.28,33.6,96.4,64.12,98.05,1.36,3,59.98,1.43,0.15,3.79,191.03,7.61,7.8,0,3.87,51.64,0,4.72,13.61,7.8,10.56,0,0.29,0.26
05056000,46.41,17.2,36.39,92.21,59.01,94.8,1.33,3.37,59.48,1.46,0.15,4.75,412.74,7.67,7.07,0,2.08,70.4,0,2.78,6.09,6.3,5.27,0,0.33,0.27
05057000,46.2,18.42,35.39,91.85,59.75,94.69,1.3,3.25,58.83,1.45,0.15,4.68,410.5,7.64,6.89,0,1.69,65.98,0,2.51,11.06,6.45,5.43,0,0.33,0.27
05057200,44.82,22.17,33.01,90.5,61.42,94.09,1.23,2.89,60,1.43,0.15,3.84,328.72,7.6,4.34,0,0,52.14,0,1.4,28.85,12.79,0.49,0,0.34,0.27
05062500,40.69,21.17,38.15,91.47,57.04,95.66,4.25,2.66,60,1.46,0.17,3.87,114.94,7.4,7.04,0,5.97,49.79,0,10.04,19.43,4.27,3.46,0,0.29,0.24
05087500,33.29,16.97,49.73,92.19,46.71,95.96,3.33,5.94,60,1.46,0.14,2.79,179.2,7.76,12.98,0,12.87,26.84,0,18.41,23.85,2.52,2.52,0,0.25,0.23
05120500,37.87,21.94,40.19,94.02,56.36,96.16,1.02,3.79,60,1.45,0.14,4.74,291.53,7.58,16.57,0,2.88,49.74,0,1.17,17.98,4.94,6.71,0,0.31,0.26
05123400,43.78,23.5,32.72,94.74,64.04,96.58,0.94,3.16,59.98,1.42,0.15,4.61,249.45,7.54,10.8,0,2.02,39.05,0,3.95,30.35,2.24,11.6,0,0.32,0.26
05129115,37.05,10.42,52.53,67.84,32.43,75.29,9.27,4.81,38.76,1.42,0.15,4.89,0,5.53,7.24,0,11.29,7.92,0,0.56,37.22,0,35.77,0,0.24,0.2
05131500,32.47,26.51,41.02,88.91,53.69,93.31,20.36,4.42,57.23,1.12,0.23,2.78,10.67,6.52,10.57,0,27.51,13.54,0,5.06,22.99,0.92,19.41,0,0.26,0.27
05244000,17.72,7.94,74.34,83.21,21.8,89.83,4.87,8.77,60,1.49,0.11,4.64,1.27,6.54,35.05,0,10.44,42.66,0,2.23,4.7,1.68,3.24,0,0.18,0.19
05280000,40.93,23.22,35.84,91.24,59.47,94.64,4.89,3.01,60,1.41,0.17,3.55,8.28,7.24,4.09,0,5.81,47.31,0,25.83,5.52,7.84,3.6,0,0.28,0.25
05291000,45.9,28.48,25.61,93.28,69.72,96.54,1.51,1.24,60,1.44,0.16,4.73,208.54,7.62,0.55,0,0,57.6,0,1.36,25.19,7.37,7.94,0,0.33,0.27
05320500,44.47,32.05,23.48,95.52,73.23,97.43,2.93,1.12,60,1.39,0.18,3.11,0,7.11,0.11,0,3.26,34.24,0,22.44,12.48,19.05,8.41,0,0.31,0.27
05362000,50.9,11.08,38.02,79.1,49.35,83.73,10.17,2.79,59.97,1.45,0.18,2.07,0,5.68,3.26,0,15.06,19.7,0,22.83,38.24,0,0.9,0,0.29,0.3
05393500,42.29,10.36,47.35,76.91,40.53,81.89,11.85,2.58,60,1.43,0.17,3.06,0,5.61,0.7,0,18.56,36.28,0,10.15,34.32,0,0,0,0.27,0.28
05399500,54.2,17.96,27.82,89.23,64.45,90.37,2.16,1.28,59.51,1.6,0.15,1.68,0,5.29,0.22,0,2.15,10.56,0,21.81,65.26,0,0,0,0.35,0.37
05408000,52.03,28.52,19.45,89.37,71.67,89.93,0.42,1.77,43.88,1.46,0.16,5.76,0,5.78,2.21,0,0,89.39,0,0.11,7.21,0,1.08,0,0.34,0.32
05410490,54.94,27.25,17.81,91.66,75.29,92.21,0.48,1.87,46.61,1.45,0.17,5.71,0,5.86,2.21,0,0,90.49,0,0.8,5.59,0,0.92,0,0.35,0.32
05412500,54.57,23.57,21.86,94.47,74.47,96.25,1.32,2.17,56.09,1.47,0.18,5.02,0,6.43,0.72,0,0,80.89,0,10.89,3.9,0.06,3.54,0,0.35,0.3
05413500,64.69,29.36,5.95,97.07,91.35,97.26,0.77,1.27,51.35,1.39,0.18,5.79,0,6.14,0.16,0,0,96.46,0,0,1,0,2.37,0,0.38,0.33
05414000,63.79,29.6,6.61,97.04,90.67,97.22,0.74,1.26,49.41,1.39,0.18,5.8,0,6.18,0.11,0,0,95.62,0,0,1.27,0,3,0,0.38,0.34
05418500,54.7,23.61,21.69,95.14,75.05,96.61,1.29,2.29,54.87,1.46,0.18,5.18,0,6.38,2.59,0,0,81.6,0,9.48,2.1,0.01,4.21,0,0.35,0.3
05422000,45.32,22.59,32.08,93,63.67,95.45,1.92,3.01,59.41,1.5,0.17,4.23,0,6.52,3.62,0,0,71.51,0,19.76,3.55,0.83,0.72,0,0.31,0.26
05430500,48.3,18.54,33.16,83.39,56.55,86.61,8.29,3.78,59.77,1.38,0.17,4.35,0,7.14,2.51,0,10.48,70.6,0,10.41,4.12,0.08,1.81,0,0.33,0.32
05435500,59.75,30.22,10.03,95.47,85.95,96.09,1.04,1.31,43.8,1.39,0.18,5.65,0,6.32,0.31,0,0.01,89.64,0,1.88,2.9,0,5.26,0,0.36,0.32
05440000,53,23.69,23.31,91.67,70.95,94.34,1.55,2.35,59.9,1.46,0.17,3.92,0,6.81,0.61,0,0.74,74.96,0,20.4,2.83,0.3,0.17,0,0.34,0.31
05444000,68.61,27.94,3.45,99.33,95.92,99.79,1.18,1.31,60,1.37,0.2,4.17,0,6.19,0,0,0,84.84,0,10.07,5.1,0,0,0,0.38,0.31
05447500,51.09,22.34,26.57,95.39,70.31,97.46,1.25,2.95,59.93,1.46,0.17,3.47,0,6.6,5.52,0,1.21,65.1,0,23.84,3.54,0.48,0.3,0,0.32,0.29
05451500,47.71,26.47,25.83,95.66,71.19,97.42,2.57,1.64,59.98,1.44,0.18,3.64,0,7.16,0.1,0,0.55,57.37,0,36.42,0.93,2.44,2.19,0,0.32,0.27
05452000,62.39,27.72,9.89,97.93,88.36,98.75,1.68,1.44,59.68,1.41,0.19,4.61,0,6.37,1.19,0,0,81.12,0,10.01,3.61,2.51,1.56,0,0.37,0.3
05454000,65.52,27.05,7.43,99.43,92.05,99.68,1.05,1.65,59.42,1.38,0.19,5.51,0,6.14,3.33,0,0,87.67,0,2.67,3.88,0,2.45,0,0.39,0.32
05454500,55.34,27.09,17.57,97.28,80.47,98.38,2.06,1.67,59.86,1.41,0.19,4.16,0,6.71,1.72,0,0.26,68.35,0,21.33,3.28,2.82,2.24,0,0.34,0.28
05455500,60.04,32.18,7.78,98.23,90.61,99.29,1.51,1.04,59.84,1.4,0.19,3.98,0,6.15,0.48,0,0,68.25,0,5.76,17.99,5.96,1.56,0,0.37,0.31
05457700,43.74,22.87,33.39,91.48,61.28,94.69,2.76,2.79,58.73,1.49,0.18,3.41,0,6.64,0.82,0,2.85,57.23,0,28.74,6.81,0.4,3.15,0,0.3,0.27
05458000,41.5,22.55,35.95,90.76,58.29,94.11,2.05,2.86,59.62,1.54,0.17,3.85,0,6.57,0.72,0,0,64.97,0,25.12,8.75,0.3,0.15,0,0.3,0.26
05458500,42.45,22.5,35.05,91.14,59.47,94.4,2.53,2.91,59.02,1.51,0.17,3.59,0,6.62,1.06,0,1.83,60.54,0,27.42,6.73,0.33,2.09,0,0.3,0.27
05462000,41.76,24.09,34.15,92.61,61.21,95.26,2.71,2.47,58.33,1.48,0.17,4.1,0,6.86,1.02,0,1.63,65.66,0,24.3,4.1,1.7,1.6,0,0.3,0.26
05466500,64.89,27.23,7.88,98.39,90.73,99.33,1.08,1.38,59.63,1.39,0.19,3.84,0,6.36,0.76,0,0,70.48,0,15.7,12.48,0,0.58,0,0.37,0.32
05471500,49.05,27.42,23.53,95.87,73.53,97.65,2.23,1.52,59.95,1.44,0.18,3.82,0,6.98,0.36,0,0.39,60.81,0,29.13,4.82,2.92,1.57,0,0.33,0.28
05472500,61.62,30.95,7.42,98.43,91.16,99.3,1.53,1.11,59.87,1.39,0.19,4.28,0,6.2,0.42,0,0.01,73.01,0,5.81,14.19,4.96,1.6,0,0.37,0.31
05476500,44.58,26.22,29.2,94.3,67.18,96.51,2.04,1.82,60,1.45,0.17,3.67,35.93,7.37,0.98,0,0.43,50.39,0,32.71,6.79,6.7,2,0,0.31,0.26
05479000,43.81,26.06,30.13,94.77,66.23,96.97,2.76,1.48,60,1.46,0.18,3.38,0,7.4,0,0,0.78,50.74,0,45.49,0.3,1.7,0.99,0,0.31,0.26
05481000,43.73,26.87,29.4,94.89,67.03,96.99,2.68,1.48,60,1.46,0.18,3.2,0,7.4,0,0,0.64,47.13,0,46.78,0.38,3.7,1.37,0,0.31,0.26
05482500,43.91,25.57,30.52,94.72,65.83,96.89,2.86,1.6,60,1.45,0.18,3.55,0,7.38,0.07,0,0.88,53.56,0,43.14,0.02,1.08,1.26,0,0.31,0.26
05484500,46.36,26.8,26.84,95.13,69.71,97.15,2.58,1.49,59.98,1.45,0.18,3.73,0,7.18,0.07,0,0.75,57.06,0,35.94,3.27,1.45,1.46,0,0.32,0.27
05487980,53.21,34.38,12.41,96.28,84.44,98.14,1.2,0.6,57.38,1.46,0.18,3.32,0,6.2,0,0,0,15.43,0,4.4,68.15,7.68,4.34,0,0.37,0.35
05488200,54.22,35.88,9.9,96.59,87.11,98.52,1.34,0.56,54.69,1.43,0.18,3.34,0,6.07,0,0,0,12.45,0,6.28,68.52,9.42,3.33,0,0.37,0.36
05489000,52.98,33.52,13.5,95.73,82.92,98,1.09,0.62,57.32,1.46,0.18,3.52,0,6.09,0,0,0,11.41,0,4.32,74.59,5.67,4.01,0,0.36,0.34
05495000,47.57,34.59,17.84,93.15,76.86,95.99,0.94,0.72,59.81,1.48,0.17,3.26,0,6.1,0.3,0,0,13.82,0,1.87,65.61,0.93,17.46,0,0.36,0.33
05495500,63.95,30.74,5.31,98.51,93.28,99.57,0.77,0.87,60,1.41,0.19,3.35,0,6.16,0,0,0,56.06,0,12.88,27.9,0.55,2.6,0,0.37,0.34
05501000,47.7,38.16,14.14,92.82,79.97,95.32,0.73,0.64,56.77,1.4,0.15,2.57,0,5.94,0,0,0,19.44,0,0.85,30.75,1.54,47.42,0,0.36,0.36
05503800,46.15,39.59,14.27,94.18,80.79,97.32,0.72,0.39,59.96,1.41,0.15,1.83,0,5.95,0,0,0,2.18,0,0,34.76,0,63.05,0,0.35,0.38
05507600,51.11,39.17,9.71,97.31,87.93,98.97,0.71,0.37,59.91,1.38,0.16,1.53,0,5.78,0,0,0,0.63,0,0,13.23,0,86.14,0,0.36,0.41
05508000,47.08,37.12,15.8,93.8,79.2,96.58,0.7,0.53,59.64,1.43,0.15,2.33,0,5.96,0,0,0,8.49,0,0.78,43.4,1.07,46.26,0,0.36,0.36
05508805,50.8,38.13,11.07,95.27,84.96,97.09,0.71,0.56,57.93,1.39,0.16,2.22,0,5.85,0,0,0,15.37,0,0.49,19.08,0.89,64.18,0,0.36,0.38
05514500,45.97,39.81,14.22,92.55,79.6,95.36,0.75,0.51,56.89,1.4,0.15,2.32,0,5.92,0,0,0,11.69,0,0,27.69,0.76,59.85,0,0.35,0.37
05515500,31.16,12.64,56.2,87.26,38.01,93.67,11.17,6.66,60,1.37,0.16,3.5,0,6.26,16.85,0,17.88,43.43,0,15.14,4.82,1.56,0.32,0,0.23,0.25
05517000,41.89,17.82,40.29,87.14,52.46,92.94,4.71,3.58,60,1.46,0.15,3.02,0,6.78,8.09,0,6.37,41.16,0,24.91,19.21,0.15,0.11,0,0.3,0.28
05517500,31.45,13.3,55.25,88.32,39.37,93.88,7.15,6.36,60,1.44,0.14,3.17,0,6.47,18.38,0,14.96,37.26,0,19.85,8.31,0.82,0.42,0,0.23,0.24
05518000,30.03,13.27,56.69,88.32,38.14,94.09,6.21,6.67,60,1.46,0.14,3.03,0,6.46,17.3,0,16.12,36.3,0,19.85,8.91,1.03,0.48,0,0.23,0.24
05520500,30.92,14.89,54.19,89.66,41.09,94.73,5.32,6.44,59.89,1.48,0.13,2.88,0,6.54,16.3,0,17.38,30.99,0,18.97,14.55,1.26,0.55,0,0.23,0.25
05525500,50.18,31.93,17.89,94.17,77.79,96.25,1.71,1.34,60,1.46,0.16,2.48,0,7.06,0.25,0,0.03,39.8,0,23.17,19.24,0,17.52,0,0.32,0.3
05526000,42.06,26.25,31.69,94.79,65.12,96.97,2.21,3.2,59.89,1.48,0.15,2.31,0,6.93,8.26,0,6.3,31.15,0,24.42,18.04,0.04,11.8,0,0.28,0.27
05542000,50.75,32.97,16.29,94.31,78.93,97.18,1.6,1.39,59.98,1.46,0.16,1.8,0,7.12,1.65,0,1.5,14.34,0,30.16,41.32,0,11.03,0,0.31,0.29
05552500,50.96,23.54,25.5,88.53,67.44,91.31,4.2,2.99,59.93,1.44,0.17,3.66,0,7,2.04,0,4.52,57.15,0,17.52,16.67,0.18,1.92,0,0.34,0.32
05554500,51.95,33.58,14.47,94.71,81.19,97.25,1.68,1.17,60,1.44,0.16,1.87,0,7.08,0.44,0,0.33,23.44,0,30.05,32.57,0,13.18,0,0.32,0.29
05555300,54.39,33.5,12.11,95.55,84.21,97.69,1.67,1.1,60,1.43,0.17,2.08,0,6.98,0.24,0,0.17,33.5,0,28.54,25.23,0.26,12.06,0,0.33,0.3
05556500,65.2,27.95,6.85,98.37,91.7,99.32,1.27,1.25,60,1.39,0.2,3.34,0,6.4,0,0,0,75.34,0,20.43,4.23,0,0,0,0.37,0.3
05569500,64.34,29.03,6.62,97.6,91.21,98.83,1,1.06,60,1.41,0.19,3.24,0,6.41,0,0,0,61.63,0,19.48,16.27,0.16,2.46,0,0.37,0.32
05570000,64.78,29.12,6.09,97.72,91.83,98.91,0.96,1.05,60,1.41,0.19,3.39,0,6.35,0,0,0,61.89,0,17.11,18.22,0.16,2.61,0,0.37,0.32
05582000,62.08,27.96,9.95,98.02,88.4,98.94,1.21,1.24,60,1.4,0.19,2.92,0,6.67,0,0,0,69.71,0,25.45,3.71,0.25,0.89,0,0.36,0.3
05584500,65.15,30.08,4.77,98.97,94.26,99.7,0.96,0.98,60,1.39,0.19,3.16,20.71,6.28,0,0,0,62.88,0,18.17,16.65,0.13,2.17,0,0.37,0.32
05585000,64.6,30.18,5.22,98.72,93.58,99.62,0.89,0.96,60,1.4,0.19,3.23,28.42,6.24,0,0,0,58.8,0,16.65,21.51,0.23,2.81,0,0.37,0.33
05591550,59.1,27.55,13.35,96.62,83.73,98.5,1.4,1.27,60,1.41,0.19,2.02,0,6.74,0,0,0,59.48,0,37.62,2.72,0.18,0,0,0.34,0.29
05592050,60.9,28.91,10.2,97.45,87.57,98.85,1.22,1,60,1.41,0.18,2.46,220.36,6.49,0,0,0,61.1,0,26.43,8.68,0.32,3.47,0,0.37,0.31
05592500,59.92,27.7,12.38,96.97,85.01,98.8,1.08,1.01,60,1.45,0.19,2.21,60.82,6.35,0,0,0,40.05,0,20.93,23.64,1.47,13.9,0,0.37,0.33
05592575,59.78,28.76,11.45,97.32,86.17,99.51,0.69,0.57,60,1.49,0.19,1.87,53.2,5.71,0,0,0,0,0,0,56.49,1.08,42.42,0,0.4,0.39
05593000,60.26,27.7,12.04,97.12,85.47,99.01,0.98,0.9,60,1.46,0.19,2.13,61.15,6.18,0,0,0,28.95,0,15.19,32.88,1.9,21.08,0,0.38,0.35
05593575,61.99,28.6,9.41,98.16,88.96,99.6,0.66,0.55,60,1.46,0.18,1.85,175.18,5.9,0,0,0,3.23,0,1.42,51.75,2.19,41.41,0,0.4,0.38
05593900,63.38,30.95,5.68,99.45,93.83,99.82,0.91,0.55,60,1.38,0.18,1.5,520.17,6.25,0,0,0,28.59,0,21.76,24.1,1.4,24.15,0,0.37,0.33
05594000,63.27,28.49,8.24,98.82,90.71,99.67,0.8,0.65,60,1.42,0.18,1.83,295.85,6.06,0,0,0,15.88,0,12.05,44.28,2.8,24.99,0,0.38,0.36
05595730,60.13,28.56,11.3,97.04,86.07,99.42,0.64,0.61,60,1.5,0.18,2.1,38.14,5.63,0,0,0,0.65,0,0.73,63.89,0.82,33.9,0,0.4,0.4
06037500,35.47,16.01,48.51,60.82,31,66.89,0.69,4.69,47.49,1.45,0.08,5.71,12.87,6.41,12.89,0,0,46.84,0,0,10.53,0,29.74,0,0.29,0.17
06043500,43.21,19.63,37.15,51.85,33.75,58.31,0.85,2.48,51.76,1.45,0.09,5.7,54.87,6.77,5.57,0,0,50.19,0,0,20.49,0,23.74,0,0.34,0.21
06154410,47.83,25.34,26.83,43.12,31.55,52.66,0.78,1.05,50.16,1.41,0.08,6,72,7.82,0,0,0,70,0,0,5,0,25,0,0.37,0.22
06188000,37.99,14.42,47.59,40.91,22.15,48.05,0.67,3.19,46.65,1.48,0.07,5.58,29.99,6.28,9.52,0,0,40.93,0,0,12.72,0,36.83,0,0.31,0.16
06191500,38.21,14.94,46.85,45.1,24.54,52.01,0.69,3.51,48.11,1.48,0.07,5.62,25.23,6.39,10.64,0,0,41.09,0,0,12.65,0,35.61,0,0.31,0.17
06192500,39.34,15.94,44.73,47.57,27.07,54.39,0.75,3.48,47.63,1.47,0.08,5.68,39.8,6.51,9.18,0,0,42.15,0,0,15.06,0,33.61,0,0.32,0.18
06221400,36.37,19.68,43.94,58.38,32.72,68.47,0.32,2.57,59.89,1.45,0.08,5.95,0.35,6.63,15.92,0,0,25.16,0,0,0.05,0,58.87,0,0.37,0.15
06224000,36.76,19.88,43.35,58.27,32.99,68.14,0.35,2.52,58.92,1.44,0.08,5.95,4.76,6.69,15.21,0,0,26.49,0,0,0.5,0,57.8,0,0.37,0.15
06225500,39.99,20.8,39.2,62.66,38.63,68.22,0.65,2.34,45.62,1.36,0.11,5.9,88.45,7.36,6.02,0,0,36.95,0,0,10.91,0,46.12,0,0.35,0.23
06278300,36.76,11.37,51.85,43.82,21.27,50.37,0.9,3.89,33.17,1.41,0.08,5.98,11.01,5.57,11.71,0,0,11.92,0,0,26.61,0,49.75,0,0.27,0.14
06280300,37.18,10.43,52.4,32.84,15.96,39.28,0.65,4.03,43.57,1.47,0.07,5.43,8.39,5.93,15.25,0,0,27.27,0,0,12.21,0,45.27,0,0.3,0.13
06289000,43.38,25.16,31.45,76.5,52.62,79.15,0.99,1.37,27.49,1.28,0.14,6,105.01,7.31,0,0,0,4.81,0,0,54.45,0,40.74,0,0.36,0.26
06291500,45.23,29.88,24.87,81.3,61.85,85.1,1.13,0.92,30.81,1.36,0.13,5.99,154.09,7.7,0.01,0,0,15.51,0,0,27.59,0,56.89,0,0.35,0.3
06311000,27.14,14.77,58.06,52.16,21.88,58.11,0.44,4.2,40.92,1.45,0.09,6,5.02,5.73,5.11,0,0,30.46,0,0,39.12,0,25.31,0,0.27,0.22
06332515,49.74,28.87,21.37,97.01,76.33,98.33,1.15,1.23,35.96,1.37,0.17,5.99,542.93,7.76,0.07,0,0,31.55,0,0,24.41,0.11,43.87,0,0.31,0.32
06334500,40.2,37.05,22.74,94.23,72.86,96.06,0.6,1.08,40.57,1.35,0.14,5.99,476.99,7.72,0.76,0,0,17.06,0,0,17.35,0,64.83,0,0.34,0.34
06339100,45.02,28.28,26.72,97.4,71.58,98.3,1.45,2.36,45.63,1.36,0.16,5.94,609.53,7.77,1.93,0,0,37.84,0,0,29.22,0,31.01,0,0.3,0.3
06339500,48.07,28.02,23.92,96.98,73.88,98.1,1.46,2.03,41.25,1.35,0.16,5.92,585.12,7.74,1.58,0,0,40.39,0,0.04,21.67,0,36.31,0,0.31,0.3
06340500,46.65,26.58,26.77,96.36,70.67,97.48,1.37,2.15,43.49,1.37,0.16,5.86,560.36,7.7,2.25,0,0,48.91,0,0.06,18.08,0.28,30.42,0,0.31,0.29
06344600,45.76,28.89,25.35,97.95,73.25,98.67,1.45,2.08,45.73,1.35,0.16,5.93,634.72,7.78,0.98,0,0,37.98,0,0,29.75,0,31.29,0,0.3,0.3
06350000,46.19,28.33,25.48,97.47,72.8,98.43,1.32,2.02,41.9,1.36,0.16,5.93,603.95,7.74,1.23,0,0,42.57,0,0,28.32,0,27.88,0,0.3,0.29
06352000,45.1,26.62,28.28,96.74,69.66,98.02,1.38,2.37,41.55,1.36,0.16,5.95,591.63,7.69,1.11,0,0,48.18,0,0,27.06,0,23.66,0,0.29,0.29
06353000,44.73,26.27,29,96.5,68.81,97.79,1.41,2.52,41.03,1.36,0.16,5.94,561.5,7.69,1.42,0,0,46.85,0,0.01,26.9,0,24.82,0,0.29,0.29
06354000,44.44,25.94,29.62,96.7,68.3,97.92,1.41,2.55,40.89,1.36,0.16,5.9,565.93,7.69,1.79,0,0,46.95,0,0.01,26.55,0.01,24.69,0,0.28,0.29
06359500,37.74,27.86,34.4,95.56,62.55,97.01,1.06,2.22,35.3,1.38,0.13,5.88,430.66,7.58,3.46,0,0,35.13,0,0,2.44,0,58.96,0,0.32,0.28
06360500,40.63,29.04,30.33,96.31,67.09,97.49,1.12,2.06,35.44,1.36,0.14,5.88,497.71,7.64,2.65,0,0,36.94,0,0,7.3,0,53.11,0,0.32,0.29
06404000,52.49,17.04,30.47,53.43,37.21,61.64,0.96,1.61,43.89,1.46,0.1,5.95,100,6.56,0.01,0,0,73.05,0,0,4.32,0,22.62,0,0.44,0.23
06406000,52.22,20,27.79,63.47,46.54,70.51,0.75,1.74,47.03,1.44,0.11,5.95,111.83,6.87,1.21,0,0,66.07,0,0,10.45,0,22.26,0,0.44,0.25
06408700,50,32.35,17.65,79.45,65.43,85.97,0.42,1.01,51.88,1.41,0.14,5.94,100,7.39,0,0,0,6,0,0,89,0,5,0,0.53,0.36
06409000,51.47,29.17,19.32,74.52,60.43,81.21,0.64,1.06,49.34,1.43,0.13,5.94,100,7.21,0,0,0,17.28,0,0,73.47,0,9.25,0,0.53,0.33
06426500,39.9,25.67,34.43,91.65,60.11,93.39,0.53,1.97,43.48,1.31,0.16,6,158.03,7.92,0.69,0,0,39.53,0,0,42.68,0,17.1,0,0.35,0.3
06431500,51.6,27.67,20.72,73.69,58.55,80.13,0.5,1.63,52.03,1.44,0.13,5.94,100.86,7.3,2.81,0,0,26.45,0,0,55.1,0,15.65,0,0.49,0.31
06440200,45.27,37.19,17.56,95.42,78.88,97.22,0.73,0.89,39.4,1.3,0.14,5.99,327.98,7.87,0.38,0,0,18.16,0,0,28.36,0,53.1,0,0.34,0.33
06441500,37.55,51.37,11.09,96.26,85.62,98.04,1,0.42,36.28,1.23,0.12,5.92,198.77,7.76,0.23,0,0,4.39,0,0,11.39,0,83.99,0,0.37,0.36
06447000,48.03,27.47,24.49,93.77,71.02,96.02,0.76,1.85,35.77,1.32,0.15,5.98,185.18,7.75,3,0,0,41.03,0,0,4.37,0,51.6,0,0.37,0.34
06447500,41.39,14.89,43.76,95.73,52.98,97.88,0.63,5.53,49.89,1.46,0.15,5.52,165.11,7.33,31.81,0,0,47.57,0,0,1.46,0,19.16,0,0.29,0.26
06450500,32.81,17.55,49.65,95.73,47.39,98.17,0.67,6.3,45.43,1.48,0.13,5.67,145.86,7.29,33.67,0,0,32.4,0,0,4.54,0,29.38,0,0.27,0.25
06452000,43.16,31.05,25.79,94.51,70.11,96.94,0.78,2.38,38.64,1.33,0.14,5.91,178.97,7.66,7.94,0,0,31.46,0,0,5.2,0,55.4,0,0.35,0.33
06453600,40.34,29.99,29.64,95.72,67.88,97.96,0.78,3.62,49.21,1.36,0.13,5.78,118.76,7.39,11.65,0,0,32.06,0,0,26.56,0,29.73,0,0.29,0.29
06454500,39.29,11.43,49.25,92.32,46.79,96.9,0.77,4.34,48.1,1.45,0.14,5.95,92.93,7.55,6.36,0,0,69.56,0,0,1.71,0,22.37,0,0.26,0.23
06464500,28.2,12.84,58.97,96.63,39.49,98.03,0.74,7.43,48.43,1.52,0.12,5.65,142.09,7.21,31.8,0,0,47.16,0,0,4.4,0,16.64,0,0.22,0.21
06468170,50.61,17,32.39,94.07,63.86,96.02,1.57,2.02,60,1.46,0.16,4.86,452.6,7.68,2.35,0,0.07,79.65,0,1.73,3.85,7.54,4.81,0,0.35,0.28
06468250,48.88,16.69,34.45,93.89,61.84,95.87,1.52,2.44,60,1.46,0.16,4.86,433.29,7.67,4.86,0,0.36,77.2,0,1.94,3.89,7.22,4.54,0,0.34,0.27
06470800,47.43,23.75,28.82,90.8,65.13,94.45,0.94,1.9,60,1.42,0.16,4.66,267.41,7.63,2.96,0,0.21,69.52,0,0.85,17.97,6.31,2.19,0,0.36,0.28
06477500,44.64,30.49,24.86,95.3,71.78,96.77,0.89,1.16,59.9,1.4,0.18,4.96,441.4,7.72,0.3,0,0,57.24,0,0.04,8.13,2.57,31.71,0,0.35,0.32
06479215,47.77,22.81,29.43,88.5,63.91,92.91,1.36,3.12,60,1.44,0.16,5.13,197.79,7.56,2.17,0,0,86.25,0,0.51,3.67,2.48,4.91,0,0.34,0.29
06479438,50.09,24.62,25.29,90.97,68.92,94.5,1.43,2.41,60,1.42,0.16,5,199.55,7.56,1.8,0,0,84.39,0,0.57,5.15,3.36,4.74,0,0.35,0.29
06480000,53.56,26.59,19.86,94.05,75.86,96.65,1.65,1.75,60,1.38,0.17,4.85,184.22,7.56,1.09,0,0,79.71,0,1.74,8.39,4.79,4.28,0,0.36,0.29
06600500,62.1,29.53,8.36,98.79,90.54,99.25,1.85,1.31,60,1.38,0.2,4.88,0,7.15,0.18,0,0,84.67,0,11.69,0,2.61,0.85,0,0.38,0.31
06601000,70.65,25.56,3.8,98.92,95.16,99.41,1.42,1.21,60,1.3,0.2,5.35,104.78,7.26,0,0,0,90.93,0,0.63,1.4,2.29,4.75,0,0.39,0.33
06606600,51.45,27.61,20.94,96.04,76.2,97.7,2.33,1.6,60,1.43,0.19,4.12,0.28,7.25,0.49,0,0.45,67.54,0,26.54,0.99,2.99,0.99,0,0.34,0.28
06607200,65.62,27.63,6.75,99.06,92.4,99.43,1.73,1.33,60,1.35,0.2,5.14,0,7.12,0.25,0,0,87.98,0,8.02,0.14,2.57,1.05,0,0.38,0.31
06609500,68.76,26.31,4.93,99.3,94.45,99.6,1.55,1.32,60,1.33,0.2,5.39,0,7.01,0.31,0,0.01,91.45,0,4.89,0.69,1.69,0.97,0,0.38,0.32
06614800,33.09,12.22,54.69,49.85,22.59,55.41,0.91,8.98,49.41,1.42,0.08,5.12,0,5.11,30,0,0,25,0,0,25,0,20,0,0.45,0.1
06622700,33.54,14.63,51.82,51.18,24.78,59.49,0.68,4.05,45.95,1.42,0.08,5.97,32.17,6.24,0,0,0,67.11,0,0,2.34,0,30.55,0,0.32,0.14
06623800,33.21,15.02,51.77,54.78,26.82,61.37,0.63,4.36,46.63,1.43,0.08,5.87,41.08,6.49,4.64,0,0,55.82,0,0,7.75,0,31.79,0,0.31,0.15
06632400,36.34,15.81,47.86,53.78,28.31,62.01,1.09,3.97,44.63,1.4,0.08,5.91,26.07,6.17,0,0,0,66.33,0,0,6.37,0,27.3,0,0.33,0.14
06746095,31.87,11.36,56.76,55.11,23.73,60.63,0.53,6.92,50.39,1.47,0.07,5.39,0,5.66,22.01,0,0,32.99,0,0,22.34,0,22.66,0,0.35,0.11
06784000,58.38,18,23.61,99.74,76.3,99.85,0.39,3.71,60,1.43,0.17,5.78,6.9,7.41,16.72,0,0,80.02,0,0,0.64,0,2.63,0,0.35,0.32
06799500,66.13,27.47,6.4,99.24,92.88,99.46,1.76,1.39,60,1.33,0.19,5.14,128.29,7.06,1.7,0,0,85.81,0,2.21,0.62,3.07,6.6,0,0.38,0.32
06803510,57.12,33.28,9.61,98.19,88.83,99.06,1.65,0.82,60,1.41,0.18,4.42,16.53,6.57,0,0,0,76.67,0,0.96,0.16,1.06,21.14,0,0.37,0.32
06803530,60.81,33.01,6.19,99.12,93.04,99.54,1.89,0.93,60,1.4,0.19,4.36,38.25,6.37,0,0,0,81.04,0,1.74,0.35,2.28,14.58,0,0.37,0.32
06808500,66.9,28.12,4.99,99.2,94.26,99.58,1.53,1.25,60,1.34,0.2,5.25,0,6.67,0.26,0,0,89.87,0,5.65,2.1,1.61,0.52,0,0.38,0.31
06810000,64.98,29.08,5.94,98.76,92.92,99.33,1.55,1.18,60,1.35,0.2,5.07,0,6.6,0.14,0,0,87.32,0,6.16,3.16,2.73,0.49,0,0.37,0.31
06811500,54.14,35.75,10.12,98.22,88.38,98.99,1.53,0.56,60,1.37,0.17,3.2,38.19,6.74,0,0,0,42.29,0,0.8,0.35,2.27,54.3,0,0.36,0.34
06813000,63.02,30.43,6.55,98.51,92.09,99.14,1.47,1.11,60,1.37,0.2,4.99,0,6.48,0,0,0,85.5,0,6.45,3.6,3.62,0.83,0,0.38,0.31
06814000,48.66,35.59,15.75,96.6,81.44,97.86,1.8,0.47,59.2,1.45,0.16,3.46,28.16,7,0,0,0,42.98,0,0.39,1.17,1.67,53.8,0,0.35,0.33
06815000,51.2,35.55,13.25,96.78,84.01,97.85,1.72,0.52,57.37,1.41,0.16,3.38,35.1,6.96,0,0,0,37.33,0,0.49,2.68,2.07,57.42,0,0.36,0.33
06817000,57.02,32.94,10.04,97.12,87.39,98.25,1.75,0.9,59.97,1.43,0.19,4.31,0,6.3,0,0,0,75.24,0,5.58,12.79,3.05,3.34,0,0.36,0.32
06817500,56.92,33.11,9.96,97.15,87.49,98.26,1.77,0.89,59.96,1.43,0.19,4.27,0,6.28,0,0,0,75.02,0,5.42,13.07,2.9,3.59,0,0.36,0.32
06820500,56.33,33.53,10.14,96.97,87.2,98.11,1.67,0.82,59.87,1.44,0.19,4.05,0,6.33,0,0,0,64.38,0,5.2,24.38,3.07,2.97,0,0.36,0.32
06847000,68.73,21.71,9.56,99.32,89.86,99.75,0.51,1.32,59.65,1.32,0.2,5.94,70.37,7.75,0.24,0,0,95.91,0,0,2.78,0,1.07,0,0.38,0.34
06847900,71.27,21.23,7.49,99.84,92.37,99.93,0.37,1.36,59.74,1.33,0.2,5.98,34.48,7.64,0.27,0,0,98.69,0,0,0.29,0,0.75,0,0.4,0.34
06853800,64.42,25.64,9.94,98.8,89.05,99.33,0.72,1.3,57.29,1.37,0.2,6,1.41,7.54,0.44,0,0,97.34,0,0,1.26,0,0.96,0,0.4,0.32
06860000,63.49,22.96,13.55,98.15,85.1,99.06,0.44,1.53,57.92,1.33,0.19,5.96,195.17,7.91,2.24,0,0,90.57,0,0,2.83,0,4.37,0,0.39,0.34
06869500,60.07,26.08,13.85,95.23,82.22,97,0.76,1.31,52.94,1.35,0.19,5.98,41.89,7.64,0.71,0,0,84.61,0,0,6.41,0,8.27,0,0.4,0.31
06876700,56.98,29.64,13.39,96.36,83.55,97.78,0.97,1.1,51.4,1.36,0.19,5.99,54.17,7.48,0.2,0,0,74.6,0,0,15.67,0,9.54,0,0.4,0.32
06878000,54.77,30.03,15.2,97.7,83.02,98.69,1.52,1.02,51.11,1.35,0.19,5.97,0,6.86,0.55,0,0,39.97,0,0,50.54,0,8.94,0,0.36,0.33
06879650,46.75,43.45,9.84,79.59,71.79,83.77,1.95,0.47,43.59,1.4,0.15,5.73,89.98,7.14,0,0,0,5,0,0,75.88,0,19.12,0,0.42,0.32
06883000,37.2,17.37,45.43,81.73,45.23,85.95,0.61,4.63,49.66,1.42,0.12,5.8,118.53,7.52,12.08,0,0.05,51.22,0,0.22,16.39,0,20.05,0,0.3,0.24
06884400,38.1,17.95,43.94,82.42,47.05,86.49,0.63,4.49,49.97,1.42,0.13,5.79,113.67,7.5,11.62,0,0.05,51.29,0,0.21,17.19,0,19.65,0,0.3,0.24
06885500,47.27,38.1,14.63,97.55,83.3,98.14,1.72,0.36,59.14,1.42,0.15,2.69,0,6.95,0,0,0,19.25,0,0,2.39,0,78.37,0,0.36,0.35
06888500,49.79,40.42,9.8,87.16,78.63,89.52,1.97,0.51,41.29,1.4,0.16,5.59,102.52,7.19,0,0,0,9.38,0,0,65.02,0,25.61,0,0.39,0.32
06889200,48.06,37.84,14.1,96.28,82.68,97.03,1.98,0.47,54.28,1.44,0.16,3.47,0,7,0,0,0,22.04,0,0,20.15,0,57.81,0,0.36,0.34
06889500,48.57,37.2,14.22,96.65,82.9,97.31,1.97,0.55,54.33,1.44,0.16,3.52,0,6.96,0.18,0,0,23.49,0,0,20.29,0.04,56,0,0.35,0.34
06892000,51.26,35.33,13.42,96.7,83.86,97.64,1.55,0.5,56.71,1.44,0.17,3.52,0,6.5,0,0,0,40.21,0,0,34.32,0.08,25.38,0,0.36,0.34
06894000,61.44,33.97,4.6,98.69,94.14,98.78,1.38,0.83,55.28,1.39,0.18,3.35,23.82,6.34,0,0,0,44.38,0,1.36,30.54,2.56,21.17,0,0.37,0.34
06897500,49.95,35.28,14.77,94.88,80.96,96.73,1.36,0.52,59.83,1.5,0.18,3.51,0,6.69,0,0,0,30.2,0,2.99,61.42,3.07,2.32,0,0.36,0.33
06898000,53.5,33.46,13.04,95.71,83.33,97.51,1.35,0.72,59.76,1.47,0.18,3.91,0,6.31,0,0,0,43.84,0,3.4,46.13,3.02,3.61,0,0.36,0.32
06899500,51.49,34.12,14.4,94.88,81.38,96.95,1.29,0.64,59.74,1.48,0.18,3.65,0,6.42,0,0,0,30.93,0,3.24,58,3.24,4.6,0,0.36,0.33
06903400,52.37,35.46,12.17,96.44,84.85,97.65,1.27,0.56,59.92,1.47,0.18,3.05,0,6.55,0,0,0,25.01,0,2.47,56.48,10.62,5.43,0,0.37,0.35
06906800,50.49,38.42,11.11,81.92,72.92,84.47,0.93,0.78,59.03,1.42,0.14,2.73,22.79,6.11,0,0,0,24.23,0,3.03,41.91,1.34,29.48,0,0.35,0.35
06908000,59.28,31.92,8.81,96.62,88.46,97.04,1.24,1,53.1,1.39,0.18,3.38,37.95,6.24,0,0,0,39.66,0,2.21,28.3,3.18,26.66,0,0.37,0.34
06910800,51.14,39.91,8.94,92.53,84.24,93.64,1.33,0.4,48.79,1.41,0.17,3.56,101.38,6.88,0,0,0,10.56,0,0.06,48.46,0,40.93,0,0.36,0.36
06911900,51.51,39.26,9.23,94.61,85.86,95.34,1.27,0.44,50.5,1.4,0.17,3.34,78.37,6.83,0,0,0,12.69,0,0.21,45.74,0,41.36,0,0.35,0.36
06913500,52.11,38.28,9.61,93.86,84.88,94.89,1.13,0.52,49.35,1.43,0.17,3.05,98.78,6.65,0,0,0,20.04,0,0.19,42.66,0,37.11,0,0.35,0.37
06914000,53.06,37.37,9.56,93.32,84.44,94.49,0.98,0.55,51.68,1.43,0.17,2.75,110.03,6.55,0,0,0,21.46,0,0.1,29.49,0,48.95,0,0.35,0.38
06917000,52.13,36.84,11.04,94.55,84.15,95.58,0.95,0.73,47.48,1.45,0.17,3.34,73.22,6.47,0,0,0,28.83,0,0.12,42.19,0,28.86,0,0.36,0.37
06918460,42.31,38.19,19.5,57.19,46.03,64.58,0.51,1.77,55.13,1.38,0.1,5.01,1,5.73,0,0,0,61.82,0,0,31.35,0.08,6.75,0,0.33,0.3
06919500,46.28,31.66,22.06,80.18,61.88,83.78,0.77,1.76,45.41,1.41,0.14,4.63,15.48,5.82,0,0,0,46.36,0,0,31.04,0.39,22.2,0,0.33,0.31
06921070,42.48,38.18,19.35,59.66,48,67.44,0.48,1.8,55.54,1.38,0.1,4.83,1.74,5.88,0,0,0,63.19,0,0,27.87,0.02,8.93,0,0.33,0.29
06921200,44.78,39.12,16.09,68.03,57.26,74.65,0.54,1.45,57.33,1.39,0.11,3.52,2.03,5.91,0,0,0,36.06,0,0,45.08,0.01,18.85,0,0.33,0.33
06928000,41.36,39.91,18.73,53.6,43.6,62.07,0.48,1.72,56.77,1.37,0.09,4.82,0,5.42,0,0,0,59.39,0,0,36.74,0.02,3.85,0,0.33,0.3
06933500,41.03,39.2,19.77,54.96,44.25,63.24,0.54,1.77,55.17,1.37,0.1,5.06,0,5.43,0,0,0,58.17,0,0,36.43,0.04,5.36,0,0.33,0.29
06934000,41.2,39.24,19.57,56.13,45.35,64.31,0.54,1.75,54.78,1.37,0.1,5.08,0,5.47,0.02,0,0,57.45,0,0,36.75,0.19,5.58,0,0.33,0.3
07014500,37.76,36.65,25.59,53.73,40.17,63.52,0.35,2.06,57.8,1.38,0.09,4.73,0,5.37,3,0,0,56.52,0,0,39.28,0.04,1.16,0,0.32,0.31
07019000,42.75,35.92,21.33,64.97,51.79,72.88,0.47,1.83,55.2,1.39,0.11,4.63,0,5.53,2.14,0,0,45.75,0,0,46.39,0.92,4.8,0,0.33,0.32
07029500,44.83,23.96,31.21,95.24,65.64,98.58,0.35,1.65,59.39,1.48,0.15,4.02,0,5.04,0.64,0,0,37.97,0,4.11,45.95,0,11.34,0,0.31,0.34
07049000,37.39,31.79,30.82,62.95,42.93,71.15,0.85,1.92,46.08,1.41,0.11,5.91,0,5.12,0,0,0,58.95,0,0,28.72,0,12.33,0,0.32,0.24
07052500,42.66,39.3,18.03,54.55,44.9,62.38,0.5,1.64,57.64,1.38,0.1,4.56,0,5.78,0,0,0,54.18,0,0,42.16,0.04,3.62,0,0.35,0.31
07056000,37.31,31.76,30.93,64.54,44.01,72.53,0.84,1.89,45.86,1.41,0.11,5.93,0,5.2,0.08,0,0,55.02,0,0,31.94,0,12.96,0,0.32,0.24
07057500,40.44,38.94,20.62,59.45,47.84,66.66,0.72,1.84,52.73,1.37,0.1,5.38,0,5.28,0,0,0,51.25,0,0,38.39,0,10.36,0,0.34,0.29
07058000,39.66,34.22,26.12,52.09,38.72,60.5,0.46,2.02,57.45,1.37,0.1,5.14,0,5.78,0,0,0,56.35,0,0,42.58,0.02,1.05,0,0.34,0.3
07060710,37.72,35.32,26.96,57.7,41.06,63.73,0.58,1.76,52.84,1.38,0.11,5.88,0,5.89,0.42,0,0,46.75,0,0,43.53,0,9.3,0,0.36,0.27
07066000,40.26,41.26,18.47,58.92,48.25,67.6,0.55,1.75,55.75,1.36,0.1,5.19,0,5.26,0.34,0,0,64.59,0,0,28.23,0,6.84,0,0.34,0.3
07067000,39.54,41.28,19.17,58.35,47.41,67.07,0.52,1.77,56.26,1.36,0.1,5.22,0,5.17,0.14,0,0,66.65,0,0,27.19,0,6.01,0,0.31,0.29
07068000,39.64,41.47,18.88,59.15,48.26,67.84,0.54,1.76,56.33,1.36,0.1,5.22,0,5.18,0.23,0,0,66.41,0,0,26.9,0,6.46,0,0.31,0.29
07069500,37.15,48.28,14.56,77.6,66.28,83.72,0.98,1.57,53.74,1.33,0.13,5.54,0,5.67,0.14,0,0,56.68,0,0,23.06,0,20.12,0,0.3,0.29
07071500,39.96,43.54,16.5,66.84,56.15,74.76,0.69,1.65,56.11,1.35,0.11,5.17,0,5.07,0.68,0,0,60.62,0,0,27.42,0,11.28,0,0.34,0.3
07072000,39.2,45.11,15.69,69.64,59.02,77.04,0.78,1.63,55.43,1.35,0.12,5.27,0,5.21,0.48,0,0,59.9,0,0,25.73,0,13.9,0,0.33,0.3
07083000,36.24,13.99,49.77,51.05,25.51,58.76,1.69,4.14,45.53,1.43,0.08,5.85,2.53,5.85,9.79,0,0,47.41,0,0,20.57,0,22.23,0,0.31,0.13
07142300,34.81,18.63,46.56,98.14,52.75,99.66,0.39,5.61,60,1.47,0.14,5.47,61.85,7.03,33.81,0,0,55,0,0,1.53,0,9.67,0,0.28,0.24
07144200,48.49,33.05,18.46,99.33,81.19,99.88,1.01,1.96,59.35,1.4,0.17,4.73,194.21,7.14,8.76,0,0,17.48,0,0,41.05,0,32.71,0,0.33,0.32
07144780,27.98,17.56,54.46,96.62,43.95,98.75,0.37,5.87,59.88,1.5,0.13,4.63,459.56,6.99,34.45,0,0,37.51,0,0,2.98,0,25.06,0,0.26,0.24
07145700,46.61,34.63,18.76,98.69,80.29,99.31,1.15,0.87,57.35,1.48,0.17,5.65,9.65,7.31,0.28,0,0,38.66,0,0,18.72,0,42.34,0,0.35,0.39
07147070,47.22,42.04,10.73,97.39,86.92,98.15,2.14,0.47,53.34,1.41,0.19,5.15,236.69,7.2,0,0,0,13.36,0,0,17.65,0,68.99,0,0.34,0.33
07147800,49.48,40.7,9.82,92.36,83.23,93.74,1.88,0.49,48.37,1.41,0.18,5.47,208.73,7.11,0,0,0,13.63,0,0,32.75,0,53.62,0,0.38,0.34
07148400,43.18,24.52,32.3,95.1,64.57,97.21,0.64,2.81,56.18,1.48,0.15,5.96,126.13,7.72,8.96,0,0,57.7,0,0,9.83,0,23.52,0,0.33,0.32
07149000,42.27,24.44,33.29,94.49,63.36,96.64,0.6,2.58,58.28,1.47,0.15,5.95,86.17,7.59,6.49,0,0,65.72,0,0,11.5,0,16.29,0,0.33,0.3
07151500,35.93,21.77,42.31,95.08,55.08,97.31,0.59,2.66,58.23,1.48,0.15,5.74,36.57,7.18,7.44,0,0,71.58,0,0,11.45,0,9.53,0,0.3,0.27
07152000,43.26,27.86,28.87,96.9,69.36,98.25,0.88,1.8,58.06,1.49,0.16,5.69,25.97,7.24,3.71,0,0,56.67,0,0,14.62,0,25,0,0.33,0.34
07163000,45.3,33.49,21.21,97.55,76.85,97.99,1.21,1.16,47.6,1.5,0.17,5.96,1.55,7.02,0,0,0,40.64,0,0,11.55,0,47.81,0,0.37,0.4
07167500,52.88,38.05,9.08,93.2,84.73,93.85,1.7,0.46,37.43,1.4,0.17,4.74,119.16,7.11,0,0,0,8.99,0,0,62.04,0,28.97,0,0.36,0.35
07172000,53.24,37.02,9.74,93.96,84.81,94.53,1.78,0.55,35.34,1.4,0.17,5.15,104.75,7.19,0,0,0,9.53,0,0,60.94,0,29.53,0,0.34,0.34
07177500,47.1,30.43,22.47,92.89,72.08,93.56,0.75,1.52,36.19,1.47,0.16,3.92,9.78,6.21,0,0,0,25.75,0,0.08,49.21,0,24.95,0,0.33,0.32
07180500,51.12,39.35,9.53,89.98,81.38,91.78,2.03,0.52,43.98,1.4,0.18,5.81,278.39,7.06,0,0,0,10.01,0,0,45.56,0,44.43,0,0.39,0.34
07183000,49.52,40.26,10.22,90.13,80.88,92.14,1.65,0.53,50.12,1.42,0.17,4.53,142.16,6.93,0,0,0,16.65,0,0.06,41.89,0,41.41,0,0.38,0.34
07184000,50.08,38.2,11.72,96.26,85.04,97.15,0.76,1.02,54,1.43,0.18,2.66,0.05,6.53,0,0,0,15.93,0,0.13,30.35,0,53.59,0,0.35,0.38
07186000,47.6,35.64,16.76,72.97,60.5,77.2,0.7,1.34,53.09,1.41,0.13,3.76,5.68,6,0,0,0,27.27,0,0,54.96,0.65,17.12,0,0.33,0.34
07195800,40.55,37.97,21.48,46.17,36.33,53.36,0.57,1.7,58.26,1.37,0.11,5.48,0,5.73,0,0,0,62.36,0,0,33.11,0,4.53,0,0.38,0.31
07196500,41.91,35.3,22.79,52.67,40.46,59.87,0.62,1.69,56.41,1.39,0.11,5.27,0,5.45,0.65,0,0,57.06,0,0,35.09,0,7.2,0,0.37,0.31
07196900,37.33,29.02,33.65,70.05,46.48,78.22,0.96,1.9,41.46,1.42,0.11,5.89,0,4.86,0,0,0,55.77,0,0,29.53,0,14.7,0,0.3,0.23
07197000,40.69,34.49,24.82,53.59,39.83,60.84,0.68,1.83,53.6,1.39,0.11,5.59,0,5.5,0.92,0,0,61.38,0,0,29.77,0,7.93,0,0.36,0.29
07208500,36.49,29.18,34.33,67.76,46.78,72.79,0.51,1.89,50.91,1.41,0.11,6,33.58,6.73,0.08,0,0,38.74,0,0,34.59,0,26.59,0,0.35,0.22
07211500,44.17,33.56,22.27,86.5,68.31,89.27,0.37,1.03,48.7,1.38,0.15,5.99,110.97,7.31,0.4,0,0,27.16,0,0,47.02,0,25.42,0,0.31,0.27
07221000,42.99,33.36,23.65,84.01,64.7,87.37,0.55,1.05,47.36,1.38,0.14,5.98,92.91,7.22,0.22,0,0,26.7,0,0,41.92,0,31.16,0,0.34,0.31
07226500,36.43,24.05,39.51,90.59,54.69,92.74,0.36,2.74,51.68,1.46,0.14,6,98.28,7.88,5.69,0,0,52.59,0,0,13.69,0,28.03,0,0.31,0.28
07243500,38.92,27.06,34.02,94.93,62.67,95.52,0.74,2.05,40.07,1.51,0.15,5.27,22.54,6.24,1.66,0,0,49.01,0,0,25.72,0,23.61,0,0.32,0.29
07252000,36.37,29.53,34.09,70.02,46.15,78.79,0.95,2,42.36,1.42,0.11,6,0,4.88,0,0,0,56,0,0,28,0,16,0,0.29,0.22
07261000,40.43,25.28,34.29,71.31,46.91,77.12,0.98,2.07,32.26,1.46,0.11,5.66,0,4.83,0,0,0,43.47,0,0,24.85,0,31.68,0,0.32,0.27
07263295,49.66,29.2,21.14,68.5,54.11,70.96,0.49,2.48,39.15,1.48,0.12,5.77,0,5.27,0,0,0,39.96,0,0,38.6,0,21.45,0,0.34,0.25
07288500,43.88,47.18,8.93,99.95,91.03,100,0.18,0.6,60,1.48,0.17,1.59,0,6.2,0.53,0,0,5.31,0,0,18.42,0,75.74,0,0.32,0.35
07290000,58.6,21.27,20.12,97.5,78.11,99.53,0.23,1.47,59.97,1.47,0.17,3.67,0,5.23,0.45,0,0,33.98,0,0,58.82,0,6.75,0,0.37,0.41
07290650,57.58,22.54,19.88,95.75,77.07,97.57,0.29,1.52,59.95,1.48,0.16,3.76,0,5.39,0.62,0,0,30.94,0,0.01,52.9,0,15.53,0,0.37,0.41
07291000,51.25,21.15,27.6,91.43,66.43,94.67,0.26,1.96,60,1.48,0.15,4.29,0,5.17,1.69,0,0,49.7,0,1.44,35.08,0,12.1,0,0.34,0.37
07292500,51.03,21.27,27.7,92.46,67.03,95.77,0.26,2,60,1.48,0.15,4.32,0,5.17,2.02,0,0,49.77,0,1.63,32.72,0,13.86,0,0.34,0.38
07295000,54.22,23.05,22.73,94.34,72.96,97.38,0.33,1.65,60,1.48,0.16,4.07,0,5.3,0,0,0,35.56,0,0,36.5,0,27.94,0,0.35,0.4
07299670,41.42,37.86,20.72,94.76,75.08,96.79,0.82,0.57,56.69,1.53,0.14,6,339.36,7.96,0,0,0,21.36,0,0,55.67,0,22.97,0,0.33,0.32
07301410,28.08,18,53.92,96.78,44.42,98.08,0.5,3.15,60,1.54,0.12,5.99,20.68,7.31,28.55,0,0,63.24,0,0,2.77,0,5.44,0,0.25,0.21
07301500,34.43,21.47,44.1,95.98,53.45,97.41,0.58,3.12,57.97,1.51,0.13,5.95,43.76,7.51,26.85,0,0,45.86,0,0,7.67,0,19.62,0,0.28,0.26
07307800,36.93,30.15,32.92,94.7,63.69,96.51,0.61,1.64,58.23,1.5,0.14,5.89,25.84,7.78,7.65,0,0,46.36,0,0,13.4,0,32.59,0,0.31,0.29
07315200,36.92,33.32,29.76,95,66.82,95.88,0.8,1.16,44.85,1.5,0.15,6,259.29,7.04,0,0,0,21.41,0,0,39.25,0,39.33,0,0.33,0.32
07315700,41.09,29.7,29.21,97.5,69.15,97.83,0.97,1.34,45.62,1.51,0.16,5.83,87.5,6.81,0,0,0,59.57,0,0,8.8,0,31.63,0,0.35,0.36
07335700,49.05,29.66,21.29,71.41,56.18,74.04,0.49,1.87,38.54,1.49,0.12,5.59,0,5.24,0.39,0,0,36.35,0,0,42.59,0,20.67,0,0.34,0.26
07340000,48.08,28.67,23.25,76.34,58.26,78.79,0.55,1.77,43.27,1.49,0.13,5,12.23,5.28,0.56,0,0,36.06,0,0,37.93,0,25.45,0,0.34,0.27
07340300,56.61,28.21,15.18,59.94,50.49,62.86,0.46,1.85,40.88,1.49,0.11,5.93,0,5.32,0,0,0,50.01,0,0,34.61,0,15.38,0,0.35,0.26
07346000,34.36,27.84,37.81,94.16,58.59,96.19,0.62,2.05,60,1.5,0.13,4.28,46.94,5.16,8.29,0,0,30.3,0,0,39.92,0,21.49,0,0.29,0.29
07346045,29.67,23.87,46.46,94.51,50.48,96.1,0.63,3.37,60,1.55,0.12,4.83,0.16,5.07,14.14,0,0,49.79,0,0,33.05,0,3.02,0,0.27,0.25
07346050,33.59,25.85,40.56,93.81,55.74,95.79,0.61,2.09,60,1.53,0.13,4.26,0.3,4.98,5.75,0,0,39.59,0,0,49.58,0,5.08,0,0.29,0.29
07346070,33.28,25.88,40.84,93.7,55.41,95.72,0.61,2.13,60,1.53,0.13,4.36,0.58,4.98,6.07,0,0,40.2,0,0,49.22,0,4.52,0,0.29,0.29
07359610,53.68,28.2,18.12,62.49,50.95,65.08,0.46,2.45,41.59,1.49,0.11,5.84,0,5.33,0,0,0,49.15,0,0,34.33,0,16.51,0,0.34,0.26
07362100,41.18,26.18,32.63,93.69,63.17,95.69,0.74,1,60,1.48,0.15,2.84,0,4.83,0.41,0,0,16.9,0,0,59.06,0,23.63,0,0.33,0.31
07362587,49.48,29.94,20.57,70.5,56,73.17,0.52,1.93,36.67,1.48,0.12,5.8,0,5.22,0,0,0,34,0,0,42,0,24,0,0.34,0.25
07363500,46.88,26.29,26.83,87.07,63.33,89.14,0.65,1.37,54.23,1.49,0.14,3.45,0,5.02,0,0,0,23.59,0,0,45.2,0,31.21,0,0.34,0.32
07373000,40.88,23.88,35.24,95.34,61.94,99.71,0.41,1.72,60,1.5,0.15,4.74,0,5.23,4.85,0,0,76.81,0,0,3.99,0,14.35,0,0.31,0.31
07375000,39.79,22.48,37.73,96.07,59.86,98.98,0.41,1.24,60,1.56,0.14,3.43,24.04,4.96,0,0,0,31.39,0,0,57.5,0,11.11,0,0.28,0.31
07375500,46.07,21.76,32.17,96.62,65.67,99.09,0.38,1.43,60,1.54,0.15,3.32,14.51,5.05,0.55,0,0,30.1,0,1.1,56.3,0,11.95,0,0.33,0.36
07376000,44.31,22.54,33.15,96.69,64.7,99.3,0.46,1.42,60,1.53,0.16,3.59,26.73,5.12,0.32,0,0,36.99,0,0.65,46.55,0,15.49,0,0.32,0.37
07378000,57.26,22.95,19.78,99.14,79.6,99.73,0.49,0.97,59.92,1.52,0.17,2.79,14.98,5.42,0.39,0,0,20.56,0,0.45,58.02,0,20.58,0,0.39,0.45
07378500,54.77,21.89,23.34,97.44,74.82,98.82,0.44,1.22,59.96,1.51,0.16,3,12.18,5.32,0.69,0,0,25.61,0,1.25,54.42,0,18.02,0,0.37,0.43
08013000,43.32,28.9,27.78,97.86,70.75,99.38,0.95,1.65,58.31,1.5,0.17,3.54,39.83,5.28,3.17,0,0.22,28.78,0,0.18,15.44,0,52.2,0,0.33,0.36
08013500,45.54,27.28,27.18,98.09,71.53,99.52,0.87,1.45,58.89,1.5,0.17,3.21,32.59,5.29,2.75,0,0.15,26.73,0,0.16,20.64,0,49.57,0,0.34,0.37
08014500,45.85,24.78,29.37,98.52,69.64,99.56,0.78,1.72,59.94,1.51,0.17,3.06,29.2,5.31,4.34,0,0.26,29.29,0,0.32,28.59,0,37.2,0,0.33,0.37
08015500,46.5,26.02,27.48,98.4,71.43,99.54,0.83,1.49,59.49,1.51,0.17,3.03,30.55,5.32,3.65,0,0.15,25.92,0,0.24,25.91,0,44.13,0,0.34,0.38
08023080,42.34,30.32,27.34,97.84,71.13,98.95,0.59,0.84,59.87,1.5,0.16,3.54,122.8,5.11,1.07,0,0,13.75,0,0,38.34,0,46.84,0,0.34,0.42
08025500,37.85,36.34,25.81,97.66,72.47,98.87,1.23,1.61,58.9,1.48,0.16,3.62,196.67,5.15,4.07,0,0.12,16.36,0,0,12.23,0,67.22,0,0.32,0.38
08029500,28.41,24.69,46.9,95.9,50.86,97.16,0.37,3.95,60,1.51,0.14,4.41,32.47,5.32,29.51,0,0,27.08,0,0.19,21.35,0,21.88,0,0.26,0.27
08032000,30.56,25.99,43.46,94.46,53.23,96.77,0.57,3.36,59.09,1.46,0.13,4.59,39.01,5.53,31.62,0,0,22.16,0,0,27.53,0,18.7,0,0.27,0.27
08033500,35.66,27.42,36.92,95.28,60.13,97.11,0.58,2.38,57.13,1.49,0.13,3.97,114.78,5.39,13.21,0,0,29.68,0,0,28.85,0,28.26,0,0.32,0.33
08050800,28.19,34.78,37.03,94.21,59.32,95.31,0.36,1.27,49.27,1.49,0.16,5.93,113.4,5.94,1.26,0,0,30.21,0,0,56.08,0,12.45,0,0.32,0.31
08055500,40.25,39.05,20.7,91.83,72.8,93.95,0.88,0.9,53.27,1.47,0.15,5.61,123.19,7.35,0.4,0,0,19,0,0,26.65,0,53.95,0,0.33,0.33
08066200,33.54,38.32,28.14,96.59,69.43,97.57,0.49,1.75,59.74,1.38,0.15,3.22,14.62,5.88,0.1,0,0,20.37,0,0,21.29,0,58.24,0,0.31,0.35
08066300,34.46,22.53,43.01,95.12,54.16,96.26,0.15,2.38,60,1.52,0.15,3.16,0,5.34,0.64,0,0,50.29,0,7.2,37.28,0,4.59,0,0.29,0.3
08070000,30.19,30.3,39.51,94.83,57.5,96.02,0.41,2.72,60,1.45,0.14,3.19,22.63,5.71,0.35,0,0,38.81,0,0.94,29.89,0,30,0,0.29,0.29
08070200,32.25,28.04,39.71,94.95,57.35,96.18,0.39,2.69,60,1.47,0.14,2.91,21.83,5.7,0.29,0,0,37.49,0,3.3,29.89,0,29.03,0,0.29,0.3
08079600,38.35,34.32,27.32,94.48,68.74,96.47,0.68,1.42,58.39,1.48,0.14,5.87,178.82,8.03,0.75,0,0,51.82,0,0,15.25,0,32.18,0,0.31,0.3
08082700,41.44,41.02,17.53,95.24,78.55,97.22,0.88,0.4,58.75,1.52,0.14,6,334.16,8,0,0,0,7.7,0,0,69.38,0,22.92,0,0.33,0.32
08085500,42.64,33.75,23.61,90.54,68.74,92.32,0.98,1.18,52.28,1.48,0.14,5.96,204.59,7.91,2.84,0,0,24.89,0,0,54.28,0,17.99,0,0.32,0.28
08086212,45.11,39.88,15.01,89.03,75.58,90.47,1.34,0.68,45.93,1.46,0.13,5.97,331.58,7.9,0,0,0,8.67,0,0,40.24,0,51.1,0,0.31,0.23
08086290,37.72,36.57,25.71,91.73,67.98,92.87,0.99,0.87,44.63,1.49,0.14,5.95,306.88,7.35,0,0,0,10.34,0,0,50.97,0,38.69,0,0.31,0.25
08095000,42.87,36.02,21.1,85.21,66.57,88.64,1.22,0.88,42.98,1.45,0.13,5.94,101.46,7.72,0.03,0,0,19.05,0,0,33.9,0,47.01,0,0.33,0.27
08101000,44.98,38.51,16.5,82.94,69.24,86.71,1.64,0.85,40.51,1.43,0.13,6,69.91,7.97,0.07,0,0,13.67,0,0,35.55,0,50.71,0,0.32,0.26
08103800,48.07,35.76,16.18,81.62,68.35,86.28,1.56,0.83,45.47,1.42,0.12,6,94.71,8.01,0.06,0,0,8.21,0,0,51.79,0,39.94,0,0.32,0.22
08103900,49.07,34.69,16.24,79.1,66.26,84.92,1.44,0.9,36.22,1.41,0.12,6,100,8.11,0,0,0,3,0,0,54,0,43,0,0.32,0.27
08104900,46.82,39.25,13.93,80.75,69.51,85.51,1.84,0.75,36.29,1.43,0.12,5.74,81.51,7.94,0,0,0,5.62,0,0,35.35,0,59.03,0,0.32,0.26
08109700,28.31,25.51,46.17,93.93,50.54,96.11,0.74,3.64,59.8,1.49,0.12,5.67,77.09,6.25,13.39,0,0,32.15,0,0,14.77,0,39.69,0,0.29,0.29
08146000,39.8,43.26,16.94,78.35,64.93,81.42,2.8,0.72,25.9,1.44,0.13,5.99,103.06,7.93,1.27,0,0,8.74,0,0,19.73,0,70.26,0,0.32,0.21
08150000,40.57,46.26,13.17,77.36,67.22,80.16,3.64,0.55,19.12,1.43,0.14,5.96,13.33,8.17,1.35,0,0,4.59,0,0,6.05,0,88,0,0.32,0.2
08150700,40.74,42.47,16.78,77.29,64.2,80.35,3.19,0.76,21.28,1.44,0.13,5.97,28.88,8.05,1.45,0,0,8.49,0,0,10.72,0,79.34,0,0.32,0.2
08150800,40.49,36.37,23.14,79.92,60.78,82.97,2.18,1.02,25.71,1.45,0.12,6,73.13,7.7,2.77,0,0,6.54,0,0,27.32,0,63.37,0,0.31,0.19
08155200,49.04,34.76,16.2,79.07,66.26,84.87,1.45,0.9,36.1,1.41,0.12,6,100,8.11,0,0,0,2.98,0,0,53.72,0,43.3,0,0.32,0.27
08158700,48.97,34.83,16.2,78.93,66.14,84.76,1.44,0.89,36.09,1.41,0.12,6,100,8.11,0,0,0,2.97,0,0,53.73,0,43.3,0,0.32,0.27
08158810,49.02,34.76,16.22,79.02,66.2,84.84,1.44,0.9,36.16,1.41,0.12,6,100,8.11,0,0,0,2.99,0,0,53.87,0,43.14,0,0.32,0.27
08164000,31.87,33.45,34.68,93.9,61.46,95.72,1.03,2.86,57.44,1.51,0.13,5.41,196.92,6.92,2.19,0,0,12.58,0,0,38.57,0,46.66,0,0.31,0.29
08164300,33.96,35.79,30.26,95.18,66.4,96.63,1.1,1.36,54.39,1.5,0.14,5.85,156.57,7.39,0.31,0,0,18.74,0,0,30.68,0,50.27,0,0.32,0.3
08164600,32.13,27.19,40.68,90.11,53.68,91.97,0.75,1.84,60,1.51,0.12,5.1,231.78,6.76,6.34,0,0,6.16,0,0,14.68,0,72.82,0,0.31,0.3
08165300,41.11,46.55,12.34,77.37,67.81,80.89,3.18,0.47,18.18,1.44,0.12,6,91.26,7.94,0,0,0,1.58,0,0,9.99,0,88.43,0,0.32,0.17
08167500,44.48,42.57,12.95,76.46,66.44,80.9,2.32,0.69,25.94,1.44,0.11,6,95.8,7.81,0.49,0,0,6.33,0,0,20.7,0,72.49,0,0.32,0.2
08171000,48.51,35.6,15.89,79.43,66.77,84.87,1.52,0.95,36.17,1.41,0.12,6,100.77,8.06,0.42,0,0,7.06,0,0,46.1,0,46.43,0,0.32,0.26
08171300,47.64,36.79,15.56,78.19,65.95,83.71,1.5,0.91,35.39,1.42,0.12,5.99,101.04,8.01,0.4,0,0,7.03,0,0,44.28,0,48.3,0,0.32,0.25
08172000,44.09,41.55,14.36,82.3,70.5,86.63,1.43,0.89,42.65,1.42,0.13,5.72,115.06,7.87,0.63,0,0,8.91,0,0,31.29,0,59.18,0,0.32,0.27
08175000,29.84,34.44,35.72,94.46,60.69,96.76,1,1.65,58.33,1.51,0.14,5.98,197.67,7.11,7.83,0,0,5.82,0,0,38.8,0,47.54,0,0.32,0.29
08176900,24.9,29.1,46,91.53,49.39,94.08,0.78,1.56,58.85,1.49,0.13,5.84,158.71,7.56,0.53,0,0,25.13,0,0,67.12,0,7.22,0,0.3,0.25
08178880,44.82,44.65,10.53,77.27,69.07,81.02,2.64,0.6,23.82,1.45,0.11,6,91.42,7.67,0.73,0,0,5.67,0,0,12.78,0,80.82,0,0.32,0.2
08189500,30.41,29.51,40.08,89.16,53.5,92.57,0.83,1.11,59.9,1.49,0.13,4.45,318.52,7.84,0,0,0,20.48,0,0,47.82,0,31.7,0,0.31,0.28
08190000,44.42,44.28,11.3,75.12,66.6,79.25,2.98,0.56,20.7,1.44,0.11,6,93.62,7.74,0.05,0,0,4.15,0,0,11.57,0,84.23,0,0.32,0.19
08190500,41.32,37.93,20.74,66.06,53.12,70.16,2.96,1.01,15.15,1.41,0.11,5.99,76.3,8.18,4.51,0,0,0.58,0,0,4.33,0,90.58,0,0.32,0.18
08194200,42.15,40.65,17.2,93.28,77.25,94.87,0.99,0.74,57.22,1.47,0.1,5.99,908.71,7.93,0.13,0,0,11.93,0,0,28.64,0,59.31,0,0.32,0.32
08195000,44.51,44.56,10.93,77.1,68.57,80.91,2.77,0.5,20.47,1.44,0.11,6,97.23,7.61,0.19,0,0,0.39,0,0,16.24,0,83.18,0,0.32,0.2
08196000,45.17,44.51,10.31,75.93,68.03,79.86,2.82,0.49,19.84,1.45,0.11,6,100,7.57,0.14,0,0,0.14,0,0,15.12,0,84.59,0,0.32,0.19
08198500,45.86,43.06,11.08,78.22,69.5,82,2.51,0.65,27.59,1.43,0.11,6,110.05,7.67,0.92,0,0,7.55,0,0,19.14,0,72.39,0,0.32,0.21
08200000,45.94,43.43,10.63,78.33,69.91,82.08,2.54,0.65,27.44,1.44,0.11,6,104.32,7.7,0.99,0,0,8.57,0,0,16.76,0,73.68,0,0.32,0.21
08202700,45.99,42.5,11.52,80.8,71.4,84.39,2.32,0.66,29.7,1.42,0.12,6,112.85,7.62,1.04,0,0,6.36,0,0,26.63,0,65.98,0,0.32,0.24
08205500,44.23,37.26,18.51,80.18,65.2,83.85,1.88,0.98,43.5,1.44,0.12,5.99,181.08,7.69,1.34,0,0,22.02,0,0,34.03,0,42.62,0,0.31,0.23
08267500,52.99,21.38,25.63,57.58,42.8,63.63,0.14,5.03,48.93,1.38,0.09,5.99,0.53,5.23,0,0,0,50.34,0,0,29.75,0,19.91,0,0.29,0.16
08269000,47.78,23.57,28.66,58.62,41.71,64.34,0.17,4.23,50.6,1.39,0.09,5.98,9.84,5.67,0,0,0,54.11,0,0,25.76,0,20.13,0,0.31,0.17
08271000,46.02,21.65,32.33,57.99,39.22,63.67,0.41,4.24,52.49,1.37,0.09,5.98,37.05,5.94,0.09,0,0,54.93,0,0,20.53,0,24.46,0,0.28,0.16
08324000,37.33,19.49,43.18,61.8,35.76,66.54,0.31,3.74,52.82,1.41,0.1,5.79,42.91,6.57,2.96,0,0,67.17,0,0,9.56,0,20.31,0,0.3,0.21
08340500,34.03,23.81,42.17,91.52,52.48,94.06,0.37,2.98,45.96,1.44,0.14,6,202.25,7.93,8.48,0,0,39.51,0,0,10.97,0,41.04,0,0.31,0.27
08377900,43.84,22.73,33.42,62.95,41.56,68.49,0.17,2.96,55.03,1.42,0.1,6,2.03,5.72,0,0,0,73.08,0,0,13.29,0,13.63,0,0.29,0.18
08378500,39.66,24.5,35.84,66.79,42.6,72.05,0.17,2.19,57.34,1.42,0.1,5.95,10.89,5.92,0,0,0,78.78,0,0,7.71,0,13.51,0,0.29,0.19
08380500,41.37,31.14,27.49,74.66,54.43,79.44,0.45,1.86,43.61,1.37,0.12,6,54.97,6.33,0,0,0,35.21,0,0,22.73,0,42.05,0,0.29,0.2
09034900,33.09,12.22,54.69,49.85,22.59,55.41,0.91,8.98,49.41,1.42,0.08,5.12,0,5.11,30,0,0,25,0,0,25,0,20,0,0.45,0.1
09035800,31.89,11.41,56.69,55.27,23.85,60.79,0.52,6.86,50.54,1.47,0.07,5.4,0.48,5.86,21.6,0,0,34.02,0,0,21.99,0,22.39,0,0.32,0.12
09035900,32.48,11.84,55.69,52.84,23.35,58.37,0.7,7.81,50.12,1.45,0.08,5.28,0.3,5.44,25.23,0,0,30.6,0,0,23.13,0,21.04,0,0.39,0.11
09047700,31.85,11.35,56.8,55.2,23.75,60.73,0.52,6.88,50.41,1.47,0.07,5.39,0,5.79,21.88,0,0,33.12,0,0,22.29,0,22.71,0,0.33,0.12
09065500,32.19,12.13,55.68,54.03,23.92,59.67,0.79,7.44,50.55,1.45,0.08,5.32,0,5.59,23.41,0,0,32.54,0,0,22.57,0,21.48,0,0.37,0.12
09066000,31.55,18.6,49.86,60.71,30.71,67.57,2.66,6.08,56.36,1.39,0.09,5.52,0,5.84,10.27,0,0,57.85,0,0,15.14,0,16.73,0,0.38,0.17
09066200,31.82,11.33,56.85,55.32,23.78,60.85,0.51,6.84,50.43,1.48,0.07,5.4,0,5.66,21.69,0,0,33.31,0,0,22.23,0,22.77,0,0.36,0.12
09066300,31.43,11.06,57.51,57.01,24.15,62.53,0.39,6.17,50.74,1.49,0.07,5.49,0,5.97,19.13,0,0,35.87,0,0,21.38,0,23.62,0,0.3,0.12
09081600,38.73,21.17,40.1,58.43,36.03,63.4,0.91,3.13,48.9,1.37,0.1,5.89,12.26,6.51,15.46,0,0,40.48,0,0,34.65,0,9.41,0,0.38,0.18
09107000,29.76,14.04,56.2,57.86,25.34,66.17,0.55,6.77,51.02,1.47,0.1,5.89,82.35,6.08,10.87,0,0,56.87,0,0,20.04,0,12.22,0,0.29,0.16
09132500,39.76,27.82,32.42,67.07,46.85,70.89,0.82,1.79,52.28,1.35,0.12,5.97,18.42,6.77,12.95,0,0,34.61,0,0,46.04,0,6.41,0,0.36,0.21
09210500,51.21,18.65,30.15,66.78,47.32,69.71,0.88,2.98,46.44,1.32,0.12,5.69,79.3,7.48,3.41,0,0,49.74,0,0,19.19,0,27.66,0,0.32,0.23
09223000,50.71,20.18,29.11,68.9,49.81,71.62,0.87,2.9,46.79,1.31,0.13,5.59,86.98,7.54,3.38,0,0,46.01,0,0,18.14,0,32.47,0,0.32,0.23
09251000,37.5,25.03,37.47,77.87,49.9,82.01,0.76,2.54,53.87,1.35,0.13,5.92,63.23,7,3.28,0,0,57.09,0,0,24.32,0,15.3,0,0.31,0.22
09292500,32.33,12.19,55.48,50.82,22.69,57.33,0.78,6.83,50.79,1.46,0.06,5.02,1.91,5.93,22.64,0,0,28.97,0,0,31.18,0,17.2,0,0.25,0.09
09299500,32.36,12.61,55.03,51.62,23.34,58.04,0.73,6.99,52.73,1.47,0.07,5.12,1.39,6,24.08,0,0,30.96,0,0,29.64,0,15.32,0,0.24,0.09
09306242,45.15,20.04,34.81,61.64,40.15,67.61,0.96,2.48,24.7,1.34,0.11,6,89.86,7.75,0,0,0,31.15,0,0,3.36,0,65.49,0,0.37,0.23
09312600,43.99,24.67,31.35,82.85,56.85,86.54,1.16,1.62,40.49,1.33,0.14,5.98,101.4,7.45,0,0,0,40.17,0,0,45.97,0,13.86,0,0.31,0.21
09352900,38.18,16.16,45.66,54.46,30.57,60.73,1.07,2.73,37.42,1.42,0.09,5.99,0,5.45,7.18,0,0,36.88,0,0,8.23,0,47.7,0,0.3,0.16
09378170,41.09,20.5,38.41,61.76,37.98,67.52,0.75,3.07,45.62,1.39,0.11,5.91,221.25,7.67,1,0,0,69.69,0,0,5.35,0,23.95,0,0.27,0.22
09378630,40.25,19.9,39.84,61.76,36.87,68.05,0.75,3.24,46.23,1.4,0.11,5.95,194.16,7.75,1.06,0,0,73.34,0,0,4.44,0,21.15,0,0.27,0.21
09386900,38.51,24.93,36.56,60.37,38.34,67.27,0.51,1.45,52.93,1.43,0.11,5.73,56,6.91,0,0,0,68.44,0,0,26.32,0,5.25,0,0.29,0.27
09404450,45.24,27.09,27.67,73.21,53,76.8,0.87,1.53,36.12,1.26,0.13,6,118.43,7.92,0,0,0,21.01,0,0,41.13,0,37.86,0,0.31,0.22
09430500,33.72,29.56,36.72,63.26,40.5,69.19,0.26,1.68,42.16,1.42,0.1,5.99,26,6.84,0,0,0,40.65,0,0,22.34,0,37.01,0,0.36,0.17
09430600,33.56,31.87,34.58,65.37,42.69,70.49,0.12,2.05,56.94,1.42,0.1,6,79.64,6.99,0,0,0,34.26,0,0,31,0,34.74,0,0.3,0.23
09431500,34.38,30.08,35.55,64.91,42.2,70.64,0.28,1.59,41.46,1.42,0.11,5.99,49.69,7.03,0.12,0,0,35.02,0,0,18.92,0,45.93,0,0.3,0.18
09442692,31.76,27.68,40.54,71.24,42.42,80.44,0.17,2.57,59.53,1.42,0.13,5.88,54.36,7.31,3.37,0,0,42.66,0,0,47.32,0,6.65,0,0.29,0.29
09444500,33.35,28.86,37.79,65.43,40.98,70.56,0.21,2.56,54.05,1.43,0.11,5.93,68.22,7.21,1.04,0,0,42.06,0,0,26.9,0,30,0,0.29,0.23
09447800,34.27,40.14,25.58,63.89,47.49,70.35,0.77,0.31,44.1,1.34,0.1,6,100,7.55,0,0,0,3.55,0,0,35.25,0,61.2,0,0.3,0.13
09480000,31.89,29.61,38.46,68.32,41.96,74.41,0.38,1.14,49.8,1.4,0.14,6,92.28,7.72,0,0,0,11.35,0,0,66.29,0,22.35,0,0.26,0.19
09484000,42.53,18.18,39.31,64.43,39.07,67.56,0.23,1.74,22.77,1.41,0.1,6,25.26,7.24,0,0,0,11.79,0,0,7.55,0,80.66,0,0.27,0.18
09484600,35.69,27.41,36.9,64.47,40.98,72.44,0.39,1.01,44.73,1.36,0.13,6,85.84,7.67,0,0,0,23.98,0,0,40.4,0,35.61,0,0.27,0.18
09492400,45.98,24.07,29.97,67.36,47.22,76.49,0.4,0.27,0,1.35,0.14,6,0,6.69,0,0,0,100,0,0,0,0,0,0,0.47,0.23
09494000,44.09,27.92,27.99,71.99,52.28,80.14,0.31,0.67,44.89,1.41,0.13,6,53.36,6.97,0,0,0,69.11,0,0,28.8,0,2.09,0,0.45,0.26
09497500,38.97,33.12,27.91,75.65,55.08,82.76,0.66,0.69,42.1,1.31,0.11,5.98,61.86,7.13,0,0,0,38.71,0,0,29.79,0,31.51,0,0.39,0.21
09497800,42.34,29.31,28.34,69.17,49.56,79.26,0.06,0.93,57.93,1.5,0.13,6,126.53,7.7,0,0,0,6.77,0,0,48.67,0,44.56,0,0.37,0.19
09497980,34.63,22.54,42.87,69.7,38.23,77.32,0.53,3.03,40.63,1.36,0.1,6,37.39,7.06,0,0,0,24.06,0,0,55.55,0,20.39,0,0.26,0.13
09505200,32.76,37.68,29.57,75.8,53.52,78.6,0.72,1.11,56.23,1.42,0.13,6,61.37,7.57,0,0,0,36.5,0,0,13.52,0,49.98,0,0.31,0.21
09505350,31.85,38.22,29.92,60.81,42.77,63.32,0.72,0.85,57.51,1.41,0.13,6,38.08,7.33,0,0,0,40.02,0,0,6.8,0,53.18,0,0.32,0.2
09505800,31.86,34.46,33.68,67.75,45.63,71.87,0.59,1.51,55.52,1.43,0.12,6,46.6,7.28,0,0,0,54.42,0,0,10.53,0,35.05,0,0.31,0.2
09508300,38.03,22.3,39.67,58.81,35.44,67.44,0.62,2.69,30.64,1.3,0.09,6,5.71,6.75,0,0,0,1.33,0,0,67.42,0,31.25,0,0.21,0.08
09510200,29.86,15.95,54.18,68.48,31.52,72.51,0.34,4.14,33.59,1.34,0.09,6,77.38,7.14,0,0,0,33.2,0,0,24.1,0,42.7,0,0.26,0.14
09512280,28.71,18.75,52.57,75.63,36.43,77.7,0.21,5.23,43.36,1.39,0.11,5.9,102.17,7.49,0,0,0,28.38,0,0,28.78,0,42.85,0,0.26,0.19
09513780,30.56,31.23,38.19,65.72,39.81,84.47,0.19,3.33,43.89,1.44,0.13,6,104.87,7.74,0,0,0,21.66,0,0,19.04,0,59.3,0,0.32,0.18
10023000,49.88,20.5,29.62,63.35,45.31,68.32,0.79,2.29,43.61,1.34,0.11,6,116.72,7.89,0,0,0,61.69,0,0,34.32,0,3.99,0,0.34,0.24
10166430,44.58,27.41,28.01,57.66,41.56,63.73,1.5,1.14,40.7,1.26,0.1,6,104.14,7.37,0,0,0,29.74,0,0,33.84,0,36.41,0,0.3,0.15
10172700,43.81,15.79,40.4,45.2,26.94,50.54,0.98,1.8,15.24,1.36,0.08,6,130.79,8.21,0,0,0,3.81,0,0,12.1,0,84.09,0,0.4,0.14
10172800,42.95,15.78,41.26,45.28,26.59,51.47,1.58,1.64,20.72,1.36,0.09,6,142.58,7.94,0,0,0,12.38,0,0,21.33,0,66.29,0,0.39,0.14
10173450,38.76,22.74,38.5,66.16,40.97,70.95,0.54,2.11,49.71,1.35,0.1,5.99,99.17,7.08,0,0,0,51.27,0,0,32.1,0,16.63,0,0.26,0.23
10205030,39.8,25.72,34.48,72.67,47.68,78.86,1.25,1.94,52.33,1.35,0.12,6,97.17,7.06,4.36,0,0,36.91,0,0,48.22,0,10.52,0,0.29,0.19
10234500,43.33,19.38,37.28,52.5,33.07,58.82,1.05,2.32,54.42,1.4,0.1,6,56.01,6.68,1.7,0,0,78.73,0,0,13.73,0,5.83,0,0.3,0.17
10242000,43.15,32.65,24.2,71.18,54.23,74.71,0.65,0.8,49.77,1.35,0.14,6,28.16,7.42,0,0,0,16.69,0,0,69.82,0,13.5,0,0.29,0.21
10244950,46.67,18.43,34.9,44.26,28.8,51.19,1.66,2.15,30.79,1.25,0.1,5.95,65.94,8.05,0,0,0,23.48,0,0,37.72,0,38.81,0,0.43,0.19
10249300,41.07,22.98,35.95,55.43,35.54,62.88,1.35,1.8,35.42,1.39,0.11,6,11.55,7.04,0.21,0,0,36.8,0,0,19.18,0,43.81,0,0.41,0.16
10258000,25.19,10.18,64.63,56.08,18.79,63.32,0.65,9.12,23.47,1.56,0.06,6,1.98,6.46,14.36,0,0,5.1,0,0,37.86,0,42.68,0,0.23,0.13
10258500,26.52,11.14,62.33,74.78,28.25,83.57,1.02,5.31,17.12,1.54,0.09,6,0.97,6.72,3.57,0,0,8.87,0,0,36.76,0,50.79,0,0.24,0.19
10259000,30.45,10.44,59.11,51.38,20.36,60.35,0.72,6.79,24.41,1.49,0.07,6,3.36,6.5,19.74,0,0,7.91,0,0,12.42,0,59.94,0,0.23,0.14
10259200,29.03,12.2,58.77,72.54,29.71,78.96,1.32,4.56,18.83,1.49,0.09,6,0,6.59,6.21,0,0,13.22,0,0,42.42,0,38.15,0,0.23,0.18
10263500,35.17,12,52.83,47.25,22.31,56.3,0.82,6.3,23.28,1.42,0.07,5.94,0,6.64,17.64,0,0,0.73,0,0,14.95,0,66.68,0,0.25,0.14
10296000,31.66,10.72,57.63,50.53,21.38,57.66,1.55,5.76,46.86,1.22,0.07,5.7,16.03,6.01,0.09,0,0,48.21,0,0,2.37,0,49.33,0,0.24,0.13
10296500,31.35,11.73,56.93,49.37,21.1,59.04,1.35,5.45,43.44,1.27,0.07,5.77,18.37,6.22,0.33,0,0,47.65,0,0,8.31,0,43.72,0,0.26,0.13
10301500,32.56,19.11,48.33,57.8,30.2,68.86,0.75,4.77,38.98,1.41,0.09,5.73,104.51,7.15,2.86,0,0,26.25,0,0,18.85,0,52.03,0,0.32,0.17
10309000,30.77,15.89,53.35,60.42,28.55,68.67,1.52,6.29,35.63,1.25,0.09,5.86,16.36,6.07,1.95,0,0,45.96,0,0,12.19,0,39.89,0,0.27,0.15
10310500,16.99,5.94,77.08,65.33,14.65,82.86,0.98,12.09,28.75,1.49,0.07,5.86,38.84,6.21,12.66,0,0,18.97,0,0,37.41,0,30.96,0,0.21,0.13
10312000,30.42,18.08,51.51,62.6,30.4,72.33,0.99,5.51,37.85,1.38,0.1,5.59,114.55,6.76,4.96,0,0,27.69,0,0,23.88,0,43.47,0,0.29,0.17
10316500,42.23,22.92,34.86,54.98,35.78,61.58,1.37,1.75,36,1.39,0.1,6,0.81,6.81,0,0,0,35.31,0,0,30.46,0,34.23,0,0.4,0.17
10329500,41.99,26.68,31.33,52.77,36.42,60.51,1.43,1.48,41.51,1.35,0.11,5.99,166.23,7.21,0,0,0,39.15,0,0,15.8,0,45.05,0,0.41,0.24
10336645,25.41,6.25,68.34,54.41,17.49,61.44,2.29,4.8,57.49,1.44,0.06,5.55,240.74,6.07,2.98,0,0,72.13,0,0,6.25,0,18.64,0,0.19,0.11
10336660,31.54,10.94,57.52,51.15,21.68,58.13,3.12,3.97,32.74,1,0.09,5.73,326.24,6.07,0.49,0,0,53.33,0,0,5.16,0,41.02,0,0.22,0.15
10336740,22.48,5.13,72.39,61.12,15.07,77.15,1,11.35,29.74,1.47,0.06,5.85,17.33,6.14,11.57,0,0,23.16,0,0,32.76,0,32.51,0,0.24,0.14
10343500,37.03,18.08,44.9,53.9,29.74,59.6,1.9,2.37,48.35,1.22,0.11,5.85,0,5.51,6.08,0,0,84.87,0,0,0,0,9.05,0,0.3,0.16
10348850,35.66,17.7,46.64,60.87,32.16,71.06,1.04,4.38,40.47,1.32,0.1,5.12,15.6,6.21,1.95,0,0,35.29,0,0,26.18,0,36.57,0,0.32,0.16
10396000,41,33.83,25.17,68.88,51.75,74.35,2.42,1.27,23.16,1.37,0.1,6,0,7.02,3.04,0,0,13.72,0,0,15.9,0,67.34,0,0.37,0.13
11025500,31.29,16.46,52.26,87.52,41.77,94.12,0.78,3.04,36.04,1.47,0.12,5.96,60.56,6.23,1.01,0,0,34.84,0,0,51.81,0,12.33,0,0.29,0.22
11098000,48.18,17.68,34.14,76.32,50.31,86.97,1.03,2.45,18.09,1.51,0.13,5.98,44.15,6.51,0.01,0,0,16.71,0,0,42.54,0,40.74,0,0.33,0.25
11124500,41.12,23.94,34.94,75.93,49.69,80.7,1.56,1.35,25.29,1.45,0.14,6,66.73,6.74,0.74,0,0,12.44,0,0,43.55,0,43.28,0,0.37,0.29
11138500,41.69,21.87,36.44,80.1,51.04,84.32,2.25,1.39,20.91,1.47,0.15,6,37.15,6.63,0.96,0,0,9.5,0,0,28.84,0,60.7,0,0.37,0.29
11141280,38.87,32.57,28.55,56.74,40.41,63.79,2.17,1.22,25.69,1.42,0.11,6,106.48,6.36,0.12,0,0,3.85,0,0,53.5,0,42.52,0,0.38,0.2
11143000,31.43,14.1,54.47,68.38,31.22,76.64,0.81,4.15,24.72,1.55,0.09,6,12.07,6.4,1.03,0,0,31.52,0,0,42.34,0,25.12,0,0.25,0.19
11148900,36.87,22.93,40.2,74.22,44.47,80.22,1.12,2.87,28.12,1.48,0.12,6,80,6.61,3.73,0,0,17.05,0,0,24.41,0,54.82,0,0.32,0.22
11151300,44.88,31.82,23.3,87.5,67.56,92.24,0.84,0.87,34.68,1.35,0.15,5.9,105.47,7.32,0.41,0,0,26.59,0,0,22.16,0,50.84,0,0.34,0.28
11160000,36.79,19.37,43.84,80.68,45.33,85.52,0.93,2.86,38.37,1.4,0.12,5.92,35.63,6.1,1.17,0,0,56.35,0,0.28,16.45,0,25.76,0,0.3,0.21
11162500,37.1,19.75,43.15,79.23,44.92,84.22,0.97,2.79,37.05,1.39,0.12,5.98,36.42,6.08,0.8,0,0,55.1,0,0.08,22,0,22.02,0,0.31,0.21
11176400,45.93,22.4,31.67,74.49,50.84,80.34,0.72,2.16,20.88,1.47,0.14,5.95,99.89,6.57,0,0,0,4.65,0,0,17.24,0,78.11,0,0.37,0.28
11180500,45.45,28.45,26.1,84.79,62.65,89.11,1.7,1.19,28.25,1.47,0.14,5.97,39.53,6.57,0.03,0,0,7.82,0,0,38.51,0,53.64,0,0.35,0.31
11180960,45.94,28.24,25.82,83.93,62.26,88.34,1.81,1.27,25.32,1.47,0.14,6,31,6.47,0,0,0,4,0,0,38,0,58,0,0.35,0.31
11224500,40.3,35.55,24.15,91.29,69.23,94.68,0.98,1.74,33.48,1.41,0.14,5.89,128.13,7.24,0,0,0,1.86,0,0,51.98,0,46.16,0,0.32,0.29
11230500,25.43,5.95,68.62,51.82,16.31,59.68,1.4,9.3,59.54,1.37,0.04,5.4,0,6.05,1.7,0,0,15.26,0,0,1.54,0,81.5,0,0.19,0.1
11237500,26.7,8.03,65.27,64.33,22.09,72.49,0.81,12.15,48.89,1.44,0.05,5.76,0,5.82,22.04,0,0,45.94,0,0,15.31,0,16.71,0,0.21,0.15
11253310,36.59,36.31,27.1,91.72,66.76,95.21,0.58,2.57,37.31,1.47,0.13,5.93,122.74,7.59,0.24,0,0,7.68,0,0,53.33,0,38.74,0,0.32,0.28
11264500,26.06,6.63,67.31,53.81,17.72,61.65,1.37,9.28,54.86,1.35,0.05,5.52,0,6.01,3.95,0,0,21.33,0,0,3.59,0,71.14,0,0.19,0.11
11266500,26.08,7.16,66.76,56.15,19.03,64.03,1.3,8.64,55.52,1.38,0.05,5.54,0,6.03,2.53,0,0,24.35,0,0,2.5,0,70.61,0,0.2,0.12
11274500,42.78,25.01,32.22,78.41,53.06,83.87,0.81,1.76,23.02,1.48,0.14,5.98,69.38,7.08,0.01,0,0,4.84,0,0,18.1,0,77.05,0,0.37,0.29
11274630,42.15,26.59,31.26,77.76,53.25,83.41,0.9,1.61,23.06,1.47,0.14,5.98,66.22,7.11,0.01,0,0,4.88,0,0,17.26,0,77.86,0,0.37,0.28
11281000,31.16,17.08,51.76,76.09,37.29,83.12,0.92,3.78,51.5,1.35,0.11,5.89,0,5.84,0.64,0,0,62.14,0,0,13.07,0,24.15,0,0.26,0.2
11284400,39.31,25.83,34.85,72.12,46.98,78.62,0.88,1.31,34.07,1.29,0.13,6,0,5.49,0,0,0,11,0,0,67,0,22,0,0.38,0.25
11299600,47.86,26.3,25.84,72.92,54.1,80.77,1.17,1.39,18.45,1.45,0.14,6,34.24,6.58,0,0,0,2.92,0,0,10.85,0,86.23,0,0.37,0.27
11342000,39.72,19.41,40.88,52.73,31.12,59.05,1.55,2.99,39.78,1.28,0.12,5.92,19.41,6.07,3.08,0,0,44.89,0,0,28.68,0,23.35,0,0.29,0.17
11355500,39.76,13.89,46.35,48.99,27.15,54.64,1.28,3.25,48.13,1.16,0.14,5.95,13.17,6.08,16.05,0,0,62.89,0,0,7.96,0,13.1,0,0.27,0.18
11381500,41.02,20.11,38.87,70.36,43.59,75.64,1.47,2.86,34.32,1.34,0.12,5.8,2.76,6.05,2.16,0,0,53.16,0,0,4.76,0,39.92,0,0.33,0.18
11383500,39.82,21.14,39.04,70.12,43.46,75.72,1.76,2.56,41.02,1.22,0.12,5.86,0.06,5.81,1.41,0,0,74.01,0,0,2.6,0,21.98,0,0.32,0.17
11401500,35.92,15.25,48.83,57.73,28.32,65.12,1.14,4.46,40.82,1.4,0.08,5.68,10.12,6.16,1.05,0,0,60.73,0,0,20.61,0,17.62,0,0.29,0.17
11413000,37.32,16.29,46.39,53.93,29,61.71,1.89,3.46,33.56,1.19,0.08,5.95,0,5.8,2.26,0,0,46.82,0,0,17.58,0,33.33,0,0.27,0.17
11427000,39.71,19.75,40.54,60.52,36.64,67.09,1.58,2.33,39.61,1.24,0.1,5.85,9.05,5.72,0.84,0,0,49.96,0,0,19.48,0,29.72,0,0.31,0.17
11451100,45.41,20.14,34.46,59.19,38.94,64.28,1.36,1.39,26.15,1.43,0.11,6,4.46,5.81,3.06,0,0,29.54,0,0,22.27,0,45.13,0,0.3,0.21
11468500,44.03,26.79,29.18,68.01,48.16,72.8,0.63,1.48,44.99,1.38,0.13,5.97,0,5.61,0,0,0,69.36,0,0,30.2,0,0.44,0,0.37,0.26
11473900,44.62,22.19,33.18,54.17,36.79,58.92,1.56,1.58,33.22,1.41,0.1,5.95,14.5,5.94,5.01,0,0,41.92,0,0,24.38,0,28.69,0,0.3,0.2
11475560,42.02,22.93,35.05,62.06,40.32,66.88,0.69,2.99,42.39,1.4,0.11,6,0,5.82,0,0,0,76.62,0,0,17.51,0,5.87,0,0.36,0.22
11476600,42.5,28.2,29.29,69.33,49.02,73.66,0.77,1.56,48.77,1.33,0.13,5.92,0,5.59,0,0,0,82.85,0,0,16,0,1.16,0,0.37,0.26
11478500,42.24,23.86,33.9,59.1,39.22,64.58,1.34,1.41,45.13,1.37,0.11,5.9,0,5.85,1.95,0,0,55.89,0,0,33.47,0,8.69,0,0.34,0.21
11480390,41.54,21.86,36.6,56.49,36.23,61.99,1.51,1.6,43.15,1.37,0.1,5.88,0,5.77,3.22,0,0,55.57,0,0,26.99,0,14.22,0,0.32,0.21
11481200,46.06,33.76,20.18,68.16,54.31,72.06,0.65,1.02,54.18,1.3,0.14,5.14,5.43,5.61,0.02,0,0,48.26,0,0,19.14,0,32.59,0,0.38,0.21
11482500,45.03,29.46,25.51,66.53,49.56,70.85,0.89,1.18,49.65,1.32,0.13,5.6,0,5.59,0,0,0,62.31,0,0,26.46,0,11.22,0,0.37,0.21
11497500,37.28,22.34,40.37,68.64,40.91,76.44,1.76,3.77,46.23,1.15,0.15,5.82,1.24,6.59,9.22,0,0,53.46,0,0,14.61,0,22.71,0,0.27,0.17
11501000,34.89,18.63,46.48,70.41,38.37,78.62,1.7,5.39,48.32,1.08,0.17,5.58,1.89,6.62,15.86,0,0,50.28,0,0,7.98,0,25.88,0,0.25,0.16
11522500,36.11,14.59,49.3,52.22,25.45,60.66,1.35,2.96,32.43,1.42,0.08,5.89,2.42,5.81,0.95,0,0,44.8,0,0,20.58,0,33.67,0,0.26,0.18
11523200,34.92,23.27,41.81,53.15,30.44,59.91,1.1,2.59,37.29,1.26,0.09,5.92,46.18,6.38,1.16,0,0,32.02,0,0,33.02,0,33.8,0,0.31,0.15
11528700,39.56,17.96,42.47,53.46,30.38,60.28,1.49,2.06,36.71,1.4,0.09,5.87,2.49,5.91,0.6,0,0,42.02,0,0,34.46,0,22.92,0,0.29,0.19
11530000,38.38,18.68,42.94,51.66,29.1,58.61,1.32,2.26,36.28,1.39,0.09,5.89,8.51,5.97,1.03,0,0,42.91,0,0,30.18,0,25.88,0,0.29,0.18
11532500,43.8,26.17,30.03,64.93,45.55,71.94,1.15,1.27,39.37,1.35,0.11,5.95,0.14,6.05,0.23,0,0,35.12,0,0,33.83,0,30.82,0,0.35,0.2
12010000,46.89,28.82,24.29,84.41,64.55,90.12,4.52,1.67,50.79,0.96,0.18,5.48,0,5.17,1.38,0,0,66.48,0,0,25.66,0,6.48,0,0.28,0.22
12013500,45.62,28.39,25.99,90.02,67.24,93.28,3.3,1.93,54.69,1.01,0.19,5.59,0,5.24,1.62,0,0,78.57,0,0,15.5,0,4.31,0,0.31,0.23
12020000,44.49,22.11,33.4,76.32,51.49,83.82,2.82,2.57,49.23,1.05,0.16,5.59,0,5.35,3.44,0,0,58.06,0,0,28.71,0,9.79,0,0.3,0.22
12025000,46.53,31.17,22.31,82.52,64.49,87.63,1.95,2.05,56.72,1.16,0.16,5.3,0,5.64,1.58,0,0,72.99,0,0,9.97,0,15.46,0,0.28,0.27
12025700,45.9,25.38,28.72,59.3,43.28,65.77,2.66,2.49,48.12,1.03,0.16,5.96,0,5.6,0.82,0,0,60.62,0,0,35.73,0,2.84,0,0.3,0.22
12027500,46.57,26.84,26.59,81.68,60.64,86.66,2.23,2.57,55,1.15,0.16,5.49,0,5.53,3.83,0,0,73.09,0,0,12.88,0,10.2,0,0.28,0.26
12035000,44.79,25.47,29.73,77.59,56.6,82.54,3.34,3.16,55.43,1.01,0.17,5.25,0,5.19,4.06,0,0,69.09,0,0,21.13,0,5.72,0,0.3,0.2
12040500,44.24,17.16,38.6,26.92,17.28,30.22,1.34,3.33,47.49,1.24,0.09,5.51,0,5.16,3.59,0,0,43.11,0,0,41.58,0,11.72,0,0.28,0.17
12041200,34.06,9.73,56.18,15.94,9.28,19.01,1.3,3.63,47.24,1.26,0.09,5.41,0,5.19,5.28,0,0,34.53,0,0,43.74,0,16.44,0,0.28,0.15
12043000,49.44,28.03,22.54,30.54,23.67,40.57,1.55,2.15,45.55,1.15,0.08,5.78,0,5.05,0,0,0,44.9,0,0,47.89,0,7.21,0,0.29,0.14
12048000,29.46,11.76,58.78,19.96,12.09,26.58,1.37,2.26,39.72,1.14,0.1,5.9,0,5.67,9.49,0,0,35.54,0,0,35.58,0,19.39,0,0.29,0.14
12054000,31.04,14.67,54.29,36.74,23.91,43.81,1.99,1.85,37.68,0.93,0.12,5.67,0,5.49,11.37,0,0,31.02,0,0,35.14,0,22.47,0,0.3,0.16
12056500,33.75,15.13,51.1,38.24,23.38,46.52,2.14,1.95,36.26,0.93,0.12,5.87,0,5.53,9.16,0,0,34.31,0,0,38.79,0,17.73,0,0.3,0.16
12073500,35.44,6.97,57.58,56.22,23.85,66.63,2.66,3.89,60,1.35,0.08,3.04,0,5.55,12,0,0,2,0,0,86,0,0,0,0.28,0.14
12082500,34.24,7.45,58.31,48.88,21.37,57.44,1.46,7.25,54.57,1.06,0.1,5.56,0,5.81,8.54,0,0,64.16,0,0,17.38,0,9.92,0,0.26,0.14
12092000,27.11,5.67,67.23,51.81,19.11,59.62,1.17,6.92,56.97,1.12,0.08,5.5,0,5.83,9.85,0,0,68.16,0,0,6.84,0,15.15,0,0.24,0.11
12095000,43.64,14.78,41.59,50.68,29.74,59.72,1.78,4.76,57.47,1.13,0.13,4.43,9.24,5.84,8.86,0,0,41.75,0,0,31,0,18.38,0,0.29,0.21
12098500,41.84,12.63,45.54,43.27,24.11,54.84,1.82,3.24,56.34,1.03,0.13,5.22,0,5.68,4.46,0,0,58.52,0,0,26.43,0,10.59,0,0.28,0.19
12114500,39.96,8.12,51.89,40.63,19.24,54.43,2.13,4.07,55,1.02,0.13,4.77,0,5.48,9.89,0,0,40.83,0,0,41.49,0,7.8,0,0.28,0.18
12115000,40.47,8.23,51.28,41.94,20.24,55.53,2.03,4.05,54.86,1.02,0.13,4.64,0,5.48,9.94,0,0,37.26,0,0,45.56,0,7.25,0,0.28,0.18
12115500,45.56,9.46,44.98,40.71,22.43,55.22,2.11,2.62,55.18,0.99,0.15,4.46,0,5.45,3.47,0,0,36.91,0,0,52.09,0,7.53,0,0.29,0.19
12117000,45.58,12.14,42.28,45.1,26.4,57.47,2.12,4.25,55.28,1.07,0.14,4.95,0,5.54,1.38,0,0,50.54,0,0,37.71,0,10.37,0,0.28,0.2
12134500,41.13,8.37,50.5,44.97,22.32,56.11,1.88,4.13,51.34,1.08,0.11,5,1.63,5.66,11.28,0,0,38.81,0,0,30.92,0,18.99,0,0.29,0.19
12141300,33.05,6.47,60.49,47.4,19.1,57.17,1.71,6.53,51.27,1.13,0.08,5.18,0,5.7,21.65,0,0,37.35,0,0,24.4,0,16.6,0,0.27,0.18
12143600,28.22,5.95,65.79,44.7,15.2,55.02,1.87,8.29,54.26,1.14,0.09,5.39,0.03,5.61,24.33,0,0,47.59,0,0,16.66,0,11.42,0,0.24,0.17
12144000,32.31,7.59,60.08,47.38,19.46,57.02,1.88,8.11,55.45,1.17,0.1,5.17,22.7,5.64,19.12,0,0,48.67,0,0,17.74,0,14.47,0,0.25,0.18
12144500,35.27,7.75,56.98,48.05,21.26,58.12,1.85,6.43,53.61,1.13,0.1,4.98,17.48,5.66,17.31,0,0,40.93,0,0,26.06,0,15.7,0,0.27,0.19
12145500,46.25,14.53,39.21,61.91,38.24,70.94,1.9,2.08,55.22,1.07,0.17,3.61,0.07,5.79,1.4,0,0,29.13,0,0,52.49,0,16.97,0,0.32,0.22
12147500,43.76,10.65,45.59,44.46,24.46,57.44,2.09,3.89,54.64,1.04,0.14,4.8,0,5.51,4.95,0,0,43.11,0,0,43.64,0,8.3,0,0.29,0.19
12147600,27.13,5.01,67.8,44.64,14.23,55.94,1.88,7.76,54.09,1.09,0.09,5.16,0,5.54,26.65,0,0,39.45,0,0,27.2,0,6.7,0,0.27,0.17
12149000,38.63,9.6,51.76,51.03,25.57,60.79,1.87,5.64,54.55,1.13,0.12,4.64,17.59,5.69,13.02,0,0,38.86,0,0,32.35,0,15.77,0,0.28,0.2
12167000,46.35,11.12,42.52,50.35,29.62,62.03,2.09,2.82,55.37,1.05,0.15,4.19,39.58,5.6,2.72,0,0,36.35,0,0,44.95,0,15.98,0,0.3,0.21
12175500,47.5,9.9,42.6,43.94,25.35,55.12,1.94,2.38,49.92,1.07,0.11,5.06,0,5.71,3.81,0,0,41.69,0,0,28.71,0,25.79,0,0.31,0.2
12178100,47.09,9.82,43.08,42.63,24.38,54.48,2.03,2.36,50.86,1.06,0.12,5.04,0.17,5.64,3.47,0,0,43.15,0,0,29.98,0,23.4,0,0.3,0.2
12186000,46.73,9.7,43.56,42.61,24.14,54.9,2.02,2.48,51.65,1.05,0.12,4.92,0,5.63,3.48,0,0,41.79,0,0,34.57,0,20.16,0,0.3,0.2
12189500,46.32,9.6,44.08,44.2,24.68,56.02,1.94,2.71,51.36,1.06,0.12,4.9,0.41,5.65,4.42,0,0,40.37,0,0,34.17,0,21.04,0,0.3,0.2
12340000,44.74,19.05,36.22,44.2,28.65,51.46,0.66,2.11,56.99,1.42,0.08,5.89,42.6,6.59,1.59,0,0,76.09,0,0,10.49,0,11.83,0,0.33,0.2
12358500,54.19,11.39,34.42,37.18,24.35,44.98,1,2.28,45.72,1.2,0.08,5.97,1.99,6.02,2.91,0,0,42.8,0,0,0.78,0,53.51,0,0.33,0.19
12374250,44.39,13.95,41.67,42.01,24.62,49.3,0.52,2.7,59.64,1.42,0.08,6,19.85,6.3,5,0,0,95,0,0,0,0,0,0,0.34,0.19
12375900,56.26,10.04,33.71,35.85,23.66,43.79,1.14,2.33,43.51,1.17,0.08,5.98,5.52,6.06,3.77,0,0,36.47,0,0,0.8,0,58.96,0,0.33,0.19
12377150,56.97,9.75,33.28,35.32,23.46,43.3,1.18,2.31,42.67,1.15,0.08,5.98,3.65,6.01,4.01,0,0,33.49,0,0,0.79,0,61.71,0,0.33,0.2
12381400,54.95,13.28,31.77,36.85,25.36,44.97,0.66,1.77,56.76,1.34,0.1,6,70.14,6.71,7.19,0,0,80.98,0,0,0,0,11.84,0,0.33,0.2
12383500,52.42,9.2,38.38,32.18,19.99,39.2,0.71,2.8,53.36,1.32,0.08,6,10.45,6.06,11.25,0,0,65.08,0,0,0,0,23.67,0,0.31,0.22
12388400,46.77,11.29,41.94,36.64,21.44,43.8,0.57,2.76,57.86,1.38,0.07,6,12.01,6.2,6.49,0,0,85.74,0,0,2.85,0,4.92,0,0.33,0.2
12390700,47.91,9.42,42.66,29.44,17.17,37.49,0.5,3.09,57.38,1.39,0.06,5.99,26.56,6.47,7.31,0,0,84.26,0,0,0.3,0,8.13,0,0.33,0.2
12411000,57.41,5.35,37.24,42.53,27.54,47.11,1.21,3.44,59.21,1.19,0.09,5.66,69.6,6.34,4.35,0,0,86.34,0,0,2.15,0,7.15,0,0.38,0.26
12413000,58.28,5.8,35.92,42.83,28.2,47.49,1.26,3.17,58.57,1.19,0.09,5.7,62.18,6.3,4.81,0,0,86.15,0,0,2.8,0,6.24,0,0.39,0.25
12413500,59.87,6.02,34.11,44.01,29.85,48.67,1.39,2.87,57.93,1.17,0.1,5.64,74.45,6.27,5.51,0,0,84.32,0,0,4.13,0,6.04,0,0.39,0.25
12414500,52.82,5.57,41.61,41.44,24.38,46.16,1.15,3.37,56.66,1.17,0.1,5.82,0.39,6.26,14.29,0,0,77.36,0,0,4.29,0,4.06,0,0.37,0.24
12447390,49.07,10.13,40.81,61.01,36.36,67.15,0.71,2.71,48.79,1.34,0.1,5.96,0,6.07,9.78,0,0,72.76,0,0,1.79,0,15.67,0,0.32,0.15
12449500,48.26,9.59,42.16,58.53,34.13,65.8,1.07,3.12,50.08,1.32,0.1,5.78,0.61,6.16,8.26,0,0,67.15,0,0,5.4,0,19.19,0,0.32,0.18
12449950,46.52,9.07,44.41,58.78,32.88,66.44,1.01,3.46,51.18,1.34,0.1,5.8,2.01,6.29,7.82,0,0,66.73,0,0,5.16,0,20.29,0,0.32,0.19
12451000,41.35,8.96,49.69,56.59,27.65,70.98,1.28,2.78,49.78,1.11,0.08,5.66,0,6.1,6.5,0,0,59.35,0,0,9.07,0,25.08,0,0.31,0.19
12459000,38.26,10.92,50.82,54.21,26.52,66.79,0.95,3.62,52.1,1.12,0.09,5.68,0.73,6.27,10.61,0,0,64.72,0,0,10.73,0,13.94,0,0.31,0.21
12462500,39.55,12.17,48.27,57.86,30.16,69.41,0.9,3.18,51.46,1.16,0.09,5.74,1.34,6.36,8.36,0,0,66.48,0,0,12.34,0,12.82,0,0.32,0.23
12488500,30.37,6.04,63.59,40.58,14.66,52.51,1.2,4.91,58.08,1.13,0.1,5.24,0,5.91,10.67,0,0,63.62,0,0,14.2,0,11.51,0,0.27,0.17
13011500,37.14,17.21,45.65,57.41,31.92,60.86,0.67,3.85,37.48,1.37,0.1,5.83,22.86,6.44,3.74,0,0,32.94,0,0,30.13,0,33.19,0,0.29,0.21
13011900,36.53,13,50.47,41.78,21.38,46.99,0.56,3.93,42.57,1.45,0.08,5.42,12.86,6.25,9.34,0,0,30.18,0,0,18.8,0,41.69,0,0.3,0.17
13018300,40.49,16.47,43.05,51.83,29.62,54.08,0.75,4.16,36.43,1.33,0.1,5.7,71.78,7.15,12.47,0,0,26.88,0,0,24.42,0,36.23,0,0.29,0.19
13023000,47.39,19.36,33.25,66,44.47,69.16,0.84,3.21,50.06,1.33,0.12,5.34,79.16,7.31,2.27,0,0,45.81,0,0,21.61,0,30.31,0,0.32,0.22
13083000,48.87,23.25,27.87,57.21,41.66,63.03,1.55,1.24,48.15,1.34,0.1,6,89.54,7.02,0,0,0,66.25,0,0,13.57,0,20.18,0,0.43,0.22
13161500,39.56,25.17,35.27,54.18,34.65,63.37,1.25,2.56,35.41,1.37,0.1,5.8,21.06,7,3.74,0,0,21.51,0,0,32.67,0,42.08,0,0.38,0.16
13186000,31.47,9.65,58.88,46.16,18.52,52.1,0.94,7.96,38.66,1.54,0.07,6,5.68,6.57,6.44,0,0,53.31,0,0,26.57,0,13.67,0,0.26,0.14
13200000,20.13,6.43,73.44,42.26,11.3,49.56,0.63,10.07,46.78,1.55,0.08,6,6.76,6.19,42.81,0,0,10.59,0,0,22.03,0,24.56,0,0.27,0.16
13235000,29.78,7.65,62.57,46.02,16.61,57.2,1.04,9.68,46.77,1.58,0.08,5.95,26.11,6.37,12.72,0,0,54.5,0,0,18.02,0,14.76,0,0.28,0.16
13240000,23.35,6.22,70.43,72.81,21.5,86.93,0.76,10.96,43.66,1.63,0.08,6,0,5.9,17.97,0,0,55.39,0,0,20.89,0,5.75,0,0.22,0.14
13302500,44.8,16.2,39,34.71,22.01,39.26,1.05,4.9,43.1,1.5,0.08,5.84,105.74,7.13,13.28,0,0,43.15,0,0,17.78,0,25.8,0,0.32,0.18
13310700,23.99,5.96,70.06,57.24,17.14,75.09,0.56,12.31,49.89,1.7,0.07,6,0,5.6,9.93,0,0,81.69,0,0,4.92,0,3.47,0,0.24,0.12
13313000,24.01,5.96,70.04,23.41,7.02,30.78,0.55,12.33,50,1.7,0.07,6,0,5.59,21.63,0,0,33.82,0,0,25.45,0,19.09,0,0.24,0.12
13331500,58.21,22.53,19.26,71.41,57.78,76.96,1.39,1.32,41.49,1.2,0.16,6,0.22,6.6,0,0,0,40.93,0,0,35.43,0,23.63,0,0.38,0.31
13336500,52.88,9.62,37.5,50.31,31.36,54.82,1.02,4.62,41.11,1.37,0.09,5.91,0.01,6,4.36,0,0,68.61,0,0,18.44,0,8.58,0,0.38,0.22
13337000,52.95,6.87,40.17,53.73,32.13,57.55,1.16,4.63,39.44,1.25,0.1,5.61,0,6,17.44,0,0,61.65,0,0,14.26,0,6.64,0,0.39,0.27
13338500,56.38,14.62,29.01,67.89,49.04,71.58,1.73,3.07,34.68,1.26,0.14,5.35,26.85,6.31,0.29,0,0,60.68,0,0,29.45,0,9.57,0,0.34,0.29
13340000,54.53,12.45,33.03,60.09,41.31,64.09,1.32,3.67,41.77,1.31,0.11,5.49,8.82,6.13,5.41,0,0,62,0,0,22.9,0,9.69,0,0.38,0.26
13340600,54.01,5.61,40.39,47.36,28.48,51.69,1.26,4.39,51.34,1.19,0.11,5.53,0,6.18,13.83,0,0,67.82,0,0,13.39,0,4.96,0,0.4,0.24
13351000,68.7,18.61,12.68,88.77,79.34,90.42,1.48,2.19,56.92,1.32,0.17,5.31,45.79,6.96,0,0,0,70.44,0,0,24.16,0,5.4,0,0.41,0.34
14020000,61.07,21.1,17.83,71.08,58.61,75.06,1.51,1.49,42.21,1.22,0.16,5.91,0,6.65,0.67,0,0,52.08,0,0,23.14,0,24.11,0,0.39,0.31
14080500,42.34,29.58,28.07,68.47,49.03,75.07,1.28,1.44,33.3,1.31,0.13,5.74,30.92,7.12,1.97,0,0,10.22,0,0,57.54,0,30.28,0,0.34,0.22
14092750,30.16,15.5,54.34,63.95,29.12,69.67,2.13,6.26,51.03,1.05,0.09,6,0,6.16,33.96,0,0,65.66,0,0,0,0,0.37,0,0.23,0.17
14096850,40.59,21.32,38.08,67.22,42.9,71.26,2.08,2.36,41.33,1.16,0.1,6,4.01,6.16,21.05,0,0,57.99,0,0,13.18,0,7.79,0,0.27,0.16
14101500,45.37,19.29,35.35,73.55,47.97,77.51,2.24,2.18,42.81,1.15,0.13,5.97,5.95,6.36,7.61,0,0,60.15,0,0,17.19,0,15.05,0,0.3,0.22
14113000,44.22,21.22,34.55,67.76,45.12,74.98,1.31,1.91,53.99,1.16,0.14,5.8,0.02,6.29,1.04,0,0,80.14,0,0,10.02,0,8.8,0,0.33,0.27
14137000,50.59,14.73,34.7,59.12,38.79,64.69,3.2,2.92,48.55,0.95,0.14,5.84,0,5.54,1.68,0,0,58.43,0,0,30.5,0,9.39,0,0.27,0.16
14138800,49.93,13.9,36.15,54.61,34.87,60.39,3.61,3.27,41.29,0.9,0.16,5.94,0,5.42,0.39,0,0,40.65,0,0,53.31,0,5.65,0,0.27,0.16
14138870,49.1,13.69,37.21,55.95,35.27,61.67,3.25,3.17,45.94,0.96,0.14,5.97,0,5.49,1.1,0,0,53.96,0,0,38.35,0,6.59,0,0.27,0.16
14138900,52.81,16.01,31.14,57.7,40.03,63.34,3.66,2.77,43.98,0.88,0.16,5.94,0,5.49,0.07,0,0,52.21,0,0,43.1,0,4.62,0,0.28,0.17
14139800,53.28,15.54,31.21,58.08,40.34,63.66,3.61,2.77,44.88,0.89,0.16,5.94,0,5.53,0.25,0,0,53.64,0,0,41.15,0,4.97,0,0.28,0.17
14141500,57.84,16.37,25.79,62.36,46.82,67.58,3.57,2.26,49.56,0.9,0.15,5.93,0,5.65,0.33,0,0,67.89,0,0,27.01,0,4.77,0,0.3,0.18
14154500,45.82,29.88,24.3,71.53,55.1,76.2,2.81,1.64,46.72,1.13,0.14,5.93,0,5.17,0,0,0,58.86,0,0,36.8,0,4.34,0,0.27,0.2
14158500,43.8,13.27,42.93,57.94,32.49,64.13,2.95,5.03,45.63,0.93,0.14,5.95,0,5.74,8.37,0,0,47.77,0,0,37.44,0,6.42,0,0.27,0.18
14158790,49.53,13.73,36.74,54.79,34.67,60.55,3.51,3.28,42.17,0.92,0.16,5.94,0,5.44,0.59,0,0,42.96,0,0,50.44,0,6.01,0,0.27,0.16
14166500,43.28,41.18,15.54,89.78,76.27,93.96,2.46,0.88,45.92,1.26,0.16,4.91,0,5.4,0,0,0,20.86,0,0,61.96,0,17.18,0,0.28,0.25
14182500,47.82,21.01,31.17,62.54,44.02,67.8,3.16,2.54,44.29,1.02,0.15,5.93,0,5.33,0.36,0,0,49.8,0,0,44.43,0,5.4,0,0.27,0.18
14185000,47.91,23.9,28.19,65.38,47.99,70.48,3.14,2.2,44.73,1.03,0.15,5.89,0,5.3,0.08,0,0,52.11,0,0,42.51,0,5.3,0,0.27,0.18
14185900,49.61,20.89,29.5,60.92,43.29,66.56,2.98,2.38,43.7,1.03,0.15,5.92,0,5.26,0,0,0,58.02,0,0,35.98,0,6,0,0.27,0.18
14187000,46.51,28.85,24.62,70.74,54.3,75.51,2.85,1.69,46.45,1.11,0.15,5.89,0,5.23,0,0,0,57.93,0,0,37.05,0,5.02,0,0.27,0.19
14216500,33.55,6.82,59.63,43.95,18.62,64.46,0.89,8.31,57.27,0.98,0.09,5.99,0,5.93,2.97,0,0,85.81,0,0,2.18,0,9.03,0,0.25,0.14
14222500,45.65,28.84,25.52,53.4,40.01,58.68,2.45,1.77,52.08,1.08,0.16,5.9,0,5.4,0,0,0,69.38,0,0,27.77,0,2.85,0,0.29,0.25
14232500,39.31,8.26,52.42,49.9,23.61,59.93,1.38,5.9,54.24,0.92,0.1,5.93,0,5.91,0.5,0,0,80.51,0,0,9.72,0,9.28,0,0.28,0.17
14233400,36.01,7.91,56.08,47.47,21.53,56.48,1.43,6.37,54.45,0.97,0.1,5.74,0,5.82,3.89,0,0,74.03,0,0,11.8,0,10.28,0,0.26,0.15
14236200,43.62,26.76,29.61,67.64,48.76,71.67,2.35,2.71,52.08,0.99,0.17,5.83,0,5.77,0.19,0,0,63.21,0,0,31.95,0,4.65,0,0.3,0.22
14301000,53.73,24.69,21.58,82.3,64.92,85.39,2.46,1.57,48.98,1.07,0.17,5.6,0.12,5.03,0.21,0,0,68.59,0,0,27.45,0,3.75,0,0.3,0.27
14303200,52.34,20.02,27.64,59.96,43.39,65.7,4.01,1.3,44,0.82,0.18,6,0,4.91,0,0,0,60,0,0,40,0,0,0,0.3,0.21
14305500,47.66,23.23,29.12,69.5,49.1,75.53,3.13,2.41,43.53,1.03,0.16,5.87,0.57,5.03,0.91,0,0,52.71,0,0,37.18,0,9.2,0,0.27,0.2
14306340,47.97,21.62,30.45,62.53,43.34,69.29,3.24,2.44,40.49,0.92,0.16,6,0,4.99,0,0,0,46.1,0,0,45.68,0,8.22,0,0.27,0.18
14306500,45.2,27.65,27.15,76.81,56.62,82.33,2.73,2.21,44.6,1.09,0.15,5.92,0,5.08,0,0,0,54.4,0,0,39.11,0,6.49,0,0.26,0.2
14308000,46.76,24.01,29.23,59.25,42.1,65.4,2.54,2.41,49.16,1.21,0.13,5.83,0,5.5,0.13,0,0,73.22,0,0,21.35,0,5.3,0,0.29,0.16
14308990,35.6,20.42,43.96,69.63,37.54,79.13,1.55,2.48,41.1,1.41,0.11,5.94,0,5.96,0,0,0,59.56,0,0,33.85,0,6.59,0,0.3,0.19
14309500,44.67,24.82,30.51,65.31,45.09,72.87,2.12,2.67,44.15,1.21,0.13,5.95,0,5.51,0,0,0,62.78,0,0,32.62,0,4.6,0,0.27,0.16
14316700,48.25,23.14,28.61,61.44,44.11,66.81,2.92,2.29,48.49,1.13,0.14,5.83,0,5.17,0.09,0,0,71.65,0,0,20.82,0,7.44,0,0.27,0.17
14321000,45.36,26.2,28.44,66.45,48.08,72.35,2.23,2.2,45.08,1.25,0.13,5.79,0.08,5.63,1.18,0,0,54.74,0,0,35.25,0,8.83,0,0.29,0.2
14325000,43.41,24.19,32.4,70.13,47.49,76.58,2.28,2.77,43.23,1.16,0.14,5.91,0,5.38,0,0,0,49.82,0,0,40.04,0,10.14,0,0.25,0.16
14359000,41.97,26.9,31.13,69.64,48.54,76.03,1.96,2.21,41.84,1.28,0.13,5.35,2.32,5.95,3.85,0,0,34.71,0,0,34.3,0,27.14,0,0.3,0.17
14362250,46.58,24.42,29.01,56.25,40.53,61.07,1.6,1.52,33.7,1.42,0.11,5.98,0,6.09,0.12,0,0,22.08,0,0,61.11,0,16.69,0,0.32,0.22
14400000,48.99,28.5,22.51,68.43,54.46,72.92,1.44,1.24,41.91,1.33,0.13,5.48,0,5.77,0,0,0,30.69,0,0,55.41,0,13.9,0,0.33,0.24
